序号,时间(s),电压,阻抗
1,0.105,1.022719225527192,7298.945313
2,0.231,1.3071632251960486,7299.219238
3,0.357,1.4205213378362733,7296.679199
4,0.483,1.5452869065072852,7300.649414
5,0.609,1.5231376892843722,7300.03125
6,0.735,1.4433719840924415,7295.272949
7,0.861,1.4231391989638018,7299.366211
8,0.987,1.4071194367463467,7301.156738
9,1.113,1.438251155551241,7301.358398
10,1.239,1.462984156184843,7296.557617
11,1.365,1.4938651103476976,7298.412109
12,1.491,1.5018814220444,7298.316895
13,1.617,1.5879107869850375,7300.446777
14,1.743,1.5989277556472072,7301.178223
15,1.869,1.6909922808887494,7298.000977
16,1.995,1.708179260742416,7298.183594
17,2.121,1.7367014936869676,7296.200684
18,2.247,1.7058385059619985,7298.825195
19,2.373,1.6394912550767784,7297.307617
20,2.499,1.440054261634507,7297.415039
21,2.625,1.2423205484540973,7303.870117
22,2.751,1.035242868398801,7292.321777
23,2.877,0.8771725454583522,7297.672363
24,3.003,0.7762731339530805,7299.144531
25,3.129,0.899676870979843,7296.225098
26,3.255,1.0122527893290905,7305.391113
27,3.381,1.3429343844314228,7299.148926
28,3.507,1.6535485804635113,7300.689453
29,3.633,2.1242776206425993,7299.584961
30,3.759,2.5614840334117837,7298.411621
31,3.885,2.827148862318318,7297.30957
32,4.011,2.9202378657781702,7298.987793
33,4.137,2.8995160801239255,7299.451172
34,4.263,2.668682595987735,7296.22998
35,4.389,2.3853236026630866,7298.47168
36,4.515,2.091699741873428,7296.716309
37,4.641,1.717494611560695,7296.084961
38,4.767,1.3190999520191686,7293.741699
39,4.892,0.9900019638476241,7303.068848
40,5.019,0.734188558433713,7296.050781
41,5.145,0.5745682566405752,7296.387207
42,5.271,0.5980439781729733,7298.984863
43,5.396,0.7994512506467049,7300.669434
44,5.523,1.0317371805128273,7299.306641
45,5.648,1.2283209901457828,7295.816406
46,5.775,1.5399196446257626,7296.668457
47,5.9,1.7116783026224063,7294.66748
48,6.026,1.7529353907342307,7299.615234
49,6.153,1.6933429430915639,7299.376465
50,6.279,1.5246114456377278,7293.787109
51,6.405,1.3245594927991298,7297.340332
52,6.531,1.1128480561256864,7296.874023
53,6.657,0.8816046666974744,7302.516113
54,6.783,0.7758677607568919,7296.874023
55,6.909,0.7465714038271525,7292.69043
56,7.034,0.8901856628917436,7297.871582
57,7.161,1.0936075453580136,7298.515137
58,7.287,1.372583247445049,7294.811523
59,7.413,1.5910246690533434,7297.978027
60,7.538,1.7194882335226034,7300.328125
61,7.664,1.8068031003464775,7298.496582
62,7.79,1.7560760031138969,7298.134766
63,7.917,1.6627405841820202,7297.973145
64,8.042,1.4483939478776195,7295.468262
65,8.169,1.1998915506928627,7297.896484
66,8.294,0.8183270348392004,7297.064453
67,8.42,0.41848411724833545,7294.84082
68,8.546,0.027554291848399953,7296.841797
69,8.672,-0.25331938501443324,7298.823242
70,8.798,-0.38307245945473195,7300.128418
71,8.924,-0.379066808074541,7303.264648
72,9.05,-0.1564010378458346,7299.047363
73,9.176,0.12622723746542464,7297.723633
74,9.303,0.4414108570363134,7297.928711
75,9.429,0.7677876964239958,7298.307617
76,9.554,0.9813082622213811,7298.050781
77,9.68,1.0319013949351687,7298.264648
78,9.807,1.020968970250684,7298.657227
79,9.932,0.880403057008907,7300.172852
80,10.058,0.6898910672844473,7298.478027
81,10.184,0.49009343229709895,7297.45166
82,10.31,0.41694144780862413,7301.384766
83,10.436,0.4446802511352634,7297.835938
84,10.562,0.6324227536108715,7299.849121
85,10.689,0.8850606103276462,7295.391602
86,10.814,1.0872741445755767,7294.984863
87,10.941,1.3586307783674858,7299.282227
88,11.066,1.5196990688631526,7297.984375
89,11.192,1.663007061729326,7296.17041
90,11.319,1.580503628271407,7297.280762
91,11.444,1.3968094885013234,7296.213867
92,11.57,1.0772837489414933,7298.956055
93,11.697,0.7726812769408039,7297.013184
94,11.822,0.505487401236306,7299.484863
95,11.948,0.36346699224419055,7298.427246
96,12.074,0.37504977816005397,7299.491211
97,12.2,0.500727805346719,7298.07959
98,12.326,0.7094596669748049,7301.767578
99,12.452,0.940633430908733,7299.262695
100,12.578,1.2167202261048171,7298.648438
101,12.704,1.3794941393570876,7299.441895
102,12.83,1.5552958553128864,7298.137207
103,12.956,1.6215423303527168,7300.916016
104,13.082,1.5751795763937042,7301.440918
105,13.208,1.470139336542842,7299.364258
106,13.334,1.2540087917380691,7300.508789
107,13.46,1.0954155939935966,7296.643066
108,13.586,0.9711983568037696,7304.431641
109,13.712,0.961845231489619,7295.482422
110,13.839,1.1581989173300296,7298.583496
111,13.965,1.3284434422103724,7299.26123
112,14.092,1.4365202353658273,7300.304199
113,14.216,1.3849984806317204,7303.108887
114,14.342,1.1581166706151242,7302.348145
115,14.468,0.8236347258703355,7299.032227
116,14.594,0.5112586867653425,7301.001465
117,14.72,0.39109254017881817,7299.223633
118,14.846,0.36747694485676663,7299.433594
119,14.972,0.5128305891154267,7293.131348
120,15.098,0.6106865681013535,7298.404785
121,15.224,0.6639294635850372,7299.320801
122,15.352,0.5955725063408361,7300.200684
123,15.478,0.5408116664570399,7298.770508
124,15.602,0.5957304676921237,7301.34082
125,15.728,0.6855331282604616,7298.062988
126,15.856,0.928890983379578,7297.020508
127,15.98,1.2252047395979933,7301.492676
128,16.106,1.4064081174874872,7298.163574
129,16.232,1.3791261275589313,7298.075195
130,16.358,1.2372681240037198,7294.750977
131,16.484,1.0362092768865871,7304.216797
132,16.61,0.7577901215405768,7300.569824
133,16.739,0.6052545384791456,7297.043945
134,16.862,0.5798453280605698,7297.530762
135,16.988,0.6759182124861041,7297.964844
136,17.114,0.7663579582082624,7300.016113
137,17.24,0.8363145280047929,7300.746582
138,17.366,0.8297902398981675,7299.880859
139,17.492,0.8104253450046685,7303.462891
140,17.618,0.7516464911455517,7303.237793
141,17.744,0.8028540192879935,7300.966797
142,17.87,0.8076551552014123,7301.14502
143,17.996,0.947534415950388,7300.467773
144,18.122,1.014624574239623,7298.108398
145,18.255,1.0540662814830202,7296.782715
146,18.374,1.0568031922725714,7296.945313
147,18.5,1.0281570969215124,7303.395996
148,18.626,0.9740505240390799,7300.626953
149,18.752,0.9182800805847167,7304.109863
150,18.878,0.8836375191593054,7299.041504
151,19.004,0.8298770727909422,7301.311035
152,19.13,0.913283495882284,7303.452637
153,19.264,0.9861271580300839,7299.321289
154,19.382,1.0841375133018252,7303.347168
155,19.511,1.1253083281645195,7303.390137
156,19.634,1.109347526398833,7303.342285
157,19.76,0.9942515115512575,7303.491699
158,19.886,0.8815926256701959,7299.602051
159,20.012,0.7256199514949001,7300.1875
160,20.138,0.7430171139033739,7301.553223
161,20.264,0.855689244069376,7307.972168
162,20.39,1.063416767562994,7304.586426
163,20.516,1.2305681717687613,7299.701172
164,20.642,1.3155482372244944,7302.052734
165,20.768,1.316404242385571,7302.901855
166,20.894,1.1524009027136517,7299.511719
167,21.02,0.9870242704387567,7301.913086
168,21.148,0.8767371357352821,7300.906738
169,21.272,0.8951562321713298,7304.224121
170,21.397,1.001425999179728,7304.036133
171,21.524,1.2155222988377747,7304.803711
172,21.649,1.3185116137325026,7304.494141
173,21.776,1.3521881462053127,7303.35791
174,21.902,1.2031098508414628,7300.468262
175,22.028,1.0215331197872992,7301.176758
176,22.153,0.8159660878858548,7302.448242
177,22.281,0.7998477843663216,7306.343262
178,22.406,0.9071191680984454,7298.830078
179,22.532,1.1082514597832456,7302.32959
180,22.658,1.3305289099918653,7302.757813
181,22.783,1.4219732059429528,7301.964355
182,22.909,1.3183022810052225,7300.334473
183,23.036,1.0144549103914333,7301.285156
184,23.162,0.5742401589379695,7301.615723
185,23.287,0.1524536266644973,7301.581543
186,23.413,-0.19818696598202692,7301.649902
187,23.54,-0.30589530458102915,7303.232422
188,23.665,-0.24256216300223749,7301.265625
189,23.791,-0.06076545116326814,7302.84668
190,23.917,0.2253695323186825,7303.260254
191,24.043,0.49022465783408214,7301.997559
192,24.17,0.7027368345195814,7301.17334
193,24.295,0.7620013651855353,7302.097656
194,24.422,0.7022031550591004,7302.271484
195,24.547,0.4847532193432969,7302.976074
196,24.674,0.12235824653161062,7302.037109
197,24.8,-0.21139472782274035,7303.688477
198,24.925,-0.46385606357794684,7302.574707
199,25.051,-0.5093027642668965,7303.953613
200,25.179,-0.3418115704485869,7304.960938
201,25.304,0.08595254160207724,7305.743164
202,25.43,0.590693505103665,7303.329102
203,25.555,1.1347488306623814,7300.414063
204,25.681,1.4440914409022,7300.844238
205,25.808,1.562094796302853,7303.666016
206,25.933,1.3475444443377305,7301.144531
207,26.06,0.973662075145974,7303.926758
208,26.189,0.49577300489372095,7301.924805
209,26.312,0.12314146516590924,7304.650879
210,26.437,-0.12211271865504855,7302.863281
211,26.57,-0.07548009005188662,7305.049316
212,26.689,0.23445582589511296,7301.631348
213,26.819,0.6495939386615763,7306.576172
214,26.942,1.15432236449568,7303.091797
215,27.068,1.5725053687392148,7302.022461
216,27.196,1.7899740746984045,7304.627441
217,27.319,1.740862215279213,7306.290527
218,27.445,1.5242699447896715,7305.589355
219,27.571,1.1639441363050602,7306.769043
220,27.697,0.8114468593579824,7306.668945
221,27.823,0.5095358664472832,7306.211426
222,27.949,0.39080861459411864,7305.224121
223,28.077,0.37599948432422164,7301.19043
224,28.201,0.5189127594650492,7312.22998
225,28.327,0.646715789285989,7304.658691
226,28.453,0.8404278748969443,7304.904785
227,28.579,1.003944688210037,7305.373535
228,28.705,1.0565712621615524,7309.744629
229,28.831,0.9141459061984971,7311.379395
230,28.957,0.6785818811703005,7303.921875
231,29.083,0.30949257040473527,7306.359375
232,29.209,-0.06647369217235062,7305.391113
233,29.335,-0.4425166240756906,7305.316895
234,29.461,-0.6311067689068547,7301.958008
235,29.587,-0.5929021807297843,7304.033203
236,29.713,-0.42875758176383205,7308.755371
237,29.839,-0.14868947085705644,7304.128906
238,29.966,0.12946524265950976,7306.575684
239,30.092,0.27971621354115117,7308.010254
240,30.217,0.35180915167795995,7306.13623
241,30.343,0.36071841483437506,7307.444824
242,30.469,0.26630643001105764,7306.92041
243,30.595,0.15988793554749364,7307.411133
244,30.721,0.052351456194396184,7304.571289
245,30.848,-0.014612622759794842,7304.824707
246,30.973,-0.07431303278069619,7306.510254
247,31.099,-0.14396031090778397,7305.520996
248,31.227,-0.1648330404214716,7309.138184
249,31.351,-0.15589246631509074,7308.953125
250,31.477,-0.1133334496860377,7307.248535
251,31.603,0.14242242998724186,7306.370117
252,31.729,0.4401020417594105,7305.152344
253,31.855,0.7707969439050757,7308.566895
254,31.981,1.042056232397485,7307.977539
255,32.107,1.217940162426693,7305.173828
256,32.233,1.2268837479403818,7305.152832
257,32.359,1.0631418263130903,7307.712402
258,32.485,0.8297867020392871,7309.094727
259,32.612,0.48233090836122433,7306.865723
260,32.737,0.08927180851884389,7308.49707
261,32.863,-0.19847845824754642,7307.166016
262,32.989,-0.3761198963623649,7308.180664
263,33.115,-0.45652996279399805,7306.251953
264,33.241,-0.40630211339683514,7304.965332
265,33.367,-0.1583748233489689,7306.310547
266,33.493,0.1550860740380577,7306.978027
267,33.619,0.5467559602562855,7307.28125
268,33.745,1.02083293124792,7308.803711
269,33.871,1.3812488439416215,7308.275391
270,33.997,1.6711211012599307,7301.72168
271,34.123,1.904922836756276,7309.569336
272,34.249,1.9882195007084076,7307.991211
273,34.375,2.07367792979733,7308.488281
274,34.501,1.965067470570465,7310.213867
275,34.627,1.7867262213816901,7307.972168
276,34.755,1.3906740920518708,7312.423828
277,34.881,0.9211083169938151,7310.430176
278,35.005,0.3453110382133304,7306.964355
279,35.131,-0.19048545705354938,7308.961914
280,35.257,-0.48822887912208107,7305.777832
281,35.383,-0.6147630931596331,7308.597656
282,35.509,-0.4925380632186445,7306.931641
283,35.635,-0.1695548268694735,7307.724121
284,35.761,0.34749209403834685,7307.098145
285,35.887,0.8537034361232134,7304.929688
286,36.013,1.3046293244099088,7310.327148
287,36.139,1.7107935574452888,7308.386719
288,36.265,1.8636072796178782,7309.478516
289,36.391,1.8790114408675955,7309.64209
290,36.517,1.6984411519767157,7311.302246
291,36.643,1.5708494163768758,7310.707031
292,36.769,1.393985112592771,7309.216797
293,36.895,1.3045238137152484,7308.297852
294,37.021,1.246987824748636,7306.199219
295,37.147,1.2185215246891474,7310.977539
296,37.273,1.0820937214739152,7306.16748
297,37.399,0.7722812338391173,7313.071777
298,37.524,0.4080586091008857,7309.226074
299,37.65,0.02418169028609742,7310.59375
300,37.777,-0.2844279956389032,7312.578613
301,37.903,-0.3549208743957677,7307.051758
302,38.029,-0.2225819703299404,7311.499512
303,38.155,0.0028972228941314105,7314.291504
304,38.281,0.3538922840825412,7307.094727
305,38.407,0.6358740240832904,7308.459473
306,38.533,0.8367633972569318,7309.251953
307,38.658,1.064098432176874,7313.039063
308,38.785,1.326026892401833,7307.721191
309,38.911,1.5973485230793785,7309.166016
310,39.037,1.9633961360910646,7308.121582
311,39.163,2.1517534362716044,7311.651367
312,39.289,2.23741208532821,7305.179199
313,39.415,2.1398737015024514,7312.705078
314,39.541,1.833064504163075,7308.635742
315,39.666,1.479964176483132,7307.124512
316,39.793,1.1036371365123974,7307.654297
317,39.918,0.8801786590994018,7309.292969
318,40.044,0.7133330698598895,7305.687012
319,40.17,0.6528025531003593,7307.505371
320,40.296,0.6171104926183819,7308.387207
321,40.423,0.5297896814810483,7302.743652
322,40.549,0.4279463526403499,7307.35498
323,40.674,0.3897264204039372,7308.509277
324,40.8,0.35156523702590553,7307.772461
325,40.928,0.26028492651572555,7308.299805
326,41.052,0.26478557788910195,7307.539063
327,41.179,0.16441847283673255,7308.351563
328,41.305,0.16394780111910986,7307.996094
329,41.436,0.19763752491551254,7305.634766
330,41.556,0.3134252295971751,7307.739746
331,41.682,0.5941391201864922,7307.932129
332,41.808,0.9475872093229507,7304.902344
333,41.934,1.3259410589741902,7309.529785
334,42.06,1.4856427227779931,7309.771484
335,42.186,1.53888862590981,7310.52002
336,42.312,1.3904391533633655,7308.452148
337,42.438,1.1287419602040114,7312.037598
338,42.564,0.8264861576347337,7306.060547
339,42.69,0.5885210159629719,7310.361328
340,42.816,0.4675614881947983,7310.536133
341,42.942,0.4800074025250849,7308.597168
342,43.068,0.6025453237448222,7310.957031
343,43.194,0.6704166202810709,7312.455078
344,43.321,0.7250554635393944,7314.060059
345,43.446,0.713545189331498,7311.154785
346,43.572,0.6185150584374982,7311.631348
347,43.698,0.5250619310505031,7310.162109
348,43.824,0.6127696993676522,7305.780273
349,43.95,0.8489542281787513,7308.717773
350,44.076,1.096225566939045,7309.003906
351,44.202,1.3266117491342415,7311.181641
352,44.328,1.4232385650173303,7312.337402
353,44.454,1.408112928667895,7309.375488
354,44.58,1.2598044942947384,7310.417969
355,44.707,1.0918857391138235,7309.981934
356,44.832,1.0001907364269915,7311.260254
357,44.959,1.0875637348157312,7312.014648
358,45.084,1.311052540529925,7313.782227
359,45.211,1.5312447068106325,7309.540527
360,45.336,1.7089746599228184,7309.974609
361,45.462,1.7117419930681599,7310.434082
362,45.588,1.4860133459592146,7311.623047
363,45.714,1.0751602029334506,7310.078613
364,45.84,0.602187805715868,7310.312988
365,45.966,0.14606050023920197,7312.40332
366,46.092,-0.251503391773039,7310.064941
367,46.219,-0.5707940311782406,7313.032227
368,46.346,-0.6860061948894478,7312.817871
369,46.47,-0.6866614515767,7315.893555
370,46.596,-0.544911423300511,7310.959961
371,46.722,-0.37558765464321825,7311.184082
372,46.848,-0.007442066232298356,7311.910156
373,46.974,0.28406651667788485,7309.575195
374,47.1,0.4603796642927772,7309.73877
375,47.227,0.5760155489556026,7313.603027
376,47.352,0.5129049584352655,7308.859375
377,47.478,0.4225431738664971,7312.023438
378,47.604,0.36059150598380124,7310.127441
379,47.73,0.48670665159919885,7315.813965
380,47.856,0.6554866892130788,7304.874512
381,47.982,0.9731596060067041,7309.758301
382,48.108,1.3862427763011742,7310.007813
383,48.234,1.739535239207748,7308.037598
384,48.36,1.9654902090788164,7306.353027
385,48.486,1.9711397937686834,7308.258789
386,48.612,1.7964493182405168,7311.331055
387,48.738,1.3109087184101138,7311.80127
388,48.864,0.8068133005271543,7314.824707
389,48.99,0.23792839096983834,7311.317383
390,49.116,-0.19007190779306796,7310.274902
391,49.242,-0.3893405266339411,7309.125
392,49.368,-0.542529067974863,7309.823242
393,49.494,-0.3790715154827594,7310.611816
394,49.62,-0.17976582241045877,7315.476563
395,49.746,0.03360656614853991,7306.462402
396,49.872,0.11753498497129994,7311.919922
397,49.998,0.03537003749674363,7310.804199
398,50.124,-0.24002745582729118,7314.075684
399,50.25,-0.5675405097691107,7310.732422
400,50.376,-0.9652288656953573,7311.945801
401,50.502,-1.2345272998887593,7310.623047
402,50.628,-1.2913641099780648,7310.120605
403,50.754,-1.0848557186743966,7311.952637
404,50.88,-0.6921591589510594,7312.819824
405,51.006,-0.21094563902563082,7313.524902
406,51.132,0.515832636296347,7311.19873
407,51.258,0.87362837825458,7312.686035
408,51.384,1.1166682157088856,7313.550293
409,51.51,1.1883953406521577,7309.180664
410,51.636,0.979163536758919,7314.250977
411,51.762,0.6463207892805608,7313.55127
412,51.888,0.45743780635656944,7313.686523
413,52.014,0.40800655705470557,7310.625488
414,52.14,0.6654403240787755,7315.703125
415,52.266,1.0636047806331101,7312.641602
416,52.392,1.4875555655688715,7314.108887
417,52.518,1.9500190834881383,7312.83252
418,52.644,2.1004186870873705,7316.286621
419,52.771,2.026993545337683,7315.160645
420,52.896,1.7538705764873217,7310.499512
421,53.022,1.2315126495229127,7309.362305
422,53.148,0.7648859782137923,7310.332031
423,53.274,0.46081364905616073,7311.629395
424,53.4,0.2871203633564996,7313.42627
425,53.526,0.4194479574122633,7313.064453
426,53.651,0.7020273486925308,7308.64209
427,53.778,1.0313985232892062,7311.784668
428,53.904,1.2659386584815648,7310.192871
429,54.03,1.445839675371085,7312.999512
430,54.155,1.3954878833018889,7313.17627
431,54.281,1.2833621474915262,7315.284668
432,54.408,1.0786869849814047,7312.760254
433,54.534,0.8096725704398047,7310.706543
434,54.659,0.3857605597288357,7308.983398
435,54.787,0.04511165487622506,7314.668457
436,54.913,-0.36426245392754436,7309.471191
437,55.038,-0.7590889852036585,7311.758789
438,55.164,-0.9286650059079754,7312.270996
439,55.29,-0.978043486621714,7313.259766
440,55.416,-0.7524427306123109,7312.900391
441,55.542,-0.4638144765657582,7314.119141
442,55.668,-0.06052953439098866,7311.345215
443,55.793,0.32018487863301875,7311.303223
444,55.919,0.5894851369841023,7310.457031
445,56.045,0.7177128246712074,7309.099609
446,56.171,0.7337508985486844,7313.948242
447,56.298,0.753249422160541,7313.509766
448,56.423,0.6314019659089285,7312.689453
449,56.549,0.45857498283558706,7313.205566
450,56.675,0.22093516683475023,7309.926758
451,56.801,-0.018032399552609536,7310.51123
452,56.927,-0.25532454039720437,7310.271484
453,57.053,-0.3102533217602241,7310.888184
454,57.18,-0.23709055335098872,7311.527832
455,57.306,-0.05283753045867781,7317.772949
456,57.432,0.23556636579918763,7317.95752
457,57.558,0.5296030991815929,7311.846191
458,57.683,0.7213709941918136,7313.189941
459,57.809,0.8820896963667589,7315.466797
460,57.935,1.0177081624624256,7312.035645
461,58.061,1.0425253526748888,7307.482422
462,58.187,1.1453470232549894,7311.987305
463,58.313,1.196953068581848,7313.186523
464,58.439,1.1675573887499302,7311.535645
465,58.566,1.127426471786625,7309.687012
466,58.691,1.0046077380403717,7315.742676
467,58.817,0.9113609325074985,7311.734863
468,58.944,0.9098321751620714,7313.055664
469,59.069,1.0393660591521119,7313.349121
470,59.195,1.2643598765359283,7315.408203
471,59.322,1.5256745723203045,7319.756348
472,59.447,1.7600239919413838,7316.383789
473,59.574,1.82537138987776,7311.903809
474,59.699,1.905607458349805,7313.269043
475,59.825,1.7308646190180568,7311.964355
476,59.951,1.6185609211215293,7304.230469
477,60.077,1.509026381675315,7315.369629
478,60.203,1.3567496034034343,7311.786621
479,60.33,1.4663695978784614,7312.771484
480,60.455,1.52800543652368,7317.09668
481,60.581,1.5009878618715802,7314.843262
482,60.707,1.5795673310160627,7315.291504
483,60.833,1.398132026405339,7309.903809
484,60.959,1.134661980885566,7311.827637
485,61.085,0.9749031398197864,7310.490234
486,61.214,0.7736532588355249,7311.044922
487,61.337,0.634631561678625,7309.041504
488,61.463,0.5481682919196658,7313.122559
489,61.589,0.502370088723751,7310.728027
490,61.715,0.416878835965813,7311.506348
491,61.842,0.286334699485109,7305.589355
492,61.967,0.16277520195664597,7317.147949
493,62.093,0.05101965875437642,7310.907227
494,62.219,-0.14172777905697234,7312.156738
495,62.345,-0.1996100774580174,7312.567871
496,62.474,-0.21696617501885854,7310.862793
497,62.597,-0.25369782112287853,7306.609375
498,62.723,-0.18043224287372714,7309.535156
499,62.849,-0.03544547551928916,7314.067383
500,62.975,0.12391804420085385,7314.202637
501,63.101,0.36689389920671184,7312.478027
502,63.228,0.5008323452244543,7311.773926
503,63.353,0.7256757654494264,7311.811035
504,63.479,0.7981683057241872,7313.307617
505,63.605,0.7165671111030459,7315.259766
506,63.731,0.5253764196739147,7312.613281
507,63.857,0.19145581780013166,7312.745605
508,63.984,-0.07493802293860412,7311.739258
509,64.11,-0.32460644498690444,7312.894043
510,64.235,-0.37828213952328443,7314.565918
511,64.361,-0.4847397464459343,7315.079102
512,64.487,-0.40086847223320604,7314.698242
513,64.613,-0.3716265690126852,7315.643066
514,64.739,-0.34940507478249827,7312.349609
515,64.865,-0.22394394903659723,7313.140625
516,64.991,-0.11434926902459332,7313.878906
517,65.117,0.09374121307286251,7315.696289
518,65.243,0.375242724924375,7317.616699
519,65.369,0.6005095234602481,7313.143066
520,65.495,0.7962396131523749,7311.718262
521,65.621,0.8058568587929813,7310.375
522,65.747,0.614224453756494,7315.648438
523,65.873,0.2670084485928753,7313.614746
524,65.999,-0.10126599737258696,7313.246582
525,66.125,-0.4985148693666685,7311.096191
526,66.251,-0.8142733269013338,7311.935547
527,66.377,-0.9701895542450482,7311.944336
528,66.503,-1.0424111949671466,7311.943848
529,66.63,-0.9275561824701383,7311.710938
530,66.754,-0.7225300479697019,7313.919434
531,66.881,-0.3985368451737413,7311.361816
532,67.007,-0.085602971450979,7310.641113
533,67.133,0.2370700167537742,7316.134277
534,67.259,0.3628476938908655,7314.069336
535,67.385,0.28679984446438556,7312.697754
536,67.511,0.05127792314066922,7314.259766
537,67.637,-0.23025790175145838,7314.488281
538,67.763,-0.5167095838713051,7313.356934
539,67.889,-0.6972445924480449,7316.223633
540,68.015,-0.7891704507931172,7312.40625
541,68.141,-0.7530895183154751,7310.538574
542,68.267,-0.6133260981610407,7311.75293
543,68.393,-0.44539702882355603,7307.42334
544,68.519,-0.3054370212122292,7309.780762
545,68.656,-0.11879693443572396,7311.831543
546,68.77,-0.06289312137629788,7312.95459
547,68.897,-0.08419113602256445,7312.49707
548,69.023,-0.182214073557633,7314.97168
549,69.149,-0.2939945809592253,7310.566895
550,69.274,-0.39198488527680103,7312.63916
551,69.401,-0.5047626596844276,7310.897949
552,69.526,-0.5155035295460377,7310.770996
553,69.653,-0.40535670610567714,7314.583496
554,69.778,-0.3618944715688386,7311.408203
555,69.905,-0.3842580761976051,7313.063965
556,70.031,-0.3145046572966583,7311.633789
557,70.157,-0.3353138642060231,7311.664063
558,70.283,-0.3451557833383565,7312.839355
559,70.409,-0.24693759197925993,7310.910645
560,70.534,-0.20563500908661056,7312.506348
561,70.661,-0.1712706434110763,7310.541504
562,70.787,-0.17989015872356787,7309.923828
563,70.913,-0.2805857512326838,7301.211914
564,71.039,-0.3577736418414199,7312.136719
565,71.165,-0.4658733724568247,7311.945801
566,71.291,-0.49396755737589615,7314.555176
567,71.417,-0.4950356598254402,7313.853027
568,71.542,-0.40753095071618944,7308.418945
569,71.669,-0.40827816024521735,7313.699219
570,71.794,-0.3838427663193837,7312.289063
571,71.921,-0.34644476969019883,7314.385742
572,72.046,-0.3123837007714754,7310.73584
573,72.172,-0.1257398072280554,7312.796875
574,72.299,0.072227881542708,7313.95459
575,72.425,0.35061195774203147,7312.727539
576,72.55,0.5716956402259473,7314.467773
577,72.676,0.7614056075971256,7311.02002
578,72.803,0.9894763684764561,7312.207031
579,72.928,1.069553860730693,7314.815918
580,73.054,1.2577417954136478,7313.746582
581,73.181,1.4195738030408882,7313.904785
582,73.306,1.615764359222321,7312.861816
583,73.434,1.6692590826850802,7310.493652
584,73.558,1.6392368126328392,7314.954102
585,73.684,1.4451339173742574,7313.452637
586,73.811,1.1871340593600483,7314.550293
587,73.936,0.9122160560946025,7312.771484
588,74.062,0.6914482197849157,7313.55957
589,74.188,0.5279876711542446,7316.74707
590,74.314,0.32690509428190195,7313.109863
591,74.44,0.24832506983319463,7312.961426
592,74.566,0.18841261492473474,7312.068359
593,74.692,0.25724290759410184,7310.555176
594,74.818,0.345847730317198,7310.967773
595,74.944,0.6238179422405884,7312.974609
596,75.072,0.7843932356645187,7311.786621
597,75.196,0.9163205435239857,7309.418457
598,75.322,1.0348029267892085,7311.636719
599,75.448,1.0232325307925862,7314.885254
600,75.574,0.9895191769816758,7313.095215
601,75.701,0.8609236902539044,7315.867188
602,75.826,0.8262411439504584,7312.790527
603,75.952,0.9488071719175,7312.195801
604,76.078,1.0691501828345469,7312.443848
605,76.204,1.2932500865955068,7315.086426
606,76.33,1.7095154044884955,7313.152832
607,76.456,1.9075773019676914,7314.152832
608,76.582,2.2273074541624434,7312.039551
609,76.708,2.2945805843853004,7312.299316
610,76.835,2.2180458387497968,7314.066406
611,76.96,1.9736058874437417,7313.140625
612,77.086,1.721619350107355,7310.062988
613,77.212,1.4537074657958924,7318.813477
614,77.338,1.271487884575348,7310.399902
615,77.464,1.0616039740343726,7314.61377
616,77.591,1.0299545855174996,7313.493164
617,77.716,0.9516067162237538,7317.478027
618,77.842,0.8071754252779059,7315.57666
619,77.968,0.6536398143669191,7314.996094
620,78.094,0.4236136367365735,7313.097656
621,78.22,0.2304428539156775,7313.295898
622,78.348,-0.04917372110371427,7315.07959
623,78.472,-0.213260869509927,7308.420898
624,78.598,-0.28429946662158934,7314.560059
625,78.724,-0.31819298981221084,7313.167969
626,78.851,-0.26150887184476257,7313.538086
627,78.976,-0.12088513010497902,7313.271973
628,79.102,-0.00865303680847072,7316.675293
629,79.229,0.17854374204050175,7311.905273
630,79.354,0.42833094924217274,7313.405273
631,79.48,0.6850799575096133,7312.448242
632,79.606,0.762013147817897,7313.895996
633,79.733,0.6653668576253533,7311.246582
634,79.858,0.4264580081855846,7312.640625
635,79.984,0.16981891919325498,7313.624023
636,80.11,-0.2506402877332841,7315.11377
637,80.236,-0.4884792642311129,7317.768555
638,80.362,-0.5676844857643424,7310.208496
639,80.488,-0.49504556583229137,7310.908203
640,80.614,-0.2131554106732866,7314.637695
641,80.74,-0.0015213540345165278,7314.463867
642,80.866,0.1841288549690428,7316.88623
643,80.992,0.3543131886918253,7312.719727
644,81.119,0.4103560832573308,7316.452637
645,81.244,0.42967028591695683,7313.293945
646,81.37,0.4792028214932846,7315.539063
647,81.496,0.6251644676796133,7315.592285
648,81.622,0.6517265851660469,7314.847168
649,81.748,0.8198277495610429,7314.443848
650,81.877,0.8535178818968605,7314.114258
651,82.0,0.8635332280743602,7314.91748
652,82.126,0.8496648616091197,7313.769531
653,82.252,0.8904466851706505,7314.229492
654,82.378,0.9761297699742825,7309.405762
655,82.504,1.1340335134908115,7313.888184
656,82.63,1.2539209915800356,7314.889648
657,82.755,1.3826745144209938,7316.59375
658,82.882,1.4585187879967145,7315.435059
659,83.008,1.5507832611134875,7318.703125
660,83.134,1.6388012908584297,7314.787109
661,83.26,1.5402123571818571,7311.711426
662,83.386,1.481528950373718,7315.477051
663,83.512,1.384402584677274,7318.833008
664,83.638,1.3535831951354622,7313.220215
665,83.765,1.3108025286611873,7312.622559
666,83.89,1.3289319628279788,7314.227051
667,84.016,1.3119092822281453,7315.447754
668,84.142,1.3333215433252732,7309.190918
669,84.268,1.2653646227740583,7316.419922
670,84.394,1.1856754438391706,7314.672852
671,84.52,1.0585953016689993,7312.402832
672,84.646,1.0421500678816416,7318.139648
673,84.772,1.083537715508917,7314.144043
674,84.898,1.1160305934152084,7315.429688
675,85.024,1.194880738862052,7313.544922
676,85.149,1.2376888357230653,7314.027832
677,85.276,1.2365551377861939,7313.948242
678,85.402,1.1252662588825881,7318.476563
679,85.527,0.9255882197325297,7312.637207
680,85.654,0.7357227134973522,7314.286133
681,85.78,0.6684445617062248,7312.460449
682,85.906,0.4610600117415941,7309.609863
683,86.031,0.3764720332407202,7313.092773
684,86.158,0.41087435373926107,7315.313965
685,86.283,0.44868653894281385,7313.521484
686,86.41,0.5671447321033797,7312.09082
687,86.535,0.640359161568299,7312.752441
688,86.661,0.6877173910704218,7314.31543
689,86.788,0.6248660139258296,7316.081543
690,86.915,0.40294942350761764,7313.989258
691,87.04,0.10453212627860373,7312.713867
692,87.166,-0.2096119388559101,7316.04541
693,87.291,-0.4551987354950797,7320.187988
694,87.418,-0.5138843299330735,7311.95459
695,87.543,-0.37765004176342604,7315.682129
696,87.669,0.10457723425902565,7310.541504
697,87.795,0.6246820520321412,7314.100586
698,87.921,1.1797891513591614,7316.62793
699,88.048,1.5988719601638945,7311.253418
700,88.173,1.733582453543808,7311.927246
701,88.299,1.7172028638105805,7312.308105
702,88.425,1.6344746972226327,7311.436523
703,88.551,1.3916885665508427,7315.634766
704,88.678,1.2842053955752573,7314.335938
705,88.804,1.1063273995187963,7312.04834
706,88.93,1.0085815868447043,7315.347656
707,89.055,0.9227088253350614,7310.45459
708,89.182,0.7902738629129055,7317.812012
709,89.31,0.6437206291754383,7313.824707
710,89.433,0.563129953257311,7313.048828
711,89.559,0.4963362285381847,7313.727051
712,89.686,0.4571059919049355,7314.863281
713,89.812,0.49172451500332565,7315.079102
714,89.937,0.48595786532307517,7313.706055
715,90.063,0.4787734813646693,7313.443848
716,90.19,0.4109434228899424,7315.081543
717,90.316,0.42146815695352,7312.972656
718,90.442,0.38533183816282224,7313.875488
719,90.567,0.43476104824116707,7314.146484
720,90.693,0.49054798044379877,7314.342285
721,90.819,0.5959135277109113,7313.818848
722,90.945,0.7790344335954548,7314.241699
723,91.071,1.0435354216501604,7311.070801
724,91.197,1.3831020389206883,7313.13623
725,91.323,1.6931203327890727,7314.092285
726,91.449,1.9696724149135239,7317.325195
727,91.575,2.077690455126764,7315.817871
728,91.701,2.012396106058672,7314.928711
729,91.827,1.8840767730292352,7314.080566
730,91.953,1.7646438983853174,7314.141602
731,92.079,1.6776831297198553,7313.720703
732,92.205,1.4917867679515038,7316.666016
733,92.331,1.4049400032399633,7307.604492
734,92.457,1.217967257615961,7312.077637
735,92.583,0.9881354754818448,7313.222656
736,92.709,0.7146714581627089,7311.537598
737,92.835,0.4394786268856762,7315.986816
738,92.961,0.17642576468725324,7314.127441
739,93.087,0.10479433151402465,7313.472656
740,93.214,0.06668046596017908,7312.576172
741,93.339,0.18214997095392008,7312.331543
742,93.465,0.24900229570776453,7310.756836
743,93.591,0.38540225040305887,7312.379883
744,93.717,0.4647588814928304,7312.634277
745,93.843,0.5926352203031121,7311.207031
746,93.969,0.696839044367773,7312.308105
747,94.095,0.8687565213888104,7312.839844
748,94.221,1.1391187627795007,7316.977051
749,94.347,1.4168736962186148,7314.001465
750,94.473,1.741104225914862,7314.371094
751,94.599,1.893770067547984,7313.364746
752,94.725,2.074474467841239,7317.539063
753,94.851,2.1770774130092327,7315.414063
754,94.977,2.1793587863874473,7314.100586
755,95.103,2.0721290642445154,7315.601074
756,95.229,1.9033408498734299,7314.38623
757,95.355,1.6676788858538731,7321.60791
758,95.481,1.4962867174507453,7313.156738
759,95.607,1.2663818874566362,7312.811035
760,95.734,1.0977690380344076,7312.242676
761,95.859,0.9555765604054708,7316.493164
762,95.986,0.8185839138931544,7310.803223
763,96.111,0.568149848270297,7313.255859
764,96.237,0.4211328819011446,7315.800293
765,96.363,0.2844586717862555,7312.136719
766,96.489,0.16699269765981462,7314.504883
767,96.615,0.14066644752360405,7310.012207
768,96.741,0.1873691261209939,7312.547852
769,96.867,0.32667556941744275,7314.934082
770,96.993,0.4867584893187192,7316.72998
771,97.119,0.6833968709166041,7316.545898
772,97.245,0.875584463976885,7314.209473
773,97.371,1.0843575436826742,7311.398438
774,97.497,1.1962394890723587,7313.723145
775,97.624,1.2850857263783924,7311.419434
776,97.749,1.1959731149396646,7316.461914
777,97.875,1.1745991495739032,7310.033691
778,98.001,1.0563872164006027,7311.919434
779,98.128,1.0520190613069624,7312.807617
780,98.256,1.0788194131738298,7311.893066
781,98.379,1.0960370276983098,7313.660645
782,98.505,1.1306954439442236,7315.415527
783,98.631,0.9704017310117369,7311.614746
784,98.757,0.7996556488815898,7314.036133
785,98.883,0.44106256921924886,7316.305176
786,99.009,0.05791998853529573,7311.939941
787,99.135,-0.2690853798750163,7311.957031
788,99.261,-0.44500522637836454,7314.924316
789,99.387,-0.4425124800083015,7312.40918
790,99.513,-0.3515898204395219,7313.993164
791,99.64,-0.17263990087407755,7316.101074
792,99.765,0.1280059695863376,7318.35791
793,99.891,0.34285904647783205,7311.52832
794,100.017,0.44461880009295673,7313.312012
795,100.143,0.5515466103825876,7313.449219
796,100.269,0.6508310788081466,7311.944336
797,100.395,0.7284556814343406,7311.493164
798,100.521,0.929221623662571,7312.406738
799,100.646,1.0788197126634513,7315.239746
800,100.773,1.2973972159883926,7316.641113
801,100.899,1.4424812533170945,7315.663574
802,101.024,1.5151249026593625,7310.294434
803,101.151,1.5197092187504477,7312.467773
804,101.277,1.5306151739298226,7312.968262
805,101.405,1.5283606745548626,7314.782715
806,101.53,1.5677469811792495,7313.992676
807,101.655,1.6622047047460604,7316.300293
808,101.782,1.6432003966545918,7313.734863
809,101.906,1.6532531589026607,7314.880371
810,102.032,1.4579740611977783,7316.533203
811,102.159,1.13758168127869,7311.77002
812,102.285,0.8523601555320766,7313.993652
813,102.411,0.6005255320825578,7315.742676
814,102.536,0.37536456276976843,7316.11084
815,102.663,0.26579605817650837,7313.271484
816,102.79,0.38381075613188886,7304.927246
817,102.915,0.5179764054378122,7313.069336
818,103.04,0.7546091565770664,7313.762695
819,103.166,1.054720962641622,7315.521484
820,103.293,1.3798553067157249,7318.335938
821,103.419,1.7076499832874932,7309.272949
822,103.544,2.0589986124997286,7314.481445
823,103.671,2.2815894671000616,7316.535645
824,103.796,2.4296398808881325,7316.036621
825,103.922,2.3292763766974613,7313.788574
826,104.048,2.1979353122972896,7312.574707
827,104.174,2.098381608529958,7309.768555
828,104.3,1.9879767434755353,7315.608887
829,104.426,2.0324721861234205,7311.160156
830,104.552,2.007960100821865,7314.214844
831,104.678,1.9771258765243827,7313.526367
832,104.804,1.7751941723303675,7315.402832
833,104.93,1.5126918846222837,7312.919434
834,105.056,1.0697548420953369,7311.437012
835,105.182,0.6798972475232592,7311.198242
836,105.308,0.25842139240205264,7316.90332
837,105.434,0.05482776306276938,7305.780762
838,105.56,-0.2925441621174158,7313.393066
839,105.687,-0.5182354849722944,7313.512695
840,105.812,-0.6005446482861292,7311.977539
841,105.938,-0.660322497480346,7315.225098
842,106.064,-0.5289158744197037,7317.257324
843,106.19,-0.22349869620731933,7312.486816
844,106.317,0.10108867477047992,7315.393555
845,106.444,0.47117287205972325,7311.955566
846,106.568,0.688449822907304,7313.539551
847,106.694,1.0116030343847975,7320.631348
848,106.82,1.2322082089333521,7314.04248
849,106.946,1.4920721708672686,7312.366211
850,107.072,1.804748249833873,7309.689453
851,107.198,2.0287632900776225,7314.041504
852,107.324,2.134317632376541,7319.570801
853,107.45,2.033100415594122,7316.729492
854,107.576,1.8787184200599973,7313.432617
855,107.702,1.6017714863940378,7315.691895
856,107.828,1.2398163753597449,7311.723633
857,107.956,0.980672804003776,7305.427734
858,108.08,0.7533693644474921,7313.776855
859,108.206,0.711714992307419,7314.068848
860,108.332,0.7575697797122171,7314.4375
861,108.458,0.6690106288172811,7316.961914
862,108.584,0.7969731331054943,7317.078613
863,108.71,0.6289098313707995,7316.14502
864,108.836,0.5587349487972268,7311.777832
865,108.962,0.47188863717686536,7312.925781
866,109.088,0.4268443588870177,7314.01416
867,109.214,0.639892365333395,7315.308105
868,109.34,0.9108142142995738,7311.682617
869,109.466,1.1979202042807202,7315.800781
870,109.592,1.4988425600841353,7312.641113
871,109.718,1.7165591144886636,7313.603027
872,109.844,1.7556331422442535,7311.794434
873,109.97,1.809380922130331,7313.677246
874,110.096,1.6975448232046852,7315.413086
875,110.222,1.520925153734354,7314.776367
876,110.348,1.5856512512337921,7311.529785
877,110.475,1.5947288036098701,7312.645508
878,110.6,1.6435919195226076,7314.073242
879,110.726,1.7290941838790317,7312.419434
880,110.852,1.7610574755336783,7314.237305
881,110.978,1.5061478628730667,7314.858887
882,111.104,1.2466231461244122,7316.936035
883,111.23,0.8632674916567983,7313.189941
884,111.357,0.5221979642125006,7311.433594
885,111.482,0.4870668942017912,7315.006348
886,111.608,0.4343528487776261,7313.88916
887,111.734,0.6526130628687251,7318.639648
888,111.86,0.9899410851167294,7315.189453
889,111.986,1.1926916552546323,7317.546387
890,112.112,1.497530413201722,7314.410645
891,112.238,1.6672708741729803,7312.569824
892,112.364,1.6715687524965879,7312.706055
893,112.49,1.785457745472482,7316.84668
894,112.617,1.833414887297179,7314.748047
895,112.742,1.8871681950572836,7317.169434
896,112.868,1.9786580165231384,7315.130859
897,112.994,2.1156275280269954,7312.344238
898,113.125,2.0209296969119506,7312.450684
899,113.246,1.9445852420487286,7314.172363
900,113.372,1.7304837267596154,7318.544434
901,113.498,1.517304213713539,7317.52832
902,113.624,1.4022361967718446,7314.131836
903,113.75,1.259210705242881,7317.86084
904,113.876,1.135764707146002,7318.219238
905,114.002,1.0366364693202947,7318.491211
906,114.128,1.0560255946828763,7313.974609
907,114.254,1.1991984483026354,7314.802246
908,114.38,1.307504264923912,7314.500488
909,114.506,1.5364978571757628,7318.629883
910,114.632,1.8523374690448602,7316.574707
911,114.758,1.983069998981284,7316.561523
912,114.884,2.130366974767212,7315.231445
913,115.01,2.174005776096379,7317.458008
914,115.136,2.08398853695111,7316.349609
915,115.262,1.9411704849662659,7315.979492
916,115.388,1.831453507878472,7317.703613
917,115.514,1.9131890580245972,7313.477051
918,115.64,1.8767058536944115,7316.512695
919,115.766,1.8784992998151027,7314.803711
920,115.892,1.867001053889881,7316.580566
921,116.018,1.62176154835263,7311.623047
922,116.144,1.4352235606200994,7317.085938
923,116.27,1.1453827412950597,7316.032715
924,116.397,1.0463157988498062,7316.757324
925,116.522,0.9707681177512915,7316.740723
926,116.649,1.04064852902632,7316.213379
927,116.773,1.201824946496381,7314.490234
928,116.9,1.237787315141442,7317.87207
929,117.026,1.3081309001190096,7317.712891
930,117.152,1.5236512951963057,7317.29834
931,117.278,1.660234500583193,7316.183105
932,117.404,1.9880766031202326,7326.445801
933,117.529,2.291511193155098,7316.208496
934,117.656,2.6412360753961073,7318.774414
935,117.782,2.8386774130940426,7318.081055
936,117.907,2.7312536067121735,7318.895508
937,118.033,2.541496173313448,7314.440918
938,118.159,2.1568542385568166,7315.930664
939,118.286,1.722094411589459,7316.708008
940,118.411,1.3250573654983968,7317.490723
941,118.537,0.9321253989467804,7315.586914
942,118.664,0.48899908602524134,7317.651367
943,118.789,0.22807884902730408,7318.052734
944,118.915,0.12574677123500014,7312.941406
945,119.041,0.18626662085618773,7320.79834
946,119.167,0.3748558567317144,7317.827148
947,119.293,0.8178216453311022,7319.040527
948,119.42,1.2586158721057001,7316.96875
949,119.546,1.5333446039184295,7318.012207
950,119.671,1.775659446533442,7320.807617
951,119.798,1.7753189214381684,7318.785156
952,119.923,1.6317756932501648,7316.880371
953,120.049,1.4577911169542974,7318.840332
954,120.175,1.4966715298768944,7317.158203
955,120.304,1.6105735982680232,7323.929688
956,120.427,1.8216132264882772,7317.824219
957,120.553,2.0478792697755983,7317.800293
958,120.679,2.242496782821991,7317.494141
959,120.806,2.2114982005157118,7320.849609
960,120.938,1.9229499107232593,7317.428711
961,121.058,1.3575608543166848,7313.919434
962,121.183,0.8258765092784922,7319.924805
963,121.31,0.16763328026366617,7316.736328
964,121.435,-0.48759655469138324,7318.532715
965,121.561,-1.2191371888950127,7319.645996
966,121.687,-1.5033772276104613,7316.26123
967,121.813,-1.838671099835482,7317.234863
968,121.939,-2.0322085544795634,7317.15918
969,122.065,-1.9913199449554913,7320.484375
970,122.191,-1.4897769020373264,7319.390137
971,122.317,-0.9724229893437509,7315.959961
972,122.443,-0.4112539793189074,7320.541504
973,122.569,0.45515909699721047,7320.321777
974,122.695,1.012615261648474,7316.460449
975,122.821,1.50875068569242,7320.131836
976,122.947,1.4202517883666401,7319.916992
977,123.073,1.3248424830183296,7316.005371
978,123.199,0.6095266756751433,7319.850586
979,123.325,0.1764596262241544,7318.282227
980,123.451,-0.5770441602992523,7322.183594
981,123.577,-1.1289850925160119,7318.466309
982,123.703,-1.6413781696369845,7314.905762
983,123.83,-1.9564589950052682,7322.017578
984,123.955,-2.0454354161897106,7317.092285
985,124.081,-1.953035386272629,7319.484375
986,124.207,-1.8338686388479657,7321.072754
987,124.333,-1.820294612240743,7319.040039
988,124.46,-1.7419428197590443,7321.296387
989,124.585,-1.5948136412842844,7321.094727
990,124.711,-1.3999000731591258,7318.057617
991,124.837,-1.3242488353989599,7321.671387
992,124.963,-1.0471590433913378,7318.626953
993,125.089,-0.961502770145731,7315.933105
994,125.215,-0.8732455052586153,7318.382324
995,125.341,-0.854692733370933,7319.964355
996,125.467,-0.9518960094266979,7317.633789
997,125.593,-0.8998832412325246,7318.541016
998,125.72,-1.0190319328389164,7318.335449
999,125.845,-1.084389843022327,7320.146484
1000,125.971,-0.9746425190403134,7319.631348
1001,126.097,-1.2291191891772981,7320.378906
1002,126.223,-1.5060582389510553,7320.130371
1003,126.35,-1.8680124127221034,7321.867188
1004,126.484,-2.2877564956335297,7322.123535
1005,126.601,-2.614627618974312,7319.837402
1006,126.727,-2.8439497537713927,7319.150391
1007,126.853,-3.0604619686560657,7319.98584
1008,126.979,-3.1150244534816065,7322.125977
1009,127.105,-3.1859650818439387,7317.855957
1010,127.231,-3.0364191753021137,7318.551758
1011,127.357,-2.895015780101062,7318.56543
1012,127.483,-2.839565594784433,7320.321777
1013,127.609,-2.606114714947648,7319.996094
1014,127.735,-2.4822298613426397,7316.631836
1015,127.861,-2.161175321561069,7317.617188
1016,127.987,-1.9785882684718306,7320.160645
1017,128.113,-1.4641513846877419,7320.080078
1018,128.238,-1.0702950384185514,7320.556152
1019,128.365,-0.7596284122613205,7320.416992
1020,128.491,-0.441705635499464,7316.731934
1021,128.617,-0.46801440766610986,7322.641113
1022,128.743,-0.6659478359822752,7319.57959
1023,128.869,-1.0452380704702566,7320.050781
1024,128.994,-1.35692035640887,7319.827148
1025,129.121,-1.6388167459739684,7315.750488
1026,129.247,-1.999121502172421,7314.619141
1027,129.373,-2.1526699238253326,7319.59668
1028,129.498,-2.2224501189049777,7318.115723
1029,129.624,-2.2243030452621415,7315.540527
1030,129.751,-2.1186044742190564,7316.762207
1031,129.877,-2.075982818859764,7317.9375
1032,130.003,-2.0470377507598947,7315.334961
1033,130.129,-1.9050896888752058,7318.815918
1034,130.255,-1.871457694496483,7321.228027
1035,130.381,-1.6350155260968169,7322.152344
1036,130.507,-1.4637689674550047,7315.154297
1037,130.633,-1.059094790331844,7320.605957
1038,130.759,-0.7510256765824236,7316.806641
1039,130.885,-0.3342170215291916,7320.40625
1040,131.011,-0.015199589031968433,7323.254395
1041,131.136,-0.13139396449577048,7321.963379
1042,131.263,-0.19706535790537294,7320.462402
1043,131.388,-0.531272101883611,7320.825195
1044,131.515,-0.8555367113800233,7320.354492
1045,131.641,-1.2305392243544162,7319.547363
1046,131.768,-1.4444740611273308,7319.795898
1047,131.892,-1.6608805164992555,7320.480469
1048,132.019,-1.7523261696889743,7314.825684
1049,132.144,-1.8396971333490193,7317.36084
1050,132.27,-1.8038894249953328,7318.785156
1051,132.397,-1.7138353566864708,7318.234863
1052,132.522,-1.609753355198162,7317.785156
1053,132.648,-1.431078389300123,7317.685547
1054,132.774,-1.4219195159824758,7319.178711
1055,132.9,-1.43140907738283,7318.290039
1056,133.026,-1.531054393696571,7318.089844
1057,133.152,-1.5495370437984326,7318.210938
1058,133.278,-1.531267650400149,7316.75
1059,133.404,-1.3774876928703146,7315.139648
1060,133.53,-1.0257182572973653,7317.86377
1061,133.656,-0.6221013527681178,7317.162109
1062,133.782,-0.299062481341654,7319.576172
1063,133.908,0.06559530912465825,7317.461914
1064,134.034,0.2314748331756041,7321.282227
1065,134.16,0.2882576842774575,7319.521973
1066,134.286,0.21206231742759593,7320.245605
1067,134.412,0.0827866997115602,7321.694824
1068,134.538,-0.12068898169618338,7315.734863
1069,134.664,-0.42216081503699465,7321.080078
1070,134.79,-0.7001341181585617,7320.949219
1071,134.916,-0.8001282316189642,7318.839844
1072,135.042,-0.9608537660274561,7318.501953
1073,135.168,-1.0268039269679181,7319.921875
1074,135.294,-1.0919960055893534,7315.716309
1075,135.42,-1.194557042881121,7320.476074
1076,135.546,-1.2945504006690651,7315.288086
1077,135.672,-1.3313061216007147,7320.842285
1078,135.799,-1.3317185299466763,7319.61377
1079,135.924,-1.0792375338413869,7319.148438
1080,136.05,-0.7164983093461075,7319.016113
1081,136.176,-0.296578898301466,7320.771484
1082,136.302,0.007135923508671166,7319.54834
1083,136.428,0.25098841265237987,7319.980957
1084,136.554,0.22275703770591154,7315.173828
1085,136.68,0.06388459869913406,7321.001953
1086,136.806,-0.1503900648204938,7320.973145
1087,136.932,-0.16975264350230454,7320.138672
1088,137.058,-0.17913977998404035,7319.459961
1089,137.184,-0.24016527528794127,7320.696777
1090,137.31,-0.25655334408824637,7318.285156
1091,137.436,-0.4483516343413335,7319.114746
1092,137.562,-0.7331392190768169,7319.967773
1093,137.688,-1.1121256415599963,7318.114746
1094,137.814,-1.4772545628837632,7323.14209
1095,137.94,-1.7742082786641278,7323.952637
1096,138.066,-2.1255103275722402,7319.76709
1097,138.192,-2.1863674621157942,7319.743652
1098,138.318,-2.1883788792198726,7320.668457
1099,138.444,-1.9280919742209892,7317.87793
1100,138.57,-1.5878681596755455,7323.953613
1101,138.696,-1.224184962476213,7317.885742
1102,138.822,-0.9337803837024503,7321.062012
1103,138.948,-0.6575170087693106,7319.800781
1104,139.074,-0.5596472599187479,7319.52832
1105,139.2,-0.4374548792786419,7323.667969
1106,139.326,-0.36631342602023803,7322.890625
1107,139.452,-0.28707891348700704,7321.817871
1108,139.578,-0.27707231503737473,7320.498535
1109,139.704,-0.4675196805740706,7320.733398
1110,139.83,-0.6249253709003824,7328.334961
1111,139.956,-0.9393724692730695,7326.770508
1112,140.082,-1.316245050884377,7319.314941
1113,140.209,-1.691537662882635,7320.672363
1114,140.334,-2.163155108770463,7322.32666
1115,140.46,-2.4742966570115015,7320.244141
1116,140.586,-2.74465145612952,7319.21875
1117,140.712,-2.936701536903138,7316.875488
1118,140.838,-2.8244773509053944,7319.739746
1119,140.964,-2.505690905052346,7320.745605
1120,141.09,-1.9856883307293303,7316.492676
1121,141.216,-1.5300457369612726,7317.860352
1122,141.342,-0.9383341213637779,7324.752441
1123,141.468,-0.5421708549693495,7324.208008
1124,141.594,-0.1795186521211159,7321.678711
1125,141.72,-0.07899738634322395,7322.326172
1126,141.846,-0.02027759078332441,7321.634766
1127,141.972,-0.10411442968755834,7318.97998
1128,142.098,-0.2568422979487449,7321.057617
1129,142.224,-0.3840604732965198,7321.675781
1130,142.35,-0.604993951645288,7323.947266
1131,142.476,-0.9193822561654567,7315.807617
1132,142.602,-1.1562088544130613,7318.508301
1133,142.728,-1.3665888389959255,7321.568848
1134,142.854,-1.4163590216189008,7321.54248
1135,142.98,-1.3640891734206775,7321.700195
1136,143.106,-1.1682916290333663,7322.831543
1137,143.232,-1.0558350481273646,7317.20459
1138,143.358,-1.025363652087935,7323.698242
1139,143.484,-1.0182450438004544,7323.862305
1140,143.61,-1.0371534550246888,7316.900879
1141,143.736,-1.1343677727937422,7330.472168
1142,143.862,-1.109684071687903,7321.351563
1143,143.988,-1.128705923658629,7322.546875
1144,144.113,-1.1123749920271444,7325.22168
1145,144.24,-1.2214206347129122,7325.428223
1146,144.366,-1.2306904453327185,7322.873535
1147,144.492,-1.3895781373656522,7327.957031
1148,144.618,-1.3787627647719871,7323.475098
1149,144.744,-1.2936818154878245,7322.180176
1150,144.869,-1.064558278687536,7320.906738
1151,144.996,-0.8754369379071933,7316.479492
1152,145.122,-0.8076898429202817,7320.164063
1153,145.247,-0.7326786531941182,7321.174316
1154,145.373,-0.9130039722777283,7321.851074
1155,145.499,-1.1569414153612931,7324.637207
1156,145.626,-1.3495955466612815,7321.018555
1157,145.751,-1.5920916456324923,7324.077637
1158,145.878,-1.6802082378339633,7320.358398
1159,146.003,-1.780703411935537,7319.914551
1160,146.13,-1.7440515025381322,7322.645508
1161,146.256,-1.7917997049405747,7324.79834
1162,146.382,-1.7783250758248481,7319.495117
1163,146.507,-1.9117103420801433,7320.557617
1164,146.633,-2.0583779535694307,7321.255859
1165,146.76,-2.13596203425142,7323.90625
1166,146.886,-2.226777104009061,7320.797363
1167,147.011,-2.0920608839158032,7317.371582
1168,147.138,-1.7953120265175575,7321.851074
1169,147.263,-1.3487126966084,7323.524902
1170,147.389,-0.966551154248471,7319.689941
1171,147.516,-0.5840767561936364,7323.654785
1172,147.641,-0.549877237443162,7320.241699
1173,147.767,-0.4387607702202755,7320.784668
1174,147.893,-0.4379248812942968,7319.211914
1175,148.019,-0.3946041165838036,7323.932617
1176,148.146,-0.23295606647489783,7318.793457
1177,148.271,-0.034811653405921836,7320.652344
1178,148.397,0.06743112202798263,7322.779297
1179,148.523,0.13116966611768743,7322.809082
1180,148.65,0.024985739577091288,7327.161621
1181,148.776,-0.06892355895903064,7322.740234
1182,148.901,-0.21013300696572615,7323.058105
1183,149.027,-0.3051594369325205,7321.87793
1184,149.153,-0.3300493685311107,7324.044434
1185,149.279,-0.4102387636331025,7327.659668
1186,149.405,-0.5611191613301575,7326.172363
1187,149.531,-0.78017804352658,7323.146973
1188,149.657,-1.000250300148253,7322.039063
1189,149.783,-1.1904944264366155,7323.683594
1190,149.909,-1.158279825577011,7321.364746
1191,150.035,-0.9148873937366134,7320.466797
1192,150.161,-0.5916759420363565,7323.765137
1193,150.287,-0.2572989066795693,7321.650391
1194,150.413,-0.06203583057665243,7323.230957
1195,150.539,-0.08224639291766225,7319.825684
1196,150.666,-0.2026219099863549,7323.3125
1197,150.791,-0.2652538507738615,7323.427246
1198,150.917,-0.27734254931923086,7323.904785
1199,151.043,-0.24253265136790714,7322.408203
1200,151.17,-0.21465447142599317,7322.523926
1201,151.295,-0.16631791150429587,7325.332031
1202,151.421,-0.24504022684079066,7322.719727
1203,151.547,-0.3763890384198894,7325.099609
1204,151.673,-0.6129278929963896,7326.279297
1205,151.799,-0.843862410640267,7321.400391
1206,151.925,-1.1059554547548183,7325.586914
1207,152.051,-1.220868602015541,7323.568359
1208,152.177,-1.3093497806372318,7326.48291
1209,152.303,-1.3762182297950523,7321.933594
1210,152.429,-1.349173557582189,7320.361328
1211,152.555,-1.3445790099073411,7323.314941
1212,152.681,-1.221488815628601,7322.173828
1213,152.807,-1.0867549779411505,7321.404785
1214,152.933,-0.9237829566251824,7323.9375
1215,153.059,-0.6479521458407339,7322.724609
1216,153.185,-0.32769120206813784,7322.61084
1217,153.311,-0.013635740544367659,7322.878418
1218,153.437,0.33723674011376725,7325.663086
1219,153.563,0.6034491988264046,7321.034668
1220,153.689,0.7631788010435472,7325.954102
1221,153.815,0.7303517739249811,7328.02832
1222,153.941,0.5222003919576189,7323.489746
1223,154.067,0.20311863189071772,7319.978027
1224,154.193,-0.18933989047270258,7326.287109
1225,154.319,-0.4363199319908949,7327.076172
1226,154.445,-0.6922614415739277,7324.356445
1227,154.571,-0.856120198716893,7329.195313
1228,154.697,-0.951215821298414,7327.464844
1229,154.823,-1.0583501110522273,7325.616699
1230,154.949,-1.2069387355104668,7326.290527
1231,155.075,-1.4184172830202106,7322.807129
1232,155.201,-1.7947434642627849,7323.508789
1233,155.327,-2.068243526464913,7326.454102
1234,155.453,-2.357831420580991,7326.010742
1235,155.579,-2.473727534820793,7326.038086
1236,155.705,-2.4616504794883083,7323.431152
1237,155.831,-2.3017998714423875,7332.498535
1238,155.957,-1.9982584707384632,7322.390137
1239,156.083,-1.7302164885682314,7324.830078
1240,156.209,-1.5487394332511621,7326.861816
1241,156.335,-1.3526237953914746,7328.658691
1242,156.461,-1.275392828458897,7327.836426
1243,156.587,-1.131086239075292,7325.368164
1244,156.713,-0.9750979759336045,7321.046387
1245,156.839,-0.5495474999039052,7323.255859
1246,156.965,-0.19330338024590668,7325.187988
1247,157.091,0.23785000009185078,7329.310547
1248,157.217,0.5749260031907067,7327.982422
1249,157.343,0.6602518698596278,7326.038086
1250,157.469,0.6113106733643939,7326.04248
1251,157.595,0.48541743540439874,7328.421875
1252,157.721,0.26510894141927144,7326.520508
1253,157.847,0.22842573570342775,7326.82666
1254,157.973,0.2933468563041581,7325.06543
1255,158.099,0.26799987429040073,7329.428223
1256,158.225,0.1744480418549725,7329.814941
1257,158.351,-0.00030672013768928995,7325.796875
1258,158.477,-0.30161861931204315,7327.587891
1259,158.603,-0.666437290122079,7325.549316
1260,158.729,-0.9399859624320053,7326.706543
1261,158.856,-1.0401367779802104,7330.25293
1262,158.981,-1.0042489227915006,7328.425293
1263,159.107,-0.8610743804500134,7328.934082
1264,159.233,-0.5485879953628799,7329.611816
1265,159.359,-0.3082719172943329,7325.935547
1266,159.485,-0.21962298031591862,7327.220703
1267,159.611,-0.3140188580999365,7325.310059
1268,159.737,-0.3937952654882884,7325.840332
1269,159.863,-0.49132230020767603,7323.444336
1270,159.988,-0.46172359043337435,7328.665039
1271,160.115,-0.2168674378604312,7326.803711
1272,160.241,0.11926667099012561,7327.811523
1273,160.367,0.5629600238636294,7328.521484
1274,160.493,0.9626397761621184,7326.833984
1275,160.619,1.2776674764609648,7331.748047
1276,160.744,1.314726218826777,7326.968262
1277,160.871,1.2066375935627938,7326.600098
1278,160.997,0.7842389545199695,7324.942383
1279,161.123,0.31817995930023246,7325.661621
1280,161.249,-0.20190039445785735,7326.780762
1281,161.375,-0.7826039439886767,7326.799316
1282,161.5,-1.1072448692233325,7329.493652
1283,161.626,-1.4152100582744827,7323.882813
1284,161.753,-1.6305141423810152,7327.600098
1285,161.878,-1.6047279453840488,7326.268555
1286,162.004,-1.6112054800882682,7327.503418
1287,162.13,-1.5105849709839636,7326.535156
1288,162.257,-1.3412895782036371,7329.509277
1289,162.382,-1.1599595690648916,7331.131836
1290,162.508,-0.9920864695409961,7326.375488
1291,162.634,-0.8172912338878083,7328.853516
1292,162.761,-0.7949158938206262,7327.110352
1293,162.886,-0.7198339806232938,7332.234375
1294,163.012,-0.6914970859930967,7329.615234
1295,163.138,-0.6443761604493875,7330.205566
1296,163.264,-0.39805234777350684,7330.229492
1297,163.39,-0.09997482164634015,7330.585449
1298,163.516,0.21606267952892141,7333.383301
1299,163.642,0.5099793956375817,7329.950684
1300,163.769,0.6570425436677021,7330.311035
1301,163.895,0.5653233010253185,7329.020508
1302,164.02,0.3104691069638476,7327.299316
1303,164.147,-0.1179644800700182,7324.885254
1304,164.272,-0.5609610297781416,7327.0
1305,164.398,-0.930381497355435,7329.943359
1306,164.524,-1.1439081484168758,7330.745605
1307,164.65,-1.1986416945706095,7321.580078
1308,164.777,-1.0907886708617625,7329.766113
1309,164.902,-0.8762118752619901,7325.982422
1310,165.028,-0.6918129789388745,7330.01416
1311,165.154,-0.5297051710672488,7325.382813
1312,165.28,-0.5585160270712591,7330.999512
1313,165.406,-0.5510912896325679,7329.82373
1314,165.532,-0.6903720669491844,7326.945313
1315,165.658,-0.6588488503769679,7324.727539
1316,165.785,-0.48819757449073037,7325.597656
1317,165.91,-0.19966733997980973,7325.352051
1318,166.037,0.1192149387732592,7330.119141
1319,166.162,0.45714120324068325,7329.275391
1320,166.288,0.6033037827746812,7329.083008
1321,166.414,0.5235315756070501,7327.183594
1322,166.54,0.38454208834326925,7323.166504
1323,166.666,0.08140548227793735,7330.938477
1324,166.792,-0.15434023293814841,7327.760254
1325,166.918,-0.3001878912347749,7331.960938
1326,167.044,-0.29474183358176015,7323.375
1327,167.17,-0.23168212839688776,7324.838867
1328,167.296,-0.20818500391623973,7325.19873
1329,167.422,-0.3638609572067501,7325.934082
1330,167.548,-0.6834607144284672,7325.180664
1331,167.674,-1.128232196902246,7325.633301
1332,167.8,-1.6494979587512573,7327.70752
1333,167.926,-2.1174449660649226,7325.988281
1334,168.052,-2.4657105803365305,7326.604004
1335,168.178,-2.4924234741821807,7325.442871
1336,168.304,-2.2308559847890117,7324.676758
1337,168.43,-1.8403175725122547,7328.120117
1338,168.556,-1.2756116229951449,7326.488281
1339,168.682,-0.6877750849203051,7327.477051
1340,168.808,-0.24473624158000265,7331.446777
1341,168.934,0.05441191972039201,7328.570801
1342,169.06,0.1836049720606618,7330.626953
1343,169.186,0.2631332362331836,7327.956055
1344,169.312,0.2435013517253447,7328.303711
1345,169.438,0.21364961169317825,7327.887207
1346,169.564,0.21515462998577625,7326.642578
1347,169.69,0.1723171952288852,7326.209473
1348,169.816,-0.0034594645163801693,7328.936523
1349,169.942,-0.24498469601454975,7329.306152
1350,170.068,-0.7136379436080256,7331.744629
1351,170.194,-1.138941408121601,7330.708496
1352,170.32,-1.5625925344243057,7328.342285
1353,170.446,-1.779663067488551,7328.85791
1354,170.572,-1.7940627152691488,7325.086914
1355,170.698,-1.5929329447146914,7326.962402
1356,170.824,-1.319515966091038,7332.314453
1357,170.95,-1.074904040838034,7329.356934
1358,171.076,-0.9436189836850216,7330.203125
1359,171.202,-0.8872351562053545,7330.852051
1360,171.328,-0.951019814688817,7333.316406
1361,171.454,-0.967377726280472,7331.009766
1362,171.58,-0.7875547425282496,7329.416504
1363,171.706,-0.5135974556981536,7328.295898
1364,171.832,-0.2245830654233246,7331.411133
1365,171.958,0.04576178634389344,7331.118164
1366,172.084,0.24159738715977705,7332.797852
1367,172.21,0.3143916935640678,7329.532227
1368,172.336,0.2946337038497652,7332.145996
1369,172.462,0.09867161076438481,7327.602051
1370,172.588,-0.10154500409158485,7328.290527
1371,172.714,-0.3866674763294047,7332.472168
1372,172.84,-0.7227775895356038,7330.176758
1373,172.966,-1.0962535057941323,7332.455566
1374,173.092,-1.4870926328492746,7329.264648
1375,173.218,-1.763605398036236,7333.467285
1376,173.344,-1.9759526925664495,7333.338867
1377,173.47,-1.9760204296145831,7332.313477
1378,173.596,-1.826869840822291,7329.613281
1379,173.722,-1.6294272139718984,7329.199707
1380,173.848,-1.352051756635393,7326.114746
1381,173.974,-1.0406820109208335,7327.784668
1382,174.1,-0.661850039450929,7328.694336
1383,174.226,-0.2067625832631433,7329.399902
1384,174.352,0.2656742177115222,7330.100098
1385,174.478,0.7249029120137878,7329.640137
1386,174.604,1.1271770392138865,7329.557617
1387,174.73,1.2596363740245557,7331.726074
1388,174.856,1.2377505243291722,7332.31543
1389,174.982,1.060522500497197,7334.273926
1390,175.108,0.6850732485901709,7332.120605
1391,175.234,0.3932025219142303,7327.709961
1392,175.36,0.07054385448590551,7331.751953
1393,175.486,-0.15604087582531992,7330.628906
1394,175.612,-0.31427946536054296,7333.148438
1395,175.738,-0.3739637763357733,7331.391113
1396,175.864,-0.3864642796901183,7328.960449
1397,175.99,-0.38399251345274343,7327.650391
1398,176.115,-0.34914105194765077,7328.546875
1399,176.241,-0.3797391702394692,7328.344727
1400,176.368,-0.5226997559661589,7330.054688
1401,176.494,-0.7815442864786123,7327.03125
1402,176.62,-0.9998429086429569,7330.341309
1403,176.746,-1.1799014808909123,7329.193359
1404,176.872,-1.2380850404401997,7328.687988
1405,176.997,-1.061245507353923,7331.118164
1406,177.124,-0.7636427035575787,7330.90625
1407,177.25,-0.3138427501145668,7327.282227
1408,177.376,0.027043339442757348,7328.857422
1409,177.502,0.29143960363638416,7327.737305
1410,177.628,0.3471829228368093,7324.927734
1411,177.753,0.24380576566300347,7329.367676
1412,177.879,0.08305333638511285,7329.759766
1413,178.006,-0.003871402987613275,7330.657715
1414,178.131,-0.09721589978137349,7328.300293
1415,178.257,-0.1780968211297944,7327.064941
1416,178.383,-0.26942957560154346,7330.824219
1417,178.509,-0.49777394160397864,7329.919434
1418,178.635,-0.7895052931491963,7331.277832
1419,178.762,-1.056410093163372,7330.040527
1420,178.887,-1.3894645654235382,7330.233398
1421,179.014,-1.69103268885115,7333.520508
1422,179.139,-1.8238839899606853,7329.862793
1423,179.266,-1.8944568384678722,7330.711426
1424,179.391,-1.8985564746214179,7329.241699
1425,179.518,-1.852140374940721,7329.684082
1426,179.643,-1.8191588277532333,7331.441895
1427,179.77,-1.7671030994419725,7328.295898
1428,179.895,-1.7486987620919046,7330.494629
1429,180.021,-1.7024142790014725,7328.691895
1430,180.148,-1.701951738700507,7332.96875
1431,180.273,-1.6541180300939804,7333.374023
1432,180.399,-1.541458733126116,7327.562012
1433,180.525,-1.361380629531233,7327.037109
1434,180.652,-1.0324939836519669,7329.421387
1435,180.777,-0.6155349700472685,7329.569336
1436,180.903,-0.3158057239847689,7329.531738
1437,181.029,-0.14606166725515188,7328.958008
1438,181.155,-0.14403926757590288,7329.812988
1439,181.281,-0.3378723662652003,7331.190918
1440,181.407,-0.5527607422661943,7329.370605
1441,181.533,-0.790038059569638,7328.800781
1442,181.659,-0.8967340135110757,7329.994141
1443,181.785,-0.9297659534617843,7325.610352
1444,181.911,-0.9142447830304622,7330.350098
1445,182.037,-0.9526875074098294,7330.486328
1446,182.163,-0.9799096163017621,7328.408691
1447,182.289,-1.210498103353946,7329.297852
1448,182.415,-1.5459465088921585,7331.710938
1449,182.541,-1.973117319529762,7334.569824
1450,182.667,-2.3786044259185157,7328.690918
1451,182.793,-2.678661216790392,7331.531738
1452,182.919,-2.7295576664211048,7330.48877
1453,183.045,-2.585106841206079,7330.901367
1454,183.171,-2.093152907675914,7333.193359
1455,183.297,-1.4498949334839542,7331.052246
1456,183.423,-0.8052390758650967,7332.743164
1457,183.549,-0.14224592165939853,7329.322754
1458,183.675,0.18264350126640988,7330.539551
1459,183.801,0.2690345835385565,7325.989258
1460,183.927,0.2939315045024728,7331.946777
1461,184.053,0.16114677552869283,7329.647949
1462,184.179,0.14650573115151355,7333.198242
1463,184.305,0.2988608712423795,7332.160645
1464,184.431,0.45941035985872375,7329.152344
1465,184.557,0.5303613441974862,7330.465332
1466,184.683,0.42030574076892147,7331.758789
1467,184.809,0.1749611435684532,7331.98877
1468,184.935,-0.16857740568125346,7330.727539
1469,185.061,-0.5485903560170995,7329.644531
1470,185.187,-0.8524761781567518,7328.995605
1471,185.313,-0.9674306899448334,7333.139648
1472,185.439,-0.9593966992055918,7330.071289
1473,185.565,-0.9939176916994661,7332.014648
1474,185.691,-0.9817373669732045,7333.922852
1475,185.817,-0.9511547877481414,7323.723633
1476,185.943,-1.0459770070501555,7327.364746
1477,186.069,-1.0465053621903393,7329.847656
1478,186.195,-1.0038808109523905,7331.106934
1479,186.321,-0.7883990595406698,7331.680664
1480,186.447,-0.5527867601597171,7326.850586
1481,186.573,-0.18853869794732114,7335.353516
1482,186.699,0.09798844975510963,7333.020996
1483,186.825,0.3457970990810649,7332.521973
1484,186.951,0.5062403590518921,7332.265625
1485,187.077,0.5119526481173597,7332.212402
1486,187.203,0.4606307333814888,7334.785645
1487,187.329,0.2713350875000966,7333.154297
1488,187.455,0.10421472525234417,7330.747559
1489,187.581,-0.045816726515894815,7331.529785
1490,187.707,-0.2213536470795486,7332.007324
1491,187.833,-0.3819512152316119,7331.775391
1492,187.959,-0.5001066714717316,7335.57959
1493,188.085,-0.5106318233884508,7332.746582
1494,188.211,-0.4124457146853488,7331.505371
1495,188.337,-0.2990822114457883,7332.151367
1496,188.463,-0.2561855124842884,7331.197754
1497,188.589,-0.237365278856777,7335.729492
1498,188.715,-0.397794448686108,7330.830566
1499,188.841,-0.6456277515874338,7335.146973
1500,188.967,-1.0680464828313394,7333.188477
1501,189.093,-1.5710737989575738,7334.971191
1502,189.219,-2.1298173943036387,7331.763672
1503,189.345,-2.5584097629898097,7326.775391
1504,189.471,-2.794535170517867,7337.034668
1505,189.597,-2.8137907155775186,7333.166992
1506,189.723,-2.6088554016237593,7334.406738
1507,189.849,-2.2672585778512286,7332.812988
1508,189.975,-1.795878652371874,7331.422852
1509,190.101,-1.3091538046899809,7336.131836
1510,190.227,-1.0110128136953553,7333.336914
1511,190.353,-0.8553893236645159,7331.730469
1512,190.479,-0.7691223268311566,7331.962402
1513,190.605,-0.6660033313292069,7332.027344
1514,190.731,-0.5473066719591343,7332.318359
1515,190.857,-0.3002398556037579,7335.978027
1516,190.983,-0.08037383159952301,7333.134766
1517,191.109,0.09095368894650041,7333.726074
1518,191.235,0.18796499607933487,7334.3125
1519,191.361,0.07354897578072392,7330.387695
1520,191.487,-0.20108849264149067,7335.467285
1521,191.613,-0.5356550351889838,7333.14502
1522,191.738,-0.8077034493469558,7331.334473
1523,191.865,-1.048948812555149,7332.770996
1524,191.991,-1.0611171717234222,7330.749512
1525,192.117,-1.0579143123333337,7329.594727
1526,192.243,-1.0052868736529428,7336.69873
1527,192.369,-1.0514447319113507,7331.733887
1528,192.494,-1.1729147676973217,7332.266602
1529,192.621,-1.3377793263009818,7333.739258
1530,192.747,-1.5399072706899517,7335.117188
1531,192.873,-1.5410442252177106,7331.734375
1532,192.999,-1.4385643261060455,7331.238281
1533,193.125,-1.0584133905870585,7333.168457
1534,193.251,-0.6649319054749546,7335.875
1535,193.376,-0.3995750064045388,7332.186523
1536,193.503,-0.1251485151871048,7330.287109
1537,193.629,-0.034682197584022134,7333.279785
1538,193.754,-0.06401616343482397,7331.561035
1539,193.881,-0.21270320004640808,7334.687012
1540,194.007,-0.39976043641499776,7332.299805
1541,194.132,-0.5192262460438399,7334.429199
1542,194.258,-0.6444874000043552,7333.293457
1543,194.384,-0.654545495577844,7332.976074
1544,194.511,-0.6982026492346535,7332.632813
1545,194.637,-0.6338811004175242,7333.844727
1546,194.762,-0.5754885819241603,7333.923828
1547,194.888,-0.4316534779876345,7334.520508
1548,195.015,-0.2921789014306637,7332.394531
1549,195.14,-0.2525142404495202,7333.921875
1550,195.267,-0.22132706027915447,7333.334961
1551,195.392,-0.2639752173113255,7336.163086
1552,195.518,-0.31213169800075263,7331.312988
1553,195.644,-0.21360423384715468,7334.540039
1554,195.77,-0.010848523999683248,7333.084961
1555,195.896,0.2664737395533105,7334.881836
1556,196.022,0.5760245212061452,7333.421387
1557,196.148,0.7146176309092472,7333.088379
1558,196.274,0.6988396877841865,7333.123047
1559,196.4,0.448423301729071,7330.586426
1560,196.526,0.00890975921530023,7333.281738
1561,196.653,-0.42740278088061145,7333.331543
1562,196.778,-0.8377238791776567,7334.214355
1563,196.905,-1.0877161892059148,7331.576172
1564,197.03,-1.292555137668558,7333.080078
1565,197.156,-1.3864624573129396,7332.805664
1566,197.282,-1.4678826783969816,7334.099121
1567,197.408,-1.4952580893186809,7331.303711
1568,197.535,-1.5414219899984678,7333.646973
1569,197.66,-1.4578588309776244,7336.359375
1570,197.786,-1.2783421219245146,7332.191895
1571,197.912,-1.0171095471359386,7334.268555
1572,198.038,-0.725879497832365,7332.236328
1573,198.164,-0.4625565474746998,7334.312988
1574,198.29,-0.35210479541078105,7333.932617
1575,198.416,-0.40768678792917395,7325.829102
1576,198.542,-0.4758708733934596,7331.399414
1577,198.668,-0.7371593900525122,7332.748047
1578,198.794,-0.8678944879625844,7332.802734
1579,198.92,-0.9172666649008898,7334.352539
1580,199.046,-0.7962012686619633,7322.818848
1581,199.172,-0.5410662420647779,7329.243652
1582,199.298,-0.13173519297140845,7332.779785
1583,199.424,0.18096271544073286,7332.633301
1584,199.55,0.458913155423274,7330.404297
1585,199.676,0.5700034732483615,7331.273438
1586,199.802,0.6226756292703775,7332.893066
1587,199.928,0.6774530283625655,7325.458496
1588,200.054,0.672622461053666,7331.645996
1589,200.18,0.7995898497385321,7333.882813
1590,200.306,1.0068619740593683,7333.759277
1591,200.432,1.0143896886187012,7329.430176
1592,200.558,0.9112095953690065,7335.006348
1593,200.684,0.6012633685458597,7333.615723
1594,200.81,0.27539231226047306,7335.932617
1595,200.936,-0.2045594064375546,7333.493652
1596,201.062,-0.6718035623681025,7336.961426
1597,201.188,-0.9276061560933553,7331.32373
1598,201.314,-1.088838353743806,7332.414551
1599,201.44,-1.1186284077149415,7333.226074
1600,201.566,-1.0922101173364416,7334.076172
1601,201.692,-1.1515997125489992,7329.150879
1602,201.818,-1.1334560548877526,7336.284668
1603,201.944,-1.0951333993561432,7328.978027
1604,202.07,-1.0172405675299885,7330.100098
1605,202.196,-0.8168963810166263,7332.410645
1606,202.322,-0.5763162803829103,7331.47998
1607,202.448,-0.2973441321738878,7333.960449
1608,202.574,-0.17884375467178604,7331.715332
1609,202.7,-0.2886759990768798,7330.830566
1610,202.826,-0.5614218441293323,7332.972168
1611,202.952,-0.9071858955963391,7332.755371
1612,203.078,-1.2527125238167969,7333.370605
1613,203.204,-1.4584273100817382,7337.805664
1614,203.33,-1.5155369700928931,7336.672363
1615,203.456,-1.4470426293075944,7332.976563
1616,203.582,-1.3298168939930195,7334.155273
1617,203.708,-1.2290071477291207,7335.053711
1618,203.834,-1.1202586094656748,7330.411133
1619,203.96,-1.0060624716545723,7330.811523
1620,204.086,-0.7864958329398052,7334.939453
1621,204.212,-0.5792388528511517,7333.172363
1622,204.338,-0.23295973875141252,7334.298828
1623,204.464,0.02420502849511342,7333.75293
1624,204.59,0.1509564137042747,7343.037109
1625,204.716,0.08292939646740784,7334.23584
1626,204.842,-0.0946074789529776,7335.676758
1627,204.968,-0.38496865529337687,7334.515137
1628,205.094,-0.6231091840370739,7332.009766
1629,205.22,-0.6299723489443005,7337.214844
1630,205.346,-0.5111799408003657,7332.625977
1631,205.472,-0.18567556119837475,7334.042969
1632,205.598,0.07919431076541304,7335.535156
1633,205.724,0.4404951777575513,7337.506348
1634,205.85,0.6362048448683421,7331.006348
1635,205.976,0.755837323563631,7338.305664
1636,206.102,0.6375251567070072,7334.885742
1637,206.228,0.4538560037035238,7332.131836
1638,206.354,0.12907139642461166,7334.405273
1639,206.48,-0.16640576383043937,7332.527344
1640,206.606,-0.38270502133428075,7336.420898
1641,206.732,-0.41112719576681644,7334.393066
1642,206.858,-0.2936986427879668,7337.569336
1643,206.984,-0.007119965930224147,7335.280273
1644,207.11,0.38769122131224437,7335.458496
1645,207.236,0.7712214720776348,7330.984863
1646,207.362,1.1462386924028223,7338.505371
1647,207.488,1.384385900372825,7333.062988
1648,207.614,1.5239891544225577,7335.395996
1649,207.74,1.5326226343185247,7334.608398
1650,207.866,1.314262672433841,7335.146973
1651,207.993,1.059381312162176,7332.547363
1652,208.118,0.6869472494435268,7334.869141
1653,208.244,0.36566656091769195,7334.549316
1654,208.37,0.15633149071293553,7332.407227
1655,208.496,-0.07807612587499266,7332.524902
1656,208.622,-0.08886170828511714,7333.494629
1657,208.747,-0.013213054090100138,7335.930664
1658,208.874,0.08884020045673587,7334.553223
1659,208.999,0.15295726767117226,7333.310059
1660,209.126,0.17244754084867434,7332.516113
1661,209.251,0.25794155087076814,7330.584961
1662,209.377,0.3706196271101723,7328.021484
1663,209.503,0.48921734632308295,7335.429688
1664,209.629,0.6258152699505032,7335.452148
1665,209.755,0.7652353572907606,7333.083008
1666,209.881,0.8775789889242397,7336.30127
1667,210.007,0.8153903518913395,7327.712891
1668,210.134,0.7523259065139783,7332.453125
1669,210.259,0.6799039601867896,7335.432617
1670,210.385,0.4729720138843735,7334.242188
1671,210.511,0.2703311687228985,7331.878418
1672,210.637,0.12870841966672086,7333.204102
1673,210.763,-0.027136260542338125,7337.745117
1674,210.89,-0.15905069643970235,7334.208008
1675,211.016,-0.23395415979654416,7333.028809
1676,211.141,-0.3077300693958664,7334.915039
1677,211.267,-0.17954776930014613,7334.994629
1678,211.394,0.018070991105190674,7332.150879
1679,211.519,0.23537176891097708,7331.464844
1680,211.645,0.4748342470572856,7332.379883
1681,211.771,0.6400612428868917,7332.911133
1682,211.897,0.8189572578615462,7334.268555
1683,212.023,0.7443918718449397,7333.896484
1684,212.15,0.6348877158892618,7333.400879
1685,212.275,0.42416461217701423,7333.053711
1686,212.401,0.2801376331966727,7334.578125
1687,212.527,0.21393574877678165,7335.063477
1688,212.653,0.1498884325604513,7337.512695
1689,212.779,0.13472963061565338,7338.499023
1690,212.905,0.1699445413704887,7332.466797
1691,213.031,0.09044961704873938,7335.366211
1692,213.157,0.022621137267723412,7335.70459
1693,213.283,-0.03186273415581857,7338.744629
1694,213.409,-0.055625142212808634,7328.543945
1695,213.535,-0.06370136397757256,7332.604492
1696,213.661,-0.03114940433590877,7332.89209
1697,213.787,0.06628708419557315,7335.477051
1698,213.913,0.16478856784244234,7334.296875
1699,214.039,0.2657317169503654,7334.708984
1700,214.165,0.41146275896723583,7330.876953
1701,214.291,0.5869826046570648,7331.90332
1702,214.417,0.7167253381374054,7332.746582
1703,214.543,0.8206802235591111,7336.556152
1704,214.669,0.8516253460905748,7332.549805
1705,214.795,0.7851140636004353,7332.662598
1706,214.921,0.6273727556448444,7333.59375
1707,215.047,0.37090139607288874,7334.467773
1708,215.173,0.13848597579644178,7334.246582
1709,215.299,0.044524100041742405,7330.698242
1710,215.425,0.028605200998926564,7332.812988
1711,215.551,0.06951061180925446,7331.226563
1712,215.677,0.23186117813218382,7336.857422
1713,215.803,0.4490023993237949,7335.45166
1714,215.93,0.6365827427693338,7333.100586
1715,216.055,0.7857451323874383,7333.253418
1716,216.181,0.903197429666061,7333.26416
1717,216.307,0.9255949269249676,7335.058594
1718,216.433,0.8790903200966355,7336.211426
1719,216.559,0.7403850784173571,7334.912598
1720,216.685,0.5500177864024413,7332.079102
1721,216.811,0.37805719056764425,7336.377441
1722,216.937,0.31423883503132,7331.864258
1723,217.063,0.2915460283652534,7335.819824
1724,217.189,0.4363033145556433,7333.281738
1725,217.315,0.6238673921310337,7334.913086
1726,217.441,0.7295717335853712,7332.045898
1727,217.567,0.7958838320301184,7334.271973
1728,217.693,0.6827629962850638,7335.156738
1729,217.819,0.5348981633352017,7335.0
1730,217.945,0.3428752548199992,7336.676758
1731,218.071,0.3025830263698919,7336.395508
1732,218.197,0.45009048794939227,7333.125977
1733,218.323,0.6156990821825636,7334.507813
1734,218.449,0.8423369445955811,7334.298828
1735,218.575,0.9921503250412005,7336.070313
1736,218.701,0.9607916918001986,7333.439941
1737,218.827,0.8397903316332741,7337.477051
1738,218.953,0.5361381856024198,7338.132324
1739,219.079,0.17025549072252233,7334.074219
1740,219.205,-0.13390949842570515,7334.29541
1741,219.331,-0.3972507297279814,7339.51709
1742,219.457,-0.5068685985029675,7336.937012
1743,219.583,-0.47239251583422487,7332.927734
1744,219.709,-0.38330594032462695,7332.442871
1745,219.835,-0.2552929595394981,7335.396973
1746,219.961,-0.11630895201584225,7334.356934
1747,220.087,0.01340717217160455,7341.134277
1748,220.213,0.08153430172284382,7335.902832
1749,220.339,0.11530268051015638,7337.425293
1750,220.465,0.1220233800825212,7335.76123
1751,220.591,0.08002705165016623,7335.175293
1752,220.717,0.08760236919005965,7335.599121
1753,220.843,0.034309949140933785,7334.249512
1754,220.969,0.09498373667355328,7338.161133
1755,221.095,0.17969773414483364,7337.286621
1756,221.221,0.35626677395785117,7336.806152
1757,221.347,0.41332528863547413,7336.022461
1758,221.473,0.4197380134799109,7334.279785
1759,221.599,0.3118131587427182,7337.800293
1760,221.725,0.08360003876264721,7332.53418
1761,221.851,-0.16456365598356265,7336.043457
1762,221.977,-0.31208961481633857,7335.79834
1763,222.103,-0.43217830682236164,7337.035645
1764,222.229,-0.34606976255381594,7330.335938
1765,222.355,-0.0408096489871748,7335.904785
1766,222.481,0.27868657828787513,7334.410645
1767,222.607,0.62103616750424,7336.359863
1768,222.733,0.944566547222809,7337.904785
1769,222.859,1.1085153911158565,7335.125
1770,222.985,1.1483081730141418,7336.948242
1771,223.111,1.0924996255419896,7335.430176
1772,223.237,1.0917186180529588,7336.130371
1773,223.363,1.0227545248454886,7335.45166
1774,223.489,0.9572660620519581,7339.914063
1775,223.615,0.9744590620782719,7338.316406
1776,223.741,0.9650523371057625,7334.923828
1777,223.867,0.936689432474024,7335.232422
1778,223.993,0.7603994932052403,7338.500488
1779,224.119,0.516621170426609,7331.979492
1780,224.245,0.1862608173030346,7335.064941
1781,224.371,-0.20334025441445605,7335.115723
1782,224.497,-0.5208340922277224,7334.776367
1783,224.622,-0.7949556175445094,7334.723145
1784,224.749,-0.8247005641139367,7337.618652
1785,224.874,-0.6822435074791239,7338.66748
1786,225.0,-0.33499586721879854,7335.039551
1787,225.127,0.04934277869771972,7337.59668
1788,225.253,0.3925030516997807,7334.165039
1789,225.378,0.6356500129605449,7333.43457
1790,225.505,0.7648509605287538,7339.975098
1791,225.63,0.7021782499448203,7336.01709
1792,225.757,0.5651899696483552,7335.086914
1793,225.883,0.32790612659439583,7337.060547
1794,226.009,-0.011126225366833118,7333.51709
1795,226.134,-0.27063269840610893,7337.558594
1796,226.26,-0.5973870018533844,7338.950684
1797,226.387,-0.8395284700671007,7334.77832
1798,226.513,-1.0644366114739625,7338.612305
1799,226.638,-1.1854695763166512,7333.523926
1800,226.764,-1.171411303127084,7335.924805
1801,226.89,-1.0010935141943746,7339.551758
1802,227.016,-0.6915995722391929,7335.677734
1803,227.142,-0.4309816083046482,7335.627441
1804,227.269,-0.22588340401358473,7335.770996
1805,227.394,-0.06553980513493121,7329.219727
1806,227.521,-0.07376150421226087,7336.393066
1807,227.647,-0.17959828043686332,7336.661133
1808,227.772,-0.32259835529903674,7336.157715
1809,227.898,-0.5200818467246588,7335.961426
1810,228.024,-0.7001713725645967,7337.570313
1811,228.15,-0.8442001960132002,7341.858887
1812,228.276,-1.0240276554332899,7337.367676
1813,228.402,-1.2143720820362718,7338.185059
1814,228.528,-1.3332406450265812,7337.676758
1815,228.655,-1.4225514268359398,7342.197266
1816,228.78,-1.3495850895292287,7336.71582
1817,228.906,-1.165469553318103,7339.203613
1818,229.032,-0.8976224459340089,7337.370605
1819,229.158,-0.5799539467724818,7338.812988
1820,229.284,-0.34752016307771666,7338.382324
1821,229.41,-0.09586758812363873,7339.964355
1822,229.536,-0.007495091370410644,7336.609375
1823,229.663,-0.001777447479894391,7338.476563
1824,229.788,-0.09079789432400939,7338.165527
1825,229.914,-0.2910416568355207,7338.242676
1826,230.04,-0.42570084913072415,7336.447754
1827,230.166,-0.4999042620915507,7338.866211
1828,230.292,-0.43393324662372784,7338.643555
1829,230.418,-0.19492212787547838,7338.640137
1830,230.544,0.0014061284263805983,7336.523438
1831,230.67,0.18591299154920443,7338.753906
1832,230.796,0.2444208652001065,7338.07666
1833,230.923,0.1746977654755481,7337.824219
1834,231.048,-0.008167787380689474,7338.002441
1835,231.174,-0.17643883909673516,7336.845215
1836,231.3,-0.34841648612325976,7335.810059
1837,231.426,-0.5082648442275582,7338.107422
1838,231.552,-0.598903124169868,7338.472168
1839,231.678,-0.603022866794285,7336.954102
1840,231.804,-0.5458212116951979,7334.428223
1841,231.93,-0.39186155211681045,7338.631348
1842,232.056,-0.18419117592059195,7339.003418
1843,232.182,0.0632119764989975,7339.17627
1844,232.308,0.3976521622023887,7342.114258
1845,232.434,0.5696369099613956,7339.274414
1846,232.56,0.7362689342616037,7335.760254
1847,232.686,0.7736839664761288,7338.95166
1848,232.812,0.7421250137377706,7339.515625
1849,232.938,0.6421548025092078,7340.9375
1850,233.064,0.5639127726092686,7334.334961
1851,233.19,0.4446601900547455,7341.570313
1852,233.316,0.32478992867493905,7339.567871
1853,233.442,0.2835094718967213,7340.304199
1854,233.568,0.2771784670455285,7336.817383
1855,233.694,0.36979121667007586,7342.129883
1856,233.82,0.5221188262123525,7342.90918
1857,233.946,0.722563290952277,7340.444336
1858,234.072,0.9477282429362661,7342.019531
1859,234.198,1.0619360164818865,7342.10791
1860,234.324,1.0185858419537615,7338.285645
1861,234.45,0.9821717167805966,7338.585449
1862,234.576,0.9394201290027644,7340.58252
1863,234.702,0.9115733089228252,7340.529785
1864,234.828,0.8981594966879667,7341.675781
1865,234.954,0.9406033161612687,7341.024902
1866,235.08,0.8758404953420038,7343.06543
1867,235.206,0.7978044708434722,7337.793945
1868,235.332,0.6781896517046252,7338.160645
1869,235.458,0.5664201653825983,7343.207031
1870,235.584,0.45310437725172575,7340.797363
1871,235.71,0.560078869291912,7336.746582
1872,235.836,0.5396277789740991,7338.755371
1873,235.962,0.4990016669446982,7343.009277
1874,236.088,0.34721356716003754,7339.605957
1875,236.214,0.1541387572217622,7330.797363
1876,236.34,-0.1012950830417312,7343.30127
1877,236.466,-0.18084891464766953,7338.722656
1878,236.592,-0.34299509114637167,7338.472656
1879,236.718,-0.4363545888151352,7343.105469
1880,236.844,-0.39248378422701485,7342.998047
1881,236.97,-0.5113188546861331,7337.428223
1882,237.096,-0.6877397442223786,7340.646484
1883,237.222,-0.9708095734181161,7343.104004
1884,237.348,-1.3791025953061236,7341.164551
1885,237.474,-1.7363715106031532,7332.645996
1886,237.6,-1.9728918417486716,7339.632324
1887,237.726,-2.2101198155054687,7339.22998
1888,237.852,-2.2162451530476877,7339.180176
1889,237.978,-2.087953374141796,7341.583496
1890,238.104,-1.8802862729016248,7340.430664
1891,238.23,-1.6761578343456105,7340.216309
1892,238.356,-1.4078016538043734,7341.740723
1893,238.482,-1.1516126141213763,7339.097656
1894,238.61,-0.9681388840374321,7343.567871
1895,238.734,-0.738077025873104,7343.108887
1896,238.86,-0.656837716655382,7344.458008
1897,238.986,-0.5364800660444082,7342.248535
1898,239.112,-0.5102107469230487,7339.717773
1899,239.238,-0.5348658074737264,7339.718262
1900,239.364,-0.5892533562482887,7344.057129
1901,239.49,-0.7253597733344819,7343.776855
1902,239.615,-0.8560188599108528,7341.516602
1903,239.742,-0.9260458250826538,7341.554688
1904,239.867,-0.9049278780735276,7347.43457
1905,239.993,-0.8954339626267349,7341.438477
1906,240.12,-0.9330288081560548,7340.498535
1907,240.245,-0.9451896774395501,7342.590332
1908,240.371,-1.0470210426635145,7343.443848
1909,240.499,-1.0593168035502714,7343.699219
1910,240.624,-0.9779654217013954,7344.532227
1911,240.75,-0.8349861953553185,7343.097168
1912,240.875,-0.6660686200694149,7342.756348
1913,241.002,-0.4916113710657836,7344.931152
1914,241.128,-0.284567097663003,7338.137695
1915,241.254,-0.20264659762232834,7340.436523
1916,241.38,-0.14406047999820037,7342.499512
1917,241.506,-0.19655346023610645,7343.097168
1918,241.631,-0.13736645719104482,7340.282715
1919,241.758,-0.12457075880206904,7342.253906
1920,241.883,-0.1619858962716926,7346.459961
1921,242.009,-0.28271351568268355,7341.374023
1922,242.135,-0.4316447906502329,7340.391113
1923,242.261,-0.5517707909587288,7341.832031
1924,242.387,-0.7187684039828779,7337.06543
1925,242.513,-0.7058945394524865,7339.344238
1926,242.639,-0.4661090769660071,7342.647949
1927,242.765,-0.11674987787056716,7338.161133
1928,242.891,0.2284450170678761,7338.736328
1929,243.017,0.603994697140754,7343.068359
1930,243.143,0.7704152833705088,7339.741211
1931,243.269,0.8224879964066388,7342.645508
1932,243.395,0.7026041897884873,7342.081543
1933,243.521,0.4597494595645124,7340.061523
1934,243.647,0.2861047135066075,7337.346191
1935,243.773,0.13320219987591345,7341.466309
1936,243.899,0.03851534456897905,7341.685547
1937,244.025,0.07474232156324355,7340.361816
1938,244.151,0.11401584295064485,7342.130859
1939,244.277,0.24525303322786407,7343.780762
1940,244.403,0.387366980396676,7341.51123
1941,244.529,0.5576318164067479,7341.600098
1942,244.655,0.6569100929838269,7343.075684
1943,244.781,0.7472526726061185,7342.152344
1944,244.907,0.6476953070533161,7343.497559
1945,245.033,0.5153372715528686,7340.184082
1946,245.159,0.3434983299479041,7341.802734
1947,245.285,0.3440803858027562,7339.855469
1948,245.411,0.32775648622569004,7338.958008
1949,245.537,0.419511584262008,7339.17334
1950,245.663,0.5715724886056369,7339.882324
1951,245.789,0.7667142242571758,7340.476074
1952,245.915,0.8896377869834072,7339.800293
1953,246.041,0.9773177791723426,7344.175781
1954,246.167,1.012170600820975,7342.917969
1955,246.293,0.904737891694402,7340.104492
1956,246.419,0.6959166355732757,7341.459473
1957,246.545,0.4891985037748906,7345.533203
1958,246.671,0.12740502718559787,7344.777832
1959,246.797,-0.22728566131811992,7343.244629
1960,246.923,-0.42788687711290385,7340.134277
1961,247.049,-0.4362115297150136,7341.405273
1962,247.175,-0.32169704142402183,7338.461426
1963,247.301,-0.11385768518495652,7348.871094
1964,247.427,0.11584905348120023,7340.083496
1965,247.553,0.28817656778546746,7343.46582
1966,247.679,0.20718998388439142,7338.812988
1967,247.805,0.04366641200550306,7342.868652
1968,247.931,-0.14126638121802812,7337.317871
1969,248.057,-0.2931965024943621,7338.57373
1970,248.183,-0.5017342537568232,7342.05127
1971,248.309,-0.6904593061314285,7343.018555
1972,248.435,-0.8572701317810989,7345.36377
1973,248.561,-1.113354945923778,7340.722168
1974,248.687,-1.2885184020748892,7339.433105
1975,248.813,-1.469602589488565,7340.388672
1976,248.939,-1.551580879283969,7338.217773
1977,249.065,-1.5085020885919458,7341.154297
1978,249.191,-1.430623215722727,7339.0
1979,249.317,-1.2366739364874892,7340.257324
1980,249.443,-1.0912425454393253,7342.08252
1981,249.569,-0.9570912419683215,7342.597168
1982,249.695,-0.9655290839266835,7338.54541
1983,249.821,-0.9276243659281511,7336.673828
1984,249.947,-0.8822810316937827,7339.260742
1985,250.073,-0.8344816340557211,7341.208008
1986,250.199,-0.8974836234162114,7344.260254
1987,250.325,-0.9040882297681023,7339.341797
1988,250.451,-1.0692833789587035,7340.231934
1989,250.577,-1.1836978280505608,7342.335938
1990,250.703,-1.3244379507546056,7339.824707
1991,250.829,-1.355375923240112,7341.123047
1992,250.955,-1.3162859172996675,7337.9375
1993,251.081,-1.1298089895268866,7342.985352
1994,251.207,-0.9059578810892356,7341.738281
1995,251.333,-0.6940980237561266,7340.641113
1996,251.459,-0.47535870791927193,7338.154297
1997,251.585,-0.3570461234388343,7336.922363
1998,251.711,-0.2388055188566006,7338.81543
1999,251.837,-0.34196017375493554,7340.896973
2000,251.963,-0.3964658230013541,7340.41748
2001,252.089,-0.5798014998760368,7341.106934
2002,252.215,-0.7832299429234235,7349.166504
2003,252.341,-1.0040127265443788,7341.090332
2004,252.467,-1.112360344347627,7342.362305
2005,252.593,-1.2064800725353022,7342.307129
2006,252.719,-1.211607149011223,7344.22168
2007,252.845,-1.0864683897399434,7348.352051
2008,252.971,-1.0329158503719613,7340.756348
2009,253.097,-0.8596190066029763,7341.911621
2010,253.226,-0.6335039600185437,7342.231934
2011,253.349,-0.358852925548331,7343.237305
2012,253.475,0.09687986980949212,7338.476563
2013,253.601,0.44105242737288713,7343.101563
2014,253.727,0.7035256214602952,7340.164063
2015,253.853,0.937658404200707,7340.561035
2016,253.979,0.9406699460051114,7337.583984
2017,254.105,0.7565847656578194,7346.262207
2018,254.231,0.5444019007621562,7339.793457
2019,254.356,0.3589518618953068,7341.77002
2020,254.483,0.2332453734258273,7338.756836
2021,254.609,0.41663047495546746,7344.060059
2022,254.734,0.7452733151510575,7340.822266
2023,254.861,1.0959247176303586,7342.852539
2024,254.986,1.3956374408854575,7341.967285
2025,255.112,1.668376414577981,7343.333984
2026,255.239,1.6655884588264505,7346.833008
2027,255.365,1.4288392792574438,7343.756348
2028,255.49,1.2144138856078375,7337.457031
2029,255.617,0.791501418805949,7337.681641
2030,255.743,0.5233250220045347,7336.327637
2031,255.868,0.5786459322677553,7336.592773
2032,255.995,0.44422568498041975,7338.731445
2033,256.121,0.4209551359587392,7340.278809
2034,256.246,0.18582238736260262,7341.008301
2035,256.373,0.007957485771822733,7339.375
2036,256.499,-0.06594279544093225,7334.52832
2037,256.625,0.10327751985841867,7339.911133
2038,256.75,0.23132415071364892,7341.322754
2039,256.876,0.3992288651315786,7338.977539
2040,257.003,0.6214921693381037,7342.289551
2041,257.128,0.6636995521427361,7341.382324
2042,257.255,0.6493380306067024,7336.851563
2043,257.38,0.3995059983909658,7342.395508
2044,257.506,0.14696859161997333,7342.10791
2045,257.633,-0.13877254183830684,7339.074219
2046,257.759,-0.4755770212647437,7340.763672
2047,257.884,-0.6540431048446362,7339.718262
2048,258.01,-0.9061766219319302,7341.743164
2049,258.136,-1.0769537729218024,7341.605957
2050,258.262,-1.1932418088056005,7337.325684
2051,258.388,-1.4996504090091265,7342.09082
2052,258.514,-1.6966760752205212,7343.334473
2053,258.64,-1.8962742349407056,7342.054199
2054,258.766,-1.9419121830023012,7338.980469
2055,258.892,-1.7859292293950737,7343.13623
2056,259.018,-1.4461858335748756,7341.945313
2057,259.144,-0.9750037288043344,7343.271973
2058,259.27,-0.5646951313421708,7342.25
2059,259.396,-0.21414007187555228,7342.362305
2060,259.522,-0.149016851435341,7341.100098
2061,259.648,-0.41789445612616205,7350.985352
2062,259.774,-0.8748510243140294,7342.453125
2063,259.9,-1.39241865893634,7346.038086
2064,260.026,-1.9361644851521442,7341.265625
2065,260.152,-2.2273813482972886,7345.405762
2066,260.278,-2.2144302414794517,7341.723145
2067,260.404,-1.9544761555756431,7342.168945
2068,260.53,-1.4110720015525897,7340.469727
2069,260.656,-0.8653816360278433,7342.824707
2070,260.782,-0.18795336093926732,7344.617188
2071,260.908,0.34433761506380717,7339.092773
2072,261.034,0.6726901952738702,7344.256348
2073,261.16,0.7858882699243058,7343.038574
2074,261.286,0.730523625550302,7342.478516
2075,261.412,0.5948570201985057,7346.046387
2076,261.538,0.2882242499245396,7347.989258
2077,261.664,0.12287755819027198,7344.229492
2078,261.79,-0.12974287442533944,7345.783203
2079,261.916,-0.2487861169654949,7344.291992
2080,262.042,-0.2335125032014559,7343.423828
2081,262.168,-0.17398512228130686,7341.94043
2082,262.294,-0.026773570156784325,7344.003418
2083,262.42,0.08866117610657331,7343.245605
2084,262.546,0.32746748888578264,7344.09375
2085,262.672,0.4458778717874711,7345.220703
2086,262.798,0.4699122791890148,7340.618164
2087,262.924,0.550985447107379,7344.40332
2088,263.05,0.7239566557300074,7343.610352
2089,263.176,0.8695407059223036,7346.55127
2090,263.302,0.8754610553076844,7346.216797
2091,263.428,0.8647966770262732,7344.910645
2092,263.554,0.7464832239694468,7345.753906
2093,263.68,0.6188809019424011,7339.262695
2094,263.806,0.3059733471880194,7346.498535
2095,263.932,0.04534265413910575,7345.725586
2096,264.058,-0.34177982627577114,7341.884766
2097,264.184,-0.6639843714734294,7343.749512
2098,264.31,-0.9620142586698992,7341.58252
2099,264.436,-1.1858283803445264,7343.779785
2100,264.562,-1.2666312505158202,7348.008301
2101,264.688,-1.1770441531810518,7343.804688
2102,264.814,-1.0131130633607068,7342.647461
2103,264.94,-0.7872945770236681,7344.708496
2104,265.066,-0.5896590220678186,7345.905762
2105,265.192,-0.49087453103032325,7341.934082
2106,265.318,-0.538002601927764,7344.344727
2107,265.444,-0.6926218969157582,7345.866211
2108,265.57,-1.0104687538456254,7344.422363
2109,265.696,-1.3217481651328333,7344.081543
2110,265.822,-1.6689903647602216,7343.548828
2111,265.948,-1.9740203102888363,7345.213867
2112,266.074,-2.0339263540014283,7344.650391
2113,266.2,-1.9039047596313254,7345.871582
2114,266.326,-1.7477139334308045,7348.282715
2115,266.452,-1.4599520864440168,7344.801758
2116,266.578,-1.3035212397159404,7345.190918
2117,266.704,-1.1003484319138654,7342.166016
2118,266.831,-1.0226058534619418,7341.831543
2119,266.958,-1.0238167137321121,7342.48291
2120,267.082,-0.8914394102396554,7347.049316
2121,267.208,-0.7992559307840658,7344.084961
2122,267.334,-0.6404878155917095,7344.963379
2123,267.46,-0.66564804481907,7348.150391
2124,267.586,-0.6584642631557807,7345.083008
2125,267.712,-0.7124750940384936,7343.925781
2126,267.838,-0.8978480686198211,7344.452637
2127,267.964,-1.0359844539432974,7343.747559
2128,268.09,-0.864501162534264,7342.849609
2129,268.216,-0.7475816268834233,7345.159668
2130,268.342,-0.5728740256957636,7345.983887
2131,268.468,-0.39342104808994977,7344.255859
2132,268.594,-0.24869117333857046,7345.586426
2133,268.72,-0.06042222721512926,7347.26123
2134,268.846,0.020910372124109,7349.88916
2135,268.972,0.21355664630761734,7345.924316
2136,269.098,0.40409027657888374,7341.149902
2137,269.224,0.490056573035425,7346.209961
2138,269.35,0.6519345140582108,7342.493652
2139,269.476,0.6334652248549887,7348.540039
2140,269.602,0.3931123745317541,7342.844238
2141,269.728,0.28283135592374137,7345.897949
2142,269.853,0.05664077043235626,7347.736816
2143,269.98,0.0014687676863549882,7345.589355
2144,270.106,-0.1250577920608889,7344.94873
2145,270.232,-0.10052545096430798,7346.686035
2146,270.358,-0.127737331805982,7344.599609
2147,270.483,-0.11527573543094474,7345.112305
2148,270.609,-0.21201219509598626,7344.119629
2149,270.736,-0.2578935827129761,7342.38916
2150,270.862,-0.4240128752812927,7346.77002
2151,270.988,-0.4362180774737158,7346.627441
2152,271.113,-0.42907064436523334,7349.300781
2153,271.239,-0.42456167063168865,7353.825195
2154,271.365,-0.315975093415282,7347.248047
2155,271.492,-0.2684917666031702,7346.429688
2156,271.618,-0.3362700639357381,7346.605469
2157,271.744,-0.5130354546897042,7347.424805
2158,271.869,-0.7859371452028056,7346.426758
2159,271.996,-1.0711205785255138,7354.242188
2160,272.122,-1.2325975934540128,7345.161133
2161,272.247,-1.201774829696922,7346.008789
2162,272.373,-1.0577958359192732,7346.606934
2163,272.499,-0.7585721964325625,7348.083984
2164,272.625,-0.30954744966835285,7347.025879
2165,272.751,0.11073535241611294,7349.144531
2166,272.877,0.27953398845168415,7344.059082
2167,273.003,0.26274292261234067,7345.785645
2168,273.13,0.1626978669154114,7343.574707
2169,273.255,0.03158492341285385,7349.654785
2170,273.382,-0.17855101934576179,7346.34668
2171,273.508,-0.24415182448941214,7347.876465
2172,273.633,-0.17934342771645803,7346.820801
2173,273.759,-0.21543420423660817,7347.252441
2174,273.885,-0.26621801132544193,7346.050781
2175,274.011,-0.3744596098147638,7347.421387
2176,274.137,-0.561465627210347,7348.016113
2177,274.263,-0.6304438811720006,7346.05957
2178,274.389,-0.6078432557281656,7345.333984
2179,274.515,-0.42822175805610946,7345.250488
2180,274.641,-0.16017599749942127,7347.507324
2181,274.767,0.16632717734613428,7347.390625
2182,274.893,0.4698433645691469,7344.26123
2183,275.019,0.6004194514117961,7340.765137
2184,275.145,0.6298461490894666,7346.325684
2185,275.271,0.5556238386438994,7347.791992
2186,275.397,0.30692949182363277,7345.924805
2187,275.523,0.05111192668955433,7348.194824
2188,275.65,-0.09491224105761434,7342.739258
2189,275.776,-0.2966697147298852,7348.39209
2190,275.901,-0.3400310287721347,7348.326172
2191,276.027,-0.4268807636757077,7349.938965
2192,276.153,-0.3268115883808418,7346.45752
2193,276.279,-0.16874694410636465,7346.075195
2194,276.405,-0.028969702844944017,7346.241699
2195,276.531,0.10543024225869588,7346.740234
2196,276.657,0.07202698009163322,7349.030762
2197,276.783,-0.14264078495148044,7348.58252
2198,276.909,-0.6110063824419393,7346.271484
2199,277.035,-1.1541728306304861,7346.603027
2200,277.161,-1.5848810387628771,7346.795898
2201,277.287,-2.0450006985579994,7347.989258
2202,277.413,-2.244834969213124,7346.090332
2203,277.539,-2.327882523145196,7352.472168
2204,277.665,-2.2770175441202363,7352.001465
2205,277.791,-2.112102983072558,7346.32373
2206,277.917,-2.0252613450806582,7348.947266
2207,278.043,-1.8282048966238347,7350.901855
2208,278.169,-1.6108502988241507,7346.59668
2209,278.295,-1.4304862744030669,7346.754883
2210,278.421,-1.217256010619975,7348.187012
2211,278.547,-0.9121573625531004,7346.204102
2212,278.673,-0.5540589437953081,7344.431152
2213,278.799,-0.24078834097548413,7348.698242
2214,278.925,0.10236211175503425,7346.493164
2215,279.051,0.31246258524821924,7346.96582
2216,279.177,0.509353178373539,7346.546387
2217,279.303,0.4966120793489922,7348.530762
2218,279.429,0.2856800949869889,7345.101074
2219,279.555,0.12025807464987291,7344.716797
2220,279.681,-0.1018563010996413,7348.690918
2221,279.807,-0.2336756538623286,7349.05957
2222,279.933,-0.18352659417688116,7349.311523
2223,280.059,-0.018837277828354326,7348.661133
2224,280.185,0.3395479077255283,7346.065918
2225,280.311,0.6095610952022391,7344.256348
2226,280.437,0.9895306988892268,7348.719727
2227,280.563,1.0870224409604439,7350.853027
2228,280.689,1.2994938836374093,7350.134277
2229,280.815,1.1665028847758139,7347.696777
2230,280.941,0.8949985635446523,7347.39502
2231,281.067,0.6379068782186534,7349.683594
2232,281.193,0.3212611740894888,7349.57666
2233,281.319,0.0985062033020776,7348.115723
2234,281.445,-0.10302494295186863,7349.507813
2235,281.571,-0.1322396967806135,7351.836914
2236,281.697,-0.0734788818390728,7347.252441
2237,281.823,0.07115357636403263,7347.478516
2238,281.949,0.11605998557232147,7347.008789
2239,282.075,0.047556835303544986,7350.560547
2240,282.201,-0.026685970345477768,7347.903809
2241,282.327,-0.30716965016907377,7346.095215
2242,282.453,-0.6642368389413115,7349.995117
2243,282.579,-0.8762134946648812,7345.495605
2244,282.705,-1.12985221799526,7346.338379
2245,282.831,-1.3056352054309346,7348.862793
2246,282.957,-1.4345315341207305,7349.486328
2247,283.083,-1.7019508040727795,7345.78125
2248,283.209,-1.7860943709236352,7352.126465
2249,283.335,-1.9341506408895048,7345.105957
2250,283.461,-2.030407168260003,7350.881348
2251,283.587,-1.9632186595066576,7348.241699
2252,283.713,-1.7755223280265193,7351.435547
2253,283.839,-1.5724209666063704,7350.723633
2254,283.965,-1.2184462676857901,7356.123535
2255,284.091,-1.0936335573782519,7345.48877
2256,284.217,-0.9329647541919521,7348.726074
2257,284.343,-1.0117546072451102,7348.245605
2258,284.469,-1.2496385512318722,7350.566406
2259,284.595,-1.4762445740637578,7350.568848
2260,284.721,-1.721210368741006,7351.979004
2261,284.847,-1.8444080818608082,7350.586426
2262,284.973,-1.8058441113039672,7349.626465
2263,285.099,-1.544573178905172,7350.677246
2264,285.225,-1.303171161992892,7347.649902
2265,285.351,-1.007798946237523,7347.922852
2266,285.477,-0.763870890420326,7346.464355
2267,285.603,-0.6699596364832491,7349.115234
2268,285.729,-0.6165258395957965,7349.660156
2269,285.855,-0.6510629516751644,7344.984863
2270,285.98,-0.6477000894429902,7342.835938
2271,286.106,-0.5487521309751539,7350.586426
2272,286.233,-0.40438158583749645,7345.838379
2273,286.359,-0.16055069298222965,7346.318359
2274,286.485,0.14797799478586862,7348.087402
2275,286.61,0.34321944583550623,7350.605469
2276,286.736,0.39711702223281653,7347.985352
2277,286.863,0.34268149334741904,7348.073242
2278,286.989,-0.027152790606441227,7349.62793
2279,287.114,-0.3140468978552199,7350.199219
2280,287.24,-0.4868406929732895,7348.486816
2281,287.366,-0.5386486295783977,7344.740234
2282,287.492,-0.31734454265409207,7350.051758
2283,287.618,0.04641536723223587,7349.174805
2284,287.745,0.38007157723059803,7349.533691
2285,287.871,0.5473799946450146,7348.268555
2286,287.996,0.5143882624747127,7349.07666
2287,288.122,0.26908788823891827,7348.444336
2288,288.249,-0.15230866071348076,7348.410645
2289,288.374,-0.5239225993649284,7347.258789
2290,288.5,-0.9653929926948075,7349.460449
2291,288.626,-1.3748538050958852,7351.664063
2292,288.752,-1.7242830122937913,7346.371582
2293,288.878,-2.0488972531510043,7349.117676
2294,289.005,-2.159614469850751,7350.476563
2295,289.13,-2.25425390313035,7345.418945
2296,289.256,-2.152047200513594,7353.348145
2297,289.382,-1.9517695626374052,7347.378418
2298,289.508,-1.735161063048342,7350.812012
2299,289.634,-1.5292521966412504,7350.217285
2300,289.76,-1.3199414103044507,7351.55127
2301,289.886,-1.2833079596123604,7349.074219
2302,290.012,-1.2966602904043842,7345.520996
2303,290.138,-1.315884703942049,7350.803711
2304,290.264,-1.351448996074744,7349.852539
2305,290.39,-1.4179283437936576,7348.075195
2306,290.516,-1.3996099429669058,7347.626953
2307,290.642,-1.3151302409141687,7344.696777
2308,290.768,-1.261989948836747,7348.245117
2309,290.894,-1.0564642745254724,7348.102539
2310,291.02,-0.8174646695468992,7349.347656
2311,291.146,-0.5757537840672514,7349.40918
2312,291.272,-0.32094387018340975,7349.234863
2313,291.398,-0.09664865720717611,7353.744629
2314,291.524,-0.06992710219339232,7349.310059
2315,291.65,-0.10578299934184368,7350.194824
2316,291.776,-0.19840864157485769,7353.164551
2317,291.902,-0.33530275356655287,7351.658203
2318,292.028,-0.48352731303265206,7351.385742
2319,292.154,-0.5727603022544449,7350.27832
2320,292.28,-0.5580981041340044,7351.635742
2321,292.406,-0.565956755252562,7351.701172
2322,292.532,-0.45438351509211,7347.040527
2323,292.658,-0.2774923216083056,7353.246094
2324,292.784,-0.10522812509661376,7349.31543
2325,292.91,0.08719554437708196,7350.615234
2326,293.036,0.34818243362684326,7351.666504
2327,293.162,0.4550343929201908,7350.64209
2328,293.288,0.6083223134610909,7352.958984
2329,293.414,0.5284233154881347,7354.362305
2330,293.54,0.36842435919165667,7349.006836
2331,293.666,-0.05600976686497535,7350.816406
2332,293.792,-0.5294911937676706,7347.851563
2333,293.918,-0.9513267226809501,7350.625488
2334,294.044,-1.3207372602886123,7344.177246
2335,294.17,-1.3673728521470319,7346.800781
2336,294.296,-1.2782387108763988,7346.516113
2337,294.422,-1.0057190035205978,7346.753418
2338,294.548,-0.7008014594349804,7345.105469
2339,294.674,-0.5218995767610051,7346.311523
2340,294.8,-0.4598370023564421,7346.99707
2341,294.926,-0.47195054002459197,7347.050293
2342,295.052,-0.7254547086283927,7348.666016
2343,295.178,-0.9946622241743566,7348.354004
2344,295.304,-1.2391860554439562,7346.770996
2345,295.43,-1.4837714827047792,7350.067383
2346,295.556,-1.5651246906228986,7346.632813
2347,295.682,-1.5772323719822676,7349.598633
2348,295.808,-1.4931763913557563,7351.01416
2349,295.934,-1.480346939227963,7349.632324
2350,296.06,-1.5498172659574339,7351.129883
2351,296.186,-1.595916504400415,7352.407715
2352,296.312,-1.7612639058937192,7353.361328
2353,296.438,-1.896196110255512,7350.841309
2354,296.564,-1.8478942004044803,7349.237305
2355,296.69,-1.7864091962536195,7352.974121
2356,296.816,-1.6971527509923958,7343.21875
2357,296.942,-1.599921043863535,7351.758789
2358,297.068,-1.682744806623669,7353.39209
2359,297.194,-1.9133498574010475,7349.85498
2360,297.32,-2.0237967257508385,7349.569824
2361,297.446,-2.1179135216109053,7350.796875
2362,297.572,-2.0056868781809722,7349.521484
2363,297.698,-1.711236171761413,7350.816406
2364,297.824,-1.3796755029322176,7349.088867
2365,297.95,-1.0624337607806693,7349.18457
2366,298.076,-0.714301155508953,7347.033203
2367,298.202,-0.5309712739831333,7352.112305
2368,298.328,-0.39246844000805803,7351.299316
2369,298.454,-0.40945542880267327,7350.956543
2370,298.58,-0.2911007336105423,7354.501953
2371,298.706,-0.34541468327971137,7352.888672
2372,298.832,-0.4003927693045899,7354.688965
2373,298.958,-0.42614185842032265,7351.525391
2374,299.084,-0.47228655729414065,7347.282715
2375,299.21,-0.5261661172370935,7350.249023
2376,299.336,-0.6192571998651982,7346.375977
2377,299.462,-0.6278324827905014,7348.418945
2378,299.588,-0.5157920772477748,7350.702637
2379,299.714,-0.4368020096709036,7347.849609
2380,299.84,-0.2508071723059633,7350.672363
2381,299.966,-0.2530206740938577,7349.996094
2382,300.092,-0.25564790258548387,7351.245117
2383,300.218,-0.2835826279969886,7349.53125
2384,300.344,-0.4027670722637405,7352.316895
2385,300.47,-0.5820526475709326,7351.493652
2386,300.596,-0.7342871575702506,7349.713867
2387,300.722,-0.9122119979152111,7349.12207
2388,300.848,-1.0222218229999243,7348.978027
2389,300.974,-1.2512265306487644,7354.543457
2390,301.1,-1.4499831327616852,7349.314453
2391,301.226,-1.5952554202900626,7350.193848
2392,301.352,-1.88231077290983,7350.418457
2393,301.478,-1.9604166785404937,7352.767578
2394,301.604,-1.9787246695734488,7349.534668
2395,301.729,-2.0873971154214237,7351.162109
2396,301.855,-2.0085397246276075,7349.172852
2397,301.982,-2.03101918988479,7352.284668
2398,302.107,-2.033491973903906,7351.069336
2399,302.233,-2.004958427260825,7351.026367
2400,302.359,-1.976235230353591,7346.212402
2401,302.485,-1.9171424101710863,7351.430176
2402,302.612,-1.775298234669501,7348.385254
2403,302.737,-1.7636462207480423,7351.412109
2404,302.864,-1.6637595989579355,7349.82959
2405,302.99,-1.6897085233139322,7354.721191
2406,303.115,-1.5743443646364463,7347.113281
2407,303.241,-1.547222796058698,7352.03125
2408,303.367,-1.3815830396606688,7351.521484
2409,303.493,-1.1134385643362605,7349.772949
2410,303.619,-0.9063627082551561,7346.975586
2411,303.746,-0.6734596388048675,7346.87207
2412,303.871,-0.49493349399402237,7348.139648
2413,303.997,-0.4752442784374768,7349.910645
2414,304.123,-0.485655619398565,7348.916016
2415,304.249,-0.5942061254871843,7347.88916
2416,304.375,-0.6848841003690188,7351.760742
2417,304.501,-0.6409335775990901,7351.889648
2418,304.627,-0.3833217723850213,7349.063477
2419,304.753,-0.06097602838470366,7349.291504
2420,304.879,0.27474981997311815,7348.862305
2421,305.005,0.5539989894433447,7350.637695
2422,305.131,0.6100629109225826,7348.824707
2423,305.257,0.5524127136759959,7351.980469
2424,305.383,0.30742656731848433,7350.700684
2425,305.509,0.02265235196612989,7348.608398
2426,305.635,-0.2066395958682259,7351.520508
2427,305.761,-0.3373554138129558,7350.710449
2428,305.887,-0.3698341842189534,7345.271973
2429,306.013,-0.329892018879807,7351.437012
2430,306.139,-0.3181861255483817,7349.546875
2431,306.265,-0.3852425064826256,7349.178223
2432,306.391,-0.6250639213345132,7350.150879
2433,306.517,-0.9618926515301492,7346.62207
2434,306.643,-1.3995394929467084,7353.845215
2435,306.769,-1.8396784013108236,7349.371582
2436,306.895,-2.1174190078818342,7349.12207
2437,307.021,-2.2994748545944734,7350.855469
2438,307.147,-2.2689207631724226,7352.67041
2439,307.273,-2.095735445327287,7352.834473
2440,307.399,-1.9085579740948295,7351.43457
2441,307.525,-1.7470332032154867,7350.734863
2442,307.651,-1.6969885886522107,7349.481445
2443,307.777,-1.6994243113071208,7353.643555
2444,307.903,-1.788452430496777,7349.325684
2445,308.029,-1.938393136836686,7353.050293
2446,308.155,-1.9180870803647592,7349.118652
2447,308.281,-1.8481493947129704,7352.395508
2448,308.407,-1.6969932430772712,7353.225586
2449,308.533,-1.4452476776067464,7347.611328
2450,308.659,-1.23503059548439,7348.619629
2451,308.785,-0.987539131574924,7349.827637
2452,308.911,-0.9389189548094303,7351.071289
2453,309.037,-0.826870175145153,7355.101074
2454,309.163,-0.9324505668411966,7349.10498
2455,309.289,-1.1539785002959175,7353.739746
2456,309.415,-1.2661262277319165,7348.197754
2457,309.541,-1.405720067157746,7350.530762
2458,309.667,-1.3935473712278434,7349.539551
2459,309.793,-1.3038924241080168,7351.182617
2460,309.919,-0.9914801824448286,7351.348145
2461,310.045,-0.7640905949167411,7350.342285
2462,310.171,-0.4697057120902409,7350.080078
2463,310.297,-0.12651317865174355,7349.681641
2464,310.423,0.19319670035588457,7350.535645
2465,310.549,0.4886824111748239,7348.76123
2466,310.675,0.6170939296511436,7352.398926
2467,310.801,0.5604376501371928,7350.672852
2468,310.927,0.38569259578291526,7351.129883
2469,311.053,-0.006653376872849018,7351.416504
2470,311.179,-0.4848375378652217,7349.274414
2471,311.305,-0.9392835634375903,7352.834473
2472,311.431,-1.298879002721906,7348.333984
2473,311.557,-1.3686474988617252,7352.229492
2474,311.683,-1.3382623423142133,7349.259766
2475,311.809,-1.1222766239828892,7349.747559
2476,311.935,-0.9549728431817418,7349.532227
2477,312.061,-0.817283287480227,7347.818848
2478,312.187,-1.0267354062226837,7352.258789
2479,312.313,-1.2090002778106903,7351.751953
2480,312.439,-1.6147219148734746,7352.48291
2481,312.565,-1.9916729403485085,7348.449219
2482,312.691,-2.0949686457363286,7348.305664
2483,312.817,-2.056482669715143,7351.743652
2484,312.943,-1.6595053547560092,7351.185547
2485,313.069,-1.0215914509117,7351.041992
2486,313.195,-0.4092772437379618,7350.791992
2487,313.321,0.09068274104517159,7346.458008
2488,313.447,0.44008950149879417,7348.665039
2489,313.573,0.3637673261649383,7349.428223
2490,313.699,0.2768371008627973,7354.301758
2491,313.825,-0.0964117284292749,7351.898926
2492,313.951,-0.38991562499716526,7352.341797
2493,314.077,-0.7084804645767571,7350.736328
2494,314.203,-0.9354509466195265,7354.330566
2495,314.329,-1.061388889810221,7349.006348
2496,314.455,-1.1257704491850513,7351.896973
2497,314.581,-1.1016238815771682,7350.140137
2498,314.707,-1.1763804719531143,7350.98291
2499,314.833,-1.2513118503730545,7350.733887
2500,314.959,-1.4126422529755733,7349.571289
2501,315.085,-1.7098820125222067,7349.174805
2502,315.211,-1.9468923803095783,7351.032715
2503,315.337,-2.167364211704657,7348.194824
2504,315.463,-2.3918580101388884,7350.65918
2505,315.589,-2.5707373070637956,7352.824707
2506,315.715,-2.66798981777588,7350.28125
2507,315.841,-2.6315857628373713,7352.628906
2508,315.967,-2.5535559016697933,7349.027832
2509,316.093,-2.2978231467993293,7350.165039
2510,316.219,-1.8709938637693335,7351.523438
2511,316.345,-1.356522848878424,7350.871094
2512,316.471,-0.819430257572688,7349.526855
2513,316.597,-0.36905143308649074,7353.548828
2514,316.723,-0.11680993601282667,7345.787109
2515,316.849,-0.15088044295260286,7351.381836
2516,316.974,-0.30223213860745035,7352.119629
2517,317.101,-0.671312345025026,7352.028809
2518,317.227,-1.0019354972208208,7350.212402
2519,317.352,-1.2988873698156802,7353.021484
2520,317.479,-1.4184728878141508,7355.314941
2521,317.605,-1.3550621593892076,7350.954102
2522,317.731,-1.2055321132469914,7350.98291
2523,317.857,-0.8051255152426109,7352.708496
2524,317.982,-0.5950049232472121,7354.777832
2525,318.109,-0.4190459952598047,7351.283691
2526,318.234,-0.41741600936723744,7353.228027
2527,318.361,-0.5896698330265822,7352.996582
2528,318.487,-0.8531480424887622,7352.912109
2529,318.612,-1.211492612560379,7348.748047
2530,318.739,-1.460765816927074,7356.414551
2531,318.865,-1.5875830227372303,7355.207031
2532,318.99,-1.566353590933704,7351.495605
2533,319.116,-1.479650199483056,7352.910645
2534,319.242,-1.3557320513272213,7353.810547
2535,319.368,-1.3044275939855714,7354.600098
2536,319.495,-1.403585421013544,7354.64502
2537,319.62,-1.533776050831364,7353.361328
2538,319.746,-1.8259869955227959,7351.666504
2539,319.872,-2.0550259061101546,7349.911133
2540,319.998,-2.219987334246779,7356.348633
2541,320.124,-2.308458901961438,7354.354492
2542,320.25,-2.204320197456597,7349.773926
2543,320.376,-2.068684295526682,7349.741211
2544,320.502,-1.8802258144177837,7352.068848
2545,320.628,-1.8580862078450542,7349.870117
2546,320.754,-1.74747754739182,7354.839355
2547,320.88,-1.6528032441802798,7355.011719
2548,321.006,-1.5466873962374423,7351.750977
2549,321.132,-1.2049156176538949,7350.617676
2550,321.258,-0.790429797415149,7353.025391
2551,321.384,-0.33443947299592236,7354.095215
2552,321.51,0.009106780981951444,7351.583496
2553,321.636,0.19288136343398102,7353.757324
2554,321.762,0.127741701756083,7350.818359
2555,321.889,-0.1204781806355582,7356.219727
2556,322.014,-0.6001310949805098,7352.433594
2557,322.14,-0.9862118809482403,7350.963867
2558,322.266,-1.3463651369920455,7352.427734
2559,322.392,-1.357198054629001,7354.498535
2560,322.518,-1.130719642372514,7353.874512
2561,322.644,-0.8909119063515922,7350.152832
2562,322.77,-0.6998607787676733,7356.662598
2563,322.896,-0.5230812296030822,7355.148438
2564,323.022,-0.7486125052607139,7354.521973
2565,323.148,-1.1327352386994725,7354.544922
2566,323.274,-1.5628763656175095,7355.02832
2567,323.4,-2.01560046972615,7354.938965
2568,323.526,-2.2672817320382173,7354.380859
2569,323.652,-2.1962815132731546,7353.586914
2570,323.778,-1.7339090759524318,7355.120117
2571,323.904,-1.018675581654968,7352.207031
2572,324.03,-0.14811605663518146,7351.416504
2573,324.156,0.6193220400675539,7353.228027
2574,324.282,1.1753785752119918,7353.160645
2575,324.408,1.210177416881518,7352.033691
2576,324.534,1.0586592513507063,7355.257813
2577,324.66,0.8107346664316929,7356.947754
2578,324.786,0.3381814202129054,7354.583008
2579,324.912,0.2025526600926708,7352.428223
2580,325.038,0.09568175600783269,7353.215332
2581,325.164,0.011151505674013554,7351.112305
2582,325.29,0.19380044593555365,7347.573242
2583,325.416,0.11814101136497564,7354.620605
2584,325.542,0.09597140034293312,7352.680664
2585,325.668,0.034177105477409646,7352.795898
2586,325.794,-0.03198909154389117,7355.277832
2587,325.92,0.3418966708812674,7353.15918
2588,326.047,0.5375727127489444,7353.595703
2589,326.172,0.8127622384049588,7354.211914
2590,326.298,0.9003898038566339,7353.790527
2591,326.424,0.4456237517663795,7352.571289
2592,326.55,-0.253378892898514,7351.90332
2593,326.676,-0.8805704525295123,7353.712891
2594,326.802,-1.4209279747418004,7355.256348
2595,326.928,-1.559007943455185,7355.116699
2596,327.054,-1.3816634648889974,7356.680176
2597,327.18,-1.212232948371353,7356.569824
2598,327.306,-0.8115064134687394,7354.056152
2599,327.432,-0.8153538841835541,7356.709473
2600,327.558,-0.9114420972512175,7355.773926
2601,327.684,-1.2622788927145971,7352.848145
2602,327.81,-1.6155488514637293,7354.144531
2603,327.936,-1.7746058827582252,7350.196777
2604,328.062,-1.9641783746026407,7350.876465
2605,328.188,-1.6644956619042675,7354.239258
2606,328.314,-1.62817563085398,7352.513184
2607,328.44,-1.5023873164731025,7359.148926
2608,328.566,-1.4136826719850561,7359.304199
2609,328.692,-1.2742382840231954,7350.697266
2610,328.818,-1.1329903776388786,7354.522461
2611,328.944,-0.8076787027111686,7355.742188
2612,329.07,-0.46462536167608454,7355.174316
2613,329.196,0.19200238126286845,7363.473145
2614,329.322,0.7664877568121228,7363.003906
2615,329.448,1.2027291672827374,7355.117676
2616,329.574,1.3174623850876779,7357.018555
2617,329.7,0.9324566774237343,7355.456543
2618,329.826,0.4522879579368606,7352.055664
2619,329.952,-0.04449110543775547,7354.938477
2620,330.078,-0.6839859526481303,7356.931152
2621,330.204,-0.9750065496351399,7354.724121
2622,330.33,-0.9647533583201842,7356.901367
2623,330.456,-0.6413766272636933,7358.771973
2624,330.582,-0.41558774351507055,7356.085938
2625,330.708,0.00210297693742513,7357.443848
2626,330.834,0.36816789579875187,7356.873535
2627,330.96,0.6273845732303982,7354.854004
2628,331.086,0.855118798887481,7356.227539
2629,331.212,1.233106794227033,7357.503906
2630,331.338,1.6548385444573153,7357.274902
2631,331.464,1.7788636588529343,7354.582031
2632,331.589,1.926033158072173,7355.556152
2633,331.716,1.6682446148092065,7354.617188
2634,331.842,1.632925859371783,7362.797852
2635,331.967,1.3281651289354293,7354.922852
2636,332.094,1.0865710337926926,7357.301758
2637,332.22,1.2527507787971413,7357.158203
2638,332.346,1.1145259197014958,7358.132324
2639,332.472,1.591177405603862,7352.774414
2640,332.598,1.722252846882062,7358.174316
2641,332.724,1.8464691290729542,7358.063477
2642,332.85,1.9243137264572994,7357.331055
2643,332.975,1.7816910954060912,7356.056152
2644,333.102,1.5771529183751474,7358.380371
2645,333.228,1.7274214317079224,7359.175781
2646,333.354,1.6190536130026052,7357.809082
2647,333.479,1.763284983447188,7358.536621
2648,333.606,1.6989982706013516,7358.675293
2649,333.732,1.5576313423296566,7358.689941
2650,333.857,1.5846475301234029,7354.268555
2651,333.985,1.5667608423917352,7358.123047
2652,334.109,1.3948060181915543,7358.776855
2653,334.235,1.4567994442218086,7360.840332
2654,334.361,1.5748859398596289,7357.257813
2655,334.487,1.791108503344771,7354.066895
2656,334.613,2.262614318163385,7356.334961
2657,334.739,2.3605267626524165,7357.067383
2658,334.865,2.655103727739625,7353.020508
2659,334.991,2.7332681596688952,7354.901367
2660,335.117,2.7158451648232353,7355.036621
2661,335.243,2.848966266591478,7356.927734
2662,335.37,2.781824903662197,7356.4375
2663,335.495,2.7534547433614693,7354.216797
2664,335.621,2.578524656054555,7355.169434
2665,335.747,2.3948519639444923,7357.924805
2666,335.873,2.1542573903369022,7358.774414
2667,335.999,2.080652186080736,7358.230957
2668,336.125,1.976725358094457,7356.858398
2669,336.251,2.1144263436046464,7361.025879
2670,336.377,2.564599285113847,7358.778809
2671,336.503,2.74490796216048,7359.339844
2672,336.629,2.90391841085576,7360.423828
2673,336.755,3.0917271926489636,7360.811035
2674,336.881,3.0457698373798454,7358.26123
2675,337.007,3.064923265136931,7358.436523
2676,337.133,3.1462970581003753,7356.592285
2677,337.259,3.1901551343839043,7361.365234
2678,337.385,3.349968642481265,7357.541016
2679,337.511,3.5052705380920677,7359.85498
2680,337.637,3.490943990476851,7360.445313
2681,337.763,3.485311238759631,7360.703613
2682,337.889,3.4232280707008456,7359.145996
2683,338.015,3.4764252386980643,7353.46582
2684,338.141,3.543315819102193,7359.769043
2685,338.267,3.425751557790991,7355.537109
2686,338.393,3.2747391205808256,7357.609375
2687,338.519,3.154471972867217,7355.095215
2688,338.645,2.892739254948136,7353.095215
2689,338.772,2.7881661520383085,7355.407715
2690,338.897,2.5766671731791324,7358.0625
2691,339.023,2.515162879950402,7359.45459
2692,339.149,2.366090561920998,7356.79834
2693,339.275,2.2768211222226005,7356.830566
2694,339.401,1.972579133853346,7356.268555
2695,339.527,1.7465951209401427,7357.15625
2696,339.653,1.4187047362463936,7357.49707
2697,339.779,1.2245907597290364,7360.936523
2698,339.905,0.9457680015608899,7361.686523
2699,340.031,0.9512575221941699,7360.324707
2700,340.157,1.062278810035798,7360.197266
2701,340.283,1.3093101638266753,7360.220215
2702,340.409,1.7871093965816778,7359.455566
2703,340.535,2.206714658031802,7360.370605
2704,340.661,2.448241115670051,7358.299316
2705,340.787,2.630523877376172,7359.311035
2706,340.913,2.5245228454783573,7359.766602
2707,341.039,2.1481922624360497,7354.587402
2708,341.165,1.7429965905690932,7358.524414
2709,341.291,1.3549011611541741,7359.427734
2710,341.417,1.047479703678628,7361.185547
2711,341.543,1.0299641368662922,7358.630859
2712,341.669,1.092337673656596,7355.813965
2713,341.795,1.2815342743065783,7358.139648
2714,341.921,1.5462942847724725,7363.255859
2715,342.047,1.7102562144702604,7359.707031
2716,342.173,1.9935424774411175,7359.79541
2717,342.299,2.2887191550581347,7361.127441
2718,342.425,2.52682900457391,7360.649902
2719,342.552,2.756798515027205,7364.158691
2720,342.677,2.904094405678132,7361.072754
2721,342.804,2.969939753566999,7360.843262
2722,342.93,2.7880269043845183,7359.337402
2723,343.055,2.553616384137969,7366.183594
2724,343.181,2.237064229044121,7360.790527
2725,343.307,2.0672364506191845,7360.788574
2726,343.433,1.9935044425899506,7359.739258
2727,343.559,1.9404460323675174,7360.717773
2728,343.685,2.1218229725455076,7361.974121
2729,343.811,2.373667476229646,7358.400391
2730,343.937,2.625680873552132,7360.760254
2731,344.063,2.6953957261351253,7364.052246
2732,344.189,2.823894277065756,7363.522461
2733,344.315,2.8356245591540286,7359.547852
2734,344.441,2.716260813544869,7360.760254
2735,344.567,2.641545225282611,7361.921387
2736,344.693,2.535689641193643,7362.605469
2737,344.819,2.529035605970075,7368.013672
2738,344.945,2.4288111419268237,7365.327637
2739,345.071,2.4975532791432133,7361.809082
2740,345.197,2.37588466854165,7362.827637
2741,345.323,2.287744460991876,7361.864258
2742,345.449,2.0929342203305605,7358.379883
2743,345.575,1.712123906792842,7363.580078
2744,345.701,1.3215610090135486,7363.230957
2745,345.827,0.9797236563020517,7361.554688
2746,345.953,1.0650680309439633,7363.624512
2747,346.079,1.048999418092422,7358.561035
2748,346.205,1.104906171170756,7363.03418
2749,346.331,1.2512080641390075,7363.937012
2750,346.457,0.955873892967141,7363.537109
2751,346.583,0.8499473987935858,7363.41748
2752,346.709,0.5553563040695354,7357.985352
2753,346.835,0.34869702641886696,7369.704102
2754,346.961,0.09007652415102863,7363.624512
2755,347.087,-0.1785001019887895,7363.651367
2756,347.213,-0.43034545449193906,7363.260254
2757,347.339,-0.3885669687303664,7367.78125
2758,347.465,-0.29047325122910866,7366.366211
2759,347.591,0.12809718308101042,7364.882324
2760,347.717,0.5639922782591599,7364.674805
2761,347.843,1.0686173807846198,7364.395508
2762,347.969,1.5351508202228372,7365.402832
2763,348.095,1.8912208037625933,7361.923828
2764,348.221,2.0634953681828114,7363.680664
2765,348.347,2.1806415982820857,7364.450684
2766,348.473,2.1851467616856355,7357.766113
2767,348.599,2.3105123468238733,7363.521484
2768,348.725,2.218176032444855,7362.072266
2769,348.851,2.3323663438301097,7364.930176
2770,348.977,2.263886870450354,7364.423828
2771,349.102,2.1580461615862574,7361.39502
2772,349.229,2.0381327763488604,7365.441895
2773,349.355,2.1164750561004415,7364.203125
2774,349.48,2.118257260547624,7361.780273
2775,349.607,2.2004778071635585,7362.06543
2776,349.733,2.373803230445506,7359.252441
2777,349.859,2.4951345762863637,7358.643066
2778,349.985,2.4508092760658338,7357.622559
2779,350.111,2.4679853907742633,7362.771484
2780,350.237,2.231179175573302,7363.397461
2781,350.362,2.0552856534021906,7362.541504
2782,350.489,1.7719639528745605,7362.976563
2783,350.614,1.4441394312746354,7362.913086
2784,350.741,1.349115344455488,7363.083984
2785,350.866,1.0858552084549613,7362.287598
2786,350.993,0.9641046038468158,7367.164063
2787,351.118,0.9710376597689229,7364.928711
2788,351.244,0.8109549225229234,7360.462402
2789,351.371,0.7696554435594353,7364.729004
2790,351.496,0.6680996306823882,7365.925781
2791,351.623,0.5661090755420974,7363.85791
2792,351.748,0.5204738534976526,7363.661621
2793,351.874,0.5691789019328392,7363.855469
2794,352.0,0.6133880270351675,7363.539551
2795,352.126,0.6950673307154797,7362.125977
2796,352.253,0.6666106523338919,7363.424316
2797,352.378,0.62604714152997,7364.695313
2798,352.505,0.41999389817270344,7360.391113
2799,352.63,0.170143027630169,7362.45752
2800,352.756,-0.03426476911000288,7364.740723
2801,352.883,-0.19796205171596432,7367.307129
2802,353.008,-0.17607177192154844,7364.905273
2803,353.134,-0.19224842355191032,7364.903809
2804,353.261,-0.1177892188129125,7362.82666
2805,353.386,-0.166004455927856,7366.895508
2806,353.512,-0.25516110601631714,7368.46875
2807,353.639,-0.3482321471430485,7366.158203
2808,353.765,-0.4448637573381381,7364.275391
2809,353.891,-0.37256458938530784,7363.168945
2810,354.016,-0.16582712692085524,7369.566406
2811,354.143,0.14168358634022457,7365.259277
2812,354.268,0.5599147769012645,7360.339844
2813,354.394,0.8891339556322594,7366.261719
2814,354.52,1.0047153616904996,7367.490234
2815,354.646,1.0364244684547328,7366.803711
2816,354.772,0.8268694980697094,7360.058594
2817,354.898,0.6062725060983638,7367.694824
2818,355.024,0.4821853598295617,7364.733398
2819,355.15,0.4549584655852216,7362.771973
2820,355.276,0.6212931652816118,7366.902344
2821,355.402,0.8028421790293364,7366.810547
2822,355.529,1.0190743384207723,7367.679688
2823,355.654,1.1086540662999957,7365.611328
2824,355.78,1.245979174763129,7366.577148
2825,355.906,1.4088997172972642,7361.88916
2826,356.033,1.5622721497237284,7366.631348
2827,356.158,1.6838549508203267,7365.246094
2828,356.284,1.774313761506332,7363.879395
2829,356.41,1.7279547879389234,7364.22168
2830,356.536,1.5467224990471744,7363.768555
2831,356.662,1.150857810512394,7364.362793
2832,356.788,0.7264389016762509,7362.829102
2833,356.914,0.4284927962756773,7365.212402
2834,357.04,0.09207339958655435,7366.010742
2835,357.166,-0.06297812108550895,7367.666504
2836,357.292,-0.026168125054574144,7368.258789
2837,357.418,-0.026284164171791417,7367.78125
2838,357.544,0.08004869231298455,7367.06543
2839,357.67,0.08708168966018097,7367.399414
2840,357.796,0.10602908753764176,7364.906738
2841,357.922,0.05761098086926387,7367.442871
2842,358.048,-0.01805236450469302,7366.831543
2843,358.174,-0.08853141961984867,7366.124023
2844,358.3,-0.3768598474485366,7366.720703
2845,358.426,-0.5289302453085636,7366.147949
2846,358.552,-0.682291241786978,7365.538086
2847,358.678,-0.9492977485688123,7363.310059
2848,358.804,-0.9905308572067144,7363.03125
2849,358.93,-0.9264699138203331,7364.618164
2850,359.056,-0.7197715908058534,7365.685547
2851,359.182,-0.4466600551641294,7369.472168
2852,359.308,-0.05879710011908674,7359.715332
2853,359.435,0.3453125445671326,7366.405762
2854,359.561,0.8266437699179728,7368.397461
2855,359.686,1.163967311615152,7363.970703
2856,359.812,1.4022036933386293,7365.824707
2857,359.938,1.5608870994616526,7364.708496
2858,360.064,1.472407150242431,7365.070801
2859,360.19,1.429820693820856,7363.14209
2860,360.316,1.1726306653500391,7361.727051
2861,360.442,0.8854023081897429,7368.05127
2862,360.568,0.6852318526783869,7368.087891
2863,360.694,0.4242129007315102,7365.498535
2864,360.82,0.3172813655132322,7363.318848
2865,360.946,0.3308327825218274,7364.983887
2866,361.072,0.5269500334181683,7367.594727
2867,361.198,0.8351763723032253,7363.175293
2868,361.324,1.0068165501340802,7365.384766
2869,361.45,1.1809048927557317,7363.19873
2870,361.576,1.214570598568873,7365.224121
2871,361.702,1.08586136824691,7366.807129
2872,361.828,1.1065546196089955,7365.307129
2873,361.954,1.0964852929536655,7366.833496
2874,362.08,1.0491640461347123,7369.196777
2875,362.206,0.9800086438734567,7372.397461
2876,362.332,0.9077421599560676,7366.820313
2877,362.458,0.7353785514700628,7367.088379
2878,362.584,0.4549189339730824,7367.116699
2879,362.71,0.11163771173161614,7366.178711
2880,362.836,-0.13650737953253678,7371.416992
2881,362.962,-0.41292936197909896,7365.61377
2882,363.088,-0.6145360781727714,7367.09082
2883,363.214,-0.8673308086792647,7364.789063
2884,363.34,-0.8487342664777919,7366.580566
2885,363.466,-0.8463248102016296,7373.703125
2886,363.592,-0.7684321413685224,7368.406738
2887,363.717,-0.6493262434817016,7368.144043
2888,363.844,-0.44192172752781983,7370.100098
2889,363.97,-0.34073505818994143,7371.648438
2890,364.095,-0.2721995579943473,7367.541016
2891,364.222,-0.28653714163540495,7366.030762
2892,364.347,-0.28004333100053225,7368.175781
2893,364.473,-0.39245631328268316,7367.855957
2894,364.6,-0.6856599988285172,7367.521973
2895,364.726,-0.6880621429931054,7369.809082
2896,364.851,-0.8682862808089533,7366.577637
2897,364.978,-0.8581319772774412,7370.050781
2898,365.103,-1.0003707802370785,7368.454102
2899,365.229,-0.9051796617540165,7367.064941
2900,365.355,-0.7539224467920589,7371.391602
2901,365.482,-0.6233939148213821,7371.25
2902,365.607,-0.2083460094547815,7367.122559
2903,365.733,0.16099637474488007,7369.42041
2904,365.86,0.5295400832256706,7371.144043
2905,365.985,0.7923006538026184,7370.135742
2906,366.111,0.8816982058791911,7366.869141
2907,366.237,0.9300566529147416,7368.430664
2908,366.363,0.9006793585785292,7369.362793
2909,366.489,0.9483188223207859,7368.730469
2910,366.615,0.9127892816991918,7368.312012
2911,366.741,1.017384822783114,7368.23877
2912,366.867,1.063419405986939,7367.427246
2913,366.993,1.0550286529783077,7368.595703
2914,367.119,0.9717373581763442,7368.568359
2915,367.245,0.7723350504657728,7372.068848
2916,367.371,0.6070955572065323,7370.580078
2917,367.497,0.4371130220539314,7366.523926
2918,367.623,0.42069052119818034,7370.102051
2919,367.749,0.4911152566476165,7368.684082
2920,367.875,0.6439551821367896,7365.77832
2921,368.001,0.9091589812621801,7369.418457
2922,368.127,0.9986588678443278,7366.637695
2923,368.253,1.0711611782077894,7370.38623
2924,368.379,1.1183961203925197,7367.802734
2925,368.505,1.1368330590207818,7370.133301
2926,368.631,1.1149533900442687,7368.917969
2927,368.757,1.1582887575338934,7368.285156
2928,368.883,1.1803767085365833,7366.727051
2929,369.009,1.3285665709354562,7368.879883
2930,369.135,1.465566106796775,7367.005859
2931,369.261,1.54544462433914,7372.967773
2932,369.387,1.4760427969743222,7369.316895
2933,369.513,1.3604991144362806,7367.264648
2934,369.639,0.9922205135747257,7367.630371
2935,369.765,0.7190582022208648,7367.601563
2936,369.891,0.44740105609934006,7367.071777
2937,370.017,0.36278471638475196,7367.302734
2938,370.143,0.42556247438791533,7365.067871
2939,370.269,0.664907490547144,7368.341797
2940,370.395,0.965873137178976,7369.229004
2941,370.521,1.2429688048140843,7370.626953
2942,370.647,1.3967784789649815,7368.728027
2943,370.773,1.4529187414803664,7369.391602
2944,370.899,1.3604468296873276,7367.061035
2945,371.025,1.3535867011070941,7367.39502
2946,371.151,1.283426112700833,7369.083984
2947,371.277,1.2779153613304612,7366.592285
2948,371.403,1.165914996114254,7368.543945
2949,371.529,1.2366666140727012,7368.197754
2950,371.655,1.1552059267949109,7367.373535
2951,371.781,0.9483442297600694,7365.891113
2952,371.907,0.6274515491958585,7371.161621
2953,372.033,0.24356490563822286,7370.51123
2954,372.159,-0.20366759679654373,7367.715332
2955,372.285,-0.5899482383237518,7367.657227
2956,372.411,-0.808509559572552,7363.942383
2957,372.537,-0.8800971710252707,7368.595703
2958,372.663,-0.7973833041331925,7366.063477
2959,372.789,-0.5695307182032856,7369.900391
2960,372.915,-0.3012058904027286,7368.51123
2961,373.041,-0.06566928974317646,7368.203125
2962,373.167,0.1572687429825539,7364.62207
2963,373.293,0.30703283813178867,7368.008789
2964,373.419,0.33695575959522006,7368.34375
2965,373.545,0.3857509663357468,7369.07959
2966,373.671,0.29256330217563026,7366.556152
2967,373.797,0.015185165338954452,7370.080566
2968,373.923,-0.2768287936350369,7365.795898
2969,374.049,-0.6045449332307206,7367.970215
2970,374.175,-0.8684067695272267,7368.426758
2971,374.301,-0.9292339246241714,7370.100098
2972,374.427,-0.7731366116102718,7365.432129
2973,374.553,-0.6499290447775438,7367.214355
2974,374.679,-0.5189756252027585,7367.65918
2975,374.805,-0.4378573128233354,7370.417969
2976,374.931,-0.4122937159095194,7369.44873
2977,375.057,-0.5071029320853843,7367.457031
2978,375.183,-0.5458900172688279,7367.549805
2979,375.309,-0.650946498399947,7362.475098
2980,375.435,-0.6853607248557055,7371.129883
2981,375.561,-0.5997998847784494,7368.650879
2982,375.687,-0.6346402330979184,7369.04834
2983,375.813,-0.6596980221477009,7370.70166
2984,375.939,-0.524425159899805,7368.47998
2985,376.066,-0.5251293335464796,7367.543945
2986,376.191,-0.4319647851184038,7367.998535
2987,376.317,-0.371203581503782,7365.352539
2988,376.443,-0.2616717191292566,7365.057129
2989,376.569,-0.15288574827660775,7366.682129
2990,376.695,-0.03336880100127188,7373.830078
2991,376.821,0.22839882325429525,7370.013184
2992,376.947,0.47350384162018133,7368.908203
2993,377.073,0.811593526124315,7366.837402
2994,377.199,0.9399997634395564,7365.915527
2995,377.325,0.86982769444081,7370.162109
2996,377.451,0.6828727977376826,7371.381836
2997,377.577,0.3694470260187879,7371.099609
2998,377.703,-0.16053396123913372,7367.76709
2999,377.829,-0.61753585714962,7370.225098
3000,377.955,-0.9578497862154917,7373.98584
3001,378.081,-1.2268213366167473,7368.829102
3002,378.207,-1.364282709988061,7369.875
3003,378.333,-1.3880175803641635,7369.246582
3004,378.459,-1.2861715379868848,7367.965332
3005,378.585,-1.0747423753071634,7368.861328
3006,378.711,-0.8821871751811416,7373.294434
3007,378.837,-0.6306179448002057,7370.899902
3008,378.963,-0.3750728310209171,7369.393555
3009,379.088,-0.14488806652795927,7370.504395
3010,379.214,-0.04220652385710055,7374.747559
3011,379.341,0.1746436243082057,7369.194336
3012,379.467,0.22942819718409715,7370.930664
3013,379.593,0.44323302928118696,7372.887207
3014,379.719,0.5100779264367233,7373.864258
3015,379.845,0.42518068763883127,7364.981934
3016,379.97,0.34071698349103063,7369.906738
3017,380.097,0.14925146532123537,7372.664063
3018,380.222,-0.2599796147460791,7372.236328
3019,380.348,-0.7078235357031992,7371.347168
3020,380.475,-1.1189133809482978,7372.581055
3021,380.6,-1.5989844602123353,7369.506836
3022,380.726,-1.9850711356707451,7374.332031
3023,380.852,-2.1089713071326726,7373.17334
3024,380.978,-2.146582288846078,7371.240234
3025,381.104,-1.9460219038021684,7373.856934
3026,381.231,-1.625688079145086,7376.124512
3027,381.357,-1.1890046661578075,7374.184082
3028,381.482,-0.9258984384105825,7373.431641
3029,381.608,-0.6328474838879529,7369.081543
3030,381.735,-0.3674852821661138,7370.133301
3031,381.86,-0.24726405767335147,7366.263184
3032,381.986,-0.1375290246260199,7366.467285
3033,382.113,0.12781633269516116,7370.100586
3034,382.239,0.33469038506004234,7369.933105
3035,382.364,0.6334040972654328,7372.295898
3036,382.49,0.9344134769615584,7373.148438
3037,382.616,1.1531684672176739,7362.759766
3038,382.742,1.350985988827013,7369.395996
3039,382.868,1.234716033798369,7370.244629
3040,382.994,1.1388392667222051,7371.697754
3041,383.12,0.8762013703428115,7371.865234
3042,383.246,0.5724648050524849,7366.616211
3043,383.373,0.32396096238840955,7368.737305
3044,383.498,0.09922194642640492,7369.105957
3045,383.624,-0.14683355157762226,7372.26416
3046,383.751,-0.2801963013514479,7373.659668
3047,383.877,-0.4514592483527807,7374.116211
3048,384.002,-0.46992593114396825,7371.351563
3049,384.128,-0.3668132289089657,7371.928711
3050,384.254,-0.1047150723975576,7372.235352
3051,384.38,0.15374755160299897,7368.65918
3052,384.506,0.4427196260886058,7374.69043
3053,384.632,0.5360527060707149,7372.419922
3054,384.758,0.5089332336372026,7367.097656
3055,384.884,0.3349864933741853,7369.676758
3056,385.01,0.08211308895766266,7369.246094
3057,385.136,-0.043962710751872115,7368.171875
3058,385.262,-0.07987176600257967,7363.721191
3059,385.388,0.1107798603325816,7366.502441
3060,385.514,0.29008164744965703,7370.026367
3061,385.64,0.5196112185016473,7371.807617
3062,385.766,0.6392600061072456,7370.868164
3063,385.892,0.72921623437365,7370.262695
3064,386.018,0.6679345319779274,7370.995605
3065,386.144,0.5106880907154617,7368.350098
3066,386.27,0.37336750063742585,7369.875977
3067,386.396,0.2722717505893424,7370.187988
3068,386.522,0.2533628586106687,7368.722656
3069,386.648,0.36628201672282623,7364.833008
3070,386.774,0.5219827450827784,7372.20752
3071,386.9,0.7194607674883834,7371.40918
3072,387.026,0.8912857277069819,7370.728516
3073,387.152,0.9084489466391414,7367.782715
3074,387.278,0.7738908632159794,7369.007324
3075,387.404,0.5672999213552253,7373.80127
3076,387.53,0.2851928576085416,7372.265625
3077,387.656,0.057421591124233895,7371.666504
3078,387.782,-0.20668397282376272,7368.392578
3079,387.908,-0.3072101603668746,7369.164551
3080,388.034,-0.3943112663030087,7365.126465
3081,388.16,-0.39682999089335835,7369.537109
3082,388.286,-0.30972072243230514,7371.668945
3083,388.412,-0.21457710727337284,7372.299805
3084,388.538,0.046602585956325694,7372.876953
3085,388.664,0.31946661765093387,7372.527832
3086,388.79,0.7168314416950183,7371.607422
3087,388.916,1.0816440417936546,7372.125
3088,389.042,1.3706750380224153,7370.756836
3089,389.168,1.4821082124499103,7372.924805
3090,389.294,1.5034074768974652,7370.437988
3091,389.42,1.395661273650178,7370.822266
3092,389.546,1.336372501287412,7371.621582
3093,389.672,1.3719387307860067,7371.611816
3094,389.798,1.4807226884418696,7372.784668
3095,389.924,1.7332338416380613,7373.222168
3096,390.05,1.9050941785826798,7374.200684
3097,390.176,1.8875382859132193,7375.824219
3098,390.302,1.7359376144184604,7372.291016
3099,390.428,1.356336291160359,7372.548828
3100,390.554,1.0266568012886006,7372.038086
3101,390.68,0.724819283082632,7374.382813
3102,390.806,0.5123453668794503,7369.884766
3103,390.932,0.6259882254590539,7371.095215
3104,391.058,0.9245064963634081,7372.23291
3105,391.184,1.2021960789763653,7368.480469
3106,391.31,1.578597630095395,7372.691895
3107,391.436,1.7664201278593914,7367.015625
3108,391.562,1.8122253836299624,7371.66748
3109,391.688,1.5890188338489772,7372.803223
3110,391.814,1.2775473671390014,7375.29834
3111,391.94,0.8623247553734803,7367.094727
3112,392.066,0.4581629318095434,7368.909668
3113,392.192,0.24805644366532995,7373.035645
3114,392.318,0.021375698674922953,7372.607422
3115,392.444,0.03687674670138179,7373.494629
3116,392.57,0.21933442405591716,7372.068848
3117,392.696,0.38077122610029146,7373.303223
3118,392.822,0.5226076455583235,7374.797852
3119,392.948,0.57978873830367,7373.543945
3120,393.074,0.42367810902774133,7370.983887
3121,393.2,0.1364799723625917,7372.544922
3122,393.326,-0.1387386976243103,7372.157715
3123,393.452,-0.5565685444228399,7368.492676
3124,393.578,-0.7699497706131763,7373.719238
3125,393.704,-0.9043403386033044,7368.568359
3126,393.83,-0.8379731946438608,7364.911133
3127,393.956,-0.6009439800015338,7366.756836
3128,394.082,-0.33422591341315255,7367.068359
3129,394.207,0.013236182472395955,7368.856445
3130,394.334,0.23869767972975267,7370.072754
3131,394.46,0.3995245958293158,7369.597656
3132,394.586,0.37153727052842034,7365.783203
3133,394.712,0.285385412351488,7372.0
3134,394.838,0.09641367753963331,7370.765625
3135,394.964,-0.06707037117374605,7366.747559
3136,395.09,-0.16398632871007,7371.297363
3137,395.216,-0.13258169920982635,7370.316406
3138,395.342,0.08735139656234826,7367.610352
3139,395.467,0.30217408035308024,7365.299316
3140,395.594,0.5434202808265145,7369.053711
3141,395.719,0.643268651107741,7367.802734
3142,395.845,0.5934837986657485,7364.347656
3143,395.972,0.4808336912383894,7366.415527
3144,396.097,0.37581514680296824,7367.785156
3145,396.223,0.3203275166653803,7368.023926
3146,396.349,0.26339921639741465,7368.227051
3147,396.476,0.1771112896114468,7370.787598
3148,396.601,0.06811261072985766,7367.728027
3149,396.727,-0.2084163881354034,7375.070801
3150,396.854,-0.3071419475920466,7369.222656
3151,396.979,-0.4036066279741088,7370.785156
3152,397.106,-0.3113763208631397,7371.757813
3153,397.231,0.293107064669272,7371.417969
3154,397.357,0.7525388361373494,7368.400391
3155,397.483,1.2460963030160528,7373.096191
3156,397.609,1.4538430275902163,7371.864746
3157,397.735,1.0848316254503694,7368.824707
3158,397.861,0.4432483213432381,7369.164063
3159,397.987,-0.060077830971014365,7375.650879
3160,398.113,-0.6437877055675019,7374.239258
3161,398.239,-0.859871716260483,7370.812012
3162,398.365,-0.856255327104971,7369.758301
3163,398.492,-0.593558636455398,7371.50293
3164,398.617,-0.2336427235282866,7371.519531
3165,398.743,0.15086997954401293,7367.947754
3166,398.869,0.4106727719111233,7370.838867
3167,398.995,0.5698866010892331,7368.963867
3168,399.121,0.6094542239012737,7370.165527
3169,399.247,0.4810143878264914,7372.245605
3170,399.373,0.35601523336405705,7374.483398
3171,399.499,0.2693593203721228,7370.275391
3172,399.625,0.2109829708763922,7369.22168
3173,399.751,0.20171126105377668,7371.577637
3174,399.877,0.266661182330544,7368.902832
3175,400.003,0.4366300345816787,7368.200684
3176,400.129,0.538779106552559,7367.344727
3177,400.255,0.5938431204322658,7368.256348
3178,400.381,0.5098760659145039,7371.537598
3179,400.507,0.3348969277708713,7371.078613
3180,400.633,0.06284991785436332,7364.861816
3181,400.759,-0.13660949440308998,7369.050781
3182,400.885,-0.3495537920997517,7369.502441
3183,401.011,-0.30722621935402444,7368.746582
3184,401.137,-0.16693567605755827,7369.043945
3185,401.263,-0.01902641796347377,7371.16748
3186,401.389,0.22874079938526853,7368.375488
3187,401.515,0.3889316711696476,7369.790039
3188,401.641,0.5340206188430128,7370.285156
3189,401.767,0.5604014569262165,7367.886719
3190,401.893,0.49167324535963675,7371.637207
3191,402.019,0.4143928592988491,7370.159668
3192,402.145,0.3048964197814781,7371.672852
3193,402.271,0.27181214082715116,7367.852539
3194,402.397,0.24332012428557995,7373.291016
3195,402.523,0.2659926798017474,7370.084473
3196,402.649,0.3036816975859329,7371.842773
3197,402.775,0.3692645138082219,7371.012207
3198,402.901,0.40369314227680025,7368.485352
3199,403.027,0.49168048741443143,7371.585938
3200,403.153,0.6009389790278878,7369.916016
3201,403.279,0.783727588006301,7374.065918
3202,403.405,0.9748033376090744,7369.758789
3203,403.531,1.1895291087476998,7372.636719
3204,403.657,1.385678929157285,7370.586426
3205,403.783,1.3584525059497712,7368.153809
3206,403.909,1.2333932422516025,7371.441895
3207,404.035,1.1313955378070857,7370.104004
3208,404.161,1.0896618712073307,7370.903809
3209,404.287,1.2695370088813267,7368.606934
3210,404.413,1.4679042028700977,7371.11377
3211,404.539,1.6349308861913099,7369.593262
3212,404.665,1.6084660976956908,7372.462402
3213,404.791,1.4033981194843677,7370.224609
3214,404.917,1.1561017752747316,7373.53125
3215,405.043,0.8459664366214642,7369.039551
3216,405.169,0.6292394694576763,7369.05127
3217,405.295,0.5475772037028387,7370.443848
3218,405.421,0.6629118453935611,7369.473633
3219,405.547,0.7701343683679348,7370.528809
3220,405.673,0.9042935279822726,7377.237305
3221,405.799,0.8776195468948254,7367.52002
3222,405.925,0.7130362698728189,7372.462402
3223,406.051,0.549967416338186,7370.742188
3224,406.177,0.4133644698235337,7368.665527
3225,406.303,0.3384901234866072,7371.970215
3226,406.429,0.4479069384336195,7371.040527
3227,406.555,0.6371617098137768,7371.636719
3228,406.681,0.9021606208615557,7369.256836
3229,406.807,0.972014739938842,7371.519531
3230,406.933,1.03660526191996,7369.890625
3231,407.059,1.046979061169365,7371.637695
3232,407.185,1.0302833092465882,7370.98291
3233,407.311,1.1018068843772468,7371.382324
3234,407.437,1.1351339768648345,7369.864258
3235,407.563,1.238589124721271,7369.06543
3236,407.689,1.2298660971063908,7371.978027
3237,407.815,1.2341381753738376,7371.74707
3238,407.941,1.3076745565306371,7371.250977
3239,408.067,1.3471412160796434,7365.404785
3240,408.193,1.3739315265650565,7369.760742
3241,408.319,1.5536386307006451,7369.620605
3242,408.445,1.6524696901397953,7371.304199
3243,408.571,1.6675871614120974,7371.331543
3244,408.697,1.624205638863431,7373.068359
3245,408.823,1.5795647301355682,7373.606445
3246,408.949,1.5317841816079598,7373.572754
3247,409.075,1.5324949431073707,7369.25
3248,409.201,1.5498751999802016,7373.788086
3249,409.327,1.53805399435426,7375.916504
3250,409.453,1.4827112497817,7370.497559
3251,409.579,1.359472936510927,7371.752441
3252,409.705,1.076093488786229,7371.729492
3253,409.831,0.7497687436493784,7368.694336
3254,409.956,0.4506177145958245,7376.495605
3255,410.082,0.3546373302361087,7371.553711
3256,410.209,0.29393658073101786,7373.460449
3257,410.335,0.2811123896341642,7375.496094
3258,410.461,0.3962457102883787,7372.254395
3259,410.587,0.36372524400104217,7374.801758
3260,410.713,0.23053308200679387,7373.03125
3261,410.839,0.17330702266049644,7374.517578
3262,410.964,0.15896783111151286,7376.141602
3263,411.091,0.1755548674171452,7373.884277
3264,411.216,0.3277438177345529,7371.273926
3265,411.342,0.612220816640354,7373.119629
3266,411.469,0.8612510989711216,7372.145508
3267,411.595,1.041147279316839,7370.897461
3268,411.72,1.0514042197379148,7380.423828
3269,411.846,0.9410938074873119,7374.084473
3270,411.973,0.6513594350605095,7374.597168
3271,412.098,0.27495934149981904,7373.200195
3272,412.225,-0.08090254688505567,7374.974121
3273,412.351,-0.35439422242857377,7375.899902
3274,412.476,-0.539279703408761,7372.89502
3275,412.602,-0.655485693783282,7374.996582
3276,412.729,-0.7589042126956886,7372.841797
3277,412.856,-0.7339596410651544,7370.308594
3278,412.98,-0.8151681565443976,7376.65332
3279,413.107,-0.8405451196619186,7372.26709
3280,413.233,-0.9210187745300304,7371.446777
3281,413.358,-0.8940379032860806,7379.027344
3282,413.485,-0.9184476859120916,7372.612793
3283,413.61,-0.9125228344466616,7373.241699
3284,413.736,-0.7823475156531068,7372.293945
3285,413.862,-0.7478473674290088,7374.340332
3286,413.988,-0.7724956241234096,7375.580078
3287,414.114,-0.7705048106586149,7373.419434
3288,414.24,-0.8504388138610289,7372.887207
3289,414.366,-0.9762142935930915,7374.768066
3290,414.492,-1.046163757976528,7373.529297
3291,414.619,-1.1413233239455847,7368.391113
3292,414.744,-1.224922365570555,7376.200195
3293,414.87,-1.249355431203773,7373.088867
3294,414.996,-1.2076876779687045,7372.176758
3295,415.122,-1.1822911986959597,7375.05127
3296,415.248,-1.05751641315029,7376.137207
3297,415.374,-0.9041740507476368,7373.341309
3298,415.5,-0.7276928895615363,7370.729492
3299,415.626,-0.49884673464496787,7371.524902
3300,415.752,-0.38194621337980117,7369.503906
3301,415.878,-0.29536042421807385,7374.515625
3302,416.004,-0.30676399656173614,7371.523926
3303,416.13,-0.33928720445638033,7371.265137
3304,416.257,-0.39156942599552425,7373.51123
3305,416.382,-0.3902809024190031,7371.866699
3306,416.508,-0.29367354609117635,7368.881348
3307,416.634,-0.15989213349016534,7372.662109
3308,416.76,-0.07822171563191166,7372.457031
3309,416.886,-0.006215112129330745,7370.789063
3310,417.012,-0.05380120662124259,7368.601563
3311,417.138,-0.12800745951945552,7371.498047
3312,417.264,-0.19359211971534057,7370.898438
3313,417.39,-0.21807582870773276,7373.862305
3314,417.516,-0.29607723819844645,7370.794922
3315,417.642,-0.24814056749051122,7373.001465
3316,417.768,-0.2470577417070097,7373.033203
3317,417.894,-0.2173252124354984,7374.254395
3318,418.02,-0.24222241089311874,7374.146484
3319,418.146,-0.2834274962757803,7372.709961
3320,418.272,-0.31721901006733627,7371.265625
3321,418.398,-0.45364450639850834,7371.866211
3322,418.524,-0.57076540478881,7371.499512
3323,418.651,-0.7010735646147228,7370.151855
3324,418.776,-0.8293420513435623,7376.816895
3325,418.902,-0.7548236193451652,7373.29248
3326,419.028,-0.7063433351990661,7372.434082
3327,419.154,-0.45442986345152564,7372.155762
3328,419.28,-0.21761129549308955,7370.22168
3329,419.406,0.052461703263320475,7372.945801
3330,419.532,0.280558560033461,7373.203125
3331,419.658,0.3429712754525192,7371.786621
3332,419.784,0.2772428348819235,7375.199707
3333,419.91,0.10986775866954113,7377.000977
3334,420.036,-0.15917202074391448,7371.556641
3335,420.162,-0.4354719606699722,7372.631836
3336,420.288,-0.6596085604225528,7372.875
3337,420.414,-0.7553747683802087,7368.730469
3338,420.54,-0.725981183953833,7371.960449
3339,420.666,-0.5782414013286414,7373.858887
3340,420.792,-0.42106202322369846,7374.566895
3341,420.918,-0.2168578332264779,7371.424805
3342,421.044,-0.28629632763908636,7369.895996
3343,421.17,-0.5648077232119758,7373.80127
3344,421.296,-0.8810828783035121,7372.688965
3345,421.422,-1.21209993627251,7375.119141
3346,421.548,-1.468231932618279,7370.975098
3347,421.674,-1.3815017814980979,7369.681152
3348,421.8,-1.1402762414504448,7373.832031
3349,421.926,-0.8019387665276292,7375.337891
3350,422.052,-0.45897464861569376,7373.95166
3351,422.178,-0.24440546426778162,7373.244629
3352,422.304,-0.13843297173354585,7373.952637
3353,422.43,-0.2732607164557274,7374.03125
3354,422.556,-0.4458810753372378,7373.258301
3355,422.682,-0.5624200702542966,7372.668457
3356,422.808,-0.6191675964814001,7374.783203
3357,422.934,-0.6211623867542791,7376.330566
3358,423.06,-0.5131238387311579,7374.909668
3359,423.186,-0.3911197265112504,7372.323242
3360,423.312,-0.2665092673868478,7374.233887
3361,423.438,-0.2718315069542034,7373.557617
3362,423.564,-0.3917709400814368,7373.742188
3363,423.69,-0.609239830184534,7374.795898
3364,423.816,-0.9769485628985638,7372.58252
3365,423.942,-1.172519805690413,7370.859375
3366,424.068,-1.3914885098999445,7375.541992
3367,424.194,-1.3512704289772808,7371.865234
3368,424.32,-1.1457000232513426,7373.202148
3369,424.446,-0.7619637658746096,7374.352051
3370,424.572,-0.40248071031114835,7378.241699
3371,424.698,-0.07778225011297521,7374.952148
3372,424.824,0.16583501650978175,7374.511719
3373,424.95,0.2814798241703663,7375.944824
3374,425.075,0.20071547923151575,7368.029785
3375,425.202,0.13038696679071057,7376.456055
3376,425.328,0.006408042009094291,7377.363281
3377,425.454,-0.15488178660891624,7373.888672
3378,425.58,-0.34737131679124217,7376.768555
3379,425.707,-0.5309375719488952,7373.44043
3380,425.832,-0.6434414639854563,7374.415039
3381,425.959,-0.7178056132860073,7374.430176
3382,426.084,-0.6765907584805493,7371.919434
3383,426.21,-0.5490943000602095,7377.253906
3384,426.335,-0.37251407713312523,7376.411621
3385,426.462,-0.12386139599171103,7373.351563
3386,426.588,0.08469421176424893,7375.196777
3387,426.714,0.3183592410704622,7374.631836
3388,426.839,0.3178103270220385,7374.246094
3389,426.965,0.36730240378936774,7373.911621
3390,427.092,0.24720408899614146,7373.632324
3391,427.217,0.14504065723729123,7375.026367
3392,427.344,0.03943432569483481,7375.709961
3393,427.469,-0.12867795377182165,7373.623047
3394,427.595,-0.28111957180768604,7374.259277
3395,427.721,-0.39645775217513923,7374.257813
3396,427.847,-0.5229100179410419,7375.169434
3397,427.973,-0.6599191885923917,7375.351074
3398,428.099,-0.6981928898845503,7371.30957
3399,428.225,-0.7642369061862229,7375.51416
3400,428.351,-0.7902959675644409,7374.51123
3401,428.478,-0.8574082538582057,7375.395996
3402,428.603,-0.9647763570524086,7376.027344
3403,428.729,-1.0031408003841962,7372.691406
3404,428.855,-1.1041951926525075,7375.308105
3405,428.982,-1.0628572538088603,7374.400391
3406,429.107,-1.0137402123111359,7374.768066
3407,429.233,-0.853788082850383,7369.230957
3408,429.359,-0.7239267804280661,7377.942871
3409,429.485,-0.6955470896306892,7377.25
3410,429.611,-0.7108063462082574,7375.000488
3411,429.737,-0.8071630663762416,7369.822754
3412,429.863,-0.898595997990543,7375.484375
3413,429.989,-0.944649391051958,7375.175293
3414,430.116,-0.9356092061853831,7373.460449
3415,430.241,-0.7359381827562969,7373.884277
3416,430.367,-0.5389537610131055,7375.626953
3417,430.493,-0.3220549257857752,7374.958008
3418,430.619,-0.1909454286146852,7373.464844
3419,430.745,-0.06168036790808164,7374.570801
3420,430.871,-0.07634184221278145,7379.76416
3421,430.997,-0.04268962177975052,7376.27832
3422,431.123,-0.1565242256272897,7372.57959
3423,431.249,-0.2209362265414279,7375.193848
3424,431.375,-0.3546529862404756,7374.200684
3425,431.501,-0.5109102597978279,7379.197266
3426,431.627,-0.6592465265381242,7375.626465
3427,431.753,-0.7607715564069462,7375.538086
3428,431.879,-0.6809506681951336,7375.510742
3429,432.005,-0.4468208843591778,7374.630371
3430,432.131,-0.18039314380711802,7374.598145
3431,432.257,0.150897372202608,7371.038086
3432,432.383,0.45707007397979815,7376.734863
3433,432.509,0.4550772676291681,7376.137207
3434,432.635,0.30534882827041965,7375.059082
3435,432.761,0.1229416962433298,7375.698242
3436,432.887,-0.18030839698873005,7373.097168
3437,433.013,-0.408357532565535,7374.003906
3438,433.139,-0.5056148236783629,7375.367676
3439,433.266,-0.5349940074866815,7372.291504
3440,433.392,-0.498831322667372,7377.804688
3441,433.518,-0.42318202506556574,7371.100098
3442,433.643,-0.325717538913113,7373.286621
3443,433.769,-0.22072259386288398,7374.996582
3444,433.895,-0.14554017343552964,7374.178711
3445,434.021,-0.1894898975156857,7373.123535
3446,434.147,-0.23594418899327063,7373.867188
3447,434.273,-0.44429144815921473,7374.884277
3448,434.399,-0.7322788163889901,7374.853027
3449,434.525,-0.8937498618737456,7374.949707
3450,434.651,-1.0694879771290993,7371.366211
3451,434.777,-1.07841538002518,7374.776367
3452,434.903,-0.9549487420854108,7374.855957
3453,435.029,-0.7986671659337199,7376.501953
3454,435.155,-0.6536880340186152,7375.993652
3455,435.281,-0.6339894855810029,7376.055176
3456,435.407,-0.7011657869509472,7373.320801
3457,435.533,-0.7346591751532625,7374.936035
3458,435.659,-0.685633105958696,7375.339844
3459,435.785,-0.5194975284893261,7368.986328
3460,435.911,-0.20092051177251272,7373.316406
3461,436.037,0.14491970996018785,7374.369629
3462,436.163,0.430726048012753,7374.34082
3463,436.289,0.5871024599283655,7372.332031
3464,436.415,0.5570274004440564,7368.078613
3465,436.541,0.4130838268270838,7371.208496
3466,436.667,0.2970424052811843,7375.137695
3467,436.793,0.20590121531572123,7376.846191
3468,436.919,0.21970290846077328,7374.056641
3469,437.045,0.1813926377436394,7367.812988
3470,437.171,0.2779710689373737,7378.39209
3471,437.297,0.2473465490797123,7376.024902
3472,437.423,0.11187664016140669,7376.621582
3473,437.549,0.06274886478525146,7374.487793
3474,437.675,0.03399008805946372,7375.01123
3475,437.801,0.10229188988136317,7376.875488
3476,437.927,0.1437366438661941,7376.163574
3477,438.053,0.1733397055791129,7376.969727
3478,438.179,0.11354786074414493,7371.34668
3479,438.305,0.057635794929129916,7375.077637
3480,438.431,-0.0685203740104746,7376.421387
3481,438.557,-0.077479176953393,7373.887207
3482,438.683,-0.11488645205142604,7377.13916
3483,438.809,-0.12408723431865787,7373.528809
3484,438.935,-0.02156781490761974,7373.458008
3485,439.061,0.010418051368548002,7375.936523
3486,439.187,0.062397051402527805,7373.65918
3487,439.313,0.12242002014861901,7373.51416
3488,439.439,0.22950606657039088,7376.626953
3489,439.565,0.5161527099784469,7375.396484
3490,439.691,0.81687461079561,7375.422852
3491,439.817,1.235064128568953,7375.925781
3492,439.943,1.4274702353906117,7377.137207
3493,440.069,1.613930636557645,7376.258789
3494,440.194,1.6362997017659815,7373.402832
3495,440.321,1.6112247980973686,7376.476074
3496,440.447,1.573625258865356,7373.635742
3497,440.573,1.5320601157778977,7371.563965
3498,440.699,1.4710354054066916,7371.613281
3499,440.825,1.4639106660890373,7373.748047
3500,440.951,1.4408784134670662,7373.745605
3501,441.077,1.4942575035501247,7375.092773
3502,441.203,1.2648901014196743,7372.110352
3503,441.328,1.225179829134245,7373.023438
3504,441.455,1.0902676919218914,7375.052246
3505,441.581,0.9765710645759008,7376.506348
3506,441.707,0.9827885587906473,7376.736816
3507,441.833,1.013916304901322,7375.184082
3508,441.958,0.9411174143548605,7370.825195
3509,442.085,0.8728083281413203,7375.796875
3510,442.211,0.7838382108314508,7373.148438
3511,442.337,0.5516539644276962,7380.680176
3512,442.462,0.34099911470728356,7374.660645
3513,442.588,0.31299821293002617,7379.07373
3514,442.715,0.3257722444975822,7375.964844
3515,442.84,0.5208857435908237,7375.026855
3516,442.966,0.7617933010620456,7377.162109
3517,443.093,1.0358017765267915,7369.563477
3518,443.218,1.143867949674311,7374.741699
3519,443.345,1.117577715035447,7375.708496
3520,443.47,0.9955249376556853,7374.688477
3521,443.597,0.8837752024038102,7370.566406
3522,443.722,0.8000977023106153,7373.228516
3523,443.849,0.7718474001173193,7374.08252
3524,443.974,0.6708313427491109,7375.540039
3525,444.1,0.5141812371844334,7372.318848
3526,444.226,0.31364436165715376,7374.502441
3527,444.353,0.05423348756771239,7379.830566
3528,444.479,-0.15153501241891473,7374.367676
3529,444.604,-0.35906879711947004,7376.250488
3530,444.73,-0.44608066903614035,7375.034668
3531,444.856,-0.3278208078873982,7376.192871
3532,444.983,-0.2779614340085106,7372.382324
3533,445.108,-0.06396966785092399,7374.429688
3534,445.235,0.20791007016992888,7373.296875
3535,445.36,0.4935027820632599,7372.27002
3536,445.486,0.7231982495932049,7370.0
3537,445.612,1.020018129154467,7374.608887
3538,445.738,1.1289634766399248,7373.914063
3539,445.864,1.1709821938214653,7371.691406
3540,445.99,1.0596128565811045,7375.77002
3541,446.116,1.0202575393693123,7377.885742
3542,446.242,0.8932256957290454,7376.58252
3543,446.369,0.6430530279906653,7373.970215
3544,446.494,0.34522706299416883,7376.088867
3545,446.62,-0.011041448964033487,7373.053223
3546,446.746,-0.4391849416777503,7378.901367
3547,446.872,-0.9097914719030228,7371.458496
3548,446.998,-1.2890301847438135,7374.231445
3549,447.124,-1.5446658565033728,7372.208496
3550,447.25,-1.6616507005008712,7370.819824
3551,447.376,-1.7236491863366097,7370.441895
3552,447.502,-1.6775811907195983,7371.186035
3553,447.628,-1.6461401318704485,7371.495605
3554,447.754,-1.6193169904910987,7370.984863
3555,447.88,-1.6132306706913588,7371.132324
3556,448.006,-1.5149187042175207,7374.598145
3557,448.132,-1.3624876045775316,7372.379883
3558,448.258,-1.1073544551686512,7374.856445
3559,448.384,-0.8833732585422883,7375.465332
3560,448.51,-0.7731515946949726,7375.114746
3561,448.636,-0.6628957074559653,7367.118652
3562,448.762,-0.6419886220066396,7370.081543
3563,448.888,-0.5396359601150127,7374.687988
3564,449.014,-0.4475323809718316,7373.835938
3565,449.14,-0.11584249064809404,7372.385742
3566,449.266,0.20085603287388365,7371.043457
3567,449.392,0.37171790072729516,7374.714844
3568,449.518,0.5930705230690526,7376.647461
3569,449.644,0.21701185995136374,7373.456055
3570,449.77,-0.16421402971323645,7374.331055
3571,449.896,-0.649838719685394,7372.072754
3572,450.022,-0.9349261988132633,7373.150391
3573,450.148,-0.934178507694783,7374.655273
3574,450.274,-0.9466085947904948,7374.172852
3575,450.4,-0.8618823888801118,7372.203613
3576,450.526,-0.9274825387285472,7372.632813
3577,450.652,-0.9467583218225853,7376.536621
3578,450.778,-0.9717494498930388,7375.454102
3579,450.904,-1.0149764922098843,7376.500488
3580,451.03,-0.9493117492533902,7381.400879
3581,451.156,-0.8856384182480983,7373.681641
3582,451.282,-0.9152687783600882,7375.180664
3583,451.408,-0.7852478184225449,7374.057617
3584,451.534,-0.8630776453430555,7367.54834
3585,451.66,-0.8204316490912307,7375.064941
3586,451.786,-0.760404851077386,7378.662109
3587,451.912,-0.8164957054347292,7375.425781
3588,452.038,-0.8262092906078866,7374.484863
3589,452.164,-0.8650492390414483,7374.173828
3590,452.29,-0.9056804018441135,7374.04834
3591,452.416,-1.017003218406582,7372.23584
3592,452.542,-1.0436010286916375,7372.980469
3593,452.668,-0.9562609472418346,7374.228516
3594,452.794,-0.8049571149302248,7377.45752
3595,452.92,-0.6260500618520939,7374.444336
3596,453.046,-0.5561669017213378,7373.938477
3597,453.172,-0.39194410567224386,7375.706055
3598,453.298,-0.3932153934191115,7371.924805
3599,453.424,-0.3446680134820919,7373.348633
3600,453.55,-0.2795342217315686,7365.192871
3601,453.676,-0.3319872815672791,7369.906738
3602,453.802,-0.336529123270982,7373.376465
3603,453.928,-0.4632830083270972,7371.415039
3604,454.054,-0.694143711747496,7373.915527
3605,454.18,-0.950005470347309,7377.79248
3606,454.306,-1.2352649972224135,7375.432129
3607,454.432,-1.4291937274798912,7373.659668
3608,454.558,-1.6274698306706608,7373.573242
3609,454.684,-1.7460319496834584,7380.182129
3610,454.81,-1.7592065913344312,7376.883301
3611,454.936,-1.7553424765889802,7379.28125
3612,455.062,-1.7480258435821074,7377.591797
3613,455.188,-1.74575130524329,7377.365234
3614,455.314,-1.6970784531674519,7376.684082
3615,455.44,-1.4897418377846892,7377.07373
3616,455.566,-1.4094167372096043,7373.977051
3617,455.692,-1.2851875586969352,7371.25
3618,455.818,-1.2447844958064502,7372.26416
3619,455.944,-1.0848647689529014,7377.305664
3620,456.07,-1.0538922060667342,7371.958496
3621,456.196,-1.087635678642251,7373.26123
3622,456.322,-0.8752784855557391,7376.909668
3623,456.447,-0.6822167208842832,7376.250488
3624,456.573,-0.5169721294851172,7374.60498
3625,456.7,-0.3722538915718105,7373.12207
3626,456.826,-0.31345812105053195,7379.769043
3627,456.952,-0.2565733803163596,7373.487305
3628,457.078,-0.3252613999961723,7374.396484
3629,457.203,-0.36019327427761355,7375.738281
3630,457.33,-0.3805773585675766,7374.167969
3631,457.455,-0.19950669928461198,7374.168457
3632,457.581,-0.14287359825399404,7378.282227
3633,457.707,-0.009032309434518946,7372.86377
3634,457.833,0.04767340834554672,7373.828125
3635,457.959,-0.1216031970466711,7373.201172
3636,458.085,-0.22261766928535104,7376.487305
3637,458.211,-0.42503874889174226,7373.901367
3638,458.337,-0.37316121302914373,7373.686035
3639,458.463,-0.5153090925564985,7374.94043
3640,458.589,-0.45762859650471155,7374.234375
3641,458.716,-0.5012909529816614,7374.006836
3642,458.841,-0.726089182031436,7374.319336
3643,458.967,-0.7475915620478204,7370.846191
3644,459.093,-0.834164571905973,7373.114746
3645,459.219,-0.6931477628311792,7370.043945
3646,459.345,-0.5787887920626932,7368.830078
3647,459.471,-0.5984551441729746,7368.795898
3648,459.597,-0.6633115342148437,7371.524414
3649,459.723,-0.6966981485737205,7373.855469
3650,459.849,-0.8613607198154806,7372.443359
3651,459.976,-0.9791151873357851,7372.647949
3652,460.101,-1.0604725702547928,7375.11377
3653,460.228,-1.1679606322405665,7374.321289
3654,460.353,-1.1746828300095968,7373.914063
3655,460.479,-1.1237196748682745,7375.369141
3656,460.605,-1.1326161616254022,7373.733887
3657,460.731,-1.0328732198080293,7375.533691
3658,460.857,-0.8822530873811877,7373.97998
3659,460.983,-0.6625803110076405,7374.880859
3660,461.109,-0.42417740952540295,7376.593262
3661,461.235,-0.15594268212223192,7374.655273
3662,461.361,0.028029375889809593,7373.039551
3663,461.487,0.2788009478256425,7374.135254
3664,461.613,0.40308248698157095,7374.000488
3665,461.739,0.33120203450129,7375.418457
3666,461.865,0.16554932917989545,7372.785645
3667,461.991,0.001192505196794538,7374.20459
3668,462.117,-0.3257716787577112,7374.77002
3669,462.243,-0.5388938470031462,7372.583008
3670,462.369,-0.5986736180926012,7374.194824
3671,462.495,-0.6583851844995677,7373.630859
3672,462.621,-0.6351607765007231,7376.358398
3673,462.747,-0.7157206383231929,7379.399414
3674,462.873,-0.8860797182901782,7372.064453
3675,462.999,-1.0356260172126852,7373.573242
3676,463.125,-1.3416644688078876,7377.168457
3677,463.251,-1.4763680567844033,7373.97998
3678,463.377,-1.4600906050700941,7373.797852
3679,463.503,-1.3564945640690813,7373.777832
3680,463.629,-1.0944289458673553,7373.489258
3681,463.755,-0.9045200321115099,7372.344238
3682,463.881,-0.736539283192427,7373.487305
3683,464.007,-0.670299566348181,7371.777344
3684,464.133,-0.6907135107179986,7370.075684
3685,464.259,-0.6959013767191895,7371.836426
3686,464.385,-0.6686131527727003,7371.836426
3687,464.511,-0.5447985695943337,7372.693848
3688,464.637,-0.31243860858899114,7375.571289
3689,464.763,-0.030637196399520332,7374.203613
3690,464.889,0.23410389195675602,7373.971191
3691,465.015,0.4522472182591452,7374.396973
3692,465.141,0.6198104590758925,7372.914551
3693,465.267,0.6496606933844139,7371.413574
3694,465.393,0.6480002177819955,7374.760254
3695,465.519,0.7644351679761753,7372.325684
3696,465.645,0.8730594895043493,7372.40918
3697,465.771,1.1284185133980866,7376.33252
3698,465.897,1.3566522348939116,7372.449219
3699,466.023,1.51141204092126,7379.850586
3700,466.149,1.5750807949221703,7374.212891
3701,466.275,1.523439160213609,7376.986816
3702,466.401,1.2915740175078971,7375.117188
3703,466.527,1.0169815631573837,7374.861328
3704,466.653,0.9085715927093242,7373.29248
3705,466.779,0.9476342263154947,7376.266113
3706,466.905,1.165459100788192,7373.943848
3707,467.031,1.4461795091537528,7374.288086
3708,467.157,1.7592581619775638,7370.555176
3709,467.283,1.9748085619424736,7374.750977
3710,467.409,2.061273623622146,7378.62793
3711,467.535,1.9851129403815952,7374.688477
3712,467.661,1.8108084598727163,7371.833984
3713,467.787,1.5149981871353306,7372.947754
3714,467.913,1.2365501473921698,7370.613281
3715,468.039,0.8928749831188681,7374.834473
3716,468.165,0.6445696779717527,7376.562012
3717,468.291,0.5153482360790033,7374.621582
3718,468.417,0.45879184341864027,7373.598633
3719,468.543,0.5124342311988868,7373.205566
3720,468.669,0.5808727695781193,7372.878418
3721,468.795,0.7812303794398898,7373.125
3722,468.922,0.8539899899997813,7373.518555
3723,469.047,0.8295914839382937,7373.65918
3724,469.173,0.70640266133463,7377.196289
3725,469.299,0.6398468861694473,7375.794434
3726,469.425,0.6480302174415637,7374.853027
3727,469.551,0.6784419737371774,7374.315918
3728,469.677,0.9059348315922947,7374.884766
3729,469.803,1.0793113224104733,7373.460449
3730,469.929,1.1848706476753,7375.967285
3731,470.055,1.2245240082196824,7378.367188
3732,470.181,1.2216603976250187,7371.291992
3733,470.306,1.1482085769615844,7373.99707
3734,470.433,1.1947591278158807,7374.11377
3735,470.559,1.080696298646997,7373.79834
3736,470.685,1.0858227026029672,7372.10791
3737,470.811,1.091552459856775,7371.629395
3738,470.937,1.1050938149656209,7373.237305
3739,471.063,1.1612335684570998,7375.371094
3740,471.189,1.1786437049321459,7373.772461
3741,471.315,1.2713048380415892,7371.988281
3742,471.441,1.2284943192089606,7377.476074
3743,471.567,1.1565231438876746,7380.143555
3744,471.693,1.0006243153491121,7371.101074
3745,471.818,0.891148974022091,7374.222168
3746,471.945,0.6925319451411865,7373.916504
3747,472.071,0.5042550159872424,7374.17627
3748,472.197,0.3915160152026706,7375.823242
3749,472.322,0.17944182460116082,7371.746582
3750,472.449,0.1683829875378326,7373.971191
3751,472.574,0.17135039120413598,7376.05127
3752,472.701,0.15002277664505997,7374.709961
3753,472.827,0.18717301349454413,7374.464844
3754,472.953,0.3528000096007326,7375.316895
3755,473.078,0.535269749212772,7373.19873
3756,473.204,0.6163932454933216,7373.714844
3757,473.331,0.7725479264661135,7372.199219
3758,473.456,0.6680479892926785,7370.214844
3759,473.583,0.6430728930874176,7370.126465
3760,473.709,0.5000521353235657,7374.82373
3761,473.835,0.3815128485745078,7373.714844
3762,473.961,0.3644887913546881,7374.743164
3763,474.086,0.31911780021038944,7375.644043
3764,474.212,0.2576636680855941,7376.230957
3765,474.338,0.07489594230257819,7379.690918
3766,474.464,-0.006099641377049523,7373.605957
3767,474.59,-0.1577584719727409,7373.035645
3768,474.716,-0.3034042624481283,7373.836914
3769,474.842,-0.2619635569639662,7376.94873
3770,474.968,-0.18217766911413397,7376.304688
3771,475.094,-0.1856410107403918,7374.783691
3772,475.22,-0.05835169133995185,7375.704102
3773,475.346,0.02620979393477154,7373.263672
3774,475.472,-0.11407015693968954,7375.258789
3775,475.599,-0.25200470098231176,7378.668945
3776,475.724,-0.5280215426693712,7374.980469
3777,475.85,-0.9092962920752471,7378.452148
3778,475.977,-1.2671906820725984,7375.625977
3779,476.102,-1.5111534372882656,7373.856445
3780,476.228,-1.6305153094863503,7378.087402
3781,476.354,-1.6160518000736792,7371.23877
3782,476.48,-1.4895639104065446,7374.87207
3783,476.606,-1.1995729898604641,7372.89209
3784,476.732,-0.949474117977735,7375.857422
3785,476.858,-0.6714107294499378,7375.336914
3786,476.984,-0.46992222700449027,7376.416016
3787,477.11,-0.32699746829262505,7376.116211
3788,477.237,-0.36389323013961844,7377.041504
3789,477.362,-0.45430566983019144,7373.914063
3790,477.488,-0.5119415452429267,7374.740234
3791,477.614,-0.6405288737466349,7377.157715
3792,477.74,-0.685108319618217,7376.36377
3793,477.866,-0.6445432165666353,7372.630859
3794,477.992,-0.5943359787126279,7375.937988
3795,478.118,-0.6591075867072864,7376.335449
3796,478.244,-0.6543285836809372,7377.816406
3797,478.37,-0.7792712299394223,7375.085449
3798,478.496,-0.9654007493929216,7373.575684
3799,478.622,-1.0862445958465246,7375.878418
3800,478.748,-1.134187142472133,7377.757324
3801,478.874,-1.1690278603622644,7376.345703
3802,479.001,-1.1555777412117851,7373.836426
3803,479.126,-1.074638259183199,7380.116211
3804,479.252,-0.9654032701603087,7378.491211
3805,479.378,-0.9461777952554823,7376.450684
3806,479.504,-0.8158903979220418,7377.615723
3807,479.63,-0.687877365158069,7375.509277
3808,479.756,-0.7083519086105131,7378.162109
3809,479.882,-0.6580462331622462,7373.719238
3810,480.008,-0.6665933752367199,7379.07373
3811,480.134,-0.7341778838722668,7377.731445
3812,480.26,-0.7336928680702937,7378.696289
3813,480.386,-0.6155879194163627,7382.414551
3814,480.512,-0.44960929292599205,7373.803223
3815,480.638,-0.18549421758032378,7378.737793
3816,480.764,0.12151581542381436,7379.129395
3817,480.89,0.4284516053880871,7379.35791
3818,481.016,0.707698947028809,7378.76416
3819,481.142,1.0551069016875076,7382.557129
3820,481.268,1.2362318207456333,7377.330566
3821,481.394,1.3498971614926576,7379.047363
3822,481.52,1.2998249551872054,7379.84082
3823,481.646,1.1103389056727961,7384.036133
3824,481.772,0.8346120971216073,7378.613281
3825,481.898,0.641769238721099,7381.581543
3826,482.024,0.3490044222836095,7381.351563
3827,482.15,0.30240081762221604,7382.381348
3828,482.276,0.16233215790565522,7379.95459
3829,482.402,0.13205604934087817,7381.983887
3830,482.528,0.19615960269700902,7385.299316
3831,482.654,0.23157467865986936,7378.766113
3832,482.78,0.3810051675125585,7380.839355
3833,482.906,0.6012248680537688,7383.981445
3834,483.032,0.8053580135731269,7380.525391
3835,483.158,0.9040586708411434,7383.61084
3836,483.284,0.9903841659292275,7384.67334
3837,483.41,1.0101024214179768,7382.034668
3838,483.536,0.9601070772943762,7383.691406
3839,483.662,0.9675536416926915,7382.946289
3840,483.788,1.0656905682349271,7383.520996
3841,483.914,1.1995980014669059,7374.946289
3842,484.04,1.34916359873663,7378.783691
3843,484.166,1.4515558339315044,7380.297363
3844,484.292,1.3986536963633347,7382.374512
3845,484.418,1.304632487669617,7384.107422
3846,484.544,1.0121798748708846,7377.539063
3847,484.67,0.628994610823638,7382.793457
3848,484.796,0.34549842444520007,7381.612305
3849,484.922,-0.0037914968956150844,7383.262207
3850,485.048,-0.17228789800056976,7380.981934
3851,485.174,-0.3355521266260508,7383.42041
3852,485.3,-0.34729579480533274,7380.935547
3853,485.426,-0.29894644487499894,7380.071777
3854,485.552,-0.22059209367167285,7381.496582
3855,485.678,-0.11704392895318612,7383.036133
3856,485.804,-0.0025624740098841433,7385.486328
3857,485.93,0.07383961255516677,7374.597656
3858,486.056,0.21533703661471978,7382.585449
3859,486.182,0.2922134215995694,7377.484863
3860,486.308,0.463055325298893,7379.440918
3861,486.434,0.5432892134712616,7379.388672
3862,486.56,0.47470796116141717,7381.173828
3863,486.686,0.377054041924785,7377.911133
3864,486.812,0.11769881429189305,7377.883301
3865,486.938,-0.12182838779166354,7380.61084
3866,487.064,-0.3609788761398148,7379.980469
3867,487.19,-0.44474845746027686,7378.359863
3868,487.316,-0.504701911113834,7378.874512
3869,487.442,-0.6089187263258417,7383.681641
3870,487.568,-0.6511240562163266,7379.413574
3871,487.694,-0.9283836428862074,7381.695801
3872,487.82,-1.1841585883415982,7379.578125
3873,487.946,-1.61482373890983,7375.66748
3874,488.072,-1.9071399660613892,7383.731445
3875,488.198,-2.009779469102778,7381.60498
3876,488.324,-1.9693094097925175,7379.985352
3877,488.449,-1.6790211004720432,7379.850586
3878,488.575,-1.2980212096044776,7381.738281
3879,488.702,-0.893189073030101,7379.974121
3880,488.827,-0.5809982814764546,7380.276367
3881,488.953,-0.32874231607551074,7379.271973
3882,489.08,-0.3485942423745895,7380.812988
3883,489.206,-0.4340388950524066,7379.527344
3884,489.331,-0.5806746604750983,7383.607422
3885,489.457,-0.7520870278901431,7381.894043
3886,489.584,-0.9057551302578989,7380.75293
3887,489.71,-0.9276280757737958,7379.839355
3888,489.836,-0.7842805904734351,7380.648926
3889,489.961,-0.6503648037855709,7382.536621
3890,490.087,-0.4517079233235394,7384.145996
3891,490.213,-0.24419971572448929,7382.949219
3892,490.339,-0.09825823786105028,7379.787109
3893,490.465,-0.09349483921148453,7384.475098
3894,490.591,-0.14384206524135001,7382.395508
3895,490.717,-0.35607690851361357,7383.271973
3896,490.843,-0.5295555557792485,7381.099121
3897,490.969,-0.7156917457630378,7381.980469
3898,491.095,-0.742046402832013,7379.08252
3899,491.221,-0.7466484295947128,7376.462402
3900,491.347,-0.6462401232458436,7376.374512
3901,491.473,-0.43168867258086563,7380.875977
3902,491.599,-0.14267690963038185,7381.668945
3903,491.725,0.1061168546894603,7381.324707
3904,491.851,0.3731543716479019,7382.695801
3905,491.977,0.47552466489916595,7384.178711
3906,492.103,0.5626077872202853,7381.981445
3907,492.229,0.5862388225133037,7382.921387
3908,492.355,0.5928582644920682,7382.837891
3909,492.481,0.5836821133751562,7380.023438
3910,492.607,0.6066125432033703,7390.317383
3911,492.733,0.748107107229292,7381.702148
3912,492.859,0.8852954321046863,7380.808594
3913,492.985,1.0913781986524145,7378.828125
3914,493.111,1.281575346757621,7377.41748
3915,493.237,1.3488089585921215,7383.735352
3916,493.363,1.274688090728428,7381.44043
3917,493.489,1.1302955821695966,7383.062988
3918,493.615,0.8850083793642787,7382.162598
3919,493.741,0.5168561979223607,7382.049805
3920,493.867,0.2459543919184085,7378.778809
3921,493.993,0.024764472895360972,7379.932129
3922,494.119,-0.00994376632353231,7379.470215
3923,494.245,0.005007823835059342,7381.151855
3924,494.371,0.11883449418016115,7380.862793
3925,494.497,0.17432298601369653,7379.65625
3926,494.623,0.18547781379023207,7380.958496
3927,494.749,0.02975816011383723,7381.06543
3928,494.875,-0.0697967171802727,7380.631348
3929,495.001,-0.12021805147554192,7383.012207
3930,495.127,-0.15674023575098311,7380.816895
3931,495.253,0.028191826978647513,7380.84375
3932,495.379,0.4212643791650732,7380.29834
3933,495.505,0.7861233909587448,7382.096191
3934,495.631,1.1356454031239505,7380.900879
3935,495.757,1.3239766283797003,7386.685059
3936,495.883,1.2116495555631883,7381.877441
3937,496.009,1.1177503595783314,7380.042969
3938,496.135,0.928278162272245,7381.040527
3939,496.261,0.8363825923595182,7381.217773
3940,496.387,0.7606398014343655,7379.598633
3941,496.513,0.7237370015541341,7379.049316
3942,496.639,0.6712841144811664,7382.063477
3943,496.765,0.442299496347661,7377.04834
3944,496.891,0.25520530148466636,7380.04834
3945,497.017,-0.15355063751443146,7376.030273
3946,497.143,-0.48605864699434986,7378.848145
3947,497.269,-0.633407133892441,7382.350586
3948,497.395,-0.7839008809110247,7382.777832
3949,497.521,-0.8451901418247283,7384.618164
3950,497.647,-0.8214993353559692,7384.787598
3951,497.773,-0.7649131861670598,7382.699707
3952,497.899,-0.7651014468047485,7381.954102
3953,498.025,-0.7485354311553553,7381.895996
3954,498.151,-0.582130868385458,7378.083984
3955,498.277,-0.42299645640587086,7388.921387
3956,498.403,-0.2452820478326145,7377.592285
3957,498.529,-0.09796660021427879,7381.980469
3958,498.655,-0.09013522021514103,7381.185059
3959,498.781,-0.36424979072556424,7380.248047
3960,498.907,-0.6026618504100725,7381.393066
3961,499.033,-0.919819498409545,7381.950195
3962,499.159,-1.0881062363201854,7381.465332
3963,499.285,-1.0301872010775401,7384.485352
3964,499.411,-0.7773680688622746,7377.807129
3965,499.537,-0.5914381764842739,7380.025391
3966,499.663,-0.3680534916457713,7379.12793
3967,499.789,-0.3605451441868419,7380.131348
3968,499.915,-0.5589440681311745,7380.561035
3969,500.041,-0.8025368501598478,7379.580566
3970,500.167,-1.029602040973309,7376.362305
3971,500.293,-1.193772386150315,7379.89502
3972,500.419,-1.2452912978579593,7380.155762
3973,500.545,-1.2530268142966041,7377.11084
3974,500.671,-1.240702234613468,7378.32666
3975,500.797,-1.1910671070979824,7379.643066
3976,500.923,-1.222148647795522,7378.8125
3977,501.049,-1.1679867557886487,7380.152344
3978,501.175,-0.9762881496244289,7378.239258
3979,501.301,-0.7439827876706558,7379.619141
3980,501.427,-0.5398890170531123,7381.012207
3981,501.553,-0.36052574642792323,7377.846191
3982,501.679,-0.37753252024961287,7379.357422
3983,501.805,-0.5197204000702154,7374.430664
3984,501.931,-0.7127450298806344,7375.77002
3985,502.057,-0.7648533898741947,7379.01416
3986,502.183,-0.7221758484228636,7378.263184
3987,502.309,-0.3816906087272356,7376.114746
3988,502.435,0.03500436060087039,7383.675781
3989,502.561,0.5436340910046308,7380.467285
3990,502.687,1.0293812656113697,7377.560547
3991,502.813,1.3667617949449922,7378.441406
3992,502.939,1.538512858826683,7381.037598
3993,503.065,1.4245006339708226,7381.209473
3994,503.19,1.207317641404194,7376.704102
3995,503.317,0.911950206091712,7379.526855
3996,503.443,0.5067796398427218,7378.644531
3997,503.568,0.12458781903901411,7379.522949
3998,503.695,-0.21448887865258895,7376.10791
3999,503.821,-0.4170165512563076,7378.670898
4000,503.946,-0.4318009136417914,7376.991211
4001,504.073,-0.2993282635285577,7378.876465
4002,504.198,0.008765786730904708,7381.044434
4003,504.324,0.2803770082630289,7376.42041
4004,504.45,0.6164272471855943,7376.362793
4005,504.577,0.818065723085373,7375.992676
4006,504.703,0.8919593692580602,7370.633301
4007,504.828,1.0119026814452454,7378.336914
4008,504.955,1.1378397312769688,7374.626953
4009,505.08,1.3960536738862217,7378.044922
4010,505.206,1.690143476467415,7376.510254
4011,505.333,1.9033249969787056,7377.994141
4012,505.459,1.928857060300774,7375.172852
4013,505.584,1.7634273672725336,7374.626465
4014,505.71,1.246267482301587,7376.224121
4015,505.836,0.6644245244895963,7375.221191
4016,505.962,-0.05762166859078923,7371.296387
4017,506.088,-0.7221280515122662,7375.077637
4018,506.214,-1.1706492999319578,7374.396484
4019,506.34,-1.3366494578422379,7374.374023
4020,506.466,-1.4313659732691153,7387.996582
4021,506.592,-1.408206911950012,7376.084473
4022,506.718,-1.2787687713774003,7377.074707
4023,506.844,-1.238076795797183,7378.360352
4024,506.97,-1.2859989257748883,7377.696289
4025,507.096,-1.351196185215628,7380.508789
4026,507.222,-1.3776727270868578,7376.564453
4027,507.348,-1.237618492129993,7374.400879
4028,507.474,-1.0557710555739,7371.782715
4029,507.6,-0.7524824053692893,7378.363281
4030,507.726,-0.43037906554537775,7374.976074
4031,507.852,-0.11902903826167612,7378.610352
4032,507.978,0.05887256640273809,7378.643066
4033,508.104,0.260867826319156,7373.698242
4034,508.23,0.4089095458554624,7379.587402
4035,508.356,0.4191525086806852,7375.907715
4036,508.482,0.4121090145026026,7378.270508
4037,508.608,0.3121729995479032,7377.421875
4038,508.734,0.20762923986515658,7370.249512
4039,508.86,0.019024675271812595,7378.907715
4040,508.986,-0.08357234237461789,7376.617676
4041,509.112,-0.137746132028164,7378.049316
4042,509.239,-0.04315590602496791,7377.281738
4043,509.364,0.15086748244336765,7380.352051
4044,509.49,0.3145526038270709,7378.214844
4045,509.616,0.467085721404067,7379.413574
4046,509.742,0.5169116353258588,7378.907715
4047,509.868,0.4525982763444509,7374.525879
4048,509.994,0.42937391352004994,7379.147461
4049,510.12,0.4936703965743167,7377.474121
4050,510.246,0.6759564071251296,7380.18457
4051,510.372,0.9117673038894332,7377.98877
4052,510.498,1.212815504261564,7385.427734
4053,510.624,1.4898646146481014,7377.788086
4054,510.75,1.582364682203541,7381.637207
4055,510.876,1.6486708199299807,7378.341309
4056,511.002,1.5852162550486735,7380.466797
4057,511.128,1.379671104003207,7382.480957
4058,511.254,1.1591355250152657,7377.245605
4059,511.38,0.9396335481064036,7381.665039
4060,511.506,0.6958149809927894,7375.976563
4061,511.632,0.5233526598189565,7384.071289
4062,511.758,0.32010066686444943,7376.339844
4063,511.884,0.16547589384125938,7379.927246
4064,512.01,0.010090206696983257,7383.382813
4065,512.136,-0.17172962169686193,7383.561035
4066,512.262,-0.26853848966835314,7381.160156
4067,512.388,-0.4553214512503163,7378.530762
4068,512.514,-0.5656737128646654,7380.552734
4069,512.64,-0.5772059967898008,7380.473633
4070,512.766,-0.5821428065057147,7379.081055
4071,512.892,-0.6119018951172688,7387.285645
4072,513.018,-0.626406413349491,7382.862793
4073,513.144,-0.6617751790887896,7379.641113
4074,513.27,-0.6399971689985958,7377.844727
4075,513.396,-0.579655069865821,7379.531738
4076,513.522,-0.522340118942417,7381.070801
4077,513.648,-0.4590187133044868,7382.376953
4078,513.774,-0.5080014989447396,7379.972168
4079,513.9,-0.6744827082622683,7381.130859
4080,514.026,-0.9187105602822754,7378.978027
4081,514.152,-1.216807742439711,7383.463379
4082,514.278,-1.3829972100899348,7381.121094
4083,514.404,-1.431552343563013,7383.894531
4084,514.53,-1.512200117280254,7378.135742
4085,514.656,-1.3674701130776765,7381.194824
4086,514.782,-1.1574245690927132,7382.154785
4087,514.908,-0.9302012808954749,7385.660645
4088,515.034,-0.5775404037931053,7383.098633
4089,515.16,-0.23846468898957535,7381.992188
4090,515.286,0.22720296248230928,7386.293945
4091,515.412,0.5822902264607044,7382.804199
4092,515.538,0.9546376447612271,7385.713867
4093,515.664,1.1051571737829577,7379.053711
4094,515.79,1.062564754818568,7388.295898
4095,515.916,0.9704366726292576,7380.544434
4096,516.042,0.7928691117100558,7381.808594
4097,516.168,0.6303136785957533,7382.609863
4098,516.294,0.5061644406491339,7381.824707
4099,516.42,0.5316579639095812,7380.147461
4100,516.546,0.5222218162532855,7379.295898
4101,516.672,0.5924911545080671,7378.783203
4102,516.798,0.7312911953521752,7380.805176
4103,516.924,0.9308031854183345,7380.805664
4104,517.05,1.1194096574996997,7385.755371
4105,517.176,1.2256754962315177,7384.148438
4106,517.302,1.1321509884037664,7388.175781
4107,517.428,0.8306724549029247,7382.863281
4108,517.554,0.47006059185986826,7392.500977
4109,517.68,0.1457872925649561,7384.578613
4110,517.806,-0.0665376061650488,7383.488281
4111,517.932,-0.10109544330973994,7383.080566
4112,518.058,-0.11075585417495742,7385.07373
4113,518.184,-0.034043463503113054,7382.642578
4114,518.31,-0.06964115754165014,7383.34668
4115,518.436,-0.23792493134804912,7386.120605
4116,518.562,-0.3913709235048188,7382.733398
4117,518.688,-0.5158138314276117,7387.577148
4118,518.814,-0.593269360105034,7383.324219
4119,518.94,-0.5335440883231505,7384.974609
4120,519.066,-0.44257803577546273,7387.895508
4121,519.192,-0.3781311844930294,7383.95459
4122,519.318,-0.4727256726350146,7385.062012
4123,519.443,-0.6758679325235295,7381.8125
4124,519.57,-0.9352368675790929,7385.31543
4125,519.696,-1.2543738006411376,7384.687988
4126,519.821,-1.553496819785591,7380.817871
4127,519.947,-1.6748847099598048,7387.499512
4128,520.074,-1.7408593078741423,7385.287598
4129,520.2,-1.64058299469555,7384.257813
4130,520.326,-1.5946386454608859,7382.216797
4131,520.451,-1.434029058201048,7388.637207
4132,520.578,-1.3556047825527469,7382.312988
4133,520.703,-1.3024381042977635,7378.897949
4134,520.829,-1.4175588195090498,7381.268066
4135,520.955,-1.2514504480340884,7378.788086
4136,521.081,-1.1370501328669156,7378.952148
4137,521.207,-1.0307528078306185,7376.826172
4138,521.333,-0.8401403497282867,7379.978516
4139,521.459,-0.6010698230121823,7381.069336
4140,521.585,-0.3835547602931458,7379.319336
4141,521.711,-0.175884011201793,7377.763672
4142,521.837,0.09604579108484178,7378.873047
4143,521.964,0.2162361607822194,7378.186035
4144,522.09,0.3222087999985321,7378.473633
4145,522.215,0.40225128263795923,7375.628418
4146,522.341,0.3834613262739174,7379.757813
4147,522.467,0.24744082055244113,7378.269043
4148,522.593,0.35610283455318625,7379.013672
4149,522.719,0.38097010139503373,7376.457031
4150,522.845,0.36580449504510093,7381.598145
4151,522.971,0.46722975776312226,7380.203125
4152,523.097,0.49673589803750123,7376.705078
4153,523.223,0.4979680524120202,7378.014648
4154,523.349,0.5646449542116239,7377.819336
4155,523.475,0.6701638977329211,7378.418945
4156,523.601,0.8406242853146618,7381.009277
4157,523.727,1.0470755202968123,7377.642578
4158,523.853,1.376150193783399,7379.120117
4159,523.979,1.4967527558263145,7377.074219
4160,524.105,1.6115282746083988,7375.915039
4161,524.231,1.50529746397986,7377.106934
4162,524.357,1.4513534435008248,7381.641602
4163,524.483,1.2996747805954927,7382.746094
4164,524.609,1.2295379436137088,7373.783203
4165,524.735,1.1061724636750083,7376.196289
4166,524.861,0.9526559046828381,7379.720703
4167,524.987,0.7428799414635027,7379.699219
4168,525.113,0.3515945163116124,7380.89502
4169,525.239,-0.04115032751740116,7377.478516
4170,525.365,-0.3612654090132546,7380.064941
4171,525.491,-0.4204097914854743,7378.867188
4172,525.617,-0.424579476766145,7378.25293
4173,525.743,-0.21817543358194444,7382.452148
4174,525.869,-0.04350332099073532,7383.928711
4175,525.995,0.18293078453240186,7379.896973
4176,526.121,0.2072202432622119,7379.896973
4177,526.247,0.12460069148012899,7379.786133
4178,526.373,0.058021746102793634,7379.915039
4179,526.499,-0.06879966494293677,7377.304688
4180,526.625,-0.07053693234641459,7377.615234
4181,526.751,-0.06854031168464648,7381.134766
4182,526.877,-0.21734745843963846,7382.520508
4183,527.003,-0.4668722710287053,7375.475586
4184,527.129,-0.7436555966454788,7379.217773
4185,527.255,-1.0795781972570777,7376.674805
4186,527.381,-1.4167818353049684,7376.908203
4187,527.507,-1.604337236710166,7380.876465
4188,527.633,-1.5740276385050187,7378.050293
4189,527.759,-1.4305246894412613,7373.576172
4190,527.885,-1.1671939908285536,7376.474121
4191,528.011,-0.9085334884114855,7379.131836
4192,528.137,-0.6892475472471822,7371.947754
4193,528.263,-0.5766737200128513,7379.154297
4194,528.389,-0.4644294295366096,7373.944336
4195,528.515,-0.350170042239796,7376.786621
4196,528.641,-0.1370327118043955,7372.379883
4197,528.767,0.1286927096235744,7378.412109
4198,528.893,0.5369750553209485,7377.104492
4199,529.019,0.9487557030409284,7377.217285
4200,529.145,1.3038275259206047,7373.772461
4201,529.271,1.5801590277657884,7373.599609
4202,529.397,1.748702882528398,7374.456543
4203,529.523,1.7265009202492045,7376.941895
4204,529.649,1.5825824561388933,7377.697266
4205,529.775,1.3435355187347449,7377.991211
4206,529.901,1.0119076082013132,7372.787109
4207,530.027,0.7555939501651692,7374.283691
4208,530.153,0.4517144314489488,7377.814453
4209,530.279,0.3300969109609317,7374.853027
4210,530.405,0.3137977888497791,7380.379395
4211,530.531,0.29877150545311715,7367.422363
4212,530.657,0.34503932372654966,7373.14502
4213,530.783,0.2691371942121239,7377.017578
4214,530.909,0.05128993258019214,7375.568359
4215,531.035,-0.17834869284253838,7375.922363
4216,531.161,-0.41252120985462154,7369.466797
4217,531.287,-0.5860332428630013,7376.191406
4218,531.413,-0.5574513006528847,7375.309082
4219,531.539,-0.33776914751102194,7375.246094
4220,531.665,0.026900332498384597,7374.943848
4221,531.791,0.37305649811855685,7365.886719
4222,531.917,0.7119999541113153,7374.544434
4223,532.043,0.9032686726539713,7376.188477
4224,532.169,0.8849718262165635,7376.699707
4225,532.295,0.8448757252449912,7376.103516
4226,532.421,0.6259998766784461,7378.464844
4227,532.547,0.46218496860387603,7378.074219
4228,532.673,0.2654648628457501,7375.960449
4229,532.799,0.049170162442343165,7378.671387
4230,532.925,-0.21870178535857865,7379.487305
4231,533.051,-0.43697990824788324,7379.160156
4232,533.177,-0.7604655778702692,7375.818848
4233,533.303,-0.8666860203589699,7375.967285
4234,533.429,-0.984718356535375,7375.944824
4235,533.555,-0.8818204998702418,7373.26123
4236,533.681,-0.7951167123811885,7377.644043
4237,533.807,-0.5448140488076334,7378.355957
4238,533.933,-0.3953457236269849,7377.471191
4239,534.059,-0.30014770151573356,7375.628418
4240,534.185,-0.2807921470853324,7382.345703
4241,534.311,-0.28126937766128546,7375.788086
4242,534.437,-0.33411735804212156,7377.103027
4243,534.563,-0.2726498809049823,7376.371582
4244,534.689,-0.31377134988491884,7376.102051
4245,534.815,-0.2650682106565438,7375.654785
4246,534.941,-0.29231731922675436,7373.973145
4247,535.067,-0.16368114845978263,7375.934082
4248,535.192,-0.2135910057350786,7376.248047
4249,535.319,-0.3072931039760282,7378.540039
4250,535.445,-0.4787578414989957,7378.883301
4251,535.57,-0.768543343322127,7374.825195
4252,535.698,-1.0812875101551278,7374.423828
4253,535.823,-1.2489397286111514,7375.564453
4254,535.949,-1.227539097505466,7376.415527
4255,536.074,-1.0208605779073008,7375.958496
4256,536.2,-0.778621239447775,7374.540039
4257,536.327,-0.36288675147027993,7376.817383
4258,536.453,-0.04462332133736918,7375.417969
4259,536.578,0.29167469802063434,7376.260742
4260,536.705,0.5050823192208457,7376.374512
4261,536.831,0.6984494442282752,7377.249512
4262,536.956,0.7559484293126888,7376.418945
4263,537.084,0.949910550183695,7374.710449
4264,537.209,0.9476550354125409,7378.671387
4265,537.334,0.9292273934866432,7376.158691
4266,537.46,0.8352705236652086,7373.060059
4267,537.586,0.7366914768084708,7375.223145
4268,537.713,0.6579099555846504,7377.05127
4269,537.838,0.5390919029104216,7377.196777
4270,537.965,0.495539184531869,7373.461914
4271,538.09,0.42255478139890357,7374.335449
4272,538.216,0.291449406764022,7375.646973
4273,538.342,0.1702095605889589,7374.462891
4274,538.468,0.10460863737732695,7384.366699
4275,538.594,0.15552473102767506,7367.73877
4276,538.72,0.20764242147280867,7375.364258
4277,538.846,0.15142651391518636,7374.797363
4278,538.973,0.1736094419138223,7374.540039
4279,539.098,-0.07361635909502576,7371.725098
4280,539.224,-0.4225931431111899,7373.760742
4281,539.35,-0.7961522669268387,7374.880371
4282,539.476,-1.212266900257832,7375.820801
4283,539.602,-1.375035787705771,7377.440918
4284,539.728,-1.4904311133025998,7370.729492
4285,539.854,-1.2957518108359707,7371.994141
4286,539.98,-0.9906007489846753,7375.617676
4287,540.106,-0.6140825224949471,7375.476074
4288,540.232,-0.3504575568091757,7372.131836
4289,540.358,-0.1369539937079602,7375.595703
4290,540.484,-0.041841641721231296,7378.440918
4291,540.611,-0.016933379962974178,7375.359863
4292,540.736,-0.08043825840191214,7372.857422
4293,540.862,-0.15144159889539704,7370.209961
4294,540.989,-0.1652061561784607,7373.378418
4295,541.114,-0.22646521724000532,7372.664063
4296,541.24,-0.355298559982908,7371.358398
4297,541.366,-0.4302399255205496,7371.263672
4298,541.492,-0.5578779317869713,7366.773926
4299,541.618,-0.7011446379003431,7369.737305
4300,541.744,-0.6222044591635323,7370.96582
4301,541.87,-0.5614900228009213,7371.922852
4302,541.996,-0.32282933498401156,7370.494629
4303,542.122,-0.0376106293285026,7371.408691
4304,542.248,0.41876362723313243,7368.134766
4305,542.374,0.8978010038424965,7367.527832
4306,542.5,1.2727679579184987,7366.970215
4307,542.626,1.6404969456980343,7371.379395
4308,542.752,1.7126592787897577,7369.925293
4309,542.878,1.6621172944028435,7370.621582
4310,543.004,1.349338693112091,7370.45459
4311,543.13,0.8873617447097838,7369.870605
4312,543.256,0.33670083547357177,7368.591797
4313,543.382,-0.073286907405393,7367.79834
4314,543.508,-0.38187530888395665,7372.435547
4315,543.634,-0.23133096421155527,7367.052246
4316,543.76,0.0733866037888542,7370.846191
4317,543.886,0.3232486356986847,7368.710449
4318,544.012,0.775045258098481,7370.746582
4319,544.138,0.44711688273661043,7371.313965
4320,544.264,-0.0007214589514788394,7375.238281
4321,544.39,-0.3256999048874809,7371.359375
4322,544.516,-0.8041857850011177,7372.317383
4323,544.642,-0.7439773662272495,7369.61377
4324,544.768,-0.39423362577655185,7374.964844
4325,544.894,-0.24385627141416938,7367.202148
4326,545.02,0.09827724930620499,7365.626953
4327,545.146,0.0534404353587361,7368.990723
4328,545.272,-0.2585561069034409,7369.5
4329,545.398,-0.48244586619774027,7369.793457
4330,545.524,-0.7488346217168896,7369.013672
4331,545.65,-0.732638811537365,7366.981934
4332,545.776,-0.6576299643041741,7367.845215
4333,545.903,-0.46901197758009094,7369.213867
4334,546.028,-0.2576664395487444,7369.555664
4335,546.154,-0.008734552924012056,7370.620117
4336,546.28,0.18545051533345575,7366.275391
4337,546.406,0.2924322931742377,7369.475586
4338,546.532,0.5427658852667311,7367.796387
4339,546.658,0.6825408172701622,7368.192871
4340,546.784,0.8504072463373633,7369.813965
4341,546.91,0.8744397552019926,7370.914063
4342,547.036,0.8148420219390805,7366.318359
4343,547.162,0.7497813960145765,7369.157227
4344,547.288,0.6223366860931268,7369.67041
4345,547.414,0.702602957518522,7367.50293
4346,547.541,0.8444505000875997,7366.57959
4347,547.666,1.0280190771954474,7366.429199
4348,547.792,1.2762427256568203,7366.753418
4349,547.918,1.3944885070190642,7366.99707
4350,548.044,1.4742871234285293,7371.516113
4351,548.17,1.4474554052847504,7366.263184
4352,548.296,1.1847405735424998,7375.666992
4353,548.422,0.8710917710679303,7368.911133
4354,548.548,0.40040500048179456,7367.061523
4355,548.674,0.04922526474750799,7367.281738
4356,548.8,-0.27940697025554667,7369.243164
4357,548.926,-0.49915110109055294,7368.023926
4358,549.052,-0.5097571665512225,7371.796875
4359,549.178,-0.4285445990519663,7370.504395
4360,549.304,-0.23402145101890448,7368.393066
4361,549.43,-0.1253486301680011,7368.102051
4362,549.556,-0.04517273389887604,7372.580566
4363,549.682,-0.12469222051036868,7366.430664
4364,549.808,-0.29921916314302743,7370.779297
4365,549.934,-0.44468613267941914,7368.59082
4366,550.06,-0.5187113417643867,7369.783691
4367,550.186,-0.5167231261821351,7370.187988
4368,550.312,-0.3101076172995469,7371.847656
4369,550.438,-0.16850310527479448,7371.786621
4370,550.564,-0.03140578694595111,7369.194336
4371,550.689,-0.03062509749697598,7368.758789
4372,550.817,-0.07713080603912062,7367.855957
4373,550.941,-0.13113830318149036,7372.974121
4374,551.067,-0.18068974661875,7372.562012
4375,551.194,-0.019746745907760186,7369.277832
4376,551.32,0.3003959382028378,7369.022949
4377,551.445,0.5727666343571333,7369.724609
4378,551.572,1.046459819415187,7367.04541
4379,551.698,1.2564217370406958,7374.898926
4380,551.824,1.4088205953661763,7369.851563
4381,551.95,1.426016704116392,7366.834473
4382,552.075,1.29317629420163,7370.263672
4383,552.202,1.170686299760852,7372.541016
4384,552.327,1.1256101636744311,7369.281738
4385,552.453,1.1946067029241467,7374.137207
4386,552.579,1.389927984065914,7370.650391
4387,552.705,1.3227092516195897,7370.919922
4388,552.832,1.2851875616827022,7369.387695
4389,552.958,1.0821871583598264,7372.631348
4390,553.084,0.7793932721155915,7368.460449
4391,553.21,0.39127917877176016,7375.073242
4392,553.335,0.13508204468358168,7372.006348
4393,553.462,-0.029641755290325568,7370.009277
4394,553.587,-0.11860163947734495,7369.95166
4395,553.713,-0.10056664427657291,7367.933105
4396,553.839,-0.24187159214152204,7371.521484
4397,553.965,-0.33319706010029526,7369.375977
4398,554.092,-0.6825516874768358,7367.569824
4399,554.217,-1.009949688098966,7368.962402
4400,554.343,-1.2120707196301743,7369.871582
4401,554.469,-1.2715486219471512,7371.433594
4402,554.595,-0.9734278557548246,7370.086914
4403,554.721,-0.7070979809992808,7366.816895
4404,554.847,-0.31314179835017397,7370.159668
4405,554.973,-0.08793392627452595,7370.26416
4406,555.099,-0.0056981158832136985,7372.069824
4407,555.225,-0.1095639187471399,7372.749023
4408,555.351,-0.27482238084952415,7367.554199
4409,555.477,-0.5097833869153133,7367.714844
4410,555.603,-0.5806774773958305,7369.302246
4411,555.729,-0.6035189797360733,7368.143555
4412,555.855,-0.5131729092424101,7370.183594
4413,555.981,-0.3940409131780408,7365.724609
4414,556.107,-0.264923721608666,7370.81543
4415,556.233,-0.04635351283347458,7368.422363
4416,556.359,0.08982670569614609,7370.748535
4417,556.485,0.23105468700502985,7371.512207
4418,556.611,0.3251685127668946,7371.597168
4419,556.737,0.3899687473707766,7378.260254
4420,556.863,0.3872971812584246,7370.237793
4421,556.989,0.43093813700219913,7369.32959
4422,557.115,0.41731697924164374,7369.63916
4423,557.241,0.5716674156033706,7370.105957
4424,557.368,0.7913230754006875,7366.936035
4425,557.493,1.128687174860683,7371.327637
4426,557.619,1.4841879855737972,7369.918945
4427,557.745,1.7149163848098992,7370.831055
4428,557.871,1.7943711408574683,7371.324219
4429,557.997,1.7029973118274868,7373.575684
4430,558.123,1.4584726111795108,7372.237793
4431,558.249,1.2441834560236622,7374.439453
4432,558.376,0.8673262479362849,7369.694336
4433,558.502,0.6715970820761904,7370.096191
4434,558.628,0.44644909841837904,7372.803711
4435,558.753,0.16574055699265863,7372.318848
4436,558.879,-0.06469409049708755,7374.812988
4437,559.006,-0.3781879814947794,7372.094727
4438,559.131,-0.592962561469354,7369.211914
4439,559.257,-0.7861949272614608,7369.916504
4440,559.383,-0.7958226198999335,7370.946777
4441,559.509,-0.7230273838132315,7364.876465
4442,559.635,-0.5455051479011811,7363.84082
4443,559.761,-0.33955070371571755,7366.373047
4444,559.887,-0.2704486946215215,7365.37793
4445,560.013,-0.21321450039137999,7363.052246
4446,560.139,-0.2840111904542226,7365.375977
4447,560.265,-0.39952148590477377,7365.399414
4448,560.391,-0.5895724387728832,7367.595703
4449,560.517,-0.6957725533863106,7364.351563
4450,560.643,-0.8028736735327021,7364.240723
4451,560.769,-0.8096503814934753,7365.09668
4452,560.895,-0.8451745448339391,7361.907715
4453,561.021,-0.761999334142463,7363.884277
4454,561.147,-0.7818170303114508,7365.320801
4455,561.274,-0.8253648293639911,7363.758301
4456,561.399,-0.9741505234475778,7362.830566
4457,561.525,-1.0910044018406675,7363.793457
4458,561.651,-1.216112893870863,7368.695801
4459,561.777,-1.1270730980561647,7365.632813
4460,561.903,-0.9383519421414386,7366.853516
4461,562.029,-0.5543294511166174,7366.291992
4462,562.155,-0.06861201205521963,7365.743652
4463,562.282,0.4471816804879913,7366.922852
4464,562.407,0.8306589063531482,7368.959473
4465,562.533,1.0939394703871983,7364.77832
4466,562.659,1.114244398481422,7364.382813
4467,562.785,0.9357960519725392,7366.795898
4468,562.911,0.6328428829225917,7365.041504
4469,563.037,0.29329838205462333,7362.477051
4470,563.163,-0.00034039068211874163,7369.959961
4471,563.289,-0.20677755119284472,7364.525391
4472,563.415,-0.33918737305475005,7366.859375
4473,563.541,-0.4406503294210884,7365.554688
4474,563.667,-0.39264489617643306,7366.236328
4475,563.793,-0.3139974510124208,7365.296387
4476,563.919,-0.17202284457142683,7366.973633
4477,564.045,0.12622286483966905,7367.10791
4478,564.171,0.43848910268536717,7365.412598
4479,564.297,0.6903586779106254,7367.617188
4480,564.423,0.8331301796079655,7363.299805
4481,564.549,1.1436853634233164,7359.733887
4482,564.675,1.277547590457534,7364.894531
4483,564.801,1.4369747077539818,7362.479492
4484,564.927,1.6229063430417443,7366.467285
4485,565.053,1.5340689710632258,7362.165039
4486,565.179,1.5714201277618494,7358.229004
4487,565.305,1.4458226529543308,7362.763184
4488,565.431,1.19060647704669,7364.665039
4489,565.557,0.9717240477569883,7363.925781
4490,565.683,0.8423576182204752,7366.848633
4491,565.809,0.7986374216476126,7361.430664
4492,565.935,1.1230064295656963,7364.191406
4493,566.061,1.3521246164200817,7366.228027
4494,566.187,1.6909443113473128,7366.856445
4495,566.313,1.784817392107975,7366.123535
4496,566.439,1.6967830314222445,7367.014648
4497,566.565,1.4336251181491697,7363.213379
4498,566.691,1.0816576578071748,7366.061523
4499,566.816,0.8017093240084535,7365.972656
4500,566.943,0.4630958834934593,7367.048828
4501,567.069,0.14083353001686455,7358.467773
4502,567.194,-0.14736529246418675,7365.778809
4503,567.32,-0.47903183889785805,7367.490723
4504,567.446,-0.9650839014443199,7370.092773
4505,567.572,-1.2490665976210455,7366.601563
4506,567.699,-1.5413938204077964,7370.697754
4507,567.824,-1.6494784108466898,7368.273926
4508,567.95,-1.5865775009503478,7370.149902
4509,568.076,-1.389730592873731,7370.578125
4510,568.203,-1.0579418125052997,7370.662109
4511,568.328,-0.7736732279609446,7370.236328
4512,568.455,-0.561367109600164,7372.170898
4513,568.58,-0.4731713661361391,7369.787598
4514,568.707,-0.47594657592997375,7370.212402
4515,568.832,-0.4554259451179297,7369.89209
4516,568.958,-0.5281190892478353,7371.256836
4517,569.085,-0.6894082695320067,7369.443359
4518,569.211,-0.8417107207149851,7371.973633
4519,569.337,-1.030956087756983,7367.850586
4520,569.463,-1.1979022258459906,7371.458496
4521,569.588,-1.3111030389105756,7371.059082
4522,569.714,-1.472310040656482,7372.712402
4523,569.84,-1.5408312178722818,7372.160645
4524,569.967,-1.6151568068751216,7371.786133
4525,570.093,-1.800414629063965,7373.793457
4526,570.218,-1.957889802410932,7375.642578
4527,570.344,-2.1105965287932316,7373.660156
4528,570.471,-2.212723008040656,7377.62207
4529,570.596,-2.1926861857939097,7376.483398
4530,570.722,-2.1672517403139637,7374.075684
4531,570.848,-2.044245139723982,7374.134277
4532,570.974,-1.8332363598138748,7374.53125
4533,571.1,-1.656164467524934,7375.189453
4534,571.227,-1.42464434682752,7377.466309
4535,571.352,-1.2063970097316845,7374.126465
4536,571.536,-1.0897310614205864,7374.675781
4537,571.607,-0.8282426706277423,7373.306152
4538,571.73,-0.5654366221729454,7373.678711
4539,571.856,-0.363766158733027,7373.553223
4540,571.982,-0.14987378574105384,7374.661621
4541,572.108,0.07169710200230821,7375.075684
4542,572.234,0.0761949650301538,7374.276855
4543,572.36,0.07957639793513425,7374.123047
4544,572.486,0.11812349881245532,7374.618164
4545,572.612,0.21092172278901875,7370.947266
4546,572.738,0.3702353340172494,7375.525879
4547,572.864,0.6265395742488549,7373.226074
4548,572.99,0.8651150499107955,7374.248047
4549,573.116,0.9900145399584194,7377.850586
4550,573.242,0.9752334690883138,7372.096191
4551,573.368,0.84685526673463,7371.960938
4552,573.494,0.6206083550246161,7374.044434
4553,573.62,0.46834318422862975,7375.041992
4554,573.746,0.3267689992688103,7374.871094
4555,573.872,0.2734402108364922,7377.637695
4556,573.998,0.17878236592826274,7374.44873
4557,574.124,0.08858560613477354,7376.270508
4558,574.25,-0.10036017633679836,7372.566895
4559,574.376,-0.2942378408498798,7374.930176
4560,574.502,-0.44147648909720727,7371.657227
4561,574.628,-0.44288628639932687,7375.51416
4562,574.754,-0.45968061937588883,7376.671875
4563,574.88,-0.2904121898971098,7375.066406
4564,575.006,-0.14083799298456284,7374.417969
4565,575.132,-0.20655284309292676,7376.730469
4566,575.258,-0.3598019288802399,7374.612793
4567,575.384,-0.5097450670730527,7376.769531
4568,575.51,-0.8206136772550763,7373.54248
4569,575.636,-0.978566916739654,7371.911621
4570,575.762,-1.100067896519462,7369.49707
4571,575.888,-1.0606362086643,7371.234863
4572,576.014,-1.0803432591924798,7369.391113
4573,576.14,-1.049714464548854,7377.613281
4574,576.266,-1.0594760328471156,7372.652832
4575,576.392,-1.1082220610847322,7371.396973
4576,576.518,-1.1610745122767394,7367.563965
4577,576.644,-1.1306017643730972,7367.487305
4578,576.77,-1.0185268602898536,7365.095215
4579,576.896,-0.8268269689453549,7370.606934
4580,577.022,-0.7227509933326294,7370.231445
4581,577.148,-0.515336685320068,7371.000977
4582,577.274,-0.44672651257720275,7370.310059
4583,577.4,-0.39237562288110195,7370.804199
4584,577.526,-0.34253920269398114,7369.413086
4585,577.652,-0.2322721762395324,7374.081055
4586,577.778,-0.20517862096121833,7371.599609
4587,577.904,-0.1738363893027551,7371.402344
4588,578.03,-0.26937370165371244,7367.878906
4589,578.156,-0.3990143069872073,7375.46875
4590,578.282,-0.5295531780941146,7371.181641
4591,578.408,-0.5657261303584447,7371.884277
4592,578.534,-0.386221614764491,7372.597656
4593,578.66,-0.19483759864076078,7367.412109
4594,578.786,-0.0040854854907284134,7373.708008
4595,578.912,0.30103782117792804,7367.37793
4596,579.038,0.435652355836386,7370.435059
4597,579.164,0.5199758363063567,7371.312012
4598,579.29,0.6593252667705574,7371.48291
4599,579.416,0.8175506809609091,7371.577637
4600,579.542,1.0959108429875934,7371.34668
4601,579.668,1.4631596831898133,7368.657227
4602,579.794,1.697281038183368,7373.305176
4603,579.92,1.8843151269064928,7372.540039
4604,580.046,1.936110221992991,7370.408691
4605,580.172,1.8466560058417691,7374.871094
4606,580.297,1.6994459849745036,7372.424316
4607,580.492,1.4592748969639058,7372.875488
4608,580.551,1.2870548138756917,7373.586426
4609,580.676,1.1015001859560147,7372.860352
4610,580.801,1.0694299632133693,7375.8125
4611,580.928,0.9652272844626801,7370.456055
4612,581.053,0.8737972780599963,7371.934082
4613,581.18,0.7564522041046139,7370.634277
4614,581.305,0.5494560613053422,7374.562988
4615,581.432,0.24483234473294158,7371.121582
4616,581.558,-0.03867198161575053,7368.701172
4617,581.684,-0.430704855929618,7374.450195
4618,581.81,-0.5827115120034354,7372.457031
4619,581.936,-0.6853367240864648,7374.759277
4620,582.062,-0.5224231184224711,7370.724609
4621,582.188,-0.38347867199767,7374.184082
4622,582.314,-0.11798419744468401,7369.308594
4623,582.44,0.149404668513382,7372.387207
4624,582.566,0.2928627741800154,7372.171875
4625,582.692,0.30383374437890404,7368.451172
4626,582.818,0.19790646266881967,7373.380859
4627,582.943,-0.07127745292373558,7374.535156
4628,583.07,-0.4413800235199939,7372.061523
4629,583.196,-0.7780115814243328,7371.004883
4630,583.322,-1.151893253691816,7373.426758
4631,583.448,-1.4025758921155467,7370.230469
4632,583.574,-1.438485953870047,7369.666016
4633,583.7,-1.4073687772304404,7367.860352
4634,583.826,-0.9648450138763961,7368.069824
4635,583.951,-0.42210212472150166,7368.97998
4636,584.077,0.1254739009456942,7369.756836
4637,584.203,0.6093701043507513,7366.20459
4638,584.329,0.6739830432071456,7373.495117
4639,584.455,0.3780096493065645,7372.977539
4640,584.581,0.07471029389174424,7368.040527
4641,584.707,-0.20544382216754503,7368.898438
4642,584.833,-0.3558520954356567,7367.675781
4643,584.959,-0.14801700707595283,7369.318848
4644,585.085,0.28293796962033557,7367.855469
4645,585.211,0.759867667485187,7369.207031
4646,585.337,1.2097407962987308,7368.041992
4647,585.463,1.4448183224762774,7369.530762
4648,585.589,1.5062687371523045,7369.437988
4649,585.715,1.4010318431298827,7367.753906
4650,585.841,1.2300559550002128,7365.686523
4651,585.967,1.0518073678159947,7367.755859
4652,586.093,0.9382191663470713,7368.55957
4653,586.219,0.9358713652020969,7367.560059
4654,586.345,0.9521006610377591,7368.099121
4655,586.471,0.9902919980833809,7370.55957
4656,586.597,1.0640315378183338,7371.197266
4657,586.723,0.8942450621824516,7370.516602
4658,586.849,0.7043463703557619,7369.585938
4659,586.975,0.4861344529228434,7368.64502
4660,587.101,0.14949343778953378,7369.401367
4661,587.227,-0.12797695943669568,7367.11084
4662,587.353,-0.36952911406701594,7368.958496
4663,587.479,-0.5232927206280933,7367.78418
4664,587.605,-0.630696300066382,7364.946289
4665,587.731,-0.6394946032418324,7369.666016
4666,587.857,-0.5556097511283703,7371.675781
4667,587.983,-0.4799131280592145,7372.082031
4668,588.109,-0.3732657200767118,7369.697754
4669,588.235,-0.22815440187500993,7369.558594
4670,588.361,-0.13901059959800105,7365.997559
4671,588.487,-0.12178980548088314,7372.624512
4672,588.613,-0.15819201177539155,7367.986328
4673,588.739,-0.3247880846871593,7369.010742
4674,588.865,-0.5099240407508896,7370.862793
4675,588.991,-0.8565278294645918,7367.285645
4676,589.117,-1.1105442893082442,7360.075195
4677,589.243,-1.4207315388005262,7365.46875
4678,589.369,-1.54916940079893,7367.753906
4679,589.495,-1.6371589053828972,7365.514648
4680,589.621,-1.5935924408144173,7366.662109
4681,589.747,-1.5785614311873888,7364.326172
4682,589.873,-1.4670877877579815,7368.702637
4683,589.999,-1.4266986803840007,7368.70459
4684,590.125,-1.48327680211354,7366.052734
4685,590.251,-1.6915841012616928,7364.807129
4686,590.377,-1.8821143250778283,7362.612305
4687,590.503,-2.101479238668112,7366.225098
4688,590.629,-2.249655575625922,7362.697266
4689,590.763,-2.2222669627345155,7364.780273
4690,590.881,-2.056773267283497,7366.593262
4691,591.007,-1.7074137223780732,7363.811523
4692,591.133,-1.3417100440597747,7365.308105
4693,591.259,-0.9670221950624932,7366.364746
4694,591.385,-0.6201106964011796,7365.796875
4695,591.511,-0.48348819995552833,7367.130859
4696,591.637,-0.3743099513093588,7368.232422
4697,591.763,-0.5776571245162426,7365.725586
4698,591.889,-0.7438515866506169,7365.6875
4699,592.015,-0.9153495746320628,7363.112793
4700,592.141,-1.042555375264233,7367.105957
4701,592.267,-1.0764169335894325,7365.740723
4702,592.393,-1.112287047112623,7365.586426
4703,592.519,-0.9426574592105823,7366.361328
4704,592.645,-0.878497119284498,7368.386719
4705,592.771,-0.8994145477493662,7365.712402
4706,592.897,-0.8718558867851659,7365.369141
4707,593.023,-0.8047255452786697,7366.883789
4708,593.149,-0.7240135615362149,7369.122559
4709,593.275,-0.683656163100546,7363.811523
4710,593.401,-0.6327874702985675,7366.101563
4711,593.527,-0.6706914655174124,7367.360352
4712,593.653,-0.5929554643645353,7364.523926
4713,593.779,-0.6517505187276063,7368.789063
4714,593.905,-0.6230020299706986,7365.623535
4715,594.031,-0.6024831722876004,7368.299316
4716,594.157,-0.39264842285565005,7366.588867
4717,594.283,-0.1992248795617792,7367.303711
4718,594.409,0.045222615994003096,7368.698242
4719,594.535,0.19897259987512841,7369.355957
4720,594.661,0.18152045570511854,7372.250977
4721,594.787,-0.006547313188195532,7366.260742
4722,594.913,-0.0678298795007719,7367.561523
4723,595.039,-0.20291835591113755,7367.666016
4724,595.165,-0.1003963972580232,7369.376953
4725,595.291,0.08914102107189963,7368.722168
4726,595.417,0.38917548662815415,7368.126465
4727,595.543,0.8219114705022021,7367.789551
4728,595.669,1.133291789579767,7369.521973
4729,595.795,1.31577857832137,7367.336426
4730,595.921,1.3587643413837276,7366.61377
4731,596.047,1.1948818287394631,7364.424316
4732,596.173,1.012437478736841,7369.975586
4733,596.299,0.8346533406112067,7369.353516
4734,596.425,0.6129434283876022,7368.580078
4735,596.551,0.583986063076581,7366.780762
4736,596.677,0.621486154501193,7367.844238
4737,596.803,0.7192154987965528,7368.477539
4738,596.929,0.8224579867527663,7369.066406
4739,597.055,0.9062161290778187,7371.962891
4740,597.181,0.8144347091299216,7370.92041
4741,597.306,0.7245817045402088,7373.171875
4742,597.433,0.5821893579128415,7370.970703
4743,597.559,0.4274912939303366,7371.117188
4744,597.685,0.5041115813303686,7373.42041
4745,597.811,0.5129358436030392,7372.548828
4746,597.937,0.4851877737581806,7372.191895
4747,598.063,0.5874905716848394,7373.866211
4748,598.188,0.6463299145761038,7369.147461
4749,598.315,0.5837654968353079,7368.865723
4750,598.441,0.6068546479623107,7372.635254
4751,598.566,0.7409042175603975,7367.714355
4752,598.692,0.7996302332479844,7371.907227
4753,598.818,1.0685675453083945,7369.640137
4754,598.945,1.1646152248635273,7371.029785
4755,599.07,1.075357358128301,7366.812012
4756,599.196,0.9997079813239688,7372.345215
4757,599.323,0.6763320405642355,7360.206543
4758,599.448,0.3714000543480751,7372.625
4759,599.575,0.05395754057820042,7369.970215
4760,599.7,-0.17460952574204186,7374.165039
4761,599.826,-0.3075519920526522,7371.708008
4762,599.952,-0.4156106727674864,7373.578613
4763,600.079,-0.4954416420524458,7367.877441
4764,600.205,-0.6473695616842451,7370.600586
4765,600.33,-0.7017783056644142,7370.368652
4766,600.456,-0.9298133800950997,7368.566895
4767,600.582,-1.0165527172720905,7371.568848
4768,600.709,-1.1161981583221823,7370.610352
4769,600.835,-1.1714859196092682,7370.524414
4770,600.96,-1.1891818008825623,7370.314453
4771,601.086,-1.150031853399923,7371.090332
4772,601.212,-0.9505925942257972,7374.97998
4773,601.338,-0.7716347818609037,7370.528809
4774,601.464,-0.6238498907935597,7368.959473
4775,601.59,-0.5572274133465283,7372.134277
4776,601.716,-0.5456233697054853,7370.228027
4777,601.842,-0.6583403428023592,7372.089844
4778,601.968,-0.8821371954165463,7368.667969
4779,602.094,-1.1418222949688677,7372.618652
4780,602.22,-1.2779709638921504,7372.876465
4781,602.346,-1.2960706083532454,7370.24707
4782,602.472,-1.2321483010660428,7372.019043
4783,602.598,-0.9290180289700541,7373.961426
4784,602.724,-0.5947530546460199,7371.121582
4785,602.85,-0.24603120851531213,7372.647461
4786,602.976,0.1482311611749468,7372.650391
4787,603.102,0.34624532587958173,7372.708008
4788,603.228,0.26018766392581427,7373.586914
4789,603.354,0.23331623432451765,7371.790039
4790,603.48,0.17352962190713692,7371.991211
4791,603.606,0.14794266824061808,7369.803711
4792,603.732,0.22366447349148724,7375.077148
4793,603.858,0.3836671256387306,7370.432617
4794,603.984,0.5472154636082136,7371.542969
4795,604.11,0.7716395702938807,7370.82959
4796,604.236,0.8488035770429021,7371.757324
4797,604.362,0.83800210638953,7369.317871
4798,604.488,0.8227886129972699,7372.279785
4799,604.614,0.7919208922346622,7371.856445
4800,604.74,0.8434285894402831,7368.31543
4801,604.867,0.9562012413866458,7369.32666
4802,604.992,0.9494286159428694,7367.476074
4803,605.118,0.9267273300669054,7366.820801
4804,605.244,0.9279952630994708,7361.469727
4805,605.37,0.8650457955890138,7370.466309
4806,605.496,0.7541768838663317,7368.837891
4807,605.622,0.7344248667440155,7372.09082
4808,605.748,0.6162954203050058,7368.280273
4809,605.874,0.4451413669279879,7367.886719
4810,606.0,0.1440428470025813,7369.680664
4811,606.126,-0.3073053483376299,7369.492676
4812,606.252,-0.7742537201487246,7366.940918
4813,606.378,-1.1652661382323715,7371.321289
4814,606.504,-1.5171499167790339,7366.664551
4815,606.63,-1.5222704794971569,7367.28125
4816,606.756,-1.3495630551005282,7367.272461
4817,606.882,-1.0615747825984028,7366.96875
4818,607.008,-0.7306744235396729,7365.913086
4819,607.134,-0.5510824451194409,7372.736816
4820,607.26,-0.48006145198184974,7367.665527
4821,607.386,-0.5506691411397518,7370.794434
4822,607.512,-0.6000467786163848,7369.551758
4823,607.638,-0.6985156843961596,7369.895996
4824,607.764,-0.7314082891948588,7367.108398
4825,607.89,-0.7934893422884718,7365.433105
4826,608.016,-0.840549633861733,7370.114746
4827,608.142,-1.049473056973433,7365.094238
4828,608.268,-1.209317462831322,7368.075684
4829,608.394,-1.3945898290340377,7372.499023
4830,608.52,-1.5009182956777065,7369.805176
4831,608.646,-1.4179661389584703,7369.610352
4832,608.772,-1.2251596914159335,7371.132813
4833,608.898,-0.7784563996695385,7371.834473
4834,609.024,-0.14768752745378028,7365.125488
4835,609.15,0.5035947602537701,7368.384766
4836,609.276,1.1715459795538827,7373.104004
4837,609.402,1.7708886332801081,7366.813965
4838,609.528,2.1625707993161343,7372.464844
4839,609.654,2.2677677518564505,7366.533691
4840,609.78,2.0935749033163953,7369.750488
4841,609.906,1.6372821329908438,7370.378906
4842,610.032,1.0680982762775737,7365.213867
4843,610.158,0.5056587889362839,7372.766113
4844,610.284,0.09837668555491781,7366.88916
4845,610.41,-0.09510189647958064,7365.311523
4846,610.536,-0.07047260604545581,7368.014648
4847,610.662,0.015033454696172174,7360.09082
4848,610.788,0.2182949568481876,7365.349609
4849,610.914,0.3082740541174248,7362.955078
4850,611.04,0.3808317918933138,7363.806152
4851,611.166,0.3753097344220588,7361.235352
4852,611.292,0.2715905539679927,7365.161133
4853,611.418,0.23358646505769062,7363.607422
4854,611.544,0.2576485141353989,7361.280762
4855,611.67,0.23965674280935448,7361.964355
4856,611.796,0.28651437174736233,7363.395508
4857,611.922,0.26900690702436214,7359.9375
4858,612.048,0.1855940045421645,7362.27832
4859,612.174,-0.10482860754487093,7361.626953
4860,612.3,-0.4234655681096647,7360.688965
4861,612.425,-0.7157475004461449,7361.303223
4862,612.552,-1.0088929390100199,7364.618652
4863,612.678,-1.1554136815779443,7364.720703
4864,612.804,-1.219611713306316,7360.941895
4865,612.93,-1.1880104025464737,7358.40332
4866,613.055,-0.9739942191461824,7359.513184
4867,613.182,-0.832481655430724,7359.532227
4868,613.308,-0.6308587521639635,7358.782227
4869,613.434,-0.4796323972731705,7360.173828
4870,613.56,-0.16974417611420806,7357.29248
4871,613.686,0.18740023682068893,7355.515137
4872,613.812,0.5813931713844664,7356.914551
4873,613.937,0.9929386790180647,7358.608398
4874,614.064,1.294936193717911,7354.611328
4875,614.189,1.4266973518546866,7348.291016
4876,614.315,1.4211635665323281,7354.917969
4877,614.442,1.2885768832854654,7358.392578
4878,614.568,1.026112518731185,7358.758301
4879,614.694,0.5715079374446923,7358.003418
4880,614.82,0.1880772139144751,7358.158691
4881,614.945,-0.3470737345681924,7356.686523
4882,615.072,-0.6860710508025571,7358.554199
4883,615.198,-0.9501900504013286,7360.043457
4884,615.323,-0.9949592617951621,7358.237793
4885,615.45,-1.012562255736399,7361.182129
4886,615.575,-0.9465697661283333,7359.724609
4887,615.701,-0.8472468503402353,7360.82666
4888,615.827,-0.9131664671498148,7361.077637
4889,615.954,-0.8628262437503387,7360.619141
4890,616.079,-0.8627243962884265,7365.134277
4891,616.205,-0.8133661669967177,7363.527344
4892,616.331,-0.6410332882999178,7362.194336
4893,616.457,-0.3076702591400604,7362.399902
4894,616.583,-0.000652659574476918,7361.688965
4895,616.709,0.1948761777509511,7364.205078
4896,616.835,0.254164819453113,7364.344727
4897,616.961,0.17132799326758597,7360.675293
4898,617.087,-0.0912075063271606,7365.124023
4899,617.214,-0.36956835729321,7365.220703
4900,617.339,-0.5231842092432663,7364.625
4901,617.465,-0.5625357397453189,7363.152832
4902,617.591,-0.3929175742463228,7366.737793
4903,617.717,-0.13788328901023342,7367.345703
4904,617.843,0.1466102994823994,7363.550293
4905,617.969,0.3866860317321165,7364.549805
4906,618.095,0.6177129305656596,7362.842285
4907,618.221,0.8861756503257683,7359.138184
4908,618.348,1.0275680884738145,7364.836426
4909,618.473,1.1929059331487593,7362.527832
4910,618.599,1.1756870786446008,7369.032227
4911,618.725,0.9890662644244613,7360.875977
4912,618.851,0.6490986017466023,7364.182129
4913,618.977,0.2674027541136639,7361.445801
4914,619.103,-0.21973458389472933,7362.643555
4915,619.229,-0.5086974095401732,7363.614746
4916,619.355,-0.7811906560340005,7368.404785
4917,619.481,-0.9083389967965491,7363.963867
4918,619.607,-0.8586438979202196,7364.714355
4919,619.733,-0.7759693037871497,7362.612305
4920,619.859,-0.5604121168812387,7367.853516
4921,619.985,-0.27824251735316885,7360.383789
4922,620.111,0.03504854568958584,7364.605469
4923,620.237,0.25938220241301424,7363.891113
4924,620.363,0.3780160432164693,7365.705078
4925,620.489,0.4052781101540293,7358.038086
4926,620.615,0.3005905076659036,7359.722656
4927,620.741,0.15718848084408193,7362.751465
4928,620.867,0.011331600038787365,7363.158691
4929,620.993,-0.033492817491556096,7363.595703
4930,621.119,-0.08179523872314703,7363.211914
4931,621.245,-0.021554136938124243,7365.194336
4932,621.371,0.00033942726461778277,7363.039063
4933,621.497,0.09823596149976938,7361.765625
4934,621.623,0.1461570769746726,7368.355957
4935,621.749,0.2882363512420423,7365.150391
4936,621.875,0.396708615719839,7362.240234
4937,622.001,0.5270167910546538,7366.138184
4938,622.127,0.6118542146803082,7364.391113
4939,622.253,0.6094224573273888,7357.007813
4940,622.379,0.4751760317920756,7360.145996
4941,622.505,0.1019995716080372,7362.390625
4942,622.631,-0.30275807566701957,7364.270996
4943,622.757,-0.7636820467993116,7363.022461
4944,622.883,-1.132159468522697,7361.035645
4945,623.009,-1.3166616180164705,7363.284668
4946,623.135,-1.293147387705943,7365.505371
4947,623.261,-1.104197346879629,7361.397461
4948,623.387,-0.8731713753165601,7367.53418
4949,623.513,-0.6493173248566038,7363.035645
4950,623.639,-0.572268094503542,7363.607422
4951,623.765,-0.47384725033999114,7366.275879
4952,623.891,-0.4886908432709903,7365.479004
4953,624.017,-0.33813707937680915,7365.720703
4954,624.143,-0.11033167169267924,7359.950195
4955,624.269,0.3680640257360368,7364.908691
4956,624.395,0.8441047727288363,7364.441895
4957,624.522,1.2322857757270065,7363.35498
4958,624.647,1.513012497145031,7362.509766
4959,624.773,1.2981883356392918,7363.549805
4960,624.899,0.9782559741486921,7364.311523
4961,625.025,0.4553790999968301,7364.523926
4962,625.151,0.00673357087654551,7369.57666
4963,625.277,-0.26364801669649746,7364.088867
4964,625.403,-0.31367197558863336,7365.42627
4965,625.529,-0.14991264657830214,7367.016113
4966,625.655,0.048169824357086916,7362.15918
4967,625.781,0.23517903146954994,7368.554199
4968,625.907,0.3244606789865873,7367.50293
4969,626.053,0.33707811977874647,7364.568359
4970,626.159,0.33758124627532343,7368.844727
4971,626.285,0.17556507628513038,7361.742676
4972,626.411,0.1160156230486156,7364.486328
4973,626.537,0.009755912200665467,7366.875488
4974,626.663,-0.15462473531964485,7363.552246
4975,626.789,-0.167454926255287,7361.940918
4976,626.971,-0.17311963614771864,7362.158691
4977,627.041,-0.08497019861987037,7366.474121
4978,627.166,0.1779892981002127,7364.577637
4979,627.293,0.3796697716768406,7364.09082
4980,627.418,0.7112152313886573,7365.69873
4981,627.545,1.0032415984040064,7366.143555
4982,627.671,1.21228713017005,7367.758789
4983,627.797,1.3755007803081993,7364.114258
4984,627.923,1.4881844307144276,7365.061523
4985,628.049,1.5340174455675584,7362.893555
4986,628.175,1.5966500829648114,7364.125488
4987,628.301,1.5350460589606847,7366.136719
4988,628.426,1.5376115771205596,7363.946289
4989,628.553,1.4920733367137862,7362.136719
4990,628.679,1.273171749210868,7365.971191
4991,628.805,0.9000648621076736,7363.827148
4992,628.931,0.4771744916930368,7363.889648
4993,629.057,-0.09426767541783312,7363.233398
4994,629.183,-0.7441434000569941,7361.707031
4995,629.309,-1.1922697884425895,7363.787109
4996,629.434,-1.4877327041018837,7367.836914
4997,629.561,-1.59544147716721,7363.316895
4998,629.686,-1.2780482605818506,7364.112305
4999,629.813,-0.762563064690842,7370.208008
5000,629.938,-0.20753874564609048,7363.47998
5001,630.065,0.25304634647881025,7364.800293
5002,630.191,0.5479376841375323,7364.488281
5003,630.317,0.6061301340303263,7366.85791
5004,630.442,0.4860851041500608,7361.027832
5005,630.568,0.1922076426476444,7366.007324
5006,630.695,-0.0788442789844752,7362.669434
5007,630.82,-0.2610870303112808,7367.535156
5008,630.946,-0.3527777412223322,7359.548828
5009,631.072,-0.35701323537899854,7365.099121
5010,631.198,-0.24820656543601216,7366.450684
5011,631.325,-0.18647421954494967,7365.512207
5012,631.45,-0.07102273239881204,7361.709473
5013,631.576,0.01212087350917676,7359.748047
5014,631.702,0.06196863971230615,7364.655273
5015,631.829,-0.027167768611097796,7361.620605
5016,631.955,-0.1615621418207784,7359.190918
5017,632.081,-0.33447439676091417,7365.736328
5018,632.206,-0.5551383453131137,7363.066895
5019,632.332,-0.6004617163066496,7361.338867
5020,632.458,-0.5976649842880565,7363.722656
5021,632.584,-0.2664211364207681,7362.438965
5022,632.71,0.23406343836185567,7364.759277
5023,632.836,0.6042144229742327,7367.815918
5024,632.962,0.875473698495599,7360.339844
5025,633.088,0.8825159441094229,7363.60791
5026,633.214,0.7035562712173654,7362.758301
5027,633.34,0.37548582368444205,7360.067383
5028,633.466,-0.022816606744206543,7362.293457
5029,633.592,-0.3485487494883992,7362.72168
5030,633.718,-0.6710148783314244,7361.561523
5031,633.844,-0.8798120663170234,7362.70166
5032,633.97,-1.0333982218111377,7362.04541
5033,634.096,-1.163323159180385,7363.771484
5034,634.222,-1.122089934481714,7361.789063
5035,634.348,-0.9201168162382818,7364.559082
5036,634.474,-0.5670370708545607,7366.087891
5037,634.6,0.009786617745447356,7360.686523
5038,634.726,0.6051516334173193,7364.459961
5039,634.852,1.1851913338201816,7364.028809
5040,634.978,1.6256682929676614,7363.52832
5041,635.104,1.8724272605397108,7366.049805
5042,635.23,1.875054405359654,7363.541504
5043,635.356,1.7624914940378238,7362.608887
5044,635.482,1.5575067881864795,7363.550293
5045,635.608,1.3657226279950816,7366.030762
5046,635.734,1.126679210386837,7365.60791
5047,635.86,0.9614823783927992,7360.246582
5048,635.986,0.7681089715668151,7365.111328
5049,636.112,0.47839653695752266,7365.245605
5050,636.238,0.2822636338367799,7362.683105
5051,636.364,0.07518284339510999,7363.401367
5052,636.49,-0.06743338669671119,7364.794922
5053,636.616,-0.16021773760772032,7363.039063
5054,636.742,-0.20964577196843978,7360.749023
5055,636.868,-0.30761149407827215,7364.185547
5056,636.994,-0.3821499411492101,7363.779785
5057,637.12,-0.5417536335251392,7364.203613
5058,637.246,-0.7499358232400551,7364.295898
5059,637.372,-0.9024293115195908,7362.961426
5060,637.498,-0.9348045035142886,7365.987793
5061,637.624,-0.8387978347048821,7362.300781
5062,637.75,-0.6316744652500282,7363.893555
5063,637.876,-0.29750612319077524,7365.515137
5064,638.002,0.0393309865318149,7368.438477
5065,638.128,0.3282480997636051,7363.354492
5066,638.254,0.4798484271929797,7362.671875
5067,638.38,0.597489200624705,7364.629395
5068,638.506,0.5463385767633665,7366.156738
5069,638.632,0.5522430071579449,7369.484863
5070,638.758,0.5601671928768219,7361.720215
5071,638.884,0.595353931109214,7365.567383
5072,639.01,0.627059606061378,7363.954102
5073,639.136,0.598455299368401,7365.876953
5074,639.262,0.5632608026510865,7357.393555
5075,639.388,0.2754712153785248,7360.744141
5076,639.514,-0.012020852648051285,7363.125
5077,639.64,-0.40701666482976906,7364.205566
5078,639.766,-0.7954471062933267,7365.209473
5079,639.892,-1.144107687369198,7364.611816
5080,640.018,-1.3702647837066155,7363.324707
5081,640.144,-1.4224131338880688,7363.745605
5082,640.27,-1.3867114805496172,7366.020996
5083,640.396,-1.224472754502695,7362.818359
5084,640.522,-0.9919351455943041,7365.146484
5085,640.648,-0.6449336122908322,7364.771973
5086,640.774,-0.2879329934185717,7367.310547
5087,640.9,0.13424195722878277,7365.192383
5088,641.026,0.5385478963868,7365.849609
5089,641.152,0.9819762468693425,7365.114746
5090,641.278,1.3133815280672292,7365.057129
5091,641.404,1.6326837570929158,7368.192383
5092,641.53,1.6915129135120575,7360.225098
5093,641.656,1.6328042847219495,7367.951172
5094,641.782,1.3042365706542043,7363.663574
5095,641.908,0.9512017029101872,7366.387695
5096,642.034,0.7714418063714409,7365.274414
5097,642.16,0.5874935109790227,7366.856934
5098,642.286,0.5616717140285746,7364.457031
5099,642.412,0.6926882669210798,7363.325684
5100,642.538,0.8412582363622131,7365.895508
5101,642.664,0.8015566610892749,7361.318359
5102,642.79,0.5688119268800211,7362.896484
5103,642.916,0.33301027566652414,7364.255371
5104,643.042,-0.015823553022672705,7364.396484
5105,643.168,-0.2759704823835113,7366.426758
5106,643.294,-0.45494210207375607,7361.663086
5107,643.419,-0.5448394916628343,7368.405762
5108,643.546,-0.5779817439231748,7365.370117
5109,643.672,-0.5845254522080127,7365.219238
5110,643.798,-0.6978941855510192,7365.827637
5111,643.924,-0.8048254044973331,7362.302246
5112,644.049,-0.8376016210000803,7363.327637
5113,644.176,-0.745682568629818,7364.314453
5114,644.302,-0.5695773875087266,7367.462402
5115,644.428,-0.15862438893592762,7365.619141
5116,644.554,0.35334942434947275,7369.251953
5117,644.679,0.821985473233759,7364.48877
5118,644.805,1.1896076324795357,7365.934082
5119,644.932,1.3889758209185286,7369.524902
5120,645.057,1.330327877698866,7363.365234
5121,645.183,1.0019075697011024,7367.043457
5122,645.309,0.6396099078323578,7365.989258
5123,645.435,0.30049818356000707,7366.44873
5124,645.562,-0.0013642099522621373,7364.295898
5125,645.687,-0.1479553187873597,7364.750977
5126,645.813,-0.23209766872439555,7367.574707
5127,645.939,-0.23659486393763196,7365.113281
5128,646.065,-0.28645212492989514,7364.005371
5129,646.191,-0.43321356154331997,7365.090332
5130,646.318,-0.50676372494916,7366.75293
5131,646.444,-0.6813755387657895,7365.935547
5132,646.569,-0.6245310467681222,7366.847656
5133,646.696,-0.5046822618637558,7368.317383
5134,646.821,-0.26486274196337156,7366.257813
5135,646.948,0.056749511942218604,7365.908691
5136,647.073,0.28649640890889455,7365.225098
5137,647.199,0.48575809975553125,7369.541992
5138,647.325,0.3986968278297316,7370.470215
5139,647.451,0.18503328356512652,7364.232422
5140,647.577,-0.02484589996783021,7368.916504
5141,647.703,-0.3219602414896371,7369.204102
5142,647.829,-0.5144784825444197,7369.429199
5143,647.956,-0.4718515903360377,7372.603516
5144,648.082,-0.40453376320511036,7370.26123
5145,648.207,-0.16463687644749297,7368.404297
5146,648.333,-0.022521000384929865,7368.067383
5147,648.459,0.08913106493411535,7368.943848
5148,648.585,0.23009749254124634,7368.439941
5149,648.711,0.2507900943685844,7366.075684
5150,648.837,0.2914039610019279,7361.790527
5151,648.963,0.20411011963103448,7362.612305
5152,649.089,0.10316377586159996,7358.859375
5153,649.215,-0.01424988898641393,7358.220215
5154,649.341,-0.20945309396423858,7363.125977
5155,649.467,-0.5124631530276847,7361.052246
5156,649.593,-0.8368265097636086,7359.662109
5157,649.719,-1.0437785571792044,7357.564941
5158,649.845,-1.2031506197081268,7359.19873
5159,649.971,-1.256646223288271,7361.141113
5160,650.097,-1.1443638658787476,7362.043457
5161,650.223,-0.9783624282476466,7360.972656
5162,650.349,-0.7399081228876859,7358.868164
5163,650.475,-0.5203763597948075,7361.470703
5164,650.601,-0.259752010114848,7362.407715
5165,650.727,-0.044162040850652604,7365.026367
5166,650.853,0.19259620800362137,7364.463379
5167,650.979,0.5092434041753156,7358.754395
5168,651.105,0.761178685251693,7365.529785
5169,651.231,1.0585849307603468,7361.70166
5170,651.357,1.2880901491297758,7361.171875
5171,651.483,1.2761315837254685,7358.185547
5172,651.609,1.0610551015612204,7357.41748
5173,651.735,0.6119905118158547,7365.225586
5174,651.861,0.06697767826454394,7361.647461
5175,651.987,-0.5975613597846858,7360.661621
5176,652.113,-1.0931773646082403,7361.589355
5177,652.239,-1.48334299092512,7359.708008
5178,652.365,-1.7218138486096972,7362.016113
5179,652.491,-1.8447892422832648,7363.041504
5180,652.617,-1.812836449585435,7360.166016
5181,652.743,-1.688140216265597,7359.595215
5182,652.869,-1.5077185035625669,7361.302246
5183,652.995,-1.2248625840985023,7363.179199
5184,653.121,-0.8734407339127475,7359.328125
5185,653.247,-0.566728370792748,7361.019043
5186,653.373,-0.317102659829315,7358.930664
5187,653.499,-0.08794798826123451,7361.93457
5188,653.625,-0.02991642318510854,7361.702148
5189,653.751,-0.05349991837374471,7363.326172
5190,653.877,-0.07347629898967022,7363.85498
5191,654.003,-0.17623101010315187,7362.536621
5192,654.129,-0.22949403967124263,7364.655273
5193,654.255,-0.1974217936577347,7364.146973
5194,654.381,-0.07407399900552943,7363.46875
5195,654.507,0.07713674727028488,7354.862305
5196,654.633,0.24144272280482998,7360.682129
5197,654.759,0.37929257508384756,7363.147461
5198,654.885,0.4371240954744634,7364.291992
5199,655.011,0.547037370473195,7361.764648
5200,655.137,0.5414484897888375,7365.374023
5201,655.263,0.5951186491005207,7365.928223
5202,655.389,0.5841452690196965,7362.921387
5203,655.515,0.4030778528973707,7361.649414
5204,655.641,0.10262840325648119,7361.694824
5205,655.767,-0.33655367105674155,7364.227051
5206,655.893,-0.8892970192973159,7361.711426
5207,656.019,-1.3049697156097753,7360.651367
5208,656.145,-1.6123811912962098,7362.630859
5209,656.271,-1.7267344913171119,7362.11084
5210,656.397,-1.5610422300877422,7360.354004
5211,656.523,-1.2169382885793485,7360.370605
5212,656.649,-0.767063246882945,7358.100586
5213,656.775,-0.2832276685207236,7359.358887
5214,656.901,0.18688691855511816,7354.085938
5215,657.027,0.5604917935364758,7358.779785
5216,657.153,0.8351959206025557,7357.331055
5217,657.279,0.9948708671543753,7357.90918
5218,657.405,1.0648060802490535,7354.719727
5219,657.531,1.0771720842256551,7355.638672
5220,657.657,1.0049182305706759,7358.416504
5221,657.783,0.9616316442735598,7357.733398
5222,657.909,0.8646892980242585,7356.330566
5223,658.035,0.7510902644233199,7357.765625
5224,658.161,0.5711906545601382,7354.600098
5225,658.286,0.3217370767434804,7359.775879
5226,658.413,-0.01136237440121801,7357.614746
5227,658.539,-0.33509337359776026,7359.05957
5228,658.665,-0.4515257972014603,7358.228516
5229,658.791,-0.5491237031324843,7361.432617
5230,658.917,-0.4507394331717525,7358.02002
5231,659.043,-0.32669980498884965,7361.67041
5232,659.169,-0.05511129487877233,7361.036621
5233,659.295,0.1127064125527521,7360.140625
5234,659.421,0.1512346070965096,7363.941895
5235,659.547,0.17320456942491405,7364.112793
5236,659.673,0.09391634940619727,7363.146973
5237,659.799,-0.029477338263620957,7368.992188
5238,659.925,-0.1612367824429209,7358.288086
5239,660.05,-0.283497157800282,7364.967285
5240,660.177,-0.3871696926338275,7366.795898
5241,660.302,-0.3783766103034174,7370.689453
5242,660.428,-0.24452885780061487,7365.817871
5243,660.555,0.07207781789284336,7362.027832
5244,660.681,0.40684159370818246,7366.211914
5245,660.807,0.8870653742099949,7365.390625
5246,660.933,1.1048371892146198,7366.835938
5247,661.058,1.218620871813103,7362.138672
5248,661.185,1.1065232756680115,7364.606934
5249,661.31,0.8692772852878311,7366.411621
5250,661.436,0.407293084287992,7365.203125
5251,661.563,-0.02807032798890832,7368.878906
5252,661.688,-0.48594935410531687,7368.38916
5253,661.815,-0.7627193287336728,7366.926758
5254,661.94,-0.9188524128852761,7365.32959
5255,662.066,-0.9895510723032227,7364.434082
5256,662.193,-0.9481454439810592,7363.488281
5257,662.318,-0.8964888631430209,7365.873535
5258,662.444,-0.7824874229740243,7368.917969
5259,662.571,-0.7311655628452457,7367.897461
5260,662.696,-0.6839797436050195,7363.021484
5261,662.822,-0.5724730742888285,7370.981934
5262,662.948,-0.4810713152071137,7367.869141
5263,663.075,-0.31785627754296764,7365.84668
5264,663.2,-0.09342039456247368,7365.81543
5265,663.326,0.2188680122275562,7366.390137
5266,663.452,0.5264982729203029,7366.629395
5267,663.578,0.7678717331006722,7365.79248
5268,663.705,0.9415343183944245,7366.895996
5269,663.83,0.9624280484626849,7369.763184
5270,663.956,0.7557645145991067,7362.51123
5271,664.082,0.4907687536682986,7369.23877
5272,664.208,0.21684633299233758,7366.386719
5273,664.334,-0.023440735836037247,7366.021484
5274,664.46,-0.24146377762516313,7366.361816
5275,664.587,-0.3015440923236018,7367.815918
5276,664.712,-0.31468000133495583,7364.345215
5277,664.838,-0.38160259162146903,7366.952148
5278,664.964,-0.4478459504791566,7366.441895
5279,665.091,-0.5595149488351729,7365.011719
5280,665.216,-0.6442720565968065,7364.665527
5281,665.342,-0.6875692116033706,7367.362305
5282,665.468,-0.6736376272238962,7366.669922
5283,665.594,-0.5614542467208183,7365.900391
5284,665.72,-0.3226712136289,7365.5
5285,665.846,-0.04263724867560178,7362.368164
5286,665.973,0.2684555518252644,7366.783203
5287,666.098,0.5641844148767189,7367.577148
5288,666.224,0.6923452733294181,7365.659668
5289,666.35,0.748287838411358,7369.10791
5290,666.476,0.6740559083781421,7364.871582
5291,666.602,0.4474889014490384,7367.772949
5292,666.728,0.39020961413685273,7364.149414
5293,666.854,0.3189037952281767,7365.114746
5294,666.98,0.3685096216331862,7368.45459
5295,667.106,0.6331039331903311,7369.021484
5296,667.232,0.8826042690070206,7364.226563
5297,667.358,1.1213200721897114,7365.452148
5298,667.484,1.3106577569059774,7364.595703
5299,667.61,1.337164989571981,7362.642578
5300,667.736,1.184784540394824,7368.367188
5301,667.862,0.99558820111167,7366.586426
5302,667.988,0.6711160599454877,7365.020508
5303,668.115,0.2515725368999553,7362.636719
5304,668.24,-0.1856265294203982,7365.850098
5305,668.366,-0.6811902856819825,7360.0625
5306,668.492,-1.1432258132642739,7364.771973
5307,668.618,-1.5026594687280048,7362.137695
5308,668.744,-1.6482000685145248,7361.188965
5309,668.87,-1.5759378336701868,7365.216797
5310,668.996,-1.253067136857318,7361.993652
5311,669.122,-0.8578504847206143,7362.584961
5312,669.248,-0.43960717286175566,7363.575684
5313,669.374,-0.0953944295479747,7362.887695
5314,669.5,0.11353603934679746,7368.373047
5315,669.626,0.15540641739265773,7364.37793
5316,669.752,0.21589057526296465,7362.328613
5317,669.878,0.1805947881458929,7360.315918
5318,670.004,0.3002675972344057,7360.508789
5319,670.13,0.4108084142306988,7365.98291
5320,670.256,0.5271753982044127,7363.635254
5321,670.382,0.6024804257974464,7361.896484
5322,670.508,0.5955603721576697,7359.70752
5323,670.634,0.5639961288703537,7363.930664
5324,670.76,0.5902099871397603,7362.504395
5325,670.886,0.5437522378773719,7366.495117
5326,671.012,0.539269636524725,7362.438965
5327,671.138,0.4763866387953506,7362.585449
5328,671.264,0.3570539954462711,7360.959473
5329,671.39,0.04222061853413614,7358.981445
5330,671.516,-0.21720099890060032,7358.555176
5331,671.642,-0.4813139820835416,7359.404785
5332,671.768,-0.6865185075442065,7357.991211
5333,671.894,-0.7855049937757814,7359.708008
5334,672.02,-0.6855004396019895,7361.243164
5335,672.146,-0.5881587700696561,7357.141602
5336,672.272,-0.5264181430761784,7358.554688
5337,672.398,-0.4439155005236914,7359.819824
5338,672.524,-0.5169700666411663,7362.607422
5339,672.65,-0.7000324585467059,7359.299805
5340,672.776,-0.8922034954651461,7358.018555
5341,672.902,-0.9654512785167607,7358.611816
5342,673.028,-0.9329363192666342,7361.815918
5343,673.155,-0.763449117508198,7357.210938
5344,673.28,-0.38477916798704137,7362.81543
5345,673.406,-0.04357235675259182,7357.793945
5346,673.532,0.36371193538821067,7358.071777
5347,673.658,0.5916974403723383,7359.23584
5348,673.784,0.808450667889466,7353.892578
5349,673.91,0.8839754848138127,7358.269531
5350,674.036,0.9734518588934009,7358.100586
5351,674.162,1.0598629258488137,7357.049805
5352,674.287,1.2364779475871277,7360.099121
5353,674.414,1.383090534783111,7359.749023
5354,674.539,1.4274229673202634,7360.835449
5355,674.666,1.2776085959460666,7360.229492
5356,674.792,0.9402038626566784,7359.910645
5357,674.918,0.6260233615437067,7361.921875
5358,675.043,0.15760949214242984,7360.554199
5359,675.17,-0.18704205044548955,7363.662109
5360,675.296,-0.5719929593508939,7364.175293
5361,675.421,-0.9319208878990105,7362.464844
5362,675.548,-1.1165211177203913,7361.96582
5363,675.673,-1.2880179642020388,7368.408691
5364,675.8,-1.3340283276390008,7356.689453
5365,675.926,-1.2507699109469044,7367.524414
5366,676.052,-1.0949366885927032,7364.653809
5367,676.177,-0.8159931307562163,7361.557129
5368,676.304,-0.5903061848204364,7362.396484
5369,676.43,-0.3345258819669343,7369.660645
5370,676.556,-0.0919327560453399,7362.931641
5371,676.681,0.1136405787304048,7364.682617
5372,676.808,0.3764786813133373,7364.711426
5373,676.933,0.6173656344008515,7365.141113
5374,677.059,0.870901806173954,7367.798828
5375,677.186,1.0067894433744007,7363.441895
5376,677.312,1.0431113517892219,7366.384766
5377,677.437,0.8447956463720792,7364.711914
5378,677.563,0.5554772584490303,7365.623047
5379,677.689,0.15283409493780295,7368.200195
5380,677.816,-0.25104192881841203,7364.688477
5381,677.941,-0.7115502725873692,7363.633789
5382,678.068,-0.9764024310276683,7365.615723
5383,678.193,-1.28322250011129,7365.404785
5384,678.319,-1.4438717244686237,7370.005859
5385,678.446,-1.3255430968582425,7359.974121
5386,678.571,-1.074956312544886,7366.068359
5387,678.698,-0.6258155678195144,7365.02002
5388,678.823,-0.16648209559201613,7361.660645
5389,678.949,0.26855803640090886,7367.641602
5390,679.075,0.46561355890848166,7365.273926
5391,679.201,0.48106146938189487,7364.861328
5392,679.327,0.30194519592510377,7364.314453
5393,679.453,-0.0015572576664732774,7363.784668
5394,679.579,-0.3535958705058624,7365.992188
5395,679.705,-0.48226760636092486,7363.802246
5396,679.832,-0.6145650660476571,7366.276855
5397,679.957,-0.5479117578167586,7365.988281
5398,680.083,-0.4181688598792755,7367.099121
5399,680.209,-0.3222604336444548,7364.36377
5400,680.335,-0.2512892633303129,7360.71582
5401,680.461,-0.31714726539663796,7363.712402
5402,680.587,-0.4610589766689525,7364.288574
5403,680.713,-0.6317100311116924,7363.773438
5404,680.84,-0.7560365882211304,7365.46875
5405,680.965,-0.779299665714964,7365.740234
5406,681.091,-0.6655426634935698,7363.670898
5407,681.217,-0.4826202809186379,7364.397461
5408,681.343,-0.2783663883879267,7364.17041
5409,681.469,-0.18591596057703086,7366.271484
5410,681.595,-0.2790002774355271,7360.061035
5411,681.721,-0.40971933359534646,7361.849121
5412,681.847,-0.68269568253905,7364.069824
5413,681.973,-0.9177514418106812,7365.194336
5414,682.099,-0.9842041879623404,7366.221191
5415,682.225,-0.8560038936365724,7369.322266
5416,682.351,-0.44897610117792,7365.680176
5417,682.477,0.028734665047733515,7365.81543
5418,682.603,0.6891359795681118,7364.541504
5419,682.729,1.2608928836025066,7367.726563
5420,682.855,1.6788914498231762,7368.114746
5421,682.981,1.8829433671862765,7363.695313
5422,683.107,1.9004481299493876,7367.078613
5423,683.233,1.7266807277683947,7366.984863
5424,683.359,1.3856073359967838,7367.327148
5425,683.485,0.9526381088324201,7366.388184
5426,683.611,0.6643714799493514,7367.853027
5427,683.738,0.3856548981062285,7365.561523
5428,683.863,0.2764989704534684,7366.71582
5429,683.989,0.17125010848122085,7366.640137
5430,684.115,0.15605962455447914,7366.01709
5431,684.241,0.01191807944116547,7369.722168
5432,684.367,-0.19053800582899577,7368.655762
5433,684.493,-0.5223728465260805,7366.620117
5434,684.619,-0.8425080935852891,7366.15625
5435,684.745,-1.0235609093249995,7363.263672
5436,684.871,-1.0661047740501226,7363.71582
5437,684.997,-0.9629451356612857,7366.420898
5438,685.123,-0.7041149864632079,7361.952148
5439,685.249,-0.4093131593781945,7367.302734
5440,685.375,-0.10762500557074128,7369.887207
5441,685.501,0.13744200027309494,7368.58252
5442,685.627,0.39199760759137664,7368.15625
5443,685.753,0.6514322433559515,7367.273926
5444,685.879,0.9092892052732867,7363.698242
5445,686.005,1.105047817922249,7367.834961
5446,686.131,1.1707310101367225,7370.618652
5447,686.257,1.0784282008254449,7368.756836
5448,686.383,0.7513544156320678,7369.253906
5449,686.509,0.28449495960141463,7371.734375
5450,686.635,-0.2877217721762572,7367.055176
5451,686.761,-0.7177830556804113,7366.615234
5452,686.887,-0.9963971907240174,7367.235352
5453,687.013,-1.0653474648828825,7369.312988
5454,687.139,-0.986306236682457,7372.014648
5455,687.265,-0.7284536883690537,7369.6875
5456,687.391,-0.39139230651665974,7368.434082
5457,687.517,-0.1157676062297341,7367.925293
5458,687.643,0.15530205563266955,7367.228516
5459,687.769,0.34591442556275726,7369.311035
5460,687.895,0.47298875337660196,7365.558105
5461,688.021,0.47957294726128546,7370.108398
5462,688.147,0.42575408564726047,7370.679199
5463,688.273,0.24019973012552023,7368.69043
5464,688.399,0.1287821862116098,7363.692871
5465,688.525,0.08231349317026541,7369.77832
5466,688.651,0.12747487811993907,7370.145508
5467,688.777,0.3388678470298273,7368.973633
5468,688.902,0.5927713218050407,7367.550781
5469,689.029,0.8467304370354644,7368.804688
5470,689.155,0.9281641842818872,7363.847168
5471,689.281,0.8707429637144725,7365.849121
5472,689.407,0.5754778791343148,7366.890137
5473,689.533,0.254691878331279,7368.20166
5474,689.659,-0.1385909794893045,7365.875488
5475,689.785,-0.47659292558693317,7365.953125
5476,689.911,-0.6708862666247742,7368.566895
5477,690.037,-0.7765507775127278,7367.276367
5478,690.163,-0.8719655089413255,7367.154297
5479,690.289,-0.9774679477405682,7367.896484
5480,690.415,-1.0282347222810695,7367.693848
5481,690.541,-1.1645129465441513,7368.408691
5482,690.667,-1.1947405280592927,7370.179688
5483,690.793,-1.037787080280852,7368.285156
5484,690.919,-0.7364615760916293,7367.808105
5485,691.045,-0.28490272801945066,7370.250488
5486,691.171,0.21656837613851565,7368.468262
5487,691.297,0.6158981345888048,7373.609863
5488,691.423,0.9015288786233088,7365.729492
5489,691.549,0.9995758072388514,7365.788086
5490,691.674,0.905073809434729,7368.181152
5491,691.801,0.6344469560636466,7364.862305
5492,691.927,0.41304815750269064,7369.233398
5493,692.053,0.2189336955444598,7370.452148
5494,692.178,0.012210321232764916,7367.548828
5495,692.305,-0.3082213037256625,7367.011719
5496,692.431,-0.5871700537447451,7364.791016
5497,692.557,-0.9087196321654498,7364.976563
5498,692.683,-1.3547152386996542,7362.168945
5499,692.809,-1.6724883095611789,7365.738281
5500,692.934,-1.87016216669399,7362.719238
5501,693.06,-1.7881691855756132,7362.976074
5502,693.187,-1.47991396933317,7363.456055
5503,693.313,-0.8924266682243963,7361.340332
5504,693.439,-0.3452696902298509,7360.549805
5505,693.565,0.2825846675292606,7362.436523
5506,693.691,0.7773382638917946,7362.154297
5507,693.816,1.0219790423495,7364.115723
5508,693.942,1.1648128363313153,7363.697754
5509,694.069,1.1024020516574649,7363.556641
5510,694.195,0.9923819850160657,7361.555664
5511,694.321,0.7620608582078987,7359.96582
5512,694.447,0.491596043991786,7361.043945
5513,694.572,0.1987104976286919,7360.148438
5514,694.698,-0.11555364388952404,7363.73584
5515,694.825,-0.43293493466302835,7356.640625
5516,694.95,-0.6614144511056075,7358.069824
5517,695.076,-0.8143810302161193,7360.054688
5518,695.202,-0.7744067311042202,7360.846191
5519,695.328,-0.7272189933107256,7359.595215
5520,695.454,-0.5208411834936947,7361.835938
5521,695.58,-0.17194170949553572,7358.524414
5522,695.706,0.11335388629743455,7359.682129
5523,695.832,0.3935755316208194,7360.849121
5524,695.959,0.5561191400990377,7359.860352
5525,696.085,0.632096748524307,7356.211914
5526,696.21,0.5916481451068913,7364.729004
5527,696.336,0.48983640003065876,7361.13623
5528,696.462,0.40543650910379164,7363.317383
5529,696.588,0.31209532447016425,7360.328125
5530,696.714,0.42468620671721286,7364.222168
5531,696.841,0.45183172502420405,7360.818359
5532,696.966,0.5033048467542691,7362.949707
5533,697.092,0.5013488070996498,7361.04541
5534,697.218,0.37391052799194646,7360.991211
5535,697.344,0.19988945339700379,7361.264648
5536,697.47,0.09561075318993302,7367.262695
5537,697.596,0.05914422310949312,7359.819824
5538,697.722,0.06629269491980426,7363.885742
5539,697.848,0.161612018878969,7361.557129
5540,697.974,0.32193520284665855,7360.635742
5541,698.1,0.43726077292809845,7360.060059
5542,698.227,0.5019666050669569,7357.204102
5543,698.352,0.5202614653978367,7362.448242
5544,698.478,0.48034280553995623,7361.61377
5545,698.604,0.4466299936777598,7362.185059
5546,698.73,0.5113102853136358,7360.528809
5547,698.856,0.6531845436140015,7364.840332
5548,698.982,0.8777572780906879,7367.791504
5549,699.108,1.1406842662469865,7360.709473
5550,699.234,1.3495591332479875,7361.417969
5551,699.36,1.3654034101103727,7362.889648
5552,699.487,1.1554705153512155,7362.243164
5553,699.612,0.7364717756944552,7359.089844
5554,699.738,0.14433010220755849,7364.908691
5555,699.865,-0.3950067366001846,7361.277832
5556,699.99,-0.8366475963785034,7362.240723
5557,700.116,-0.9480871614811475,7362.244629
5558,700.242,-0.8410374801380389,7362.74707
5559,700.368,-0.38632384454855756,7363.583008
5560,700.494,0.18312958248489672,7362.925781
5561,700.62,0.8023368169000803,7362.57373
5562,700.746,1.251853597261322,7365.811523
5563,700.872,1.6047512902579872,7357.924805
5564,700.998,1.6690449836090109,7361.967285
5565,701.124,1.5246003276537528,7362.489258
5566,701.25,1.1775856084841638,7363.997559
5567,701.376,0.8437857806586044,7364.371094
5568,701.502,0.4802044360641286,7364.307129
5569,701.628,0.2720392653197641,7360.226563
5570,701.754,0.08006728185180464,7360.849609
5571,701.88,-0.0223620906779136,7361.922363
5572,702.006,-0.12886850912218364,7361.931152
5573,702.132,-0.2590185762791236,7361.649414
5574,702.258,-0.3538082166038323,7361.499023
5575,702.384,-0.3424448018089511,7366.214844
5576,702.51,-0.13956719837836298,7364.736816
5577,702.636,0.15291365631281575,7361.449219
5578,702.762,0.5486313022597509,7359.973145
5579,702.888,0.834939042214233,7363.050293
5580,703.014,1.0443098955026349,7365.805176
5581,703.14,1.0720591726094162,7360.135742
5582,703.266,0.981148133971385,7362.949707
5583,703.392,0.6992949402067116,7362.930664
5584,703.518,0.4097464399744015,7362.111816
5585,703.644,0.05394057839592729,7363.643066
5586,703.77,-0.25958794538079893,7362.129395
5587,703.896,-0.5888696692233776,7359.062012
5588,704.022,-0.9418737392718913,7360.456543
5589,704.148,-1.2321909070202794,7362.636719
5590,704.274,-1.3586097300241442,7361.666016
5591,704.4,-1.321966482300085,7364.425781
5592,704.526,-1.1162768873747728,7364.309082
5593,704.652,-0.8284406875418249,7360.506348
5594,704.778,-0.5518016885705632,7360.749023
5595,704.904,-0.2572763182293347,7359.484375
5596,705.03,-0.13674272450196598,7360.555664
5597,705.155,-0.015651883538316896,7360.905273
5598,705.282,0.07257400164279153,7361.46582
5599,705.408,0.1631453551013177,7360.577637
5600,705.534,0.2509170805283099,7360.878906
5601,705.66,0.3521729280028739,7358.220703
5602,705.786,0.3855325509222539,7363.169434
5603,705.912,0.31792663208282057,7361.871582
5604,706.038,0.15691081958886766,7361.643066
5605,706.164,-0.17642991387540696,7359.864258
5606,706.29,-0.4841167358984492,7359.027832
5607,706.416,-0.7469570634818335,7360.900391
5608,706.542,-0.8678021073548282,7360.194824
5609,706.668,-0.8370790825626673,7361.499023
5610,706.794,-0.6357573335300362,7360.544922
5611,706.92,-0.35725446887339757,7356.79248
5612,707.046,-0.13778984861441274,7362.275879
5613,707.172,0.10091718236500509,7359.264648
5614,707.298,0.2264979741996406,7361.303223
5615,707.424,0.325109155314092,7360.227539
5616,707.55,0.4178068528031867,7359.446777
5617,707.675,0.5697949261760639,7360.16748
5618,707.802,0.6508571813304204,7360.171387
5619,707.927,0.6802188082957356,7360.424316
5620,708.054,0.5527665988843904,7359.628906
5621,708.18,0.2949958120794646,7361.680176
5622,708.306,-0.02713935191709908,7357.658691
5623,708.432,-0.3439934571594955,7357.084961
5624,708.558,-0.5809685588017433,7355.916016
5625,708.683,-0.7156668181605806,7354.538086
5626,708.809,-0.5738379371138878,7351.600098
5627,708.936,-0.24417993367871887,7355.302734
5628,709.062,0.17644289560886253,7358.441406
5629,709.187,0.6474596466609686,7359.628418
5630,709.314,0.9631391886215059,7358.576172
5631,709.439,1.119751859209454,7360.195801
5632,709.565,1.0924916337387345,7357.932129
5633,709.692,0.9278223842882996,7357.379883
5634,709.817,0.6091459004428222,7355.602051
5635,709.943,0.20571549966087485,7358.006348
5636,710.069,-0.2253918104850121,7362.4375
5637,710.195,-0.5802036139637565,7359.494629
5638,710.321,-0.8892961016859854,7352.825684
5639,710.447,-1.0659897644829568,7354.890625
5640,710.574,-0.9442621776006932,7358.463867
5641,710.699,-0.7689532434246641,7360.824219
5642,710.825,-0.5067767576556356,7357.681152
5643,710.951,-0.2598785352444045,7360.688965
5644,711.077,-0.01356263617341067,7353.730957
5645,711.203,0.07498705822664752,7358.556152
5646,711.33,0.033334673869515975,7360.73877
5647,711.455,-0.0049239271812613295,7360.406738
5648,711.581,0.03199019627944607,7362.109863
5649,711.707,0.05590774115993101,7359.631836
5650,711.833,0.15156012787039186,7357.440918
5651,711.959,0.17707621488614225,7357.700195
5652,712.085,0.127921805562645,7354.200195
5653,712.211,0.004156297094207932,7361.103516
5654,712.337,-0.15455976339531854,7358.191406
5655,712.464,-0.3767852178175814,7359.342773
5656,712.589,-0.5734833952405127,7358.246582
5657,712.715,-0.7713410694442145,7356.144531
5658,712.841,-0.9728320516324513,7357.690918
5659,712.967,-1.20185428532441,7356.202148
5660,713.093,-1.3236237668651933,7359.819336
5661,713.219,-1.3065678152799973,7357.95459
5662,713.345,-1.1645139979906585,7359.679199
5663,713.471,-0.8724626307601908,7353.916504
5664,713.597,-0.5685701086045261,7362.415527
5665,713.723,-0.32644714529564656,7357.100586
5666,713.849,-0.17289155155777244,7357.926758
5667,713.975,-0.09143829964467823,7360.501465
5668,714.101,-0.08026151095359052,7363.01709
5669,714.227,-0.05413880785732691,7358.799805
5670,714.353,0.006582416132241216,7358.980469
5671,714.479,0.13025821396132523,7359.146973
5672,714.605,0.1912268540244471,7360.824219
5673,714.731,0.1739420297469265,7356.81543
5674,714.857,-0.007771281565589941,7358.742676
5675,714.983,-0.2552505669150308,7360.70459
5676,715.109,-0.5900456359800114,7358.467773
5677,715.235,-0.9149547744189942,7362.097168
5678,715.361,-1.1810641660319259,7360.450195
5679,715.487,-1.2790934667176777,7362.210938
5680,715.613,-1.3155327051913837,7362.127441
5681,715.739,-1.1249727724122365,7359.286621
5682,715.865,-0.904986229365653,7358.001953
5683,715.991,-0.6711979779905475,7361.848633
5684,716.117,-0.4151535853932644,7359.703613
5685,716.243,-0.13251875880654232,7358.922363
5686,716.369,0.15996947344325183,7361.245605
5687,716.495,0.36595923496946065,7357.780273
5688,716.621,0.6409717405462447,7356.458984
5689,716.747,0.6827247801440635,7361.863281
5690,716.873,0.595212516103536,7358.313477
5691,716.999,0.29549403714823647,7358.099121
5692,717.125,-0.1625561390664975,7358.256348
5693,717.251,-0.6123424408134616,7359.538574
5694,717.377,-1.002201102064454,7361.560547
5695,717.503,-1.2201141658972423,7359.973145
5696,717.629,-1.2198519287533431,7360.25
5697,717.755,-1.1133088499455412,7355.861816
5698,717.881,-0.8711461618815531,7359.138184
5699,718.007,-0.5513619986011827,7361.973633
5700,718.133,-0.28765203296984615,7359.818359
5701,718.259,0.0545723544043088,7360.16748
5702,718.385,0.37116759549587325,7361.467773
5703,718.511,0.7114295825889776,7359.477539
5704,718.637,0.9916281789799315,7362.267578
5705,718.763,1.1840240032609004,7360.928223
5706,718.889,1.1403310405154925,7361.55127
5707,719.015,0.9363821866430185,7359.764648
5708,719.141,0.5649660409163126,7363.41748
5709,719.267,0.1451520208768748,7364.788574
5710,719.393,-0.2749520961741189,7361.553711
5711,719.519,-0.6220258625639346,7361.046875
5712,719.645,-0.9050584696185326,7359.305176
5713,719.771,-1.0099752666288992,7355.170898
5714,719.897,-1.091609676261943,7360.003906
5715,720.023,-1.1837549299179801,7359.43457
5716,720.149,-1.1923538440461874,7361.103516
5717,720.275,-1.2433756938281522,7358.744629
5718,720.401,-1.1133718551138196,7355.591309
5719,720.527,-0.8972666967227808,7359.615723
5720,720.653,-0.6213061577974199,7359.79834
5721,720.779,-0.2544702891856593,7359.148926
5722,720.905,0.07529075560916729,7357.606445
5723,721.031,0.2784722447996107,7359.382813
5724,721.157,0.2738711048033124,7358.839844
5725,721.283,0.14959519059732432,7357.980469
5726,721.409,-0.06978398958686385,7359.348145
5727,721.535,-0.3292473529469584,7358.400879
5728,721.661,-0.5312782230503071,7357.424316
5729,721.787,-0.6379477714744225,7359.862305
5730,721.913,-0.7005503966887368,7360.222656
5731,722.039,-0.6091497693930292,7361.745117
5732,722.165,-0.5061346631206998,7360.122559
5733,722.291,-0.40993172608511563,7355.173828
5734,722.417,-0.3278125233127829,7357.5625
5735,722.543,-0.2709465124982085,7358.099609
5736,722.669,-0.18914949776441603,7358.558105
5737,722.794,-0.199735517050033,7365.665527
5738,722.921,-0.16712628697564566,7357.080078
5739,723.047,-0.04586108596070188,7359.928223
5740,723.173,0.10165613731268631,7358.946777
5741,723.3,0.34352334124264317,7357.674805
5742,723.425,0.5735780742350681,7355.666992
5743,723.551,0.7862777815100778,7362.192383
5744,723.676,0.921961485985251,7357.442383
5745,723.802,0.9372651479264088,7357.871582
5746,723.928,0.8376154073435392,7360.340332
5747,724.055,0.79884751154946,7359.432617
5748,724.18,0.5866732139811378,7359.631836
5749,724.306,0.3821942925001947,7360.312012
5750,724.433,0.09889839828226235,7359.599609
5751,724.558,-0.1718589385316476,7352.302734
5752,724.684,-0.5345157305723189,7358.171387
5753,724.811,-0.8413773832294154,7357.755859
5754,724.936,-1.0049645176949682,7359.144043
5755,725.062,-0.9862246144360819,7360.029785
5756,725.189,-0.7624462435685284,7357.970215
5757,725.314,-0.4160921290618736,7359.882813
5758,725.44,-0.07562781493620065,7360.142578
5759,725.566,0.18258662797496686,7358.413574
5760,725.693,0.26403580851454106,7359.674805
5761,725.819,0.22182597382669175,7361.037109
5762,725.944,0.14048094813632733,7362.8125
5763,726.07,0.10296650499179628,7361.532715
5764,726.196,0.20240583609680013,7363.088379
5765,726.323,0.38248671161531045,7361.560059
5766,726.448,0.6720983828495668,7365.604004
5767,726.575,0.838994997393499,7359.005371
5768,726.7,0.8407311319777738,7359.798828
5769,726.826,0.5485713790341659,7361.773438
5770,726.952,0.1505364993626377,7355.902832
5771,727.078,-0.34654372204194667,7359.742188
5772,727.204,-0.7552794567849751,7361.384766
5773,727.33,-0.9550677209631232,7362.697754
5774,727.456,-0.9021509534922295,7359.0
5775,727.582,-0.6240493757076939,7363.461914
5776,727.708,-0.24066195399865703,7359.265137
5777,727.834,0.16754635826969488,7362.438477
5778,727.96,0.44895560079384284,7359.957031
5779,728.086,0.5451879916008436,7362.251465
5780,728.212,0.557188498259005,7357.620605
5781,728.338,0.4313447635868817,7357.923828
5782,728.464,0.3145864712872031,7358.520508
5783,728.59,0.1376242910203336,7356.165527
5784,728.716,-0.0648245776840876,7360.457031
5785,728.842,-0.3595155532692963,7358.945801
5786,728.968,-0.7282682820957689,7360.220703
5787,729.094,-1.1999704067058385,7359.172363
5788,729.22,-1.6119187633433434,7360.562988
5789,729.346,-1.9707348779483027,7355.516113
5790,729.472,-2.057654845008784,7360.363281
5791,729.598,-1.9082594672024777,7359.73584
5792,729.724,-1.4881432336199414,7363.126953
5793,729.85,-0.9147595000454074,7355.399414
5794,729.976,-0.30459081940629273,7356.99707
5795,730.102,0.17563814148994,7359.085938
5796,730.228,0.5224907300067522,7360.012207
5797,730.354,0.6539496499512839,7360.193848
5798,730.481,0.6077888472689772,7353.578125
5799,730.606,0.4541945434552491,7356.992676
5800,730.732,0.26975278383497164,7359.31543
5801,730.858,0.04010801030452681,7356.764648
5802,730.984,-0.21356899308716468,7357.881348
5803,731.11,-0.42871908703503864,7355.327637
5804,731.236,-0.5810172999601241,7359.004883
5805,731.362,-0.7056362315706188,7356.400391
5806,731.488,-0.7723342913116881,7356.987793
5807,731.614,-0.8061642857588707,7357.088379
5808,731.74,-0.8518264898445524,7358.52002
5809,731.866,-0.9234639462402696,7358.693359
5810,731.992,-1.041152160852441,7358.049316
5811,732.118,-1.1220124274719492,7358.686523
5812,732.244,-1.1800061985082086,7364.320313
5813,732.37,-1.1360755801011289,7357.642578
5814,732.496,-0.9222841058058935,7359.004395
5815,732.622,-0.5794138696707457,7360.609863
5816,732.748,-0.12920696606726434,7352.102051
5817,732.874,0.28583024432814796,7358.962891
5818,733.0,0.6472626863677625,7359.708496
5819,733.126,0.8452104388478222,7357.620605
5820,733.252,0.8289595371154314,7358.31543
5821,733.378,0.6882090942673511,7354.278809
5822,733.504,0.3819836237256577,7357.980957
5823,733.63,0.049412581925841775,7359.287109
5824,733.756,-0.3087443220592649,7360.959473
5825,733.882,-0.5750928087903429,7360.951172
5826,734.008,-0.6722722317366087,7351.814453
5827,734.134,-0.6250183291579459,7360.21582
5828,734.26,-0.4585410771441533,7359.030273
5829,734.386,-0.2480778276200663,7355.765137
5830,734.512,-0.07524467154713352,7359.133789
5831,734.638,0.020355299780985506,7355.30957
5832,734.764,-0.009392428117132116,7357.754395
5833,734.89,-0.03934948002845642,7361.047363
5834,735.016,-0.13333085701690656,7356.658203
5835,735.142,-0.19743387082192682,7358.489258
5836,735.268,-0.17412092932977732,7358.363281
5837,735.394,-0.0813972331980867,7359.288574
5838,735.521,-0.016437322964808473,7360.737793
5839,735.646,-0.018510586727973725,7358.75
5840,735.772,-0.053177000910685904,7357.10498
5841,735.898,-0.17136380530168735,7356.314941
5842,736.024,-0.3617848982200429,7357.158203
5843,736.15,-0.5387453854816041,7358.301758
5844,736.276,-0.6693687298708346,7359.487793
5845,736.402,-0.8120658226730715,7361.267578
5846,736.528,-0.9223630661519605,7358.062988
5847,736.654,-1.0079680232439137,7356.769043
5848,736.78,-1.0998888903970936,7356.222656
5849,736.906,-1.112541298076566,7356.355469
5850,737.032,-1.0521546373326385,7363.692383
5851,737.158,-0.8993082998526855,7359.656738
5852,737.283,-0.7761158093436382,7361.552734
5853,737.424,-0.5823992700277628,7358.903809
5854,737.536,-0.5097131970302221,7359.84668
5855,737.661,-0.3868195734540258,7360.047363
5856,737.788,-0.2783195232890122,7359.483398
5857,737.913,-0.10288993270667539,7360.713867
5858,738.04,0.19310083013717802,7362.238281
5859,738.166,0.2699062281622503,7364.05127
5860,738.292,0.2878631432223822,7361.186523
5861,738.417,-0.005095119587198897,7362.833496
5862,738.544,-0.4939751716538581,7359.208496
5863,738.67,-1.009861812398219,7359.854004
5864,738.795,-1.5077646915332288,7361.70166
5865,738.921,-1.8086659813408088,7361.216797
5866,739.047,-1.9413222350582153,7361.196777
5867,739.174,-1.8901250179250542,7360.388184
5868,739.3,-1.5945524538141576,7359.516602
5869,739.425,-1.375222682134833,7358.978516
5870,739.551,-1.040927675490043,7361.560059
5871,739.677,-0.6920168282923557,7360.537598
5872,739.804,-0.2950984461274204,7356.710938
5873,739.93,0.11450219076311915,7360.088379
5874,740.055,0.4299246190721405,7361.184082
5875,740.182,0.550262544931954,7362.149414
5876,740.308,0.42370838873806155,7361.538086
5877,740.433,0.10557925103628543,7365.329102
5878,740.56,-0.34866961334791835,7358.215332
5879,740.686,-0.8573471908690239,7361.357422
5880,740.812,-1.3101223901167824,7362.450684
5881,740.937,-1.5792647162155578,7360.581055
5882,741.064,-1.6545858072106758,7358.666992
5883,741.189,-1.567805523630107,7360.231445
5884,741.315,-1.3830931482202624,7361.901855
5885,741.441,-1.2194054666878769,7363.055664
5886,741.567,-0.9645202959991555,7360.284668
5887,741.693,-0.801293593337446,7359.88916
5888,741.82,-0.645770599498157,7363.848145
5889,741.945,-0.3797275013458775,7360.447266
5890,742.072,-0.14593057178401805,7364.586914
5891,742.197,0.1450608531441581,7364.980469
5892,742.323,0.4066769049794824,7358.683105
5893,742.449,0.6214450590007038,7361.15918
5894,742.575,0.7821895613892518,7362.893066
5895,742.701,0.8619482978000674,7360.304199
5896,742.827,0.8355616504488941,7361.742676
5897,742.953,0.701341409022197,7362.484863
5898,743.079,0.44386092921692305,7362.980957
5899,743.205,0.22404160466462777,7358.990234
5900,743.331,-0.11384973671652579,7359.835938
5901,743.457,-0.3891650305088332,7357.810059
5902,743.583,-0.5522442167574516,7363.493652
5903,743.709,-0.5937364787858387,7361.66748
5904,743.835,-0.5450171920647907,7358.345215
5905,743.961,-0.4431406286888083,7358.895508
5906,744.087,-0.35844427575425825,7361.250977
5907,744.213,-0.2692744197605651,7363.80127
5908,744.339,-0.20874632819310993,7363.874023
5909,744.465,-0.15158968676217346,7358.651367
5910,744.591,-0.030839635124164367,7363.679199
5911,744.717,0.04746602041568174,7362.843262
5912,744.843,0.10983618896985568,7362.914551
5913,744.969,0.13377396246107143,7360.021484
5914,745.095,0.04909415496121756,7361.492676
5915,745.221,-0.08104662163354424,7356.377441
5916,745.347,-0.20971485612297563,7360.743164
5917,745.473,-0.30274524598384717,7361.695313
5918,745.599,-0.30977606960177256,7360.277832
5919,745.725,-0.2457117728099424,7360.419434
5920,745.851,-0.21728246397389184,7361.181152
5921,745.977,-0.1336329238293315,7360.164551
5922,746.103,-0.1328519074636245,7358.401367
5923,746.229,-0.23119613773257516,7360.818359
5924,746.355,-0.35454728364001153,7358.038574
5925,746.481,-0.45323818415852535,7363.379395
5926,746.607,-0.5039321789228407,7362.280273
5927,746.733,-0.48875491734309295,7360.07666
5928,746.859,-0.38087994999408137,7360.76123
5929,746.985,-0.19334480643686558,7358.841797
5930,747.111,0.03804900787279499,7359.866211
5931,747.237,0.18836772003996077,7364.683594
5932,747.363,0.3053075904138865,7362.23584
5933,747.489,0.2686534202388522,7361.098633
5934,747.615,0.12261342112632312,7360.833008
5935,747.741,-0.03683172084948125,7359.777344
5936,747.867,-0.15405738164413982,7360.564453
5937,747.993,-0.18437493623896492,7361.103027
5938,748.119,-0.10386141926907781,7358.122559
5939,748.245,0.05770056142773051,7363.131836
5940,748.371,0.129378432908949,7362.802246
5941,748.497,0.16030988410076896,7359.71582
5942,748.623,-0.008687792291279646,7360.077637
5943,748.749,-0.23307966443043102,7359.57373
5944,748.875,-0.5004069711530083,7355.885742
5945,749.001,-0.6562702207753608,7358.142578
5946,749.127,-0.6806636644077021,7360.249023
5947,749.253,-0.5774991764832732,7360.900391
5948,749.379,-0.3920631681458152,7361.873535
5949,749.505,-0.08756072969406976,7363.994141
5950,749.631,0.2048103463658692,7358.449219
5951,749.757,0.49156375244897454,7359.645508
5952,749.883,0.7606363038112878,7360.873047
5953,750.009,0.8883710117394508,7357.780762
5954,750.135,0.8803881034038153,7358.474609
5955,750.261,0.7766400556142345,7358.750977
5956,750.387,0.4925449603004497,7361.970215
5957,750.513,0.16107901658503898,7360.700195
5958,750.639,-0.1691087612922343,7357.929199
5959,750.765,-0.40749600708157285,7361.295898
5960,750.891,-0.4931006388506226,7359.853516
5961,751.017,-0.4364670240686984,7360.553711
5962,751.143,-0.24363342368646038,7358.970215
5963,751.269,-0.0461887902328115,7360.874512
5964,751.395,0.18600780714825746,7351.040039
5965,751.521,0.31077855438859864,7360.016113
5966,751.647,0.4131550385737878,7358.805664
5967,751.773,0.5248247975090665,7358.408203
5968,751.899,0.5623661679983584,7359.339844
5969,752.025,0.672748001847354,7359.508789
5970,752.151,0.735007646895407,7356.938965
5971,752.277,0.6626720231288579,7360.956055
5972,752.403,0.4736844154869359,7359.791992
5973,752.529,0.1877371926966398,7362.383789
5974,752.654,-0.11827969634378431,7358.409668
5975,752.78,-0.39097464150279676,7364.935059
5976,752.908,-0.6516569114830824,7359.606934
5977,753.033,-0.8194123284545728,7358.062012
5978,753.159,-0.907878741808752,7361.132813
5979,753.284,-0.8900713008084697,7357.562988
5980,753.41,-0.8281315412327976,7357.119629
5981,753.536,-0.6825327944216963,7360.638672
5982,753.663,-0.4943484282322665,7359.255371
5983,753.789,-0.27794806916202813,7361.098633
5984,753.915,-0.04893961414936936,7362.372559
5985,754.041,0.15664627191730793,7358.143555
5986,754.166,0.36277360569472317,7359.147949
5987,754.293,0.4791222986369302,7358.008301
5988,754.419,0.5308243547919417,7361.232422
5989,754.544,0.6884301080652505,7359.992188
5990,754.67,0.6374503566348961,7361.970215
5991,754.796,0.5480464956118039,7359.375977
5992,754.922,0.2559138415902073,7362.375488
5993,755.049,-0.2243768994408165,7361.887207
5994,755.174,-0.6600395561194142,7362.185059
5995,755.3,-0.9978086044394434,7353.78125
5996,755.426,-1.100316870702635,7356.988281
5997,755.553,-0.9561356683365575,7358.942383
5998,755.678,-0.5846576217770474,7360.022461
5999,755.805,-0.11345933637890661,7358.665039
6000,755.93,0.4134212125515343,7355.202148
6001,756.056,0.7862911303541894,7358.879883
6002,756.182,0.9495976471216316,7358.824707
6003,756.308,0.979747756436672,7359.198242
6004,756.434,0.8984490179586074,7359.344238
6005,756.561,0.7468137737975701,7360.07959
6006,756.686,0.6592558376786242,7359.994629
6007,756.812,0.5889166501030626,7360.471191
6008,756.938,0.5496958276420963,7359.737793
6009,757.064,0.5571812223297653,7358.629395
6010,757.19,0.5637259733510835,7358.808594
6011,757.316,0.4843779400735108,7362.286133
6012,757.442,0.4609572168744208,7358.461426
6013,757.568,0.4124930993194743,7358.659668
6014,757.694,0.3507374504622736,7358.122559
6015,757.821,0.4497698839610158,7359.290527
6016,757.946,0.5967386309022101,7359.886719
6017,758.072,0.7333769117548825,7361.67627
6018,758.198,0.8211225837312488,7364.432129
6019,758.324,0.8312408332879394,7359.903809
6020,758.45,0.6555832514388422,7359.819336
6021,758.576,0.43751810442383116,7358.133301
6022,758.702,0.2207297458128243,7365.492676
6023,758.828,0.03489910377410128,7356.426758
6024,758.954,-0.06984635125872482,7357.724609
6025,759.08,-0.08433935659791574,7356.111328
6026,759.206,-0.031007190290476973,7358.919922
6027,759.332,0.06848846797945866,7360.242188
6028,759.458,0.10192250790432583,7361.227051
6029,759.584,0.08609424908540778,7357.358887
6030,759.71,0.11053312421055281,7359.821777
6031,759.836,0.026735224263723295,7358.824707
6032,759.962,0.04070837764276619,7355.930176
6033,760.088,0.11113780153954667,7352.903809
6034,760.214,0.1863847665595005,7353.779785
6035,760.34,0.3957589713585445,7359.141113
6036,760.466,0.5042411249627514,7359.362793
6037,760.592,0.578754303650834,7355.539063
6038,760.718,0.5654930984851402,7362.094238
6039,760.844,0.4582564821577104,7358.056152
6040,760.97,0.33341625038464706,7359.533691
6041,761.096,0.13177492305200078,7358.804688
6042,761.222,-0.099910420138693,7360.123047
6043,761.348,-0.3230440844396168,7359.809082
6044,761.474,-0.5858709747202772,7357.504883
6045,761.6,-0.8031960304090443,7359.208496
6046,761.726,-0.9286101305977101,7359.098633
6047,761.852,-0.9224144848601893,7359.59375
6048,761.983,-0.7020250862731323,7357.612793
6049,762.104,-0.37124959391182605,7360.532227
6050,762.23,0.016705666650292352,7357.305664
6051,762.356,0.39111611477505587,7358.915527
6052,762.482,0.6180987955260793,7360.415039
6053,762.608,0.7180301097568962,7364.320313
6054,762.734,0.5608404690007522,7355.119141
6055,762.86,0.362629092828286,7360.325195
6056,762.986,0.1405779668923438,7362.88916
6057,763.112,-0.06184386693844921,7360.198242
6058,763.238,-0.1878607325177965,7361.806641
6059,763.365,-0.3175914427128733,7361.133301
6060,763.49,-0.4488366648323752,7357.419434
6061,763.616,-0.6226215271138531,7359.062012
6062,763.742,-0.7613554106608483,7357.766602
6063,763.868,-0.8599604994721288,7360.70459
6064,763.994,-0.8147101375216796,7359.591797
6065,764.12,-0.7238863529962659,7360.0
6066,764.246,-0.45338638611806503,7354.764648
6067,764.372,-0.16092880128733875,7361.523438
6068,764.498,0.1251172994185832,7360.01416
6069,764.624,0.26592375512336924,7361.722168
6070,764.75,0.29839750820066246,7360.268066
6071,764.876,0.053766057047349075,7363.125977
6072,765.002,-0.33888534226697575,7366.046875
6073,765.128,-0.7317149442940737,7357.594238
6074,765.254,-1.156731714373811,7361.890137
6075,765.38,-1.4133575895020531,7362.347656
6076,765.506,-1.5210871866522238,7361.82666
6077,765.632,-1.3407111523687245,7364.308105
6078,765.758,-0.9990207382853648,7357.473145
6079,765.884,-0.44607127549954967,7365.152344
6080,766.01,0.1441181369499267,7362.20752
6081,766.136,0.7129544516812353,7363.514648
6082,766.262,1.1380636591680728,7362.068848
6083,766.388,1.3008282507249977,7361.651855
6084,766.514,1.2862792043157045,7363.708496
6085,766.64,1.081312408096463,7364.601074
6086,766.766,0.7865671718060132,7364.445801
6087,766.892,0.4408434857278469,7362.827637
6088,767.018,0.062478615139363564,7363.460449
6089,767.144,-0.2544934866930003,7360.84375
6090,767.27,-0.6000680674569284,7361.273926
6091,767.395,-0.8157598779617348,7364.046875
6092,767.522,-0.9790970128590963,7361.537109
6093,767.648,-0.9138021232657729,7363.655273
6094,767.773,-0.7392738269070971,7357.324219
6095,767.9,-0.4090802832218816,7362.561523
6096,768.026,0.025153176286345592,7361.188477
6097,768.151,0.48388870839414005,7362.549805
6098,768.278,0.8529861705701707,7364.971191
6099,768.403,1.1386314869923206,7364.651855
6100,768.529,1.2620749909000883,7364.694336
6101,768.655,1.1492183619719447,7361.044922
6102,768.782,0.8946267748032289,7363.313965
6103,768.908,0.5063017111465996,7362.137695
6104,769.034,0.05583530700162144,7361.842285
6105,769.16,-0.332853396269712,7367.172852
6106,769.286,-0.6364920790757708,7363.911621
6107,769.412,-0.6516488710873269,7363.427246
6108,769.538,-0.5396473763415279,7363.654785
6109,769.664,-0.2959576491087333,7362.295898
6110,769.789,-0.04523502203656423,7356.793945
6111,769.916,0.09756313247168687,7361.228027
6112,770.042,0.10643599343870162,7360.818359
6113,770.167,-0.0020784501938446594,7363.114746
6114,770.294,-0.0834348378223571,7362.493652
6115,770.419,-0.1025645417882189,7362.40625
6116,770.545,0.004341386041514008,7362.416992
6117,770.671,0.0827153564518513,7364.321777
6118,770.798,0.1964409151724187,7361.415039
6119,770.923,0.20765271966178625,7363.768555
6120,771.049,0.08003132226913433,7364.996094
6121,771.176,-0.127993658848925,7366.178223
6122,771.301,-0.3174346205984938,7358.237793
6123,771.427,-0.38030941975267324,7361.760254
6124,771.553,-0.28859632348072906,7361.46875
6125,771.679,-0.06504161761797267,7361.516602
6126,771.806,0.23601278577790213,7366.035156
6127,771.931,0.5190415816038643,7356.160645
6128,772.057,0.6354126840820947,7362.42627
6129,772.184,0.6081800862594844,7362.805664
6130,772.309,0.46806509837047183,7361.361328
6131,772.436,0.3383561686045371,7364.844238
6132,772.561,0.2567253366351857,7364.768066
6133,772.687,0.20018786512029246,7360.618652
6134,772.813,0.20315523293000678,7362.210938
6135,772.939,0.254149778489481,7363.28125
6136,773.065,0.24460215329465856,7363.123047
6137,773.191,0.20466534872450304,7364.751465
6138,773.317,0.07201168853047298,7361.136719
6139,773.443,-0.05215682916029366,7363.179199
6140,773.57,-0.15381883480700576,7361.155273
6141,773.695,-0.14420680379275816,7362.515137
6142,773.821,-0.01434226237864219,7357.034668
6143,773.947,0.13608104155672762,7366.86084
6144,774.073,0.3600925559256542,7359.187012
6145,774.199,0.5157462441396071,7360.84082
6146,774.326,0.5370969015334841,7363.370117
6147,774.451,0.4577437574148849,7358.619141
6148,774.577,0.22159237940681126,7360.416992
6149,774.703,-0.06329878145324626,7359.953125
6150,774.829,-0.38083922727442304,7363.761719
6151,774.955,-0.6228915196336698,7359.45459
6152,775.081,-0.7408544551085362,7361.016602
6153,775.207,-0.7753231086432553,7364.32666
6154,775.333,-0.7221722123779178,7361.422363
6155,775.459,-0.6549320044888928,7361.298828
6156,775.585,-0.664263031316905,7361.814453
6157,775.711,-0.7639811173209452,7361.389648
6158,775.837,-0.8319286353102198,7361.759766
6159,775.963,-0.8780693051444135,7361.499512
6160,776.089,-0.8024555546280052,7362.717285
6161,776.215,-0.5637137857563163,7363.945801
6162,776.341,-0.28370834964237224,7362.038086
6163,776.467,0.06105101106165668,7362.268555
6164,776.593,0.2930987320519662,7359.649414
6165,776.719,0.4995518160048736,7362.214355
6166,776.845,0.4630220420612616,7363.641602
6167,776.971,0.3652125069481811,7364.133301
6168,777.097,0.13686627824456177,7360.562012
6169,777.223,-0.09572570533487543,7361.539063
6170,777.349,-0.3686969604511894,7362.020996
6171,777.475,-0.5268891912266677,7363.483398
6172,777.601,-0.6092421857801894,7361.549805
6173,777.727,-0.6416509758276562,7360.562988
6174,777.853,-0.575541426483354,7359.224609
6175,777.979,-0.4430285300184004,7361.643555
6176,778.105,-0.23294378581505007,7355.797363
6177,778.231,0.05609265829892711,7362.973633
6178,778.357,0.3350301677439878,7360.672363
6179,778.483,0.6468001333064342,7362.834961
6180,778.609,0.8730761788224949,7358.699707
6181,778.735,1.001487412171781,7364.486328
6182,778.861,1.0064779255352438,7363.126953
6183,778.987,0.8187748017376574,7362.294434
6184,779.113,0.4907956886115806,7361.09668
6185,779.239,0.14262759573412698,7358.972168
6186,779.365,-0.19196906285279844,7361.553711
6187,779.491,-0.5278672077357215,7358.525391
6188,779.617,-0.8105292887243474,7360.121094
6189,779.743,-1.0625233260048825,7360.38623
6190,779.869,-1.2687205621139908,7359.507813
6191,779.995,-1.4611295667004223,7359.895508
6192,780.121,-1.5448946731238808,7359.159668
6193,780.247,-1.4499153651421572,7359.326172
6194,780.373,-1.143050147603099,7359.850098
6195,780.499,-0.7170338912403309,7357.899414
6196,780.625,-0.168829808734496,7359.79834
6197,780.751,0.39884932694928726,7359.754395
6198,780.877,0.8259649138530304,7358.521484
6199,781.044,1.0594192723840552,7357.80127
6200,781.129,1.05129456396886,7358.254395
6201,781.255,0.8813018968584299,7362.123047
6202,781.381,0.5375785339150463,7362.876953
6203,781.507,0.22584095510495314,7360.506836
6204,781.633,-0.11448018498350547,7358.424805
6205,781.759,-0.3330157928876396,7358.542969
6206,781.885,-0.5208781266844358,7358.827637
6207,782.011,-0.6602038055139242,7358.376465
6208,782.137,-0.715689146674153,7351.775391
6209,782.263,-0.7150323452300078,7355.464355
6210,782.389,-0.5949181050337686,7357.188965
6211,782.515,-0.33342387059929157,7358.09082
6212,782.641,-0.07666992947308776,7357.36377
6213,782.767,0.20257778692263217,7356.891602
6214,782.893,0.43224119728567245,7357.713867
6215,783.019,0.5971590135686355,7354.605957
6216,783.145,0.5871298146494381,7356.161133
6217,783.271,0.43836897190154206,7357.724121
6218,783.397,0.2615205499125922,7357.293945
6219,783.523,0.0008055813479286399,7359.090332
6220,783.649,-0.2530799433141026,7364.092285
6221,783.775,-0.5580465322719723,7358.205078
6222,783.901,-0.7997952957748702,7360.762695
6223,784.027,-0.9364710518409809,7359.536621
6224,784.153,-1.105391780345804,7356.422363
6225,784.279,-1.1078384434953927,7356.599121
6226,784.405,-1.0283461823781008,7356.662598
6227,784.531,-0.8320347879825275,7357.608398
6228,784.656,-0.5935015320410159,7357.899414
6229,784.782,-0.2960947804543901,7356.675781
6230,784.909,-0.0838818652033589,7350.282227
6231,785.036,0.12033659120973782,7357.443848
6232,785.161,0.14487247334422423,7359.428223
6233,785.287,0.07918433863398118,7359.308594
6234,785.413,-0.12197967488987722,7360.0625
6235,785.539,-0.44621889708897183,7361.29541
6236,785.665,-0.7341797257555179,7355.555664
6237,785.791,-0.9480550272285447,7357.664063
6238,785.916,-0.9800562031859197,7360.81543
6239,786.042,-0.818976574455572,7359.205566
6240,786.168,-0.5527685111680165,7357.711426
6241,786.294,-0.2507950537178637,7363.634277
6242,786.42,0.03537198162616003,7361.959961
6243,786.547,0.2592715768509286,7358.120117
6244,786.672,0.34371165010764804,7357.753418
6245,786.799,0.3361421768975882,7357.698242
6246,786.924,0.3101059623569218,7359.611816
6247,787.05,0.2522857611134059,7360.111328
6248,787.176,0.2021370864866654,7361.091309
6249,787.302,0.08592667730466726,7361.009277
6250,787.428,-0.11530743407173019,7362.260254
6251,787.554,-0.37100726980794707,7361.162109
6252,787.68,-0.634532988400647,7361.137207
6253,787.807,-0.8678680247643608,7360.441895
6254,787.932,-0.8969570690442851,7361.603516
6255,788.058,-0.724339241184291,7363.025879
6256,788.184,-0.45226318884795064,7363.217773
6257,788.31,-0.07548028589115724,7360.624512
6258,788.436,0.13704184566084487,7365.17041
6259,788.562,0.23489714404847997,7359.874023
6260,788.688,0.1595602562095223,7360.672852
6261,788.814,-0.03999487031062453,7362.975098
6262,788.94,-0.22650847212941894,7362.26709
6263,789.066,-0.33781917246966175,7357.505371
6264,789.192,-0.3354585289320703,7359.135742
6265,789.318,-0.24783321346964282,7360.984863
6266,789.444,-0.15261822328243851,7361.103027
6267,789.57,-0.17473290075309042,7358.525391
6268,789.696,-0.24486615025158376,7354.874023
6269,789.822,-0.3213819470910636,7362.910645
6270,789.948,-0.3414608485731053,7359.763672
6271,790.075,-0.21215104682758593,7359.652344
6272,790.2,-0.0196323545352378,7361.759277
6273,790.326,0.21781512284917962,7361.720215
6274,790.452,0.37510967044070304,7361.469727
6275,790.578,0.37554021926847875,7361.104004
6276,790.704,0.19939825530691932,7362.851074
6277,790.83,-0.14757638811604973,7360.735352
6278,790.956,-0.466586675549511,7363.150879
6279,791.082,-0.7366610438796025,7362.271484
6280,791.208,-0.8970824018158798,7360.674316
6281,791.334,-0.9265803532708443,7361.241699
6282,791.46,-0.8994340820905107,7365.837402
6283,791.586,-0.8150289018888692,7358.728516
6284,791.712,-0.644163059998482,7368.005371
6285,791.838,-0.43111109786017965,7359.861816
6286,791.964,-0.11512633179326465,7362.45752
6287,792.09,0.3208580453278873,7362.531738
6288,792.216,0.7106955871457677,7366.537109
6289,792.342,1.0127505244417108,7360.45459
6290,792.468,1.1284115974205122,7363.540039
6291,792.594,0.939492449519385,7360.617188
6292,792.72,0.5544858468589646,7360.656738
6293,792.846,0.06867058926381728,7356.693359
6294,792.972,-0.3720690331651507,7365.635742
6295,793.098,-0.6931712649818237,7362.835449
6296,793.224,-0.7959170179125447,7362.766602
6297,793.35,-0.7236953768463575,7361.577637
6298,793.476,-0.5326805654058858,7361.769043
6299,793.602,-0.3043679736825658,7366.561035
6300,793.728,-0.029236906566265868,7359.402344
6301,793.854,0.14515035989065436,7362.205078
6302,793.98,0.24355463399698135,7362.121094
6303,794.106,0.2720488230687424,7360.363281
6304,794.232,0.2063491701841837,7358.408691
6305,794.358,0.050354331769143404,7361.12207
6306,794.484,-0.11777321298872535,7361.861816
6307,794.61,-0.3582989051496341,7362.769043
6308,794.736,-0.5091004912976865,7362.383301
6309,794.862,-0.599422115684911,7365.393066
6310,794.988,-0.5118212578226327,7367.651855
6311,795.114,-0.36070725180051083,7362.689941
6312,795.24,-0.07799440990988056,7362.629883
6313,795.366,0.21399169796001463,7361.754883
6314,795.492,0.43284379761768144,7364.293457
6315,795.618,0.5901622049505516,7362.132324
6316,795.744,0.5900109211414054,7360.198242
6317,795.87,0.4371619365391777,7363.371094
6318,795.996,0.20487510813128001,7360.888672
6319,796.122,0.006853152365108008,7361.151855
6320,796.248,-0.2080761048753176,7359.483887
6321,796.374,-0.27741419705544457,7363.845703
6322,796.5,-0.19165347329301097,7365.443848
6323,796.626,-0.017987537277501825,7362.008789
6324,796.752,0.2474544582029549,7362.150391
6325,796.878,0.5650728859826447,7363.973145
6326,797.004,0.8572841942725731,7362.21582
6327,797.13,1.0798644956182948,7357.013672
6328,797.256,1.1516567692047044,7360.33252
6329,797.382,1.0624515466228652,7359.006836
6330,797.508,0.7665988431074042,7360.666992
6331,797.634,0.32618009100857065,7362.535156
6332,797.76,-0.1917929428865867,7356.873047
6333,797.886,-0.5591826895362343,7360.527832
6334,798.012,-0.6993971097153011,7361.099609
6335,798.138,-0.5089969584221798,7355.424316
6336,798.266,-0.04260298718891801,7357.505371
6337,798.39,0.5546581632531621,7358.603027
6338,798.516,1.112833350174891,7361.124023
6339,798.642,1.4740602164785361,7362.94043
6340,798.768,1.5240825748858562,7361.326172
6341,798.894,1.2552221373020196,7362.444824
6342,799.02,0.8074883965090007,7358.372559
6343,799.146,0.2457038748319748,7360.92334
6344,799.271,-0.23644402217235683,7357.90625
6345,799.398,-0.6181689408186519,7351.440918
6346,799.524,-0.7389035227752166,7353.169922
6347,799.65,-0.670698866065097,7355.708008
6348,799.776,-0.460705982160827,7357.295898
6349,799.901,-0.15940383977604933,7359.777832
6350,800.027,0.15585983809958048,7353.569336
6351,800.153,0.2991629088222182,7356.842285
6352,800.28,0.23078340618350296,7359.446289
6353,800.405,-0.054356059658730735,7357.470703
6354,800.532,-0.5024173186940811,7356.702637
6355,800.658,-0.9728574898874103,7359.653809
6356,800.784,-1.267028342527901,7362.728027
6357,800.91,-1.2993785152795552,7357.439941
6358,801.036,-1.0346094159268207,7357.662598
6359,801.161,-0.5779352170160268,7357.809082
6360,801.287,-0.0033618348919924497,7354.602051
6361,801.413,0.4531068629546959,7358.799805
6362,801.54,0.7110327870992871,7359.869141
6363,801.666,0.6939610359273138,7356.555664
6364,801.791,0.4663896568068361,7357.443848
6365,801.918,0.16317076170816303,7357.868164
6366,802.044,-0.22538813678462427,7360.361816
6367,802.17,-0.5037339609481359,7358.180664
6368,802.295,-0.7418252685249473,7359.482422
6369,802.421,-0.8046059091515884,7353.416992
6370,802.548,-0.7776376553495898,7357.885742
6371,802.673,-0.5942710970571439,7357.702148
6372,802.799,-0.3376070263554958,7357.755371
6373,802.925,-0.01348638749190984,7357.722168
6374,803.051,0.31988643409073153,7353.397949
6375,803.177,0.5312411828489976,7356.323242
6376,803.303,0.6814848885177699,7356.134766
6377,803.429,0.656533709652628,7358.518555
6378,803.555,0.5164798157928043,7360.022949
6379,803.681,0.3204216233220792,7357.697266
6380,803.807,0.06319179580441288,7358.105469
6381,803.987,-0.17751772622769962,7360.085449
6382,804.064,-0.22808606673654935,7359.371094
6383,804.186,-0.12391634975599315,7357.326172
6384,804.311,0.17730357894431437,7357.787598
6385,804.437,0.5483586066164534,7362.29248
6386,804.574,0.935454413189011,7356.210449
6387,804.69,1.2021720390600175,7360.730469
6388,804.815,1.191323816226112,7359.742188
6389,804.941,0.9165188500268552,7356.561523
6390,805.067,0.5497332103671055,7356.042969
6391,805.193,0.08979842471179873,7360.969727
6392,805.32,-0.2589791126971287,7359.572754
6393,805.445,-0.3814165474077064,7357.299316
6394,805.571,-0.38471457192313785,7359.20459
6395,805.697,-0.30397463020107635,7350.076172
6396,805.823,-0.24997845608657224,7360.256348
6397,805.949,-0.25621760348833844,7359.819824
6398,806.075,-0.3131099869058569,7356.963379
6399,806.201,-0.41160708236725535,7359.22998
6400,806.327,-0.42448835608082414,7361.148438
6401,806.453,-0.3667357943825242,7360.103027
6402,806.579,-0.2051308437269348,7357.808594
6403,806.705,0.01473272517998498,7357.979492
6404,806.831,0.1599313887458786,7354.058105
6405,806.957,0.30047619256075936,7355.472168
6406,807.083,0.3326039064549028,7363.883789
6407,807.209,0.33348733713857387,7358.035645
6408,807.335,0.2993153230223785,7354.123535
6409,807.461,0.297018265690544,7360.49707
6410,807.587,0.29929812718511645,7357.564941
6411,807.713,0.26845337241632533,7355.992676
6412,807.839,0.1607174780117194,7358.459473
6413,807.965,-0.05356408187181249,7357.927246
6414,808.091,-0.2948037175514487,7357.278809
6415,808.217,-0.5716332455621075,7358.65918
6416,808.343,-0.7542308939409736,7356.928711
6417,808.469,-0.7724501256758398,7357.314453
6418,808.595,-0.6088612932110823,7359.089844
6419,808.721,-0.3562773965049272,7358.214355
6420,808.847,-0.031753398539889954,7354.605469
6421,808.973,0.1829066859709017,7358.372559
6422,809.099,0.26947484038958414,7358.403809
6423,809.225,0.19755280328934036,7358.594727
6424,809.351,-0.04663353324958379,7355.022949
6425,809.477,-0.3257763858752775,7355.352539
6426,809.603,-0.6327941826130528,7357.524902
6427,809.729,-0.7637742680101445,7355.853516
6428,809.855,-0.8307491269308993,7357.135742
6429,809.981,-0.6794208842550274,7357.000488
6430,810.107,-0.44072539916321635,7359.112793
6431,810.233,-0.16906053211808156,7355.824707
6432,810.359,0.003795636113088497,7362.804688
6433,810.485,0.055940984069399846,7351.538574
6434,810.611,-0.07757793554049686,7354.73877
6435,810.737,-0.30984341042800845,7356.476563
6436,810.863,-0.5217676693125316,7356.527832
6437,810.989,-0.6259669385318547,7356.913086
6438,811.115,-0.5818786118375111,7361.897461
6439,811.241,-0.3309244722631995,7358.309082
6440,811.367,-0.011751089476713697,7358.658203
6441,811.493,0.26342819447949756,7356.921387
6442,811.619,0.4196343330164836,7355.124512
6443,811.745,0.3629579285006977,7354.027344
6444,811.871,0.14957031871360865,7361.782227
6445,811.997,-0.14152121897008682,7353.897461
6446,812.123,-0.4572272330749534,7353.95459
6447,812.249,-0.5942365723771927,7351.993164
6448,812.375,-0.6200389464883997,7353.512695
6449,812.501,-0.4339119866330926,7353.209473
6450,812.627,-0.11261979272819016,7354.169434
6451,812.753,0.3081878119913359,7356.281738
6452,812.879,0.6454520227275363,7353.138184
6453,813.005,0.8289230241933954,7355.549316
6454,813.131,0.7697364946711656,7354.999023
6455,813.257,0.5126195918394865,7354.974121
6456,813.383,0.08459237443024169,7359.076172
6457,813.509,-0.2740732087407319,7357.253418
6458,813.635,-0.502968048748065,7356.016113
6459,813.761,-0.4819628492118629,7355.422852
6460,813.887,-0.20650563419421075,7348.71875
6461,814.013,0.1800393876061842,7358.598633
6462,814.139,0.5743693877066544,7356.061035
6463,814.265,0.8850838244974688,7355.177246
6464,814.391,0.9017665828283443,7356.627441
6465,814.517,0.759602065849093,7354.136719
6466,814.643,0.5404468285415934,7355.478516
6467,814.769,0.32641172718285555,7353.808594
6468,814.895,0.26220723492899695,7354.634766
6469,815.021,0.3096704483928454,7354.147461
6470,815.147,0.4158922524963573,7353.439941
6471,815.273,0.5810886940552917,7357.412598
6472,815.399,0.6642096102642503,7354.665527
6473,815.525,0.6919157616642374,7357.324219
6474,815.65,0.6451174842955354,7357.712402
6475,815.777,0.5924449860356249,7357.503418
6476,815.903,0.47553817640647933,7355.711426
6477,816.029,0.34422753300277176,7355.193359
6478,816.155,0.1279215105017585,7355.016113
6479,816.28,-0.1255632815604554,7358.316895
6480,816.406,-0.31312183080287465,7354.46875
6481,816.533,-0.43677418870071055,7358.149414
6482,816.659,-0.42365370781827233,7355.989258
6483,816.785,-0.3399806615766127,7357.373535
6484,816.91,-0.26257359101414424,7355.950684
6485,817.036,-0.2602604585161209,7359.361816
6486,817.163,-0.42609233028361565,7354.352539
6487,817.289,-0.7252935870777861,7355.905273
6488,817.415,-1.020847918718916,7353.84375
6489,817.54,-1.1546110453044882,7360.491211
6490,817.667,-1.0881305037571427,7356.021484
6491,817.793,-0.6705916730046597,7354.545898
6492,817.919,-0.06312129380745521,7353.646973
6493,818.045,0.6502851403926264,7353.04541
6494,818.17,1.1429078552781176,7354.534668
6495,818.296,1.3215745441251239,7352.851563
6496,818.423,1.1468670996604229,7354.341309
6497,818.548,0.750114648137242,7356.422363
6498,818.674,0.23593739496834107,7357.338867
6499,818.8,-0.11183256831234613,7358.63916
6500,818.926,-0.2816404851190649,7353.33252
6501,819.053,-0.25501772665473854,7354.745117
6502,819.178,-0.10253893716373733,7355.679688
6503,819.304,0.07520088639933172,7355.438965
6504,819.43,0.10192309753088231,7355.912109
6505,819.556,-0.005043795429045279,7356.564941
6506,819.682,-0.3085261687811369,7350.983398
6507,819.809,-0.6905379216656579,7350.247559
6508,819.934,-1.0263119777576732,7350.272949
6509,820.06,-1.2112993951607989,7355.199707
6510,820.186,-1.2525607526185156,7353.640625
6511,820.312,-1.0953798320350645,7353.242188
6512,820.438,-0.8026221331317193,7352.62207
6513,820.564,-0.5013976475099783,7351.899414
6514,820.69,-0.3165344872893617,7353.666504
6515,820.816,-0.3222598054324529,7352.600098
6516,820.942,-0.5808333166937574,7351.492676
6517,821.068,-0.9108400693611278,7356.569824
6518,821.194,-1.2061257892633643,7357.273438
6519,821.32,-1.2887575636748856,7353.612793
6520,821.446,-1.1383874394392348,7353.677734
6521,821.572,-0.6938918194413595,7354.322266
6522,821.698,-0.2175965871776946,7349.981934
6523,821.824,0.18379835737673103,7357.302734
6524,821.95,0.40555939257534157,7354.998535
6525,822.076,0.3583149338930698,7354.212891
6526,822.202,0.13895655534704426,7357.187988
6527,822.328,-0.15577813398902843,7350.875488
6528,822.454,-0.44451461726495994,7354.432129
6529,822.58,-0.6147878654446132,7354.291504
6530,822.706,-0.5992614040786578,7351.008789
6531,822.832,-0.4949988338646038,7354.696289
6532,822.958,-0.22583861299795138,7355.568359
6533,823.084,0.08897843003065942,7355.540527
6534,823.21,0.39224595430681886,7354.371094
6535,823.336,0.640844473017593,7356.006348
6536,823.462,0.79091989214338,7360.368652
6537,823.588,0.7054192191393314,7357.239746
6538,823.714,0.4285072036768239,7353.50293
6539,823.84,0.0015880774720397302,7353.538086
6540,823.966,-0.4600683828515004,7347.12793
6541,824.092,-0.7569198873123059,7355.858887
6542,824.218,-0.8197879319014074,7355.852539
6543,824.344,-0.6623856082562648,7352.317383
6544,824.47,-0.36841174081280237,7354.466797
6545,824.596,-0.0008693309099801636,7359.760742
6546,824.722,0.1580579836271539,7349.663086
6547,824.848,0.1196549271993098,7354.692871
6548,824.974,-0.1571869841726848,7353.653809
6549,825.155,-0.5544099222312439,7353.147949
6550,825.226,-0.8827516192657944,7355.266113
6551,825.352,-1.0426634873038896,7355.509277
6552,825.478,-0.891763227929284,7354.124512
6553,825.604,-0.5287597791338331,7355.309082
6554,825.73,-0.09248855916267675,7355.320313
6555,825.856,0.4052392413975819,7354.560547
6556,825.982,0.6986492591384311,7355.851563
6557,826.108,0.7460527550026578,7354.868652
6558,826.234,0.5762932750387852,7354.124512
6559,826.36,0.23240777831597212,7353.55957
6560,826.486,-0.20822162147563394,7357.109863
6561,826.612,-0.624078690578277,7355.11084
6562,826.738,-0.8775336196588243,7352.518555
6563,826.864,-0.9562797073478727,7355.583008
6564,826.99,-0.8095160188510072,7353.370117
6565,827.116,-0.5550443511229807,7356.417969
6566,827.242,-0.1820403845179082,7355.851563
6567,827.368,0.043392134962656044,7356.538086
6568,827.494,0.24613668496943944,7351.033691
6569,827.62,0.19361699293215362,7353.929199
6570,827.746,0.0601389700714654,7354.866211
6571,827.872,-0.14038107387283452,7355.880859
6572,827.998,-0.2318261504003833,7356.50293
6573,828.124,-0.19830134155898757,7349.077637
6574,828.25,0.03010088523371645,7352.773438
6575,828.376,0.3041324898816977,7354.737305
6576,828.502,0.5332697538907172,7357.162109
6577,828.628,0.6330892397941602,7356.102539
6578,828.754,0.5262358430570553,7361.82666
6579,828.88,0.2565064291224317,7355.209961
6580,829.006,-0.11017948372604916,7355.768555
6581,829.132,-0.38826508697898554,7355.969238
6582,829.258,-0.519535911780177,7352.959473
6583,829.384,-0.5187771606002255,7357.121582
6584,829.509,-0.3565070582167822,7354.97168
6585,829.636,-0.11976768977651113,7354.801758
6586,829.762,0.03709060369570188,7355.378906
6587,829.888,0.11184416236581475,7360.107422
6588,830.014,0.07395722405620724,7356.839844
6589,830.14,-0.05610742175580784,7354.973633
6590,830.266,-0.2414923304513231,7354.460938
6591,830.392,-0.411429719969223,7353.334473
6592,830.518,-0.5290527569293185,7354.869629
6593,830.644,-0.5370381967048934,7353.928711
6594,830.77,-0.38949720740661864,7356.109375
6595,830.896,-0.1723137188542518,7353.240723
6596,831.022,0.044696140685251164,7351.075195
6597,831.148,0.28555397076161304,7357.01709
6598,831.274,0.4277019636466525,7353.257324
6599,831.4,0.5250148982392324,7354.63623
6600,831.526,0.5187186145218082,7358.294434
6601,831.652,0.4746797876116546,7353.087891
6602,831.778,0.40335683260972277,7357.214844
6603,831.904,0.40328798397059157,7354.090332
6604,832.029,0.4173298006139714,7354.714355
6605,832.155,0.49470528730998314,7351.757813
6606,832.282,0.5631151966098594,7359.701172
6607,832.408,0.5976230439351897,7356.142578
6608,832.533,0.5775306436715013,7354.266113
6609,832.659,0.537067117350264,7356.726563
6610,832.785,0.46306442971721495,7357.731445
6611,832.912,0.455364125775863,7356.09375
6612,833.037,0.5044631374989641,7347.624023
6613,833.163,0.5358776902482719,7356.556152
6614,833.29,0.5457021339548921,7353.926758
6615,833.415,0.4062578107711231,7355.46875
6616,833.541,0.13434016027578136,7355.219727
6617,833.668,-0.1270188620358017,7355.721191
6618,833.794,-0.4278926062312454,7355.99707
6619,833.919,-0.5628363592308896,7357.266602
6620,834.045,-0.45901853654745417,7352.692871
6621,834.171,-0.25186329327254686,7358.708984
6622,834.297,0.0895473283448565,7356.452148
6623,834.423,0.3627471346984011,7354.46582
6624,834.549,0.512130887082023,7356.992676
6625,834.675,0.5107570217730398,7355.455566
6626,834.802,0.32822749062457873,7353.59375
6627,834.927,0.20394808907191408,7353.088379
6628,835.053,0.09998454070344422,7355.027344
6629,835.179,0.14995707288295015,7354.466309
6630,835.305,0.33265130735341586,7357.129395
6631,835.431,0.5553435963189265,7352.450195
6632,835.557,0.6949016038290037,7356.290039
6633,835.683,0.5963003654615011,7356.21875
6634,835.809,0.3075670409070794,7359.375488
6635,835.935,-0.09111810527281745,7355.009766
6636,836.061,-0.5824791051171064,7354.681152
6637,836.187,-0.8730354305124125,7355.98584
6638,836.313,-0.8970722221573549,7357.459961
6639,836.439,-0.6857749473341626,7357.491699
6640,836.565,-0.24483006831058104,7356.082031
6641,836.691,0.13942455277970062,7361.060059
6642,836.817,0.5218866334465242,7353.117676
6643,836.943,0.5342552911318487,7355.817383
6644,837.106,0.329868226569131,7355.448242
6645,837.195,-0.011762911077020734,7355.411621
6646,837.321,-0.3883599609060883,7358.357422
6647,837.447,-0.6177778095160649,7353.277344
6648,837.573,-0.6351799749778524,7355.39502
6649,837.699,-0.42447830275466786,7355.508789
6650,837.825,-0.1930907780255338,7352.016113
6651,837.951,-0.06448355268700177,7355.80957
6652,838.077,-0.06029787034542437,7354.553223
6653,838.203,-0.2451102556948053,7354.263184
6654,838.33,-0.47655784660114614,7356.088379
6655,838.455,-0.6969246110630944,7355.686035
6656,838.581,-0.7168334373916073,7354.095703
6657,838.707,-0.5646257784087266,7355.059082
6658,838.833,-0.2061102155195004,7356.784668
6659,838.959,0.06801455739005141,7357.695801
6660,839.085,0.23932701108427468,7355.081055
6661,839.211,0.23629088571344128,7359.023438
6662,839.337,0.023981352222315146,7356.179199
6663,839.463,-0.24680032885332823,7353.274414
6664,839.589,-0.3978811367417154,7353.048828
6665,839.715,-0.3773553982167475,7353.342285
6666,839.841,-0.17727696456666464,7355.206543
6667,839.967,0.19302507999699137,7357.296387
6668,840.093,0.5975681618236353,7354.687988
6669,840.219,0.9626561617031666,7352.844727
6670,840.345,1.1117667538302538,7357.485352
6671,840.471,1.0514217893822406,7353.615234
6672,840.597,0.861864580251873,7353.786621
6673,840.723,0.6327460193378212,7354.716309
6674,840.849,0.3865903113266845,7355.46875
6675,840.975,0.24695456707603847,7356.494629
6676,841.101,0.11227031707016802,7357.375
6677,841.227,-0.035486921827428464,7355.67627
6678,841.353,-0.22259496985278227,7355.513184
6679,841.479,-0.4611605121196199,7351.691406
6680,841.605,-0.7127975357529751,7352.820313
6681,841.731,-0.8452460565258184,7350.263672
6682,841.857,-0.7405388432156726,7354.490723
6683,841.983,-0.43560097905824063,7355.34082
6684,842.109,0.09948566379257925,7355.898438
6685,842.235,0.7016474839823299,7352.664063
6686,842.361,1.2188616378536588,7354.007324
6687,842.487,1.5345924383245708,7355.40625
6688,842.613,1.5590225188648204,7353.583984
6689,842.739,1.2496647955133229,7352.095215
6690,842.865,0.8088013345551021,7353.42627
6691,842.991,0.3176811505592305,7352.742188
6692,843.117,-0.06843693780658357,7355.061523
6693,843.243,-0.3074087016909302,7356.050781
6694,843.369,-0.3721035270703933,7355.961426
6695,843.495,-0.324006347393171,7352.39502
6696,843.621,-0.2788900633011378,7350.738281
6697,843.747,-0.2648920360960472,7356.455566
6698,843.873,-0.26238398965307885,7354.664551
6699,843.999,-0.2721132557973006,7354.85791
6700,844.125,-0.21144317880550847,7354.095215
6701,844.251,-0.11733510530179261,7357.974609
6702,844.377,0.013215744532933577,7356.08252
6703,844.503,0.11789820164984516,7354.086914
6704,844.629,0.1220644168992727,7354.550293
6705,844.755,-0.02816220079777595,7355.105469
6706,844.881,-0.24822255272034247,7351.024414
6707,845.006,-0.4623974495996,7356.615723
6708,845.133,-0.631767956111069,7355.027344
6709,845.259,-0.6170362440510647,7353.36084
6710,845.385,-0.5064686684974194,7355.361816
6711,845.511,-0.2722237980306019,7358.123047
6712,845.637,-0.06954947808645998,7356.364746
6713,845.763,0.11412586687547203,7357.350098
6714,845.889,0.233416686549832,7355.427246
6715,846.015,0.30908620672200393,7353.620605
6716,846.141,0.3252737933337373,7359.256836
6717,846.267,0.3503452604899479,7357.720703
6718,846.393,0.3758923605741043,7356.835449
6719,846.519,0.38781701371031,7355.74707
6720,846.645,0.3305960853196876,7355.727539
6721,846.77,0.3504901530577546,7356.436523
6722,846.897,0.374849624135382,7355.345215
6723,847.023,0.5036624193904908,7355.82373
6724,847.149,0.6680610498673996,7354.975098
6725,847.274,0.8892765418999509,7357.271484
6726,847.401,1.00013846286949,7361.421875
6727,847.526,1.0375045759561967,7360.291016
6728,847.652,0.9374730644365876,7357.501953
6729,847.779,0.662943996696115,7355.376465
6730,847.905,0.3484733555074676,7356.933594
6731,848.03,0.08086058271376192,7355.88916
6732,848.156,-0.1565348765563344,7357.870117
6733,848.282,-0.29321659362323343,7360.160156
6734,848.408,-0.3825567901253878,7356.793457
6735,848.534,-0.32775745786250093,7360.823242
6736,848.66,-0.2894001567351839,7362.041016
6737,848.786,-0.172515724272689,7357.980469
6738,848.912,-0.026015940985632452,7357.987305
6739,849.039,0.11318835655006511,7358.09082
6740,849.165,0.22731471183349572,7356.33252
6741,849.29,0.2720201740953732,7357.759766
6742,849.416,0.28556972504028755,7351.595703
6743,849.543,0.24468613804275213,7358.081055
6744,849.668,0.22822597709570228,7358.118164
6745,849.794,0.25689370908645653,7356.043457
6746,849.92,0.2534947041538938,7359.238281
6747,850.046,0.23728277440661297,7356.408691
6748,850.172,0.21921511939722463,7354.398438
6749,850.298,0.15149264927752942,7355.597168
6750,850.424,0.06740501181888328,7359.371582
6751,850.55,-0.03252463418831703,7358.276855
6752,850.676,-0.12109481762425164,7356.754395
6753,850.802,-0.23239672046363755,7356.499023
6754,850.929,-0.32128553274425303,7357.699707
6755,851.054,-0.37650451284474734,7355.345703
6756,851.18,-0.339092647943197,7361.11084
6757,851.306,-0.21342072899154224,7355.239746
6758,851.432,0.08350045024691469,7356.567383
6759,851.559,0.4452855513530792,7355.87793
6760,851.684,0.8034941940895349,7356.256836
6761,851.81,1.0483823668710488,7349.281738
6762,851.936,1.090021937591517,7355.464844
6763,852.063,0.8499581130665081,7359.086426
6764,852.188,0.40788821576113055,7355.282227
6765,852.314,-0.09708142432077778,7356.814941
6766,852.44,-0.488116983972391,7356.297363
6767,852.566,-0.6893208523439872,7361.155762
6768,852.692,-0.5446127539313141,7353.711426
6769,852.818,-0.19261393200958618,7353.949707
6770,852.944,0.2561623132488131,7354.973633
6771,853.07,0.6060741985405255,7355.331055
6772,853.196,0.7179609070404126,7354.992676
6773,853.322,0.5827162629990819,7351.613281
6774,853.448,0.2707959593150398,7355.285645
6775,853.574,0.012967881610101921,7355.292969
6776,853.7,-0.14170628071570293,7357.15918
6777,853.826,-0.13135845798189438,7358.400879
6778,853.952,-0.018943409542636142,7354.581543
6779,854.078,0.033195698459685945,7354.325684
6780,854.204,-0.007993460217410027,7356.702148
6781,854.33,-0.15417622342787193,7356.366699
6782,854.456,-0.2927364287967171,7354.195801
6783,854.582,-0.4134257456936957,7355.719727
6784,854.708,-0.395859816685212,7355.091797
6785,854.834,-0.1740567637162256,7356.446289
6786,854.96,0.11306641859650356,7353.835449
6787,855.086,0.44995971708526017,7360.361816
6788,855.213,0.6868769094435254,7355.586914
6789,855.338,0.7431915023683445,7355.965332
6790,855.464,0.6952630258089584,7356.817871
6791,855.59,0.549244773214515,7356.390137
6792,855.716,0.38797947070925937,7354.308105
6793,855.842,0.3118684135898678,7353.539551
6794,855.968,0.34760416110626674,7357.068359
6795,856.094,0.4290878854275388,7355.65332
6796,856.22,0.5205234454929445,7355.580566
6797,856.346,0.629854539191325,7357.522461
6798,856.472,0.6696357882354294,7355.299316
6799,856.598,0.6420488526774585,7356.219727
6800,856.724,0.5694819642818828,7354.208496
6801,856.85,0.4237380834696091,7353.646484
6802,856.976,0.23348052121406876,7351.953613
6803,857.102,0.07144158096017975,7357.09375
6804,857.228,-0.06248646303611833,7355.084961
6805,857.354,-0.07947676013793994,7354.825195
6806,857.48,0.03765250749963929,7356.024414
6807,857.606,0.22508755107267353,7354.166504
6808,857.732,0.4734835141049928,7357.835449
6809,857.858,0.6453545342827204,7355.282715
6810,857.984,0.8023742209481843,7354.797852
6811,858.11,0.7609012991860472,7353.939453
6812,858.236,0.5625728327813432,7351.604492
6813,858.362,0.2084376127960411,7356.080078
6814,858.488,-0.2419962497716071,7355.08252
6815,858.614,-0.6766164712295715,7354.925293
6816,858.74,-0.934281632408959,7355.992188
6817,858.866,-0.9015496212672109,7354.064941
6818,858.992,-0.5824279893401283,7354.290527
6819,859.118,-0.10728270607715318,7353.503906
6820,859.244,0.455613728854658,7352.474609
6821,859.37,0.8129638190178959,7357.200684
6822,859.497,0.9779067225951759,7356.151367
6823,859.622,0.8133258683806099,7354.895996
6824,859.748,0.5073518799424652,7353.07373
6825,859.874,0.1720124077145901,7354.595703
6826,859.999,-0.10962242268593328,7350.796875
6827,860.126,-0.21604800250157244,7355.015625
6828,860.252,-0.23302204564525467,7355.70459
6829,860.378,-0.1693976518426961,7355.62207
6830,860.503,-0.18875861992758228,7354.905762
6831,860.63,-0.18544734609661984,7354.276855
6832,860.755,-0.23984501798940164,7356.569336
6833,860.882,-0.2672614150740713,7353.217773
6834,861.008,-0.17899238714007906,7352.958008
6835,861.133,-0.0895694569759845,7351.387695
6836,861.259,0.0382833623180009,7352.819336
6837,861.386,0.10942554845528217,7353.109375
6838,861.512,0.10281382730486004,7353.611816
6839,861.638,-0.004522190800715344,7353.391602
6840,861.763,-0.17972358004684316,7354.151855
6841,861.89,-0.32894625562196156,7353.493652
6842,862.016,-0.3620230990333742,7354.749023
6843,862.142,-0.24891361142424695,7352.570801
6844,862.267,0.028608852899827432,7353.817383
6845,862.394,0.4257499323649834,7353.275391
6846,862.52,0.7849483789794893,7353.931152
6847,862.646,1.076830542121517,7356.557129
6848,862.772,1.1138721275648908,7353.4375
6849,862.897,0.8655001982305616,7354.892578
6850,863.023,0.3761765718471291,7356.876953
6851,863.15,-0.267480472123926,7347.798828
6852,863.275,-0.928640423785221,7353.587891
6853,863.402,-1.4695390337827292,7352.944336
6854,863.528,-1.7188997249013596,7355.651367
6855,863.654,-1.747941081760397,7354.729492
6856,863.78,-1.4235089385139725,7353.894043
6857,863.906,-1.0710125810670441,7352.771484
6858,864.031,-0.5451743909871135,7350.644043
6859,864.158,-0.11388432824163605,7355.123047
6860,864.283,0.15803358121837588,7352.995117
6861,864.411,0.17610005746417268,7355.117676
6862,864.535,0.10114142263105658,7350.70166
6863,864.661,-0.10093080770102371,7352.280273
6864,864.787,-0.31522110494434896,7346.093262
6865,864.913,-0.38380815286265946,7353.864746
6866,865.039,-0.2882067259117532,7353.766113
6867,865.166,0.036643206530826485,7353.472656
6868,865.291,0.45846693720251336,7354.407715
6869,865.417,0.9223859172954966,7350.16748
6870,865.543,1.2629063626591437,7352.280273
6871,865.669,1.3590318395875267,7352.177734
6872,865.795,1.2269036799270758,7352.789063
6873,865.922,0.9841600180254768,7353.274902
6874,866.048,0.7527159485739038,7352.115723
6875,866.174,0.6346626554435786,7350.535645
6876,866.299,0.6878995231992345,7353.872559
6877,866.425,0.8984239733052617,7353.277344
6878,866.551,1.0983244669406185,7353.312012
6879,866.677,1.2182803796468125,7351.496094
6880,866.804,1.191973630475206,7359.615234
6881,866.929,0.9792368252228365,7352.399902
6882,867.055,0.6969874799029661,7352.934082
6883,867.181,0.3774994401589474,7350.167969
6884,867.307,0.14554696284696259,7358.749023
6885,867.433,0.021889382048113484,7350.814453
6886,867.559,0.029496215916630195,7352.465332
6887,867.685,0.08262162230963205,7353.276367
6888,867.811,0.2092890398899096,7354.322754
6889,867.937,0.2587559623569645,7363.585449
6890,868.064,0.22977734982677558,7354.501465
6891,868.189,0.22069515751316915,7354.719238
6892,868.315,0.13154610549192186,7354.461914
6893,868.441,0.17854492339134503,7355.488281
6894,868.567,0.28874317402464084,7356.482422
6895,868.693,0.41862600488182933,7353.400391
6896,868.819,0.5826168833877613,7353.839844
6897,868.945,0.6660886541230905,7354.665527
6898,869.071,0.5966370881092163,7350.078125
6899,869.197,0.3543095267232624,7354.160156
6900,869.323,0.03593934722946388,7352.17627
6901,869.449,-0.23708138089179553,7353.615723
6902,869.575,-0.36817354422995857,7353.421387
6903,869.701,-0.3076271343198032,7355.148438
6904,869.827,-0.07640331375030499,7354.140625
6905,869.953,0.2334821859594897,7351.553711
6906,870.08,0.5674889289727171,7353.924316
6907,870.205,0.7137479630856477,7352.064453
6908,870.332,0.8794035790555672,7350.61084
6909,870.457,0.8651704001070897,7360.246582
6910,870.583,0.9086924584005313,7350.825195
6911,870.709,0.8994013496941011,7353.453613
6912,870.835,0.8567172662028697,7351.01123
6913,870.961,0.767059474730452,7350.984863
6914,871.087,0.5966818189671091,7352.442871
6915,871.213,0.32290644877807256,7354.044434
6916,871.339,0.13186235253241835,7353.083496
6917,871.465,0.04385179811169337,7354.286133
6918,871.591,0.15813856230083206,7354.75293
6919,871.717,0.41364531761220474,7349.102051
6920,871.843,0.7003047276272137,7353.637207
6921,871.969,0.9285650656817851,7354.185059
6922,872.095,0.927319865596835,7351.645508
6923,872.221,0.6294943944797069,7354.212891
6924,872.347,0.1652186363015309,7357.792969
6925,872.473,-0.3366295218747678,7354.774414
6926,872.599,-0.6427004933943201,7352.955566
6927,872.725,-0.6631508164192152,7352.833496
6928,872.851,-0.4536246362166765,7357.771484
6929,872.977,-0.0029216510148731387,7354.045898
6930,873.103,0.49744537241765346,7354.32373
6931,873.229,0.8921051966132458,7353.584473
6932,873.355,1.1049852423021684,7353.091797
6933,873.481,1.1023529824817102,7350.350098
6934,873.607,0.9277202589364346,7352.380371
6935,873.733,0.6980417593280884,7353.39209
6936,873.859,0.4943009898972859,7353.47168
6937,873.986,0.3872832077026895,7349.04248
6938,874.111,0.371858832395116,7356.348145
6939,874.237,0.39729268368508747,7352.523926
6940,874.363,0.4193955784478613,7353.719727
6941,874.489,0.27656173153045127,7351.779297
6942,874.615,0.011358244810981239,7351.608398
6943,874.741,-0.35077003115462724,7348.112793
6944,874.867,-0.6784020999576337,7353.509277
6945,874.993,-0.8576543606209206,7351.657715
6946,875.119,-0.8567276823423079,7349.455078
6947,875.245,-0.5897999257493262,7350.987305
6948,875.371,-0.23696034508626831,7349.371582
6949,875.497,0.1367658059579408,7351.264648
6950,875.623,0.38022039320099843,7349.796387
6951,875.749,0.5130811603749605,7347.503418
6952,875.875,0.44025533571303216,7352.020508
6953,876.001,0.3915214669432236,7353.989746
6954,876.127,0.39203805502437244,7349.032715
6955,876.253,0.56654963179048,7351.431152
6956,876.379,0.8416497155673167,7350.542969
6957,876.505,1.1938479444872208,7349.175781
6958,876.631,1.4139950400523402,7355.994141
6959,876.757,1.4856880549661775,7351.239258
6960,876.883,1.2846011153521983,7350.838379
6961,877.009,0.8913833964360601,7349.824219
6962,877.135,0.41515477665687694,7350.397949
6963,877.261,0.06937178969634758,7352.866211
6964,877.387,-0.0896231393073797,7348.683105
6965,877.513,-0.02246862404786194,7350.816895
6966,877.639,0.24819315220707355,7348.927734
6967,877.765,0.5363512063667508,7350.405762
6968,877.891,0.7547491648978518,7347.145996
6969,878.017,0.7482365438789369,7350.199219
6970,878.143,0.5378669645527934,7348.356445
6971,878.268,0.16770596394958748,7347.338379
6972,878.395,-0.18790865396424405,7351.212402
6973,878.521,-0.42859236269850753,7345.995605
6974,878.647,-0.3990426291648173,7350.443359
6975,878.773,-0.16903388144766568,7350.194336
6976,878.899,0.2624967125670257,7347.564453
6977,879.025,0.7636948298158279,7352.153809
6978,879.151,1.12183503362368,7353.30957
6979,879.277,1.319555977055141,7350.987305
6980,879.403,1.2907604365715986,7350.305664
6981,879.528,1.0456024592814968,7349.57373
6982,879.655,0.6730797174634903,7353.244629
6983,879.781,0.3204501823152666,7350.402344
6984,879.909,0.10268805643962638,7351.801758
6985,880.033,0.11704300825567658,7350.846191
6986,880.159,0.3065430618850874,7353.399414
6987,880.285,0.6341081833659767,7349.522461
6988,880.411,0.8870026888598885,7352.26709
6989,880.536,0.9657710894732691,7353.878418
6990,880.662,0.8291428380158627,7351.814941
6991,880.789,0.4202049953487433,7353.496582
6992,880.916,-0.11804605530499639,7352.103516
6993,881.041,-0.6488824469351692,7348.980469
6994,881.167,-0.9282796365194403,7350.198242
6995,881.292,-0.9589797789428184,7351.130859
6996,881.419,-0.6423905362113437,7352.307617
6997,881.545,-0.12516908697852885,7352.309082
6998,881.671,0.41171029261708453,7348.5
6999,881.796,0.8575053558544566,7350.959961
7000,881.922,1.0718601742599394,7351.180664
7001,882.049,1.0736634332815538,7354.376465
7002,882.174,0.8961591059245959,7348.733398
7003,882.301,0.7286631929768398,7352.47998
7004,882.427,0.6213976563629918,7354.722168
7005,882.552,0.7103034147093906,7354.497559
7006,882.678,0.9072147122693859,7349.097656
7007,882.804,1.0880447045020447,7349.254883
7008,882.93,1.2311725970911385,7356.492676
7009,883.056,1.1888689343381902,7351.358398
7010,883.182,1.021549353421737,7352.994141
7011,883.308,0.6822624645049656,7349.97168
7012,883.435,0.36886174222609197,7354.439941
7013,883.56,0.07575357446568606,7347.841797
7014,883.686,-0.016940254586818235,7351.402344
7015,883.813,0.02015986609587829,7352.48877
7016,883.938,0.253440185333464,7357.208984
7017,884.064,0.540662574122427,7353.033691
7018,884.191,0.820376837176316,7354.723145
7019,884.316,0.9972098245533833,7353.161621
7020,884.442,1.002211258112682,7354.299316
7021,884.568,0.8639390465227602,7352.878418
7022,884.694,0.6319655273768987,7352.314453
7023,884.821,0.4006833560871856,7351.093262
7024,884.946,0.22628503402117142,7354.246582
7025,885.073,0.197489641735537,7353.730957
7026,885.198,0.2986028745175956,7354.878906
7027,885.325,0.5481544725036505,7358.948242
7028,885.45,0.8120245918862524,7357.762207
7029,885.576,0.9560385235159846,7354.004883
7030,885.702,0.949530412816697,7355.602051
7031,885.828,0.7732596945661717,7355.916992
7032,885.954,0.4742853336678153,7353.725098
7033,886.08,0.0968007727211283,7354.312012
7034,886.206,-0.17250002925763772,7354.676758
7035,886.332,-0.20446923896243838,7353.163574
7036,886.458,-0.01571650020508079,7353.562988
7037,886.584,0.4395231936104602,7353.506348
7038,886.71,1.036341733699196,7357.422852
7039,886.837,1.5964380622883823,7353.527832
7040,886.962,1.990166034149848,7353.931152
7041,887.089,2.04884645377463,7355.99707
7042,887.215,1.8404606229203218,7355.492676
7043,887.34,1.3517747666073474,7349.003906
7044,887.466,0.7956371346065175,7352.471191
7045,887.592,0.3422550585565167,7354.067383
7046,887.718,0.10040406206307756,7355.456543
7047,887.844,0.17102566843691716,7353.821289
7048,887.97,0.4960307905180244,7357.380859
7049,888.096,0.9116090981219314,7353.272949
7050,888.222,1.2763992991618147,7353.281738
7051,888.348,1.4400856049244537,7353.112305
7052,888.475,1.3257519092287675,7353.678711
7053,888.6,0.9630929953785049,7353.810547
7054,888.726,0.4878873841399089,7349.853027
7055,888.852,0.024331393507638733,7351.914551
7056,888.978,-0.19925099917681977,7354.780762
7057,889.104,-0.1788490624231717,7354.807617
7058,889.23,0.0390688480274373,7353.614258
7059,889.356,0.45208378395547133,7353.462891
7060,889.482,0.8328139360491255,7355.879395
7061,889.608,1.1066478830610487,7353.958496
7062,889.734,1.1784911654160257,7351.663574
7063,889.86,1.0558693763885405,7357.168945
7064,889.986,0.8048005784111898,7353.547852
7065,890.112,0.5686914763140755,7355.261719
7066,890.239,0.4609707293832648,7355.79834
7067,890.364,0.5133847210972646,7354.949707
7068,890.49,0.6883720556079113,7351.898926
7069,890.616,0.9188346578451071,7357.770996
7070,890.745,0.9803108472809076,7355.556152
7071,890.868,0.9607481552612099,7355.056641
7072,890.994,0.7589891061554935,7359.115234
7073,891.12,0.5055940861847376,7354.27002
7074,891.246,0.2572865993020678,7353.3125
7075,891.372,0.051819613628128744,7354.585449
7076,891.498,-0.12126364243184676,7356.30957
7077,891.624,-0.14437923823379473,7350.189941
7078,891.75,-0.13065854276216168,7356.78418
7079,891.876,-0.004350082458424686,7350.108887
7080,892.002,0.16174175285558645,7349.912598
7081,892.128,0.3732274268068858,7354.123535
7082,892.254,0.595482534344881,7353.336914
7083,892.38,0.7411941221546933,7356.916504
7084,892.506,0.7692722363828588,7350.28418
7085,892.632,0.6612501724711031,7351.45166
7086,892.758,0.5084533665931399,7349.822754
7087,892.884,0.37767142698745815,7351.806152
7088,893.01,0.3400827633009601,7356.850098
7089,893.136,0.33236799633610303,7353.008301
7090,893.262,0.44447660866853145,7351.401367
7091,893.388,0.6091461463378829,7353.113281
7092,893.514,0.7048823842616996,7352.965332
7093,893.64,0.7066263721816237,7353.50293
7094,893.766,0.6853524246613194,7349.606934
7095,893.892,0.5879707081696892,7355.728027
7096,894.018,0.5140849095601533,7352.321777
7097,894.144,0.5219395982988565,7350.588867
7098,894.27,0.5396112788327557,7352.617188
7099,894.396,0.6084748028212115,7351.364258
7100,894.522,0.6749542205015504,7349.696289
7101,894.648,0.781751021376677,7352.334473
7102,894.774,0.846711715134832,7353.227051
7103,894.9,0.932834396183404,7352.062988
7104,895.026,0.9216567489797431,7354.880859
7105,895.152,0.8590100983722897,7356.350586
7106,895.278,0.7097644185623331,7359.46875
7107,895.404,0.39553317478924344,7350.954102
7108,895.53,0.05446027386268962,7351.97998
7109,895.655,-0.3394180238902992,7354.834473
7110,895.781,-0.5589383158113892,7351.891113
7111,895.908,-0.6628519314560318,7353.024902
7112,896.034,-0.502114082374053,7351.670898
7113,896.16,-0.26958108428501354,7355.02832
7114,896.287,0.04994423223347943,7354.983398
7115,896.412,0.27513031138757743,7359.10498
7116,896.537,0.39326892202921016,7358.811523
7117,896.664,0.26117920322019883,7351.728027
7118,896.789,-0.005235441129425114,7354.075684
7119,896.916,-0.33523932550668045,7355.040039
7120,897.042,-0.6694908032679889,7356.375
7121,897.167,-0.7875575492765835,7352.916504
7122,897.294,-0.7831674689770846,7353.675781
7123,897.42,-0.5680101305833587,7353.92334
7124,897.545,-0.16186310935816856,7355.147461
7125,897.672,0.2375202693197703,7357.352539
7126,897.797,0.6159076690478269,7358.207031
7127,897.924,0.8688236180230825,7356.241699
7128,898.05,0.9061798690869246,7358.580078
7129,898.176,0.6975748409207507,7353.139648
7130,898.302,0.3371623844787517,7352.825195
7131,898.427,0.010075750849338282,7357.54834
7132,898.553,-0.25565769663997684,7351.422363
7133,898.679,-0.4040401800398632,7351.635254
7134,898.806,-0.32366916689207054,7358.18457
7135,898.931,-0.041628633730570325,7353.303223
7136,899.057,0.2934006549682057,7357.63916
7137,899.183,0.5994700264642089,7353.269531
7138,899.309,0.7392063906256516,7353.586914
7139,899.435,0.6549722750101267,7356.28418
7140,899.561,0.34498194849913144,7355.290527
7141,899.687,-0.13153930794315788,7353.054688
7142,899.815,-0.596604716780643,7356.421875
7143,899.94,-0.9693017801523937,7354.144531
7144,900.066,-1.1321290372862791,7355.05957
7145,900.191,-1.084421973459543,7354.752441
7146,900.318,-0.8676970847567645,7356.143066
7147,900.443,-0.45363393071095576,7351.180664
7148,900.569,-0.029611602347720763,7356.516602
7149,900.696,0.291484249311238,7357.976563
7150,900.821,0.4853330102341914,7353.877441
7151,900.947,0.4011783978256146,7354.471191
7152,901.073,0.10777198674839576,7353.200684
7153,901.199,-0.33332772750738104,7357.818359
7154,901.325,-0.7518400959223359,7355.562012
7155,901.451,-1.0492584255668467,7352.075684
7156,901.577,-1.1227532635898956,7355.741211
7157,901.703,-0.9364281252886332,7353.115723
7158,901.829,-0.600877899387987,7354.183105
7159,901.955,-0.10592324957962629,7348.398438
7160,902.081,0.3154391760130958,7352.704102
7161,902.207,0.6136688751755803,7353.785645
7162,902.334,0.8164299005926666,7352.773926
7163,902.459,0.760302855051782,7353.564453
7164,902.585,0.5808042106908221,7355.016113
7165,902.711,0.335225008660611,7354.524902
7166,902.838,0.08993100174006528,7356.827637
7167,902.963,-0.1123914216896666,7353.564453
7168,903.089,-0.09873924832041117,7353.652832
7169,903.215,0.06702149191266216,7351.539551
7170,903.341,0.34845822201798665,7356.220215
7171,903.468,0.7446628186436902,7356.804688
7172,903.593,1.0866973068350831,7353.702148
7173,903.72,1.2844901636807569,7354.499023
7174,903.845,1.2485711951409613,7354.759766
7175,903.971,0.9916452979203959,7354.146484
7176,904.097,0.5199216748627654,7356.119141
7177,904.223,0.01440562340092689,7355.181152
7178,904.349,-0.4238357658204704,7353.699707
7179,904.475,-0.6975001200159362,7352.518066
7180,904.601,-0.7698371331309879,7354.104004
7181,904.729,-0.6190301278906991,7345.42334
7182,904.853,-0.29624409908982985,7348.851074
7183,904.979,0.07972864333365151,7352.37207
7184,905.105,0.39388930866830113,7351.776855
7185,905.231,0.5990053012402902,7350.034668
7186,905.359,0.6346474331847721,7353.66748
7187,905.483,0.5146451433959917,7350.817871
7188,905.609,0.24468625494167662,7354.799805
7189,905.735,-0.04668927195581503,7352.37207
7190,905.862,-0.363759097906372,7353.305176
7191,905.988,-0.5819582691870258,7351.241699
7192,906.113,-0.6275690812296353,7349.933594
7193,906.239,-0.5396975647679557,7355.549316
7194,906.365,-0.3005361178082938,7350.077637
7195,906.492,-0.008582514793214783,7349.996582
7196,906.617,0.2588082629902349,7352.753418
7197,906.743,0.4232356474171233,7346.362793
7198,906.869,0.47457439834914794,7353.094727
7199,906.995,0.3802280508854007,7354.696289
7200,907.122,0.264199354789311,7351.264648
7201,907.247,0.09566277848808234,7353.479492
7202,907.373,0.08908064646210764,7347.444824
7203,907.499,0.0961335436873185,7348.622559
7204,907.625,0.1609368652520425,7353.439941
7205,907.751,0.2878032779493241,7352.655273
7206,907.877,0.43480365955279193,7350.864258
7207,908.003,0.5436582564703357,7351.493652
7208,908.129,0.5896527681046617,7352.613281
7209,908.255,0.5857556070316942,7357.724609
7210,908.382,0.4738838824097021,7351.816406
7211,908.507,0.24761602575084588,7351.384277
7212,908.634,0.024124505968008667,7349.339355
7213,908.759,-0.1368599279993768,7350.666504
7214,908.885,-0.12859503831077118,7351.989258
7215,909.012,0.06387222573157027,7351.816406
7216,909.137,0.3992134801915557,7351.268066
7217,909.263,0.7840545202616334,7351.75
7218,909.389,1.08944690126362,7352.441406
7219,909.515,1.2240456097689594,7348.849609
7220,909.642,1.1704617132864779,7352.885742
7221,909.767,0.9652954014457629,7353.628906
7222,909.893,0.665418638274151,7351.722168
7223,910.019,0.27677567773521694,7351.68457
7224,910.145,-0.04265813548486686,7349.652832
7225,910.272,-0.28070736789929857,7344.94043
7226,910.397,-0.3538599047942453,7351.773926
7227,910.523,-0.28316071603423354,7351.26709
7228,910.649,-0.07624057023160384,7350.560547
7229,910.775,0.32769347926023956,7352.115723
7230,910.902,0.8037307567176112,7350.189453
7231,911.027,1.115884612704316,7352.044922
7232,911.152,1.3414421361261182,7351.393066
7233,911.28,1.2718472958606104,7353.840332
7234,911.405,1.0261258842181638,7353.59082
7235,911.531,0.6242563017471346,7349.680664
7236,911.656,0.16471374285232787,7348.824219
7237,911.783,-0.23902920069739544,7354.744141
7238,911.91,-0.4902578688119529,7351.121582
7239,912.035,-0.6070704341318071,7352.932129
7240,912.16,-0.5367307815346412,7352.145508
7241,912.287,-0.3676880145044369,7357.022949
7242,912.412,0.01591715440824944,7353.446289
7243,912.539,0.41583077540028623,7351.57666
7244,912.666,0.7778932678529464,7352.195801
7245,912.791,1.0066317063603432,7350.865234
7246,912.917,1.0177340234974088,7351.754395
7247,913.043,0.7704118050814331,7353.394043
7248,913.169,0.2638252542682003,7354.677734
7249,913.294,-0.2108112137966094,7350.76123
7250,913.42,-0.6660990100182177,7352.772461
7251,913.546,-0.8753264705563393,7352.290527
7252,913.672,-0.6719808624066563,7356.147949
7253,913.799,-0.3020558207561978,7351.007813
7254,913.926,0.11550666382193961,7355.811035
7255,914.051,0.4590715432671028,7353.421387
7256,914.177,0.5957586282753177,7351.54834
7257,914.302,0.5656052252785005,7352.904297
7258,914.428,0.3414010454088038,7352.424805
7259,914.558,0.05443324132309258,7352.260254
7260,914.681,-0.2385095810257428,7352.29248
7261,914.807,-0.4749371011621755,7351.978516
7262,914.932,-0.6055371638755664,7350.125
7263,915.06,-0.5726683479070378,7355.755371
7264,915.184,-0.4809045125340909,7349.805664
7265,915.31,-0.3151556079739889,7354.597656
7266,915.437,-0.0986374173388265,7352.425781
7267,915.562,0.16219768897135514,7354.024902
7268,915.69,0.39280279641593435,7352.187012
7269,915.814,0.6453311550227858,7349.724121
7270,915.941,0.8751433776789818,7353.816406
7271,916.066,1.0603317579326186,7353.90332
7272,916.192,1.1206873431896522,7354.606934
7273,916.319,1.0873810551280296,7351.641113
7274,916.445,0.8814819706756858,7353.195313
7275,916.57,0.592537259231061,7354.374023
7276,916.696,0.22373757051464818,7353.358887
7277,916.822,-0.1446878099047308,7351.008789
7278,916.95,-0.4815149661197286,7352.176758
7279,917.074,-0.6619249933229854,7351.378418
7280,917.2,-0.6852909091338352,7353.22168
7281,917.326,-0.5997296563775937,7350.911133
7282,917.453,-0.46640495301832496,7352.452637
7283,917.58,-0.27004986756217725,7351.612305
7284,917.704,-0.10389893175732562,7355.266113
7285,917.83,0.03436628057253483,7356.58252
7286,917.957,0.08915819782316359,7356.448242
7287,918.082,0.06532576163392537,7352.037598
7288,918.211,-0.13559876972850998,7352.14209
7289,918.334,-0.34123918260523517,7352.655273
7290,918.46,-0.6081479969506082,7351.028809
7291,918.586,-0.860969085958266,7348.652832
7292,918.712,-1.1126340369526,7353.019043
7293,918.84,-1.2296358502808367,7349.208008
7294,918.964,-1.2715138852029424,7352.289551
7295,919.09,-1.2176273919038758,7355.266113
7296,919.216,-1.0712296878374736,7353.18457
7297,919.342,-0.8872064348320966,7350.268555
7298,919.468,-0.6769161367320775,7353.997559
7299,919.594,-0.4714264133479135,7353.21875
7300,919.72,-0.2709563871450478,7350.19043
7301,919.846,-0.09385222892985126,7352.60498
7302,919.972,0.031281943364229334,7353.170898
7303,920.098,0.1413708298384896,7352.084473
7304,920.224,0.21211407450143646,7352.628418
7305,920.35,0.267502803229242,7351.492188
7306,920.476,0.33418160591745893,7355.11377
7307,920.602,0.45135895706987667,7354.118164
7308,920.728,0.5405264033845422,7350.449707
7309,920.854,0.583319603185025,7349.756836
7310,920.98,0.5450910185038944,7353.556152
7311,921.106,0.3624268506143209,7351.469238
7312,921.232,0.11462305524225957,7349.554688
7313,921.358,-0.12903933021500863,7356.017578
7314,921.484,-0.27004227556740296,7354.864258
7315,921.61,-0.29916690654688094,7352.433594
7316,921.736,-0.11644215053780307,7353.898438
7317,921.863,0.18984660837616008,7353.080078
7318,921.988,0.4797760016693136,7352.01123
7319,922.114,0.7291839156802529,7352.945313
7320,922.24,0.7455530389353663,7355.919434
7321,922.366,0.5400157818108795,7352.286621
7322,922.492,0.2398233817518136,7353.144531
7323,922.618,-0.1053884133504881,7352.832031
7324,922.744,-0.34103190547161977,7352.354492
7325,922.87,-0.41469266519666864,7352.995605
7326,922.996,-0.33344037279724376,7353.848145
7327,923.122,-0.1307004459015195,7351.664063
7328,923.248,0.18014473076256676,7351.264648
7329,923.374,0.43765759985446945,7356.050781
7330,923.5,0.6507211393928248,7355.756348
7331,923.626,0.7743572978208227,7354.029297
7332,923.752,0.7370608616560822,7352.478516
7333,923.878,0.5500766361829511,7351.646484
7334,924.004,0.22785799009698599,7350.258789
7335,924.13,-0.22978431210274267,7352.570801
7336,924.256,-0.6033525165334613,7353.226074
7337,924.382,-0.8944833610842274,7353.024902
7338,924.508,-1.0091102473169025,7353.309082
7339,924.634,-0.917214209359798,7352.564941
7340,924.76,-0.5997066070604279,7356.551758
7341,924.886,-0.2137725989108863,7346.598633
7342,925.012,0.14810664027647338,7351.559082
7343,925.138,0.3986452318555026,7352.205078
7344,925.264,0.49272394989463714,7350.36084
7345,925.39,0.3453192617493039,7350.692383
7346,925.516,0.07660659958602234,7352.016113
7347,925.642,-0.2696504707549557,7351.325195
7348,925.768,-0.6059440499308906,7352.171387
7349,925.894,-0.8620444864408805,7351.500977
7350,926.02,-0.894074932237773,7356.573242
7351,926.146,-0.7923264874372279,7352.793945
7352,926.272,-0.4890358771079286,7358.979004
7353,926.398,-0.0894606133578789,7354.728516
7354,926.524,0.39570499025771605,7352.406738
7355,926.65,0.7844756045917209,7356.197266
7356,926.776,1.049383143985063,7353.910156
7357,926.901,1.2338079387181207,7355.567383
7358,927.028,1.1892452313902635,7356.541992
7359,927.154,1.0031680418855418,7352.379883
7360,927.28,0.7745737653444885,7355.751465
7361,927.405,0.42838385844231885,7355.188477
7362,927.532,0.045905199298104125,7350.217285
7363,927.657,-0.25733842650080996,7354.5
7364,927.784,-0.4759754513377697,7353.112793
7365,927.91,-0.5592608027733524,7355.17627
7366,928.035,-0.5174264089774069,7353.115234
7367,928.162,-0.3218546369695618,7351.862305
7368,928.287,0.00679837381997561,7354.06543
7369,928.413,0.34032778209157905,7354.592773
7370,928.539,0.6744142943083734,7353.540039
7371,928.666,0.9183018908119139,7353.510254
7372,928.791,0.951901575996885,7353.457031
7373,928.917,0.7950218487659461,7356.447754
7374,929.043,0.47738758981235313,7358.779785
7375,929.169,0.15663482377983814,7352.853027
7376,929.295,-0.14003844241782945,7352.770996
7377,929.421,-0.32186578563840734,7354.415039
7378,929.547,-0.3342080473831003,7352.253418
7379,929.673,-0.2424833561378686,7352.861816
7380,929.799,-0.03487305714674421,7351.960449
7381,929.925,0.04904440995262351,7353.162109
7382,930.052,0.17039719825080724,7352.912598
7383,930.177,0.20805213816602208,7354.436035
7384,930.303,0.22566342722118507,7353.754883
7385,930.429,0.21525316190439647,7357.760742
7386,930.555,0.1565665326498439,7355.147949
7387,930.682,0.10378701207611152,7353.421387
7388,930.807,-0.02458628125183521,7351.867676
7389,930.933,-0.17474928730818484,7349.557129
7390,931.06,-0.35025862941472474,7350.421875
7391,931.185,-0.390923870382184,7355.007324
7392,931.311,-0.3158259095499299,7354.01416
7393,931.437,-0.17043809284207198,7354.447754
7394,931.563,0.08053479417217747,7354.061523
7395,931.689,0.4308597689790075,7355.268555
7396,931.816,0.7407246508422152,7351.269043
7397,931.941,0.9857772786134729,7354.554199
7398,932.067,1.166509468309771,7353.056641
7399,932.193,1.2239582111075915,7353.477539
7400,932.319,1.1981598128270994,7355.118652
7401,932.445,1.062868503817957,7353.078613
7402,932.572,0.9117433980275492,7354.137695
7403,932.698,0.7770532896257745,7353.282715
7404,932.823,0.6534965257853459,7351.49707
7405,932.949,0.5784823518097678,7353.433105
7406,933.075,0.5069679811807116,7352.121094
7407,933.201,0.45884300691315616,7352.604492
7408,933.327,0.40809619189196883,7350.060547
7409,933.453,0.3400175374263155,7349.68457
7410,933.579,0.25130406010994916,7345.537598
7411,933.705,0.28387297869068784,7351.259766
7412,933.831,0.24190894445101604,7352.307617
7413,933.957,0.17361613011725358,7352.319824
7414,934.084,0.1264236184858183,7351.438477
7415,934.209,0.054495238420870354,7346.271973
7416,934.336,0.03876363764549193,7349.595215
7417,934.461,0.09927391391641995,7347.54541
7418,934.587,0.24772735394282164,7347.989258
7419,934.714,0.5314171332728859,7350.252441
7420,934.839,0.721503634720495,7350.344727
7421,934.965,0.974541100614482,7350.214844
7422,935.092,1.2301573629525662,7343.351074
7423,935.217,1.4383829740440266,7352.132813
7424,935.344,1.597646901198924,7351.893555
7425,935.47,1.673261508667918,7350.078125
7426,935.595,1.6171521461231262,7347.514648
7427,935.721,1.4637723712831519,7350.795898
7428,935.847,1.1700850751698384,7355.749512
7429,935.974,0.8112544062256938,7351.24707
7430,936.099,0.46270621192254535,7351.860352
7431,936.225,0.3016401203857084,7348.497559
7432,936.351,0.2786916496043935,7348.161621
7433,936.477,0.3947069454704289,7350.492676
7434,936.603,0.668423538273966,7353.350098
7435,936.729,1.0295415057465382,7351.383301
7436,936.855,1.373791647247185,7349.688477
7437,936.981,1.6482714538582672,7351.97168
7438,937.107,1.8428170817217595,7350.133301
7439,937.233,1.9402311608477383,7353.802246
7440,937.359,1.7731020276483405,7349.517578
7441,937.485,1.4756834376844654,7349.320313
7442,937.611,1.010993583164303,7351.651855
7443,937.737,0.5667080922377067,7356.751465
7444,937.863,0.14504761680992476,7347.986816
7445,937.989,-0.14191850341441667,7353.435547
7446,938.115,-0.09759087981814056,7350.531738
7447,938.241,0.04120385352297066,7351.999023
7448,938.367,0.273539883494934,7350.389648
7449,938.493,0.5864635724326522,7354.786133
7450,938.619,0.8237333191712736,7350.255371
7451,938.745,1.0348772003430065,7351.88916
7452,938.871,1.2406497274858377,7350.197266
7453,938.997,1.3274054329273808,7351.55957
7454,939.123,1.3303837786473607,7346.778809
7455,939.249,1.277165032014925,7348.787598
7456,939.375,0.9995443223868438,7352.058105
7457,939.5,0.6604355298021621,7352.597656
7458,939.627,0.2995541393501176,7352.536133
7459,939.753,-0.032447923113383736,7351.969727
7460,939.879,-0.1353174705708799,7349.584473
7461,940.005,-0.1586081668756858,7352.23291
7462,940.131,-0.07517516190277466,7351.268066
7463,940.256,0.09346669054218391,7354.164551
7464,940.383,0.1250596990869282,7350.150879
7465,940.509,0.12849923483749176,7346.108887
7466,940.635,0.06365573266137352,7348.158691
7467,940.761,0.10171637559567089,7351.720703
7468,940.887,0.25290274390806683,7350.539551
7469,941.013,0.48136222682625507,7351.580078
7470,941.139,0.83679647272062,7350.818359
7471,941.264,1.0941125033940489,7350.430176
7472,941.391,1.219785342007172,7349.517578
7473,941.517,1.1758776961663646,7349.803711
7474,941.643,1.0335906231353287,7350.121094
7475,941.768,0.653121812432023,7349.467285
7476,941.894,0.5285316504461472,7351.345703
7477,942.02,0.4201238951797706,7352.125
7478,942.147,0.5027960749032787,7350.964355
7479,942.273,0.5873773489058359,7350.536621
7480,942.399,0.7798272717042769,7351.567871
7481,942.524,0.9700166795973532,7345.257813
7482,942.651,1.1179735820758285,7350.30957
7483,942.776,1.0313973414789837,7351.160645
7484,942.902,1.0628388467928251,7350.166016
7485,943.028,0.8185646675576032,7346.491211
7486,943.154,0.34438935231242074,7350.852051
7487,943.281,0.11059854017116737,7353.456543
7488,943.407,-0.3036428816725523,7348.386719
7489,943.533,-0.4291273512762247,7350.371094
7490,943.659,-0.5148906233449071,7353.896484
7491,943.784,-0.40392863420828534,7355.742676
7492,943.911,-0.2978415124787995,7353.419922
7493,944.037,0.004131007700909412,7351.605469
7494,944.162,0.20354391585645892,7350.142578
7495,944.288,0.5458052802315434,7350.513184
7496,944.414,0.9345615712224347,7348.518555
7497,944.54,1.4157947806747742,7355.61377
7498,944.666,1.922298528328891,7351.276855
7499,944.793,2.4351747170212814,7351.438965
7500,944.918,2.8396855086038153,7349.23877
7501,945.044,3.1297814757791236,7353.777344
7502,945.171,3.181469268071692,7351.030762
7503,945.297,2.954549440858694,7354.177734
7504,945.423,2.3861602832183992,7351.299316
7505,945.549,1.7462488483564425,7349.129883
7506,945.675,1.047229493679371,7354.086914
7507,945.801,0.4407763565468613,7347.475098
7508,945.927,-0.037861509285402085,7348.69873
7509,946.053,-0.2195266645199506,7350.479004
7510,946.179,-0.21749701832772447,7350.112793
7511,946.304,-0.09864558510877083,7348.108398
7512,946.43,0.25337540907792816,7348.984863
7513,946.556,0.8410218249468088,7351.858887
7514,946.682,1.2744909872057693,7350.337402
7515,946.808,1.6728406504989488,7352.26123
7516,946.934,2.0650413629431097,7350.340332
7517,947.062,2.1657162107838484,7349.557617
7518,947.186,2.04042738216354,7347.794434
7519,947.312,1.6519086533780516,7350.588867
7520,947.438,1.1234971060004135,7352.434082
7521,947.564,0.5864987037184213,7353.381836
7522,947.69,0.2677469120683633,7352.120117
7523,947.816,0.016252327551077778,7348.033691
7524,947.942,-0.017810438887802486,7351.07959
7525,948.068,0.13827393081447484,7350.114746
7526,948.194,0.38681749745489546,7351.541992
7527,948.32,0.7089122595060579,7354.561523
7528,948.446,1.1625871719725593,7353.789551
7529,948.573,1.6459744162701775,7351.79248
7530,948.698,2.092882644931608,7352.144531
7531,948.824,2.3074564429799875,7351.245605
7532,948.95,2.441973373275432,7353.781738
7533,949.076,2.212172815208791,7348.569336
7534,949.202,1.968970796146808,7350.323242
7535,949.328,1.58198593728728,7349.546875
7536,949.454,1.4890753283186806,7349.114258
7537,949.58,1.3343688513474137,7353.322754
7538,949.706,1.2867507643259821,7349.749023
7539,949.832,1.238052037617165,7350.343262
7540,949.958,1.2360226835870685,7351.071289
7541,950.084,1.1956705033659876,7350.199219
7542,950.21,1.1682618956488378,7348.96875
7543,950.337,1.2134894489189383,7351.692871
7544,950.462,1.1031580888873431,7351.320313
7545,950.588,1.0317914724849515,7352.909668
7546,950.714,0.8894598780086108,7354.560547
7547,950.84,0.9621960390682326,7348.315918
7548,950.966,0.9380051549112676,7347.402344
7549,951.092,1.0961657175747113,7352.177734
7550,951.218,1.1244507510492547,7352.041992
7551,951.344,1.1641552708864502,7354.883301
7552,951.47,1.1536003037248168,7347.677246
7553,951.596,0.9894366759647867,7353.954102
7554,951.722,0.7667163475252764,7352.661133
7555,951.848,0.6506176265086702,7351.587891
7556,951.974,0.5336364995234648,7349.177246
7557,952.1,0.5114792438751418,7354.027344
7558,952.226,0.5632803087351006,7349.331543
7559,952.352,0.7894207203803902,7351.8125
7560,952.478,1.0993296175563658,7349.796875
7561,952.604,1.4985818095823413,7351.462891
7562,952.73,1.9643724591618112,7350.102051
7563,952.856,2.387711462235825,7349.783691
7564,952.982,2.652841267957025,7351.63916
7565,953.108,2.5601241515235067,7351.894043
7566,953.234,2.1349889137615587,7354.381836
7567,953.36,1.4399192408677612,7354.243164
7568,953.486,0.47060386718248426,7351.853516
7569,953.612,-0.4723014186170345,7350.938477
7570,953.738,-1.432859643346559,7354.223145
7571,953.864,-2.192643150183168,7351.796387
7572,953.99,-2.7252457882561556,7348.553223
7573,954.116,-2.902160264041585,7349.493164
7574,954.242,-2.8677908365406743,7351.837891
7575,954.368,-2.438978964517819,7350.9375
7576,954.494,-1.832713837959839,7352.121582
7577,954.62,-1.1138232635804541,7351.11084
7578,954.745,-0.3737450149143349,7351.380859
7579,954.872,0.24843355072502885,7351.528809
7580,954.998,0.6574772413702613,7350.160156
7581,955.124,0.6152485031137797,7347.134766
7582,955.25,0.32573758950412834,7357.59082
7583,955.376,-0.26780441085354,7352.512695
7584,955.501,-0.9953369332887496,7348.84375
7585,955.628,-1.602300373439913,7355.241211
7586,955.754,-2.0559637480641775,7353.491699
7587,955.879,-2.1461932176231,7349.737793
7588,956.005,-2.132854383364871,7352.350098
7589,956.132,-1.8103238037230054,7352.744141
7590,956.258,-1.708406403309236,7348.168457
7591,956.384,-1.50030500983087,7348.137207
7592,956.51,-1.2257129253296597,7356.72168
7593,956.635,-1.0872440166708817,7352.09668
7594,956.762,-0.783578065619443,7350.881836
7595,956.887,-0.5033356164555394,7353.099609
7596,957.013,-0.21635238912669358,7351.200195
7597,957.139,0.028247525196065004,7351.814453
7598,957.265,-0.10946303988943187,7351.814453
7599,957.392,-0.21809999555880485,7356.254883
7600,957.517,-0.4385198448276921,7350.144043
7601,957.644,-0.6961644703415298,7353.538086
7602,957.77,-0.899534380891322,7353.631348
7603,957.895,-0.775749946197651,7351.447266
7604,958.022,-0.8646844181649461,7347.453125
7605,958.148,-0.8091328482365371,7347.322754
7606,958.273,-0.8268811361635351,7352.769531
7607,958.4,-1.1079411393652934,7351.813477
7608,958.525,-1.3369791918238787,7349.578125
7609,958.652,-1.5026425246446624,7351.0
7610,958.777,-1.4825071613475178,7352.043945
7611,958.904,-1.3457934436543064,7350.538086
7612,959.03,-1.1159596662054043,7351.39209
7613,959.155,-0.9358169612673242,7352.332031
7614,959.281,-0.8232416385954167,7349.35498
7615,959.407,-0.8651283766584781,7348.148438
7616,959.534,-0.8702817834065041,7350.285645
7617,959.66,-1.0743965555884316,7350.654297
7618,959.785,-1.0092827258308457,7351.828125
7619,959.911,-0.7709840083354614,7346.629395
7620,960.037,-0.46132723346329263,7349.650879
7621,960.164,-0.2461190445342336,7349.746582
7622,960.289,0.010834999743062245,7349.349121
7623,960.416,-0.029172608580298527,7349.503418
7624,960.541,-0.32611097659595567,7348.78125
7625,960.668,-0.7432478647253286,7348.790039
7626,960.793,-1.1555915800098813,7351.584961
7627,960.919,-1.578230397056238,7348.729492
7628,961.045,-1.932204694232066,7349.969238
7629,961.171,-2.087789231963911,7351.95459
7630,961.297,-2.192345883755567,7348.931641
7631,961.423,-2.0348414207620253,7350.626465
7632,961.549,-1.7990111863362284,7353.485352
7633,961.675,-1.3271961762815714,7351.951172
7634,961.801,-0.9148584875986016,7349.674316
7635,961.927,-0.26805935288414845,7349.837891
7636,962.053,0.05044545810622662,7351.700195
7637,962.179,0.20429284460797992,7352.357422
7638,962.305,0.17565320359835213,7352.810059
7639,962.431,0.2113374084613161,7351.067871
7640,962.557,0.012735848059206904,7350.993652
7641,962.683,-0.18295387174675654,7352.244629
7642,962.809,-0.5305610372844805,7352.867188
7643,962.936,-0.6581892670548546,7357.281738
7644,963.061,-1.0910426568622962,7351.645996
7645,963.187,-1.187837748307314,7350.479492
7646,963.313,-1.5419321957981307,7347.570801
7647,963.439,-1.5811393962457203,7352.182129
7648,963.565,-1.6105647905374154,7348.005859
7649,963.691,-1.334159763047464,7351.813477
7650,963.817,-1.0191522936658342,7351.984375
7651,963.943,-0.6712045993925608,7349.668457
7652,964.069,-0.34714525091774123,7354.047363
7653,964.195,-0.3792682155572323,7347.770508
7654,964.321,-0.34325029299640264,7351.558105
7655,964.447,-0.6943657850546585,7351.338867
7656,964.573,-0.9278557559016744,7350.493652
7657,964.699,-1.041711636223101,7352.168457
7658,964.825,-1.1501135520630859,7350.934082
7659,964.951,-1.1961265338318936,7350.398438
7660,965.077,-1.1292031649342467,7352.237305
7661,965.204,-1.0716917990921728,7355.542969
7662,965.329,-1.2511248713931853,7348.411133
7663,965.455,-1.127159705085791,7353.567871
7664,965.581,-1.1403758878129087,7348.982422
7665,965.707,-0.8049536991508639,7353.365723
7666,965.833,-0.4072651421942478,7352.958984
7667,965.959,-0.048656077243860556,7356.177734
7668,966.085,0.1705699742417329,7349.858887
7669,966.211,0.08035430216728481,7353.448242
7670,966.337,-0.0549597341960725,7352.870117
7671,966.463,-0.4175860194600132,7352.852539
7672,966.589,-0.6544686271516049,7353.766113
7673,966.715,-0.8108445621884276,7352.742676
7674,966.841,-1.0171316767738379,7350.908691
7675,966.967,-1.0150134272108249,7347.707031
7676,967.093,-1.2177791045384876,7354.710449
7677,967.219,-1.3288629070525715,7353.958984
7678,967.345,-1.4627574603365734,7356.004395
7679,967.471,-1.3505263923560928,7351.507324
7680,967.597,-1.261131223169522,7356.606934
7681,967.723,-0.8887237254713962,7350.869629
7682,967.849,-0.6193951601240982,7351.28125
7683,967.975,-0.37401414826633184,7349.187012
7684,968.101,-0.21353585715009873,7352.438477
7685,968.227,-0.2333485931359545,7352.34082
7686,968.354,-0.4489063801157652,7352.403809
7687,968.479,-0.7482564110839744,7351.502441
7688,968.605,-1.1230210550499682,7351.64209
7689,968.731,-1.5470764316285566,7354.208496
7690,968.857,-1.8958324647032339,7348.502441
7691,968.983,-2.1979121681805687,7351.437012
7692,969.109,-2.225003662963317,7350.900879
7693,969.235,-2.0764482992368816,7354.811523
7694,969.361,-1.7264498729022817,7349.800781
7695,969.487,-1.2023646693356973,7352.978516
7696,969.614,-0.6080240062408886,7353.3125
7697,969.739,-0.11663840700584867,7353.90918
7698,969.865,0.26409403783664326,7352.724609
7699,969.991,0.4925376535900385,7349.084473
7700,970.117,0.5562796032233448,7352.179688
7701,970.243,0.4502027539044534,7351.355469
7702,970.369,0.17568833359194974,7347.77002
7703,970.495,-0.17613433525670089,7356.45752
7704,970.621,-0.49994867994470243,7351.347168
7705,970.747,-0.9193159620274887,7351.976074
7706,970.873,-1.2982627692276254,7353.648926
7707,970.999,-1.7020454673249696,7349.952637
7708,971.125,-1.9234905291802502,7355.639648
7709,971.251,-2.1272407170713876,7351.660156
7710,971.377,-2.146155330142085,7351.838867
7711,971.503,-1.9753313458432915,7355.432617
7712,971.629,-1.7391915504073814,7351.182617
7713,971.755,-1.3849046336881214,7352.773926
7714,971.88,-1.0464771079877015,7349.429688
7715,972.007,-0.693666486280887,7352.322266
7716,972.133,-0.38908675198271664,7352.180664
7717,972.259,-0.1347159749375856,7353.067871
7718,972.385,0.0032845700757694798,7352.720703
7719,972.51,0.08164875990955858,7351.637695
7720,972.636,0.011778019312694833,7351.01416
7721,972.763,-0.09159894830550755,7355.559082
7722,972.889,-0.2561035397922267,7347.467285
7723,973.015,-0.6241261164247913,7355.641113
7724,973.141,-0.9528343821548655,7350.453125
7725,973.267,-1.3337882591806627,7352.869141
7726,973.393,-1.6632554332327953,7350.339355
7727,973.519,-1.888340936252715,7352.421387
7728,973.645,-1.912988970352323,7352.376465
7729,973.77,-1.804557316648574,7350.908691
7730,973.897,-1.5003284247485127,7353.694824
7731,974.022,-1.1317507327320757,7348.749023
7732,974.149,-0.6777473451435565,7350.502441
7733,974.275,-0.30037195750994533,7350.735352
7734,974.401,-0.013398332864504783,7349.463867
7735,974.526,0.15192823926774754,7351.635254
7736,974.652,0.2153665070471441,7349.63623
7737,974.779,0.07750060163003365,7348.87207
7738,974.904,-0.11586938191947135,7352.89209
7739,975.03,-0.44924117483413467,7347.237793
7740,975.156,-0.9582138218059681,7353.412598
7741,975.282,-1.4572960832030213,7347.437012
7742,975.408,-1.8789645708492793,7351.64502
7743,975.534,-2.1300722672231927,7352.207031
7744,975.66,-2.190689748609505,7351.958496
7745,975.786,-1.9968814450569619,7349.495605
7746,975.913,-1.7148317475767862,7353.070801
7747,976.039,-1.4278772446577157,7349.65918
7748,976.164,-1.1123933813869664,7349.77832
7749,976.29,-0.8680111872770228,7352.430664
7750,976.416,-0.6997614546564362,7347.40918
7751,976.542,-0.5795673682323849,7355.162109
7752,976.668,-0.42893506761541605,7351.075195
7753,976.794,-0.30993344038918913,7349.660156
7754,976.92,-0.1555833050773241,7355.341309
7755,977.046,-0.0269480837788817,7352.38916
7756,977.172,0.01578728439107105,7349.715332
7757,977.298,-0.03167670852422773,7348.699219
7758,977.424,-0.1789133118510659,7348.799805
7759,977.55,-0.5073270729441935,7349.924316
7760,977.676,-0.7982687873170452,7349.338867
7761,977.802,-1.157490299781374,7350.004883
7762,977.928,-1.4113990918322727,7350.896484
7763,978.054,-1.5306286493468342,7353.996582
7764,978.18,-1.4583123578278065,7347.392578
7765,978.306,-1.1965870076178733,7349.894531
7766,978.432,-0.8731678203127464,7349.430664
7767,978.558,-0.5790341752732123,7349.459961
7768,978.684,-0.31161995163116096,7354.595215
7769,978.81,-0.13792718093882728,7354.541504
7770,978.936,-0.06853075174372904,7348.986816
7771,979.062,-0.09219799448143455,7351.556641
7772,979.188,-0.11138233490554576,7349.236328
7773,979.314,-0.13174806755072324,7350.665527
7774,979.44,-0.1535382711243808,7347.595703
7775,979.566,-0.22543927080057213,7352.01709
7776,979.692,-0.3117542659677163,7349.911621
7777,979.818,-0.5762010136452205,7349.397949
7778,979.944,-0.8688174376162644,7353.502441
7779,980.07,-1.2257667209433412,7349.536133
7780,980.196,-1.5151199759517802,7352.688477
7781,980.323,-1.7085584870119148,7349.010742
7782,980.448,-1.7877907114945817,7350.45166
7783,980.574,-1.6520125344385828,7354.989746
7784,980.7,-1.36894578838593,7351.391113
7785,980.826,-1.0274034853900802,7351.641113
7786,980.952,-0.6745597673029576,7354.047363
7787,981.078,-0.3888336616764867,7348.928711
7788,981.204,-0.23239652235687852,7348.580566
7789,981.33,-0.2064212724981138,7352.430664
7790,981.456,-0.3562199722400076,7350.368652
7791,981.582,-0.6593021559419022,7353.553711
7792,981.708,-1.0103278746184516,7347.316895
7793,981.834,-1.3895267219320184,7351.051758
7794,981.96,-1.7394509137516572,7350.84375
7795,982.086,-1.9719349565166278,7352.908691
7796,982.212,-1.9493193213742348,7353.144531
7797,982.338,-1.771828730951255,7352.45166
7798,982.464,-1.3669194442436086,7350.677246
7799,982.59,-0.8215469455019943,7350.396973
7800,982.716,-0.20075655757581043,7350.566895
7801,982.842,0.32159782301641393,7348.443848
7802,982.968,0.7883003876411172,7354.915527
7803,983.094,0.9919617903754849,7350.933105
7804,983.22,1.0302460042816413,7351.503418
7805,983.346,0.8433905068796455,7349.409668
7806,983.472,0.43304848115447603,7350.464355
7807,983.598,-0.03878148698025545,7351.731445
7808,983.724,-0.5521153842778285,7352.833008
7809,983.85,-0.9610360405205479,7351.355469
7810,983.976,-1.2910655547724124,7352.480957
7811,984.102,-1.4679627462178835,7354.387695
7812,984.228,-1.4425127058306444,7349.526855
7813,984.354,-1.2756779810052195,7350.591309
7814,984.48,-1.0522716871615352,7351.411621
7815,984.606,-0.7801765222387268,7351.993652
7816,984.732,-0.594185567654823,7349.41748
7817,984.858,-0.4928345132298717,7344.979492
7818,984.984,-0.5119841612515915,7350.847656
7819,985.11,-0.6501863410330532,7350.060059
7820,985.236,-0.8739297565667974,7349.970215
7821,985.362,-1.1644965432501053,7349.665527
7822,985.488,-1.3995681492650645,7354.268066
7823,985.613,-1.5955046665536694,7349.999023
7824,985.74,-1.6288030711270662,7350.701172
7825,985.866,-1.4389429309304598,7349.07373
7826,985.991,-1.203835195999798,7349.693359
7827,986.118,-0.890986075288522,7349.23584
7828,986.244,-0.6255929609122393,7350.286133
7829,986.37,-0.4655047459169314,7349.521973
7830,986.496,-0.4045974936745971,7347.007324
7831,986.622,-0.32544895951742653,7348.445801
7832,986.748,-0.28903322723951574,7348.188965
7833,986.874,-0.20701990385297928,7351.358398
7834,987.0,-0.07986358200810534,7349.293457
7835,987.126,-0.040591852650773357,7354.756836
7836,987.251,-0.03102253848585567,7345.604004
7837,987.378,-0.13349041764397743,7349.78125
7838,987.504,-0.41040579870307914,7352.205078
7839,987.63,-0.7094166890680549,7350.364258
7840,987.756,-0.9983988289657708,7348.360352
7841,987.881,-1.2413585434870444,7354.922363
7842,988.008,-1.276148557360935,7351.741699
7843,988.134,-1.1924224070006648,7350.510254
7844,988.26,-0.954026300915546,7349.935547
7845,988.386,-0.6822240087311814,7347.001465
7846,988.511,-0.4508327653593767,7356.282227
7847,988.637,-0.18550551394341502,7346.505371
7848,988.764,0.005878893714274382,7351.010254
7849,988.889,0.2185564021126044,7351.092773
7850,989.016,0.3771963485823186,7352.175293
7851,989.142,0.5636072779616226,7356.465332
7852,989.267,0.5595518410569426,7347.415039
7853,989.394,0.5595708806246936,7349.489746
7854,989.519,0.4045492712860206,7351.63916
7855,989.646,0.0318712335168616,7349.490234
7856,989.772,-0.33070726969073,7353.182129
7857,989.897,-0.7836427063040562,7349.805664
7858,990.023,-1.2566353047147087,7353.648438
7859,990.149,-1.535181198274614,7351.082031
7860,990.275,-1.6817943041166539,7350.894043
7861,990.401,-1.7354689233942888,7353.713379
7862,990.527,-1.6425715587225405,7351.075195
7863,990.653,-1.3949596580909596,7350.908203
7864,990.779,-1.1190769264130027,7350.731445
7865,990.905,-0.8450882050321463,7350.413574
7866,991.031,-0.6362946598619901,7355.086426
7867,991.157,-0.49349033158035543,7351.000977
7868,991.283,-0.5423753813222963,7351.274414
7869,991.409,-0.6066533314598888,7349.319336
7870,991.535,-0.7968229980303672,7349.088379
7871,991.661,-0.8905042389535208,7350.479004
7872,991.787,-0.8753508583237195,7349.927734
7873,991.914,-0.8076758540561374,7349.430664
7874,992.039,-0.7935453610188858,7349.265625
7875,992.165,-0.7048108657384562,7348.667969
7876,992.291,-0.7406179381161093,7350.367676
7877,992.418,-0.7562814295125857,7350.012695
7878,992.543,-0.8427957940150507,7350.568848
7879,992.669,-0.896124078777873,7350.820313
7880,992.795,-0.810145836299887,7347.232422
7881,992.921,-0.6779563611705359,7345.854004
7882,993.047,-0.45180783552682047,7346.381836
7883,993.173,-0.19987581320937314,7348.226563
7884,993.299,-0.016876868108138862,7350.571289
7885,993.425,0.17550303723953464,7347.706055
7886,993.551,0.2531811339622252,7353.785156
7887,993.677,0.2529507318341219,7343.869141
7888,993.803,0.06131161802018865,7347.71582
7889,993.929,-0.1703164739721145,7348.108398
7890,994.055,-0.46760180186815536,7348.208008
7891,994.181,-0.8457476111854356,7345.833984
7892,994.307,-1.2163649129789875,7356.188965
7893,994.433,-1.4419255580438286,7348.428223
7894,994.559,-1.6181962616230081,7350.006836
7895,994.685,-1.5760394576103949,7346.991211
7896,994.811,-1.3767194320896512,7351.896973
7897,994.937,-1.0270345958957494,7348.491211
7898,995.063,-0.5690220980734944,7352.68457
7899,995.189,-0.18044061996331826,7351.557617
7900,995.315,0.13391767262322407,7345.543945
7901,995.441,0.43303045676622337,7352.526367
7902,995.567,0.4817033389975661,7354.76123
7903,995.693,0.3021926300590107,7347.862793
7904,995.819,0.09975417039232541,7347.799316
7905,995.945,-0.19216271046188751,7348.645996
7906,996.071,-0.5133826386189679,7350.954102
7907,996.197,-0.7556448007936204,7351.162109
7908,996.323,-1.0256503897160822,7349.591309
7909,996.449,-1.2086929717304262,7348.557129
7910,996.575,-1.2466968622483634,7348.849121
7911,996.701,-1.3333530156779463,7348.234863
7912,996.827,-1.2452194593208894,7355.602051
7913,996.953,-0.9714067658017709,7345.795898
7914,997.079,-0.5609562836720868,7348.755371
7915,997.205,0.0008828566543123544,7347.51709
7916,997.331,0.5336539776445895,7350.98291
7917,997.457,1.0021215505003895,7346.863281
7918,997.583,1.2600349528577621,7348.203125
7919,997.709,1.158200338889122,7347.973145
7920,997.835,0.749764625525661,7348.276855
7921,997.961,0.343412719477598,7350.25293
7922,998.087,-0.1271174056704775,7348.644043
7923,998.213,-0.46060888588782434,7349.681641
7924,998.34,-0.5278014999684199,7347.03125
7925,998.465,-0.5385811738866074,7350.197266
7926,998.591,-0.4796653092719232,7346.209961
7927,998.717,-0.36852706082721126,7347.821777
7928,998.843,-0.25290332109056873,7349.688965
7929,998.969,-0.07374652410728247,7346.273926
7930,999.095,0.16262164294474912,7348.898438
7931,999.221,0.5243119261601221,7346.865234
7932,999.347,0.8112108278987445,7352.626465
7933,999.473,1.1281605100483516,7350.925293
7934,999.599,1.2844561486903636,7350.546875
7935,999.725,1.253723245722784,7350.003418
7936,999.851,1.0217723076999998,7347.769531
7937,999.977,0.6435273479054985,7344.701172
7938,1000.103,0.19286753040402035,7346.341797
7939,1000.229,-0.2931354096873793,7351.449219
7940,1000.355,-0.7007302528225097,7348.954102
7941,1000.481,-1.0637078617408737,7350.714844
7942,1000.607,-1.3122526260788825,7341.52832
7943,1000.733,-1.462077201419406,7347.955078
7944,1000.859,-1.552571318910771,7350.343262
7945,1000.985,-1.6170861556669376,7349.577637
7946,1001.111,-1.625276655988024,7349.077148
7947,1001.237,-1.439106612956474,7348.689941
7948,1001.363,-1.1828658909221277,7345.429199
7949,1001.488,-0.6860391401497934,7342.701172
7950,1001.615,-0.12551479226211848,7348.70166
7951,1001.741,0.5240778845816183,7347.291016
7952,1001.866,0.9752752737270725,7347.549805
7953,1001.993,1.2417591756391444,7351.353516
7954,1002.119,1.1356047884391174,7347.568848
7955,1002.245,0.8967116794367949,7349.916016
7956,1002.371,0.5428749307289875,7348.953613
7957,1002.497,0.25748779371343483,7347.12207
7958,1002.625,0.05014619822194567,7346.80957
7959,1002.749,-0.060257209911087795,7353.161621
7960,1002.875,-0.12450618654645071,7348.637695
7961,1003.001,-0.2158171830596928,7348.217285
7962,1003.127,-0.2819276057758101,7349.827637
7963,1003.253,-0.20679602636186062,7352.549316
7964,1003.379,-0.09683987907000906,7347.237793
7965,1003.504,0.3234392137165494,7348.165527
7966,1003.631,0.72331927955227,7349.356445
7967,1003.757,1.1282569224232541,7349.013672
7968,1003.883,1.303139095547463,7349.300781
7969,1004.008,1.2959406619518574,7355.106934
7970,1004.135,1.0503103881220048,7345.03125
7971,1004.26,0.6590707132451006,7350.963379
7972,1004.387,0.2147191351698081,7349.013184
7973,1004.512,-0.17684140540600937,7347.691406
7974,1004.639,-0.5203338154699121,7351.949707
7975,1004.765,-0.7645310257020184,7348.469238
7976,1004.89,-0.9459430055142035,7348.111816
7977,1005.017,-1.1783998827463185,7350.878906
7978,1005.143,-1.2924325526143197,7350.664063
7979,1005.269,-1.4024787516328308,7347.186523
7980,1005.394,-1.3525421933065442,7352.551758
7981,1005.521,-1.156148940555725,7346.609375
7982,1005.647,-0.9974908303960487,7350.26123
7983,1005.772,-0.7463900433006349,7347.907227
7984,1005.898,-0.6433697683630624,7349.909668
7985,1006.024,-0.7048088750940569,7346.899902
7986,1006.15,-0.8489048396581855,7345.757324
7987,1006.276,-0.9146835868730481,7348.727539
7988,1006.403,-0.9184866417039368,7348.816895
7989,1006.529,-0.6806423773474404,7350.152832
7990,1006.655,-0.21223412656516413,7346.097168
7991,1006.78,0.17746498143151154,7348.87207
7992,1006.906,0.5242297508049734,7349.155762
7993,1007.032,0.6958507742595427,7349.073242
7994,1007.158,0.6677724375124036,7348.396973
7995,1007.284,0.47742740639632675,7348.62207
7996,1007.41,0.1311907536840107,7347.02002
7997,1007.537,-0.14926496274530554,7346.441895
7998,1007.662,-0.4715683892731037,7347.175781
7999,1007.788,-0.6863277943976331,7348.766602
8000,1007.914,-0.8341179451307337,7346.762207
8001,1008.041,-0.8824658802400133,7347.967285
8002,1008.166,-0.8560728934822192,7348.585449
8003,1008.293,-0.7038022068901076,7349.157227
8004,1008.418,-0.5617206282878773,7349.648438
8005,1008.544,-0.2129217985778978,7348.807617
8006,1008.67,0.3099437180798272,7346.593262
8007,1008.796,0.736144211851111,7346.537598
8008,1008.922,1.1299788667931148,7350.317871
8009,1009.049,1.3799389047430872,7347.125488
8010,1009.174,1.4419093662843325,7351.662109
8011,1009.3,1.3071321367218864,7350.617676
8012,1009.426,1.032188664104286,7346.579102
8013,1009.552,0.8184560773638829,7346.530762
8014,1009.678,0.6006028433802433,7347.0
8015,1009.804,0.4230979728864446,7343.740723
8016,1009.93,0.3058746335863767,7343.371582
8017,1010.056,0.2276285695246096,7347.910156
8018,1010.182,0.1368905139024088,7346.643066
8019,1010.308,-0.03783626998902119,7347.429688
8020,1010.434,-0.06625086391315443,7350.311035
8021,1010.56,-0.05106563105358056,7347.487793
8022,1010.686,0.028554307565815534,7346.63623
8023,1010.812,0.08739831706696502,7346.342773
8024,1010.938,0.1630039419144016,7348.816406
8025,1011.064,0.15034872981712186,7347.515625
8026,1011.19,-0.01752302465404902,7354.072266
8027,1011.316,-0.2696942945663287,7345.521973
8028,1011.442,-0.4418727141800698,7345.361816
8029,1011.568,-0.4671626419281736,7346.946777
8030,1011.694,-0.38303941690186566,7347.98584
8031,1011.82,-0.2072974924092976,7346.526855
8032,1011.946,-0.0027679382418834084,7347.564453
8033,1012.072,0.21031297015505465,7350.973633
8034,1012.198,0.2965558188313728,7348.589844
8035,1012.324,0.2760073564307492,7346.946777
8036,1012.45,0.16978870243301888,7347.314453
8037,1012.576,-0.0027690928891002126,7348.878418
8038,1012.702,-0.2201961035718392,7346.620117
8039,1012.828,-0.3758725939893374,7347.544434
8040,1012.954,-0.43441614322113653,7347.489258
8041,1013.08,-0.5293486962254246,7344.610352
8042,1013.206,-0.549338731579074,7345.34668
8043,1013.332,-0.595558513083649,7350.068359
8044,1013.458,-0.5645646332270992,7347.803223
8045,1013.584,-0.4693945569993915,7348.783203
8046,1013.71,-0.3129336981928127,7347.767578
8047,1013.836,-0.09439600497123546,7348.32959
8048,1013.962,0.045854774667394675,7343.748535
8049,1014.088,0.2252688894759041,7348.409668
8050,1014.214,0.23185807854479953,7349.384766
8051,1014.34,0.21257623936749423,7348.218262
8052,1014.466,0.15845297273831768,7350.010254
8053,1014.592,0.19315746685202312,7350.271484
8054,1014.718,0.3630736456371893,7351.647949
8055,1014.844,0.5738197189303713,7352.186523
8056,1014.97,0.900566185675163,7347.26123
8057,1015.096,1.1637287727662338,7347.526855
8058,1015.222,1.2858165083347708,7351.246582
8059,1015.348,1.173196708954851,7348.831055
8060,1015.474,0.9011056187731906,7348.407715
8061,1015.6,0.45551254609861636,7350.852051
8062,1015.726,0.016488523155319106,7350.597656
8063,1015.852,-0.4183571622098461,7352.900391
8064,1015.978,-0.7856835146876007,7350.049316
8065,1016.104,-0.9891822842336999,7351.425293
8066,1016.23,-1.1018317152759354,7348.562012
8067,1016.356,-1.1702290454585211,7348.729004
8068,1016.482,-1.1804913982084628,7349.648438
8069,1016.608,-1.0577926333890937,7348.805176
8070,1016.734,-0.9750882412123735,7344.935547
8071,1016.86,-0.85685886935367,7349.020996
8072,1016.986,-0.737570737126968,7348.734375
8073,1017.112,-0.5673653276875108,7350.262695
8074,1017.238,-0.4079879887286228,7350.022461
8075,1017.364,-0.26756791659456747,7349.274414
8076,1017.49,-0.15833051808382817,7348.527832
8077,1017.616,-0.08961437304430926,7350.655762
8078,1017.742,-0.0847245576220477,7348.899902
8079,1017.868,-0.13010442296581878,7350.262695
8080,1017.994,-0.2035788904512968,7348.302246
8081,1018.12,-0.2930829951145572,7341.986328
8082,1018.246,-0.46363774454150786,7351.419922
8083,1018.372,-0.6652160658625017,7348.899414
8084,1018.498,-0.9635090666843041,7350.82666
8085,1018.624,-1.2240432400218766,7350.212402
8086,1018.75,-1.4626523050544482,7355.126953
8087,1018.875,-1.6350522735825808,7349.374512
8088,1019.002,-1.5766586346448213,7350.741699
8089,1019.128,-1.3407607576669365,7348.849609
8090,1019.254,-1.0014443700404785,7349.693359
8091,1019.38,-0.645771141951434,7352.090332
8092,1019.505,-0.31627796064896463,7349.870117
8093,1019.631,-0.07342405760821835,7351.526855
8094,1019.758,0.03986560708916932,7349.896973
8095,1019.884,0.1565651591645717,7350.124023
8096,1020.01,0.1412946824849992,7343.502441
8097,1020.135,0.20790653134973633,7351.628906
8098,1020.262,0.21214088017316385,7353.162109
8099,1020.388,0.1845999598345386,7352.632813
8100,1020.514,0.19023729465366962,7349.664551
8101,1020.64,0.18200076494429382,7348.310059
8102,1020.765,0.2276809735315264,7350.773926
8103,1020.891,0.212893870795782,7347.608887
8104,1021.018,0.2359528568907394,7350.11084
8105,1021.144,0.2268623968337875,7348.308594
8106,1021.269,0.13668265726223247,7347.712402
8107,1021.395,-0.047001459415189434,7345.410645
8108,1021.522,-0.21932698971788644,7346.338379
8109,1021.648,-0.3855116411487834,7346.641602
8110,1021.773,-0.45914131898800825,7348.393066
8111,1021.899,-0.4672005569810862,7347.941406
8112,1022.025,-0.3592043143762806,7348.259766
8113,1022.151,-0.21977111399728366,7350.216797
8114,1022.278,0.0336076257005508,7347.760254
8115,1022.404,0.1872648741169796,7350.973145
8116,1022.529,0.3680876062917969,7348.329102
8117,1022.655,0.42557073770403453,7347.629395
8118,1022.782,0.42533555634217024,7345.378906
8119,1022.907,0.4019381473150235,7353.640625
8120,1023.033,0.3741448052205428,7348.077148
8121,1023.159,0.297484082810439,7349.666992
8122,1023.285,0.2623928146043127,7349.859375
8123,1023.411,0.3180662920598243,7350.231445
8124,1023.537,0.32426787952175484,7347.040039
8125,1023.663,0.40192822297169656,7347.356445
8126,1023.789,0.4963219964554937,7348.028809
8127,1023.915,0.7514810897742173,7348.959473
8128,1024.041,0.8867698468659778,7343.728027
8129,1024.167,1.2172390465930503,7351.231445
8130,1024.293,1.3184039969016235,7346.765625
8131,1024.419,1.3924447667104431,7345.866699
8132,1024.545,0.9783312064157733,7345.731445
8133,1024.671,0.5392116524444062,7347.145508
8134,1024.797,0.034910415614766384,7349.998047
8135,1024.923,-0.37239095984690646,7350.666992
8136,1025.049,-0.5848055922861319,7345.679199
8137,1025.175,-0.7216248618643925,7347.436035
8138,1025.301,-0.7176168167634487,7347.513184
8139,1025.427,-0.615472946775791,7351.212891
8140,1025.553,-0.5052700937265537,7346.703613
8141,1025.679,-0.4204783458944219,7343.194336
8142,1025.805,-0.4392738275772524,7347.712402
8143,1025.931,-0.5332238832129668,7349.694336
8144,1026.057,-0.6851920087555811,7351.474121
8145,1026.183,-0.8289403169902895,7349.412109
8146,1026.309,-0.9187833392196373,7348.150391
8147,1026.435,-0.8968144524223244,7347.773438
8148,1026.561,-0.6880032573156888,7349.658691
8149,1026.687,-0.35180229361536275,7349.219238
8150,1026.813,0.0785399382881112,7346.524902
8151,1026.939,0.44727262858417755,7344.243164
8152,1027.065,0.7183032011984208,7351.787109
8153,1027.191,0.6598415134560657,7347.568848
8154,1027.317,0.5153971968216899,7347.205566
8155,1027.443,0.21364035005098383,7347.302246
8156,1027.569,0.048412632959750686,7353.24707
8157,1027.695,-0.057654219390124536,7346.040527
8158,1027.821,-0.06119671187494571,7348.526855
8159,1027.947,-0.000576584727653073,7346.384277
8160,1028.073,0.008638662935571846,7347.601074
8161,1028.199,0.09792099141445859,7352.053223
8162,1028.325,0.07894985130585122,7346.343262
8163,1028.451,0.008811030113492366,7345.984375
8164,1028.577,0.0231481465878511,7347.169434
8165,1028.703,-0.048027310446998324,7347.86084
8166,1028.829,-0.21246777088332577,7346.049316
8167,1028.955,-0.42139896921376346,7349.513672
8168,1029.081,-0.6698999963579806,7346.851074
8169,1029.207,-0.938848459584696,7346.383301
8170,1029.333,-1.151439872934422,7345.683594
8171,1029.459,-1.160452553504244,7346.244629
8172,1029.585,-1.0215447910369624,7343.251953
8173,1029.711,-0.7821240529425946,7348.080566
8174,1029.837,-0.4980731288753421,7347.287109
8175,1029.963,-0.12626806806595872,7348.511719
8176,1030.089,0.12754261821290683,7348.043945
8177,1030.215,0.40165009912213595,7354.547852
8178,1030.341,0.6278828036468806,7344.670898
8179,1030.467,0.8394001784719817,7348.616699
8180,1030.593,0.9560157797260967,7346.694336
8181,1030.719,0.9794151804603336,7351.01416
8182,1030.845,0.8761952656796459,7348.890625
8183,1030.971,0.6306660126846372,7348.072266
8184,1031.097,0.3192368583783541,7346.619629
8185,1031.223,0.014393683905735958,7347.001465
8186,1031.349,-0.27534777849978365,7345.822754
8187,1031.475,-0.5209059389162778,7353.046875
8188,1031.601,-0.722629569630306,7345.227051
8189,1031.727,-0.8494988610008323,7348.609863
8190,1031.853,-0.9658320820844046,7346.859375
8191,1031.979,-0.9720066645607063,7345.143066
8192,1032.105,-0.9125925802769801,7346.14209
8193,1032.231,-0.6759057378711573,7351.334961
8194,1032.357,-0.4188424667517824,7343.700195
8195,1032.483,-0.2143841456987638,7347.798828
8196,1032.609,-0.012175442629855265,7347.513184
8197,1032.735,-0.13389555317581936,7344.076172
8198,1032.861,-0.16203427251159627,7350.850098
8199,1032.987,-0.2670352617471255,7344.82959
8200,1033.112,-0.10163265100071037,7347.772949
8201,1033.239,0.1576262140806307,7347.498047
8202,1033.365,0.25213495407647374,7349.62207
8203,1033.491,0.45464360174851726,7355.495605
8204,1033.617,0.319164499924778,7346.783203
8205,1033.743,0.1519774184064107,7346.303223
8206,1033.869,-0.021978446810669013,7346.813965
8207,1033.994,-0.15881260710643158,7343.399414
8208,1034.121,-0.1317303990714203,7350.645508
8209,1034.247,-0.07460053189357284,7348.882813
8210,1034.373,0.05205975669420111,7348.588867
8211,1034.498,0.1559125908065773,7348.234863
8212,1034.625,0.01945684302731323,7349.034668
8213,1034.75,-0.11395880708598366,7346.334961
8214,1034.876,-0.35689420886243733,7345.693359
8215,1035.003,-0.5794569263749678,7344.943848
8216,1035.129,-0.6772966593108257,7345.982422
8217,1035.254,-0.7494700939070422,7348.598633
8218,1035.38,-0.8220014248514526,7347.894043
8219,1035.506,-0.8878026568026476,7346.271484
8220,1035.632,-0.8679748725154943,7345.11377
8221,1035.759,-0.8061073001521097,7347.000977
8222,1035.885,-0.6580291786583122,7349.243652
8223,1036.011,-0.33292043854379477,7347.196777
8224,1036.137,0.06640284752426356,7342.887695
8225,1036.262,0.586414178037045,7345.817871
8226,1036.388,0.8479802102786274,7342.342773
8227,1036.514,1.0907040702580666,7353.47168
8228,1036.64,1.1081095254582576,7345.279297
8229,1036.766,1.1084907089815292,7347.288574
8230,1036.892,1.0206657933322318,7346.976074
8231,1037.019,1.032690265554779,7347.630859
8232,1037.144,1.1352096422289384,7349.71875
8233,1037.271,1.3389486767107401,7345.248535
8234,1037.396,1.5457074445536785,7345.878418
8235,1037.523,1.620681171359699,7346.527832
8236,1037.648,1.5470213327522357,7345.500488
8237,1037.774,1.4798673547080836,7346.1875
8238,1037.9,1.217064683450782,7349.415527
8239,1038.026,0.9938193340840876,7347.48584
8240,1038.152,0.6345546327025929,7350.064453
8241,1038.278,0.2683507187842018,7349.592285
8242,1038.404,0.021714667480781113,7343.725586
8243,1038.53,-0.4017127755879224,7345.798828
8244,1038.656,-0.6954095208976695,7347.344727
8245,1038.783,-0.9499177544187183,7347.290527
8246,1038.909,-1.3021099226910946,7350.461426
8247,1039.034,-1.3734690140749435,7350.523926
8248,1039.16,-1.4152802085885785,7344.493164
8249,1039.286,-1.1342629222817058,7348.734375
8250,1039.412,-0.8195108782238815,7348.365234
8251,1039.538,-0.372837588438503,7348.422363
8252,1039.664,-0.11946005752195182,7349.105957
8253,1039.79,0.1301809064705868,7348.570313
8254,1039.916,0.23954483640988183,7347.545898
8255,1040.042,0.2704637217942738,7345.958008
8256,1040.168,0.321655814064327,7351.730957
8257,1040.294,0.4469492159489757,7345.705566
8258,1040.42,0.5997837061899776,7347.205078
8259,1040.546,0.8590519155854622,7348.451172
8260,1040.672,1.014684933787685,7346.316895
8261,1040.798,1.0436543028475231,7351.254883
8262,1040.924,0.8611461206012515,7348.131348
8263,1041.05,0.5494203376092335,7349.719727
8264,1041.176,0.236755760576784,7350.03418
8265,1041.302,-0.1702131416155827,7350.081055
8266,1041.428,-0.43010326962349543,7352.214355
8267,1041.554,-0.48346710672124993,7347.961914
8268,1041.681,-0.5034149848498403,7349.355469
8269,1041.806,-0.436002840479133,7347.58252
8270,1041.932,-0.4433900914154793,7347.910645
8271,1042.058,-0.5761921846181637,7351.135254
8272,1042.184,-0.7985390934631917,7349.10498
8273,1042.31,-1.1007423168126655,7349.637207
8274,1042.436,-1.3912318729580984,7348.712891
8275,1042.562,-1.6023465771378373,7349.082031
8276,1042.689,-1.8454923550568851,7349.748047
8277,1042.814,-1.9217748762063445,7348.84668
8278,1042.94,-1.7981979596970872,7350.05127
8279,1043.066,-1.5953098455607428,7349.641113
8280,1043.192,-1.2314024572223552,7348.805664
8281,1043.318,-0.9134803695089154,7349.207031
8282,1043.444,-0.5003136076370563,7348.46875
8283,1043.57,-0.19584457854447815,7351.055664
8284,1043.696,0.1050692638119395,7350.948242
8285,1043.822,0.3443928678425701,7352.476074
8286,1043.948,0.5130157008151146,7350.625488
8287,1044.074,0.6280220906621514,7347.459473
8288,1044.2,0.7773791767228353,7348.943359
8289,1044.326,0.8285437765004764,7352.405273
8290,1044.452,0.8090970802244991,7348.311523
8291,1044.578,0.7376324731218545,7349.442871
8292,1044.704,0.4932398557710658,7346.184082
8293,1044.83,0.09913232434269431,7346.791992
8294,1044.956,-0.2682848621393465,7351.361816
8295,1045.082,-0.6972741525523525,7347.766602
8296,1045.208,-1.0541011572451764,7350.458496
8297,1045.334,-1.2248663511953355,7351.57666
8298,1045.46,-1.2793270902335592,7352.836914
8299,1045.586,-1.2018103137811755,7348.192383
8300,1045.712,-1.0150464539059676,7349.210938
8301,1045.838,-0.9192460409408572,7351.766113
8302,1045.964,-0.920534354325997,7347.746094
8303,1046.09,-0.9631121342951768,7350.964844
8304,1046.216,-1.1228315675607083,7347.708496
8305,1046.342,-1.2141439604797428,7348.726074
8306,1046.468,-1.1402989467310256,7347.896484
8307,1046.594,-0.9976356808869679,7351.992676
8308,1046.72,-0.6956294844270543,7350.607422
8309,1046.846,-0.4374485159141233,7348.901367
8310,1046.972,-0.222831947277353,7349.970215
8311,1047.098,-0.12115739188381142,7349.108398
8312,1047.224,0.03943868976842818,7349.540039
8313,1047.35,0.1704545668252247,7350.293457
8314,1047.476,0.4313799049121157,7348.112305
8315,1047.602,0.7194817915822604,7352.11377
8316,1047.728,0.9871644827679815,7349.157227
8317,1047.854,1.191536305290615,7353.022949
8318,1047.98,1.2279927124459071,7349.188477
8319,1048.106,1.157544954060245,7348.191895
8320,1048.232,0.8885309409971699,7349.360352
8321,1048.358,0.6400604382887469,7353.528809
8322,1048.484,0.4710696722746768,7348.145508
8323,1048.61,0.30619053420865855,7350.516602
8324,1048.736,0.2098540280774928,7347.097168
8325,1048.862,0.21063484761148005,7350.288086
8326,1048.987,0.13189745825722504,7351.743164
8327,1049.114,-0.011326359575279832,7352.243164
8328,1049.24,-0.2405303252339842,7351.588867
8329,1049.366,-0.5695631217407384,7350.769043
8330,1049.492,-0.91169303402756,7350.388184
8331,1049.618,-1.1620977684630571,7347.62793
8332,1049.744,-1.342697186004123,7349.209473
8333,1049.87,-1.2671713559078843,7348.227539
8334,1049.996,-1.05811662050478,7350.721191
8335,1050.121,-0.8278903289018663,7349.810059
8336,1050.247,-0.6796691653336453,7351.736328
8337,1050.374,-0.6131545108978573,7351.731445
8338,1050.5,-0.6433484356033248,7347.741211
8339,1050.625,-0.8425559551063311,7347.64209
8340,1050.751,-0.8263173245272154,7350.895508
8341,1050.878,-0.8471108019605205,7351.635742
8342,1051.004,-0.7559449054111542,7349.583984
8343,1051.13,-0.6446352985565827,7345.040039
8344,1051.255,-0.40285795999538115,7346.96582
8345,1051.381,-0.36138076189281515,7347.61084
8346,1051.508,-0.22319979918905142,7349.58252
8347,1051.634,-0.0032017711290402663,7349.59082
8348,1051.76,0.12061656160939095,7345.974609
8349,1051.885,0.32801274092564153,7351.916016
8350,1052.011,0.5296822071138763,7346.978027
8351,1052.138,0.5734739231499627,7349.976563
8352,1052.264,0.6461935056648799,7348.921875
8353,1052.39,0.6326611520806474,7351.01709
8354,1052.516,0.42766271638971154,7350.234863
8355,1052.641,0.26507643735534886,7349.494141
8356,1052.767,-0.03855178197488276,7349.897949
8357,1052.893,-0.2889033403212948,7348.34082
8358,1053.019,-0.6333909999346189,7346.453613
8359,1053.145,-0.9432639371361139,7350.419922
8360,1053.271,-1.2187276741066588,7351.250977
8361,1053.397,-1.3460571882546075,7349.588867
8362,1053.523,-1.4028979929794,7348.853027
8363,1053.649,-1.4217921761884496,7349.168457
8364,1053.775,-1.4088541941287964,7352.522461
8365,1053.902,-1.6758764375086836,7351.116699
8366,1054.027,-1.6127254758452176,7350.319824
8367,1054.153,-1.577995382214035,7351.372559
8368,1054.279,-1.3323601093958672,7350.041992
8369,1054.405,-1.0629211884002405,7350.541504
8370,1054.531,-0.6398393523089603,7350.969238
8371,1054.658,-0.46543202184580923,7354.261719
8372,1054.783,-0.23895633859725282,7351.581543
8373,1054.909,-0.07341763067440235,7351.680176
8374,1055.035,0.00969679572313157,7352.692383
8375,1055.161,0.0841327018250889,7355.483887
8376,1055.287,0.18154002508013176,7357.551758
8377,1055.413,0.20809288998846828,7351.492676
8378,1055.539,0.16502973363519938,7353.409668
8379,1055.665,0.13532950624396864,7351.172363
8380,1055.791,0.13956469648333436,7350.69043
8381,1055.917,0.23204244361232537,7355.390137
8382,1056.043,0.5578933574278994,7351.571777
8383,1056.169,0.7913898730403272,7352.61084
8384,1056.295,1.0123604796707713,7352.803223
8385,1056.421,1.1425394164860392,7350.265625
8386,1056.548,1.0333521210334233,7349.686523
8387,1056.673,0.7601421168630599,7352.351074
8388,1056.799,0.5010813297939531,7352.383301
8389,1056.925,0.34757079565779203,7352.422852
8390,1057.051,0.3188435627678415,7353.771484
8391,1057.177,0.39812290561382435,7355.812988
8392,1057.303,0.4660430010328458,7355.072266
8393,1057.429,0.55386659475798,7353.088867
8394,1057.555,0.5126021826528858,7351.062012
8395,1057.681,0.3668642923654533,7351.555664
8396,1057.807,0.15520460725411533,7356.654785
8397,1057.933,0.08790833930091121,7352.380859
8398,1058.059,-0.004046394534565561,7349.816895
8399,1058.185,-0.06562245151842426,7358.516602
8400,1058.311,-0.13156563693362305,7351.243164
8401,1058.437,-0.31387907757639105,7352.361816
8402,1058.563,-0.5497321049967886,7354.55957
8403,1058.689,-0.8679890266092405,7353.212402
8404,1058.815,-1.0249034106976818,7354.365723
8405,1058.941,-1.1459960955358433,7354.632813
8406,1059.067,-1.0757640467292526,7350.996094
8407,1059.193,-1.0479917492112707,7354.308105
8408,1059.319,-0.9149507434585571,7351.270508
8409,1059.445,-0.8939585137295907,7351.446777
8410,1059.571,-0.7841116182930169,7352.917969
8411,1059.697,-0.699277990514845,7354.423828
8412,1059.823,-0.7067785869264177,7355.977539
8413,1059.949,-0.46269511579561007,7355.185547
8414,1060.075,-0.2746138101085357,7358.005371
8415,1060.201,-0.05195872054133663,7356.998535
8416,1060.327,0.2333981401914427,7352.898438
8417,1060.453,0.4462654082814547,7351.767578
8418,1060.579,0.5958618040729531,7353.075684
8419,1060.705,0.6730886485376015,7353.067871
8420,1060.831,0.715986707975516,7354.338867
8421,1060.957,0.7652021845199618,7356.489746
8422,1061.083,0.8398224096866953,7354.854492
8423,1061.209,0.9233532527022121,7351.577148
8424,1061.335,0.943571717652975,7358.330078
8425,1061.461,0.7870109704920001,7355.100098
8426,1061.587,0.4913347250552693,7351.543945
8427,1061.713,-0.0057479169350862615,7352.246094
8428,1061.839,-0.43864971497314936,7357.808594
8429,1061.965,-0.8768823969866905,7354.478516
8430,1062.091,-1.0984526057408235,7358.366699
8431,1062.217,-1.1775442728724352,7353.27002
8432,1062.343,-1.1453207372970318,7347.895996
8433,1062.469,-1.0771863729398368,7361.282227
8434,1062.595,-0.9847059894789856,7355.503418
8435,1062.721,-0.9854378072054256,7355.675781
8436,1062.847,-0.9045050972122258,7352.728027
8437,1062.973,-0.7430307137766617,7352.416504
8438,1063.099,-0.48599054016155463,7358.446289
8439,1063.225,-0.2709844798211357,7354.563965
8440,1063.351,-0.09426094470106557,7356.123535
8441,1063.477,-0.06937995790530307,7352.975586
8442,1063.603,-0.13338671430499904,7353.007813
8443,1063.729,-0.3358060799020227,7355.868164
8444,1063.855,-0.5269643681870887,7355.865234
8445,1063.981,-0.7440029823607197,7354.930176
8446,1064.107,-0.9015859337956875,7352.690918
8447,1064.233,-0.8858205381748196,7356.666992
8448,1064.359,-0.8488881423050878,7356.376953
8449,1064.485,-0.6994409634007137,7355.750977
8450,1064.611,-0.48776219137924665,7354.824219
8451,1064.737,-0.2371727819009748,7357.020996
8452,1064.863,0.1299616418149374,7358.274414
8453,1064.989,0.4743809572830426,7355.893066
8454,1065.115,0.8312955748424132,7351.639648
8455,1065.24,1.1058489882062799,7359.146973
8456,1065.367,1.3675106621175535,7356.346191
8457,1065.493,1.4723175630473615,7355.299316
8458,1065.619,1.6426271773519163,7356.549805
8459,1065.745,1.5977224978168167,7353.975586
8460,1065.871,1.5640180040717473,7351.741699
8461,1065.996,1.517632322366307,7353.861328
8462,1066.123,1.3206587740139233,7355.730469
8463,1066.249,1.1427088639270728,7355.797363
8464,1066.375,0.8706683763517339,7355.903809
8465,1066.5,0.709410098076754,7353.489746
8466,1066.627,0.49230692808932025,7355.327148
8467,1066.753,0.45745569309097456,7357.276367
8468,1066.879,0.4196336959096309,7352.87207
8469,1067.005,0.47546937745687123,7360.402344
8470,1067.131,0.4531657565650136,7359.189941
8471,1067.256,0.4016369293276432,7355.327637
8472,1067.383,0.23193439271620245,7358.447266
8473,1067.508,-0.08051862591822295,7355.470215
8474,1067.635,-0.4579974128430781,7352.721191
8475,1067.76,-0.7169670586137155,7355.019531
8476,1067.886,-0.8433800899607071,7357.143066
8477,1068.012,-0.8756874782872489,7355.47168
8478,1068.139,-0.7026212229200073,7356.06543
8479,1068.264,-0.38398596163709786,7352.865723
8480,1068.39,0.006507721390873755,7353.746094
8481,1068.516,0.44526604889279464,7357.148438
8482,1068.642,0.9123156332314407,7357.578613
8483,1068.768,1.129110301038343,7356.522949
8484,1068.894,1.341743771959545,7358.140625
8485,1069.02,1.3659732136132026,7357.254395
8486,1069.146,1.2414205834169327,7358.814941
8487,1069.272,1.0371400252874936,7355.182617
8488,1069.399,0.9460971499014863,7358.205566
8489,1069.524,0.8832258038657603,7358.532227
8490,1069.65,1.1235111094526968,7356.040527
8491,1069.776,1.3476218445399644,7357.972656
8492,1069.902,1.5023207283465927,7357.099609
8493,1070.028,1.4815745139048246,7357.844727
8494,1070.154,1.2000305670627107,7356.292969
8495,1070.28,0.8285946951547104,7355.126465
8496,1070.406,0.539306255007438,7351.422852
8497,1070.533,0.2636917746237637,7352.453613
8498,1070.659,0.23209227506875016,7356.399902
8499,1070.784,0.22767997174351443,7356.40918
8500,1070.91,0.25450499664428977,7358.788574
8501,1071.036,0.17600077152967852,7356.102539
8502,1071.162,0.05231487557345406,7358.317871
8503,1071.288,-0.18858492479973893,7357.505859
8504,1071.414,-0.411011028179545,7356.79834
8505,1071.54,-0.5425597590651512,7356.206055
8506,1071.666,-0.5991978237593916,7356.257324
8507,1071.792,-0.4385077277357675,7356.134766
8508,1071.918,-0.255484412865659,7355.927734
8509,1072.044,-0.07881578209152233,7356.401367
8510,1072.17,0.020521402629937194,7355.281738
8511,1072.296,0.14493741780747244,7353.574707
8512,1072.422,0.12485814180739353,7354.170898
8513,1072.548,0.23603524547314272,7356.32373
8514,1072.674,0.358749185589535,7359.65625
8515,1072.8,0.5456631168631161,7355.28125
8516,1072.926,0.8123998860015321,7355.797363
8517,1073.052,1.0631310026816514,7355.500977
8518,1073.178,1.3635849495580565,7358.107422
8519,1073.304,1.5257031431380341,7355.390137
8520,1073.43,1.6951660292309596,7358.740723
8521,1073.557,1.700624698315631,7358.643555
8522,1073.682,1.7187623481637662,7357.366699
8523,1073.808,1.6917906384582435,7357.058594
8524,1073.934,1.843366067495505,7355.119141
8525,1074.06,1.7982784377449739,7354.477539
8526,1074.186,1.8316013086483378,7357.251465
8527,1074.312,1.71103696451902,7357.452148
8528,1074.438,1.511361099359426,7357.993164
8529,1074.564,1.1997966501752693,7359.279785
8530,1074.69,0.7542274781645176,7353.713379
8531,1074.816,0.3721525568786751,7356.575195
8532,1074.942,0.233345431813759,7359.270996
8533,1075.068,0.2133517097597691,7360.457031
8534,1075.194,0.30504155173379666,7351.606445
8535,1075.32,0.48340601990746734,7353.885254
8536,1075.446,0.6185546369177982,7357.822754
8537,1075.572,0.6527309383796195,7358.288574
8538,1075.698,0.5254112862203242,7354.700195
8539,1075.824,0.30787655388576685,7359.915527
8540,1075.95,0.031698670172876385,7358.309082
8541,1076.076,-0.1762404718917935,7357.537598
8542,1076.202,-0.3863806040173847,7357.729492
8543,1076.328,-0.48524510573557034,7358.63623
8544,1076.454,-0.38034874648678135,7357.264648
8545,1076.58,-0.3039679821663278,7355.609375
8546,1076.706,-0.06731540206615652,7357.172363
8547,1076.832,0.06117561185798174,7354.407227
8548,1076.958,0.21766047371080594,7363.11084
8549,1077.084,0.2548269986293029,7354.788574
8550,1077.21,0.3828521457988812,7355.553223
8551,1077.336,0.4453709225678434,7353.746582
8552,1077.462,0.8002249390819668,7353.094727
8553,1077.588,1.2146913213802253,7350.137695
8554,1077.714,1.764009275577981,7356.230469
8555,1077.84,2.199849928864372,7352.923828
8556,1077.966,2.5224238408085218,7353.924805
8557,1078.092,2.777178266528801,7361.253418
8558,1078.218,2.668399025685807,7356.205566
8559,1078.344,2.5274140950814994,7355.41748
8560,1078.471,2.3777074281672803,7356.37793
8561,1078.596,2.180437973840088,7355.746582
8562,1078.722,2.0204987172152706,7354.30127
8563,1078.848,1.8048674609635433,7355.439941
8564,1078.974,1.4662821865171343,7357.739258
8565,1079.1,1.0592316504210808,7359.067383
8566,1079.226,0.5787913921121125,7355.926758
8567,1079.352,0.11512585169997554,7357.147949
8568,1079.478,-0.11587113765198451,7355.922852
8569,1079.604,-0.19990092150226843,7356.125
8570,1079.73,-0.09290819385272006,7356.160156
8571,1079.856,0.26690558853040436,7357.95459
8572,1079.982,0.6175307932369122,7359.790039
8573,1080.108,0.7699648273529094,7355.444336
8574,1080.234,0.7362338810453523,7355.332031
8575,1080.36,0.35333528545525045,7359.56543
8576,1080.486,-0.06454007685598208,7350.687988
8577,1080.611,-0.6100583404179506,7354.768555
8578,1080.737,-0.9729599436935876,7356.997559
8579,1080.864,-1.2328943550977078,7358.397461
8580,1080.99,-1.2522601827953264,7358.770996
8581,1081.116,-0.9902302888906724,7359.387695
8582,1081.242,-0.6843300593277857,7357.366211
8583,1081.368,-0.27862298397103596,7356.294922
8584,1081.494,0.1511661772856591,7357.175293
8585,1081.62,0.5589834913511079,7354.659668
8586,1081.746,1.0283961474016288,7355.618164
8587,1081.871,1.4890208378204695,7357.516602
8588,1081.997,1.6852378458385737,7357.762207
8589,1082.124,1.8696837835798576,7359.358398
8590,1082.25,1.736562910020614,7356.071777
8591,1082.375,1.4860601225210466,7361.064941
8592,1082.501,1.138794709865136,7356.376953
8593,1082.627,0.7869197081871822,7359.100586
8594,1082.754,0.6324760663943665,7354.194824
8595,1082.88,0.5489539324923267,7362.481445
8596,1083.005,0.5924819835593949,7357.90918
8597,1083.131,0.5415283139269724,7355.272949
8598,1083.257,0.35319587671097386,7361.134766
8599,1083.384,-0.07318949961423162,7357.651367
8600,1083.509,-0.4386981942661595,7356.32666
8601,1083.635,-0.8503065044828374,7356.659668
8602,1083.762,-0.9853302173709851,7355.672363
8603,1083.887,-0.8669567008522278,7355.84082
8604,1084.014,-0.6057587805494525,7351.428711
8605,1084.139,-0.3311505379328516,7353.946777
8606,1084.265,-0.11025116458702966,7356.039063
8607,1084.391,-0.0704576229292558,7358.990234
8608,1084.518,-0.07939249619026466,7352.056152
8609,1084.643,-0.08800148414813547,7353.496094
8610,1084.769,-0.13699124548895827,7358.25
8611,1084.895,-0.16489031735647933,7357.739258
8612,1085.021,-0.21550307540514646,7358.884277
8613,1085.147,-0.45964022745446537,7353.708008
8614,1085.273,-0.7946034725019409,7357.456543
8615,1085.399,-1.0494698032572023,7357.852051
8616,1085.525,-1.0742179256768227,7356.067383
8617,1085.651,-0.8648444832391734,7356.027344
8618,1085.777,-0.4892038052074882,7356.925781
8619,1085.903,0.034803423746599546,7356.206543
8620,1086.029,0.35769529020122226,7357.649902
8621,1086.155,0.6200414812253991,7356.666504
8622,1086.281,0.7248033419391199,7355.223145
8623,1086.407,0.7300673833409072,7357.18457
8624,1086.533,0.6774651851039433,7359.18457
8625,1086.659,0.7558978501026294,7357.678223
8626,1086.785,0.8648633229610001,7356.365723
8627,1086.911,0.9455084099575531,7355.750977
8628,1087.037,0.8963533576056879,7356.086914
8629,1087.163,0.6648603737050716,7355.217773
8630,1087.289,0.3090871893187208,7356.091797
8631,1087.415,0.11898941391451931,7358.220703
8632,1087.541,-0.1810141580547163,7353.369629
8633,1087.667,-0.4321466907690982,7356.019043
8634,1087.793,-0.4289799586672264,7356.744141
8635,1087.919,-0.6546137790303137,7358.187988
8636,1088.045,-0.8101303483014929,7356.088379
8637,1088.171,-0.9713560902569219,7358.962891
8638,1088.297,-1.1358508756505543,7358.419434
8639,1088.423,-1.173774961929064,7358.662598
8640,1088.549,-1.1679409345032858,7358.36377
8641,1088.675,-0.9206411679830799,7357.96582
8642,1088.801,-0.5778248023841712,7355.350586
8643,1088.928,-0.14683495970738647,7356.202637
8644,1089.053,0.14889297378985428,7353.345703
8645,1089.179,0.39995557763010714,7355.985352
8646,1089.305,0.44699760436388886,7358.207031
8647,1089.431,0.3251617365192512,7357.597656
8648,1089.557,0.12120957223767877,7356.408691
8649,1089.683,-0.09437046736360999,7356.733398
8650,1089.809,-0.35022082987530095,7353.496094
8651,1089.935,-0.5032282830174408,7354.688965
8652,1090.061,-0.6001892834488577,7357.112305
8653,1090.187,-0.5704539853079306,7359.550781
8654,1090.313,-0.6272152765567065,7357.374512
8655,1090.439,-0.7093434568561272,7359.125488
8656,1090.565,-0.6407427775240249,7359.786133
8657,1090.691,-0.6025560705925717,7357.711914
8658,1090.817,-0.6810255988795867,7359.240234
8659,1090.943,-0.5357487280921893,7361.381836
8660,1091.069,-0.41250718996167735,7363.705566
8661,1091.195,-0.35622027080245305,7358.395996
8662,1091.321,-0.2662632562835514,7357.366211
8663,1091.447,-0.2597320724556028,7357.762695
8664,1091.573,-0.10525857824638794,7356.071289
8665,1091.699,0.08364329877438471,7357.669922
8666,1091.825,0.38456791230328835,7356.827637
8667,1091.951,0.6971706658092386,7356.094238
8668,1092.077,0.9791940651590809,7356.208984
8669,1092.203,1.0696916836321724,7358.129395
8670,1092.329,1.222356543790355,7355.812012
8671,1092.455,1.3084802791023367,7354.907715
8672,1092.581,1.3485544977413992,7357.932617
8673,1092.707,1.4094092000074254,7358.162598
8674,1092.833,1.5290282752672895,7358.466797
8675,1092.959,1.7178973791872825,7359.61084
8676,1093.085,1.8000750938987693,7358.105957
8677,1093.211,1.7822920928658836,7356.632324
8678,1093.337,1.716810384498782,7357.341797
8679,1093.463,1.5452122254744827,7363.727051
8680,1093.589,1.3538966925162401,7357.313477
8681,1093.715,1.2318771154571837,7359.549805
8682,1093.841,1.2548424521486972,7358.878906
8683,1093.967,1.3064115173854043,7355.748535
8684,1094.093,1.4588824422101647,7360.907715
8685,1094.219,1.5489180469541792,7361.255371
8686,1094.345,1.600090774500963,7357.334961
8687,1094.471,1.530788521986052,7356.288086
8688,1094.597,1.201980290130141,7358.463867
8689,1094.723,0.7678875030575814,7359.29541
8690,1094.849,0.4429187884476089,7360.17334
8691,1094.975,0.11359965455592322,7362.097168
8692,1095.101,-0.02265508889960742,7357.196289
8693,1095.227,-0.0496263932933994,7364.070313
8694,1095.353,0.04748228313539097,7358.797363
8695,1095.479,0.187207425856389,7361.230957
8696,1095.605,0.25715406647572986,7356.273438
8697,1095.731,0.20621373516263125,7358.749023
8698,1095.856,-0.04228864490124154,7362.985352
8699,1095.983,-0.40725783934368087,7364.153809
8700,1096.109,-0.8734986198347245,7359.75
8701,1096.235,-1.2648246320751753,7358.330566
8702,1096.361,-1.5782435722521788,7358.773926
8703,1096.486,-1.7172052419051453,7355.949219
8704,1096.613,-1.6283030359828445,7359.721191
8705,1096.739,-1.3919873148646336,7360.089844
8706,1096.865,-1.0474767079280451,7358.387207
8707,1096.99,-0.6842667374839646,7362.421875
8708,1097.117,-0.47934882652646477,7362.144531
8709,1097.242,-0.38482079107672873,7360.147461
8710,1097.369,-0.4378348261808191,7359.979492
8711,1097.495,-0.810055383832379,7363.471191
8712,1097.621,-0.9733627413752973,7364.541504
8713,1097.746,-1.2307488429340256,7362.051758
8714,1097.872,-1.399034174721981,7360.457031
8715,1097.998,-1.383233264619472,7359.381348
8716,1098.124,-1.3331165407968815,7360.549805
8717,1098.251,-1.252982315534039,7360.715332
8718,1098.376,-1.1704129212202565,7359.833008
8719,1098.502,-1.2106538105950846,7360.428711
8720,1098.628,-1.237693452720982,7360.856934
8721,1098.755,-1.2987643477527961,7359.295898
8722,1098.88,-1.16873485921599,7359.666016
8723,1099.006,-1.1405242030817135,7363.304688
8724,1099.133,-0.9020513726209808,7360.565918
8725,1099.258,-0.6764240142705141,7360.183105
8726,1099.384,-0.34242012528023746,7360.344727
8727,1099.51,-0.1898565849993521,7364.339355
8728,1099.637,0.015441706533377232,7358.308594
8729,1099.762,0.008936978357976988,7361.19873
8730,1099.888,-0.09508564899159698,7364.691895
8731,1100.014,-0.12412826012050375,7363.698242
8732,1100.14,-0.05715814784735125,7364.533203
8733,1100.266,0.11010601578469761,7360.123047
8734,1100.392,0.47332569096028976,7361.791016
8735,1100.518,0.7945500300161484,7358.709473
8736,1100.644,1.1765282665030723,7360.879395
8737,1100.77,1.173865502861061,7364.263184
8738,1100.896,1.0126275645378744,7359.958496
8739,1101.022,0.8189393733067584,7361.906738
8740,1101.148,0.6103673501917938,7359.859375
8741,1101.274,0.5094313829325181,7360.316895
8742,1101.4,0.3723384995604725,7362.63623
8743,1101.526,0.3760677612322344,7361.769531
8744,1101.652,0.33341834739664733,7363.949707
8745,1101.778,0.2866116816656574,7361.008301
8746,1101.904,0.307452160938435,7359.242676
8747,1102.03,0.2927361017200439,7361.524414
8748,1102.156,0.27643501325919423,7360.944336
8749,1102.282,0.20872329751482727,7362.731445
8750,1102.408,0.06754647068789865,7362.597656
8751,1102.534,0.05576035321904054,7359.974609
8752,1102.66,-0.0743923752438358,7363.783203
8753,1102.786,0.023764848478487716,7360.630859
8754,1102.912,0.025041440323332505,7359.918945
8755,1103.038,0.14156436242769438,7359.044434
8756,1103.164,0.02929415192739924,7360.959961
8757,1103.29,-0.24002458971527668,7359.731934
8758,1103.416,-0.5128984292120818,7361.309082
8759,1103.543,-0.9359929381548049,7359.606445
8760,1103.668,-1.3938274183271508,7363.120605
8761,1103.794,-1.7166296208276228,7360.811035
8762,1103.92,-1.8558586133790855,7365.665039
8763,1104.046,-1.8016339329087687,7358.379395
8764,1104.172,-1.6064116562765105,7360.030762
8765,1104.298,-1.4275290394088964,7363.539063
8766,1104.424,-1.1031114350415787,7363.025879
8767,1104.55,-0.8443805421733385,7360.454102
8768,1104.676,-0.8229012892658792,7362.335449
8769,1104.802,-0.7145159084156568,7360.912598
8770,1104.928,-0.7022185350591396,7360.381836
8771,1105.054,-0.7164976408877535,7363.338867
8772,1105.18,-0.6522209335460979,7358.040527
8773,1105.306,-0.4675943406620157,7361.739746
8774,1105.432,-0.2950638528681001,7361.253418
8775,1105.558,-0.09807347708602909,7359.154297
8776,1105.684,-0.013509827603241955,7358.425293
8777,1105.81,0.19947789833558113,7361.786621
8778,1105.936,0.5638794339483181,7362.246582
8779,1106.062,0.8421418722510199,7360.430664
8780,1106.188,1.3379609545377358,7364.209473
8781,1106.314,1.4964857963389249,7359.987793
8782,1106.44,1.7459614465988194,7358.394531
8783,1106.566,1.6779887349723281,7358.064453
8784,1106.693,1.225696986103456,7359.292969
8785,1106.818,0.8046427750030655,7358.790039
8786,1106.944,0.31002910405910694,7359.424316
8787,1107.07,-0.08638446781003432,7358.657227
8788,1107.196,-0.04559028445382581,7357.4375
8789,1107.322,0.23184625443953583,7361.677246
8790,1107.448,0.6285375251547093,7362.219727
8791,1107.574,1.1325626871721262,7358.916504
8792,1107.7,1.472577844285053,7361.992676
8793,1107.826,1.602472048211376,7361.458008
8794,1107.952,1.5827513675982243,7360.970215
8795,1108.078,1.225735440740417,7362.421387
8796,1108.204,0.8521954916889645,7361.026367
8797,1108.33,0.38388354246675793,7359.870117
8798,1108.456,0.0017716594935776795,7363.635254
8799,1108.582,-0.11593700538950485,7361.824219
8800,1108.708,-0.12121797214930828,7361.772949
8801,1108.834,0.06322798960529279,7365.611816
8802,1108.96,0.3852870741474775,7354.084961
8803,1109.086,0.65278621078356,7361.282227
8804,1109.212,0.7783540378120121,7361.224609
8805,1109.338,0.8183383998985432,7364.745605
8806,1109.464,0.6986891059382586,7362.243652
8807,1109.59,0.4796411501338372,7359.839844
8808,1109.716,0.3470087727288122,7360.433105
8809,1109.842,0.17251284580191037,7356.766602
8810,1109.968,0.09309679641739234,7360.111816
8811,1110.094,-0.03618274311063448,7362.361816
8812,1110.22,-0.06715868911062169,7357.119141
8813,1110.346,-0.41669164019693616,7359.379395
8814,1110.472,-0.6261126036535911,7360.286133
8815,1110.598,-0.9067404941298965,7358.810059
8816,1110.724,-1.0334956036126075,7358.917969
8817,1110.85,-0.9837355684515168,7357.025391
8818,1110.976,-0.9531314942001173,7358.904785
8819,1111.102,-0.8866129556119354,7362.758301
8820,1111.228,-0.964052655766703,7361.763184
8821,1111.354,-1.107864716890685,7358.193848
8822,1111.479,-1.2907312060976739,7365.636719
8823,1111.606,-1.459004850630955,7360.353027
8824,1111.732,-1.556142890340228,7360.027832
8825,1111.857,-1.4648030101779932,7361.731445
8826,1111.983,-1.3024152472911092,7359.530273
8827,1112.11,-1.0621411895649127,7361.70752
8828,1112.236,-0.8405905706970452,7365.349121
8829,1112.362,-0.6020423551754974,7360.987793
8830,1112.488,-0.5899559770164265,7361.280273
8831,1112.613,-0.5174715063812565,7362.893555
8832,1112.739,-0.427255894115504,7360.512207
8833,1112.866,-0.4562610103380165,7364.324707
8834,1112.992,-0.44124816513246573,7358.235352
8835,1113.118,-0.44706696035634025,7359.069336
8836,1113.243,-0.5941674344387955,7360.880371
8837,1113.37,-0.7677323086500119,7360.344727
8838,1113.495,-0.7521117241457081,7359.715332
8839,1113.621,-0.9207558558982571,7358.184082
8840,1113.747,-0.7755013359827012,7362.421387
8841,1113.874,-0.7121173718424046,7360.286621
8842,1114.0,-0.41618054964659185,7361.091797
8843,1114.125,-0.22318268190449164,7361.742188
8844,1114.252,-0.0498010711162808,7364.836426
8845,1114.377,0.08785142231085884,7363.751465
8846,1114.503,0.1424764484743043,7360.344238
8847,1114.63,0.2694786109408065,7360.166992
8848,1114.755,0.5136580025670371,7361.737305
8849,1114.881,0.815176344592402,7355.836426
8850,1115.007,1.0518080268687424,7358.060059
8851,1115.133,1.2991014493416935,7358.958984
8852,1115.259,1.4742441932239871,7361.98584
8853,1115.386,1.5913924314418777,7361.450684
8854,1115.511,1.4897912116576735,7361.251465
8855,1115.637,1.37827136294298,7362.302246
8856,1115.764,1.1056549324590326,7357.569336
8857,1115.889,0.8090079064467595,7362.726563
8858,1116.015,0.5204360045579193,7362.300293
8859,1116.142,0.27514716622109275,7359.86084
8860,1116.269,0.13868998037759622,7367.258301
8861,1116.393,0.16057957774696327,7360.369141
8862,1116.52,0.31552862811540555,7366.33252
8863,1116.646,0.4142941444602203,7363.039063
8864,1116.772,0.45666480433082546,7363.868652
8865,1116.898,0.37444004027807026,7360.07373
8866,1117.024,0.20693256415145256,7366.851074
8867,1117.149,-0.16396678579302862,7359.398438
8868,1117.275,-0.5827256692778101,7360.369629
8869,1117.401,-0.9278250625539959,7360.96875
8870,1117.527,-1.3041393460591926,7360.277832
8871,1117.653,-1.4906749380391828,7364.38623
8872,1117.78,-1.6855090734855138,7362.296875
8873,1117.905,-1.7820938626900027,7362.753906
8874,1118.031,-1.8679610926232557,7361.310059
8875,1118.157,-1.8222077624164361,7360.09668
8876,1118.283,-1.7370948192720344,7359.20752
8877,1118.409,-1.5402548173977189,7359.445801
8878,1118.535,-1.2606111422136563,7360.627441
8879,1118.661,-0.9970653895992007,7362.693848
8880,1118.787,-0.7974425008630011,7360.393066
8881,1118.913,-0.9060725868502609,7366.619141
8882,1119.039,-0.9821071128152582,7359.866699
8883,1119.165,-1.2790191860868942,7360.870605
8884,1119.291,-1.4330683452845603,7362.645996
8885,1119.417,-1.6414629374634875,7363.635254
8886,1119.543,-1.4645000555934458,7362.63623
8887,1119.669,-1.1663602851014803,7365.860352
8888,1119.795,-0.7959398017293531,7365.749512
8889,1119.921,-0.36569730750728974,7365.406738
8890,1120.047,-0.0770033997856412,7361.730957
8891,1120.173,0.1675269212247455,7363.234863
8892,1120.299,0.365885952814383,7362.678223
8893,1120.425,0.45686605236216,7368.854492
8894,1120.551,0.44455831503844356,7360.373047
8895,1120.677,0.42408453561510356,7361.697754
8896,1120.803,0.3331237646275127,7364.54248
8897,1120.929,0.304555283804607,7365.025879
8898,1121.055,0.27160466240868225,7363.530273
8899,1121.181,0.23812207482929718,7359.789551
8900,1121.307,0.42517385346631925,7363.671387
8901,1121.433,0.6935128623032499,7363.097168
8902,1121.559,0.8581010289398173,7361.731445
8903,1121.685,1.1241198591860142,7363.359863
8904,1121.811,1.2993723691937737,7364.737793
8905,1121.937,1.2446562168778608,7361.401367
8906,1122.063,1.1237062466196024,7363.322266
8907,1122.189,0.98930086775191,7362.159668
8908,1122.315,0.9253681672939649,7361.649414
8909,1122.441,0.9899580805739441,7363.389648
8910,1122.567,1.2345482207606298,7369.404785
8911,1122.693,1.5583449086615861,7364.946777
8912,1122.819,1.9009351614713867,7362.584961
8913,1122.945,2.052567164812938,7362.921875
8914,1123.071,2.0905906424841247,7365.904785
8915,1123.198,1.7455505693428517,7365.607422
8916,1123.323,1.1821219905970899,7360.187012
8917,1123.449,0.5848753207262901,7363.133789
8918,1123.575,-0.014946070290212377,7361.418457
8919,1123.702,-0.41388438680628825,7362.869141
8920,1123.827,-0.5018022508572348,7361.248535
8921,1123.953,-0.35090530601812003,7365.590332
8922,1124.079,-0.1628161170302322,7364.978027
8923,1124.205,0.08401193206491461,7363.149902
8924,1124.331,0.23863248902449805,7363.063477
8925,1124.457,0.2591040955284617,7361.131836
8926,1124.583,0.4089202401753931,7363.354004
8927,1124.709,0.35244668539667584,7363.757813
8928,1124.835,0.3323196178261327,7361.398926
8929,1124.961,0.28172322379843645,7362.783691
8930,1125.087,0.16709592825323705,7364.128418
8931,1125.213,0.0904249900319281,7363.720703
8932,1125.339,0.00992785167520977,7359.365234
8933,1125.465,0.007161898016687187,7361.418945
8934,1125.591,0.08234896311847643,7363.386719
8935,1125.717,0.1855020688270004,7365.341309
8936,1125.843,0.323462077904951,7365.257324
8937,1125.969,0.265012860219081,7360.961914
8938,1126.095,0.14086739137554785,7359.03418
8939,1126.221,-0.030577117535928244,7364.970215
8940,1126.347,-0.2514033512423867,7364.058594
8941,1126.473,-0.29631462278724596,7364.84668
8942,1126.599,-0.2995628680663572,7361.937012
8943,1126.725,-0.22876407775713561,7367.719727
8944,1126.851,-0.18583365324300438,7358.841797
8945,1126.977,-0.22511892548247323,7363.121094
8946,1127.102,-0.33562399325862863,7362.434082
8947,1127.229,-0.37473725547851783,7363.196289
8948,1127.355,-0.44610489239421497,7362.266113
8949,1127.481,-0.43606327260687433,7364.005859
8950,1127.607,-0.4160032281345095,7363.859863
8951,1127.733,-0.40138202972185494,7363.633789
8952,1127.858,-0.5027345985755504,7361.933594
8953,1127.985,-0.7199696112739999,7367.383301
8954,1128.11,-0.9996151680770334,7364.729492
8955,1128.237,-1.2089141722876808,7359.757813
8956,1128.362,-1.3985392146771092,7360.769043
8957,1128.488,-1.4688776023058057,7363.091309
8958,1128.615,-1.463835680485263,7367.307617
8959,1128.741,-1.4743863752246222,7365.174316
8960,1128.867,-1.4070417254244165,7365.978027
8961,1128.992,-1.4740713069597708,7363.188477
8962,1129.118,-1.5446255409070604,7363.664063
8963,1129.245,-1.5895562581999743,7366.503906
8964,1129.37,-1.6885863519201583,7365.566895
8965,1129.496,-1.6563775477112292,7364.38623
8966,1129.622,-1.6926341539579761,7363.635254
8967,1129.749,-1.7084004146458656,7365.395508
8968,1129.875,-1.7772712764692788,7362.671387
8969,1130.001,-1.8203121316045654,7362.962402
8970,1130.126,-1.8871656141859892,7365.174805
8971,1130.252,-1.7094155881622666,7363.21875
8972,1130.378,-1.4281530090869503,7364.316895
8973,1130.505,-1.0438047318829777,7363.638184
8974,1130.631,-0.5970831886944818,7367.625
8975,1130.756,-0.24232402817542859,7360.871094
8976,1130.883,0.03196386531394797,7363.974121
8977,1131.008,0.14317166436223114,7366.648438
8978,1131.135,0.0822446111528743,7363.717285
8979,1131.26,0.011407132275647004,7364.909668
8980,1131.386,-0.14142032016976577,7363.046875
8981,1131.512,-0.31230465013543385,7358.619629
8982,1131.639,-0.46529114732888177,7365.706543
8983,1131.765,-0.5693050302869681,7363.067383
8984,1131.89,-0.5228988939950032,7365.083984
8985,1132.016,-0.4279411379314666,7364.375977
8986,1132.142,-0.2714034124741929,7364.411621
8987,1132.268,-0.04848115399735731,7362.277832
8988,1132.395,-0.010472896757080033,7364.178223
8989,1132.52,0.05818102905233495,7362.075684
8990,1132.646,0.04719249000531546,7361.229004
8991,1132.772,-0.011322805819066346,7359.90625
8992,1132.899,-0.13656837109455666,7361.882813
8993,1133.024,-0.16910118668478322,7362.072266
8994,1133.151,-0.16918738433428215,7364.138672
8995,1133.276,-0.09794548385411056,7363.931641
8996,1133.402,-0.1286248640159164,7365.336914
8997,1133.528,-0.12661387366749183,7361.06543
8998,1133.654,-0.10104056478067437,7364.310547
8999,1133.78,-0.07756279290123096,7362.921875
9000,1133.906,-0.009212067803783808,7359.019043
9001,1134.032,0.007882641045205667,7362.221191
9002,1134.158,0.1624418203971275,7370.633789
9003,1134.284,0.28750787688469565,7365.428711
9004,1134.411,0.30452677691397,7364.233398
9005,1134.536,0.3672419962410771,7363.404297
9006,1134.662,0.5073969261480912,7359.730957
9007,1134.788,0.7441611267512249,7355.744141
9008,1134.914,0.9442475404591293,7363.463867
9009,1135.041,1.0822067527716237,7365.617676
9010,1135.166,1.204828447617789,7362.133789
9011,1135.292,1.2432301126978067,7365.395508
9012,1135.418,1.2347285090582485,7359.190918
9013,1135.544,1.283286135762283,7367.335938
9014,1135.67,1.2544302876070899,7363.436035
9015,1135.796,1.1807182036359258,7361.557617
9016,1135.922,0.8730094540811889,7364.02832
9017,1136.048,0.6750704901890665,7358.094727
9018,1136.174,0.2796477992891631,7358.279785
9019,1136.3,0.10225034309469055,7362.842285
9020,1136.426,-0.06325453488967726,7362.243164
9021,1136.552,0.08044206113064517,7361.30127
9022,1136.678,0.15312219171021246,7362.13623
9023,1136.804,0.2399405776739728,7364.879883
9024,1136.93,0.3248552285143607,7363.96875
9025,1137.056,0.24572459030084792,7363.517578
9026,1137.182,0.06609060098978373,7363.736816
9027,1137.308,-0.1005097389377774,7358.792969
9028,1137.434,-0.22106837319888703,7366.09668
9029,1137.56,-0.1619898652987215,7362.673828
9030,1137.686,0.108224384400552,7364.737793
9031,1137.812,0.5443203087497331,7362.921875
9032,1137.938,1.0119027024831042,7361.203613
9033,1138.064,1.4160398909846041,7361.603027
9034,1138.19,1.730073984770584,7359.933105
9035,1138.316,1.8916670959946489,7362.169922
9036,1138.442,1.7835567893444997,7363.030762
9037,1138.568,1.6660034946215607,7364.17627
9038,1138.694,1.432100114517944,7360.747559
9039,1138.82,1.1983194209890935,7366.658691
9040,1138.946,0.9022887727322167,7361.62207
9041,1139.072,0.6492045087855596,7363.801758
9042,1139.198,0.4650954989000659,7365.591309
9043,1139.324,0.4410559939310577,7361.80957
9044,1139.45,0.44148679742210245,7364.029297
9045,1139.576,0.6454957434538335,7362.428223
9046,1139.702,0.834574462118267,7364.081543
9047,1139.828,1.1060888519729255,7363.26709
9048,1139.954,1.2391658694374172,7360.693848
9049,1140.08,1.048952150010939,7365.519531
9050,1140.206,0.9296935013146808,7362.444336
9051,1140.332,0.6965047266803466,7359.95166
9052,1140.458,0.5723511816646614,7362.637695
9053,1140.584,0.4967727742043666,7363.212402
9054,1140.71,0.33961596889979756,7362.096191
9055,1140.836,0.3306141617031171,7358.379883
9056,1140.962,-0.11248607443683221,7365.433105
9057,1141.088,-0.3319222373767891,7363.040039
9058,1141.214,-0.6723917388524128,7364.571289
9059,1141.34,-0.6871777195228438,7361.205078
9060,1141.466,-0.2548649828870083,7361.10498
9061,1141.592,0.1412893810765208,7365.753906
9062,1141.718,0.6827390365674472,7363.205566
9063,1141.844,1.0123059992437642,7364.630859
9064,1141.97,1.009116679154361,7364.197754
9065,1142.096,1.0465957457926154,7369.241699
9066,1142.222,0.8967716930744795,7367.971191
9067,1142.348,0.7236539088520996,7368.095215
9068,1142.474,0.5424598089449624,7362.758301
9069,1142.6,0.37820038497907715,7363.691406
9070,1142.726,0.27501549265974884,7360.546387
9071,1142.852,0.10334876999201965,7363.688477
9072,1142.978,0.051696242280060395,7367.737305
9073,1143.104,0.05967173250630045,7361.39502
9074,1143.23,0.07777627497007247,7364.168457
9075,1143.356,0.09952236076462562,7361.366211
9076,1143.482,0.049975394444556384,7366.291016
9077,1143.608,-0.09713462828387312,7364.666016
9078,1143.733,-0.26690290553948526,7360.856445
9079,1143.86,-0.40458006057280144,7363.945313
9080,1143.986,-0.43384773118937175,7361.964355
9081,1144.112,-0.4462937383136026,7364.86084
9082,1144.238,-0.3746541472694894,7362.655762
9083,1144.363,-0.3073512568795199,7365.180664
9084,1144.49,-0.37619287270369767,7363.208496
9085,1144.616,-0.5746401703315536,7364.028809
9086,1144.742,-0.7746739793352176,7360.230957
9087,1144.868,-0.9036176087258673,7360.433105
9088,1144.994,-0.8971743636058536,7364.437012
9089,1145.12,-0.8705025525664282,7363.146973
9090,1145.246,-0.713842100435795,7363.289063
9091,1145.371,-0.6432341049427382,7366.618652
9092,1145.497,-0.7180635034155175,7368.752441
9093,1145.624,-0.9547090768985871,7366.832031
9094,1145.749,-1.1764977559629461,7363.911621
9095,1145.875,-1.4871607476593198,7363.004883
9096,1146.001,-1.7239201247779403,7362.547363
9097,1146.127,-1.7841560192752148,7363.439453
9098,1146.253,-1.6609832320841167,7363.702637
9099,1146.379,-1.4260186826275667,7367.519531
9100,1146.506,-1.0086722160104875,7365.626953
9101,1146.631,-0.5918015752903184,7362.013672
9102,1146.757,-0.1508583470088075,7364.768555
9103,1146.883,0.10742831487625247,7361.280273
9104,1147.009,0.4243705930682504,7368.211914
9105,1147.135,0.5238626927225227,7366.683105
9106,1147.261,0.5645601754801607,7362.92627
9107,1147.387,0.5748232594668753,7361.529785
9108,1147.513,0.5298835717027566,7363.552734
9109,1147.639,0.47237910380427345,7364.581055
9110,1147.765,0.5312848477479267,7361.79248
9111,1147.891,0.6189185565152016,7362.920898
9112,1148.017,0.7513938392730451,7363.919922
9113,1148.143,0.9822736290531778,7365.163574
9114,1148.269,1.2623371862729884,7365.083984
9115,1148.395,1.4139809527770248,7357.164551
9116,1148.521,1.604855065592566,7363.574707
9117,1148.647,1.6426082391166419,7362.381836
9118,1148.774,1.6070367247802215,7364.059082
9119,1148.899,1.5414160137710664,7365.081543
9120,1149.025,1.5642290204905274,7367.398438
9121,1149.151,1.509425702650317,7365.861328
9122,1149.277,1.5503692953623207,7364.026367
9123,1149.403,1.4129535947574694,7361.926758
9124,1149.529,1.319042418583981,7363.176758
9125,1149.655,1.2194015489409478,7357.845703
9126,1149.781,1.1537772016634735,7362.118652
9127,1149.907,1.115282957348534,7362.256348
9128,1150.033,1.0604885713377525,7360.990234
9129,1150.159,0.9997544127515978,7360.503906
9130,1150.285,0.9785841860184961,7361.37793
9131,1150.411,0.7100428380780918,7362.150391
9132,1150.537,0.6370117519025291,7362.243652
9133,1150.663,0.4019459182030091,7363.293457
9134,1150.789,0.23664539166210724,7362.124512
9135,1150.915,0.1503484890663734,7363.09375
9136,1151.041,0.15003110819257573,7359.553223
9137,1151.167,0.05512307701908518,7363.163086
9138,1151.293,-0.008207975299665526,7358.443359
9139,1151.419,-0.16949865338001283,7360.966797
9140,1151.545,-0.2566615517448142,7361.077148
9141,1151.671,-0.3635429527775617,7359.793945
9142,1151.797,-0.20847939901367052,7364.026367
9143,1151.923,-0.0707511343978864,7355.240234
9144,1152.049,0.17545174033437133,7358.089355
9145,1152.175,0.41578444128860165,7362.160645
9146,1152.301,0.5511595560209085,7359.237305
9147,1152.427,0.552765996156435,7361.470703
9148,1152.553,0.4299843945112421,7359.894043
9149,1152.679,0.3108282118633092,7364.609375
9150,1152.805,0.13178952482926284,7365.246094
9151,1152.931,-0.07799878542513258,7363.23584
9152,1153.057,-0.11756686632961996,7363.719238
9153,1153.183,-0.12417121057117099,7362.154785
9154,1153.309,-0.07781702050879696,7360.637695
9155,1153.435,0.03410025805970609,7364.651855
9156,1153.561,0.11492092530399024,7363.834473
9157,1153.687,0.1067328956961685,7360.961914
9158,1153.813,0.07037730935198537,7362.821777
9159,1153.939,-0.01876084404936856,7363.771484
9160,1154.065,-0.2682137019128019,7360.172852
9161,1154.192,-0.41884020228109403,7366.351563
9162,1154.317,-0.623834108484457,7363.460938
9163,1154.443,-0.7902616459974858,7366.256836
9164,1154.569,-0.9500258293314858,7367.946289
9165,1154.695,-0.9843960613425309,7361.09375
9166,1154.821,-0.8799093179709677,7360.59375
9167,1154.947,-0.7910357758183605,7363.519043
9168,1155.073,-0.6712142882908586,7362.666504
9169,1155.199,-0.6402190906038095,7365.967285
9170,1155.325,-0.622095676347105,7364.866699
9171,1155.451,-0.6538068438484779,7360.833008
9172,1155.577,-0.6893845079533529,7364.057129
9173,1155.703,-0.753761550325221,7363.070801
9174,1155.829,-0.8432929623636294,7365.021484
9175,1155.955,-0.894135454393387,7364.495117
9176,1156.081,-0.9352529062118426,7364.008301
9177,1156.207,-0.8845899888032737,7364.572754
9178,1156.333,-0.8674312671569238,7364.845215
9179,1156.459,-0.6810172906852504,7365.249512
9180,1156.585,-0.38786100325859557,7362.125488
9181,1156.711,-0.058839100721812754,7358.753906
9182,1156.837,0.24477983618464783,7359.266602
9183,1156.963,0.5565336244633131,7363.072266
9184,1157.089,0.7582155359378877,7365.056641
9185,1157.215,0.9316879285708558,7366.42041
9186,1157.341,1.0067915159163656,7363.780762
9187,1157.467,0.9640636400141448,7367.379883
9188,1157.592,0.8901390729461806,7366.022461
9189,1157.719,0.7893001713444795,7364.766113
9190,1157.845,0.6410483605867415,7364.480957
9191,1157.971,0.5317283514540185,7369.400391
9192,1158.097,0.4881998107760861,7364.313965
9193,1158.223,0.4646767676576574,7368.331543
9194,1158.349,0.5731264763005942,7367.800781
9195,1158.475,0.6327492092298052,7363.773438
9196,1158.601,0.6815538580754095,7362.436035
9197,1158.727,0.5841031372768852,7362.157715
9198,1158.853,0.4379214887719514,7363.720703
9199,1158.978,0.21757884012172415,7360.995605
9200,1159.104,0.035772353801428035,7365.02832
9201,1159.231,-0.10248691947107319,7364.543457
9202,1159.356,-0.048659092289637,7363.90625
9203,1159.482,0.19371336733912803,7361.875977
9204,1159.609,0.35150395540522245,7362.504883
9205,1159.735,0.5943727411136651,7367.216309
9206,1159.86,0.7134039009286768,7363.038574
9207,1159.986,0.4779321843808271,7364.32666
9208,1160.113,0.2972938996367251,7361.198242
9209,1160.238,0.028228511635347966,7363.258301
9210,1160.364,-0.12925780005785598,7369.027344
9211,1160.49,0.0045651685603526745,7364.824707
9212,1160.616,0.19020461145725437,7365.651855
9213,1160.742,0.3296768357999503,7364.42627
9214,1160.868,0.5374242041736533,7367.796387
9215,1160.995,0.395971150399765,7360.200684
9216,1161.12,0.08673456631134875,7366.024414
9217,1161.246,-0.15477336332370914,7365.789551
9218,1161.372,-0.3680478918036241,7360.708496
9219,1161.499,-0.35872405724090944,7362.806641
9220,1161.625,-0.20385048063614988,7360.194824
9221,1161.75,0.10836408145968224,7367.902344
9222,1161.876,0.4245034051329877,7365.451172
9223,1162.002,0.6821078840438972,7366.275879
9224,1162.128,0.7462498737912887,7362.075195
9225,1162.255,0.6529683358782322,7362.140137
9226,1162.38,0.41271579750493226,7364.626465
9227,1162.507,0.17089840867803935,7367.706543
9228,1162.633,-0.09685480139590714,7365.166016
9229,1162.759,-0.2252792503935205,7366.33252
9230,1162.884,-0.2644063797374283,7362.681152
9231,1163.01,-0.3064751874781875,7369.786621
9232,1163.136,-0.3810679297609665,7364.862305
9233,1163.263,-0.5728801446737891,7363.581055
9234,1163.389,-0.773034197689521,7365.870605
9235,1163.515,-0.9071068061096423,7362.844238
9236,1163.641,-1.0389013455831255,7363.270508
9237,1163.767,-1.0403662217463783,7368.506348
9238,1163.892,-0.991610892454651,7365.682617
9239,1164.018,-0.8580066470655422,7364.882324
9240,1164.145,-0.7363131060198328,7366.619141
9241,1164.27,-0.6880812578143618,7363.428711
9242,1164.396,-0.6774749801737744,7368.388672
9243,1164.522,-0.6836833316890514,7370.233887
9244,1164.648,-0.7124909006750595,7364.434082
9245,1164.774,-0.6776282151037444,7364.145508
9246,1164.9,-0.5848794075330744,7366.290039
9247,1165.026,-0.5092170295829229,7358.537109
9248,1165.152,-0.284070896131224,7364.722168
9249,1165.279,-0.14942758434419098,7367.065918
9250,1165.405,-0.029335076072093694,7364.533691
9251,1165.531,0.05084953276075905,7366.324707
9252,1165.656,0.19051505953866382,7360.191406
9253,1165.782,0.20193782983342848,7366.144043
9254,1165.909,0.32955658215765343,7364.819336
9255,1166.034,0.4960213713230944,7365.362305
9256,1166.16,0.6644376843809021,7366.019531
9257,1166.286,0.8346448219996783,7367.383301
9258,1166.413,0.8891402026403971,7364.105469
9259,1166.538,0.8473515347957037,7365.960938
9260,1166.665,0.6699173435424608,7365.086914
9261,1166.79,0.4877618088973786,7364.737305
9262,1166.916,0.1855876765665728,7365.106445
9263,1167.042,-0.02294164015354503,7368.650391
9264,1167.168,-0.385344256075704,7369.38916
9265,1167.295,-0.5781996232193943,7365.402344
9266,1167.42,-0.7922589238363357,7362.014648
9267,1167.546,-1.083180609666449,7365.760254
9268,1167.672,-1.3210663397257174,7367.023926
9269,1167.799,-1.5478680691311837,7367.528809
9270,1167.924,-1.7175805245742488,7360.541016
9271,1168.05,-1.7043570911257848,7358.724609
9272,1168.178,-1.651092362551137,7362.784668
9273,1168.302,-1.4075882530430102,7365.546875
9274,1168.429,-1.124878195254756,7362.571777
9275,1168.554,-1.0035242009678786,7363.958984
9276,1168.68,-0.9118913685584148,7360.603027
9277,1168.806,-1.0734152494825255,7363.233887
9278,1168.933,-1.2471050478460635,7364.20459
9279,1169.058,-1.3888642798841682,7363.299805
9280,1169.185,-1.3414242592671695,7362.78125
9281,1169.31,-1.0679961365381154,7367.338867
9282,1169.436,-0.5485401666646949,7364.029297
9283,1169.563,0.12467046599107891,7365.141113
9284,1169.688,0.8545146835989698,7364.141602
9285,1169.814,1.5067775583017775,7364.059082
9286,1169.94,1.8971365912872649,7367.011719
9287,1170.066,2.014846188890926,7363.233398
9288,1170.192,1.8762701036567466,7365.474121
9289,1170.318,1.5987760907037591,7364.168945
9290,1170.444,1.1877971345124645,7363.164551
9291,1170.57,0.8176857547364148,7364.665527
9292,1170.696,0.5152393599668638,7368.909668
9293,1170.822,0.37254994315931483,7368.295898
9294,1170.948,0.3268913676617517,7364.453613
9295,1171.074,0.4258043017741144,7363.397461
9296,1171.2,0.5775775865977617,7364.757813
9297,1171.326,0.6409418763937458,7360.799316
9298,1171.452,0.5446664580116916,7363.438965
9299,1171.579,0.4740938588681811,7367.521484
9300,1171.704,0.33176894375934146,7366.164551
9301,1171.83,0.08381075487339729,7367.10791
9302,1171.956,-0.005536430088384439,7363.745605
9303,1172.082,0.019070855976994483,7368.384766
9304,1172.208,0.263803891967207,7362.63916
9305,1172.334,0.5838799656395873,7362.559082
9306,1172.462,0.9763192022750075,7366.352051
9307,1172.587,1.0763247624638712,7362.456055
9308,1172.712,1.146387712663417,7364.072754
9309,1172.838,1.1260274320934676,7362.53125
9310,1172.964,1.085013814545666,7364.255859
9311,1173.09,1.0105686819482345,7364.913574
9312,1173.216,0.9262517435930591,7366.499512
9313,1173.342,1.0167993009301435,7363.231445
9314,1173.468,1.1219831376865042,7366.221191
9315,1173.594,1.2920414498188981,7362.785156
9316,1173.738,1.5399172677828987,7365.249512
9317,1173.846,1.6320356907964133,7362.338867
9318,1173.972,1.554938396494555,7364.234863
9319,1174.098,1.448486043773965,7361.731445
9320,1174.224,1.0447877587504546,7367.344238
9321,1174.35,0.6109316886354569,7364.534668
9322,1174.476,0.23025673401380187,7363.97168
9323,1174.604,-0.10928964293601724,7365.178223
9324,1174.728,-0.24483078405318226,7367.547852
9325,1174.854,-0.17363789527685125,7366.083496
9326,1174.98,0.009392187989590236,7362.461426
9327,1175.106,0.23815740443644867,7363.402832
9328,1175.232,0.3521184537715238,7364.864258
9329,1175.358,0.49643908922338914,7362.818359
9330,1175.484,0.6175920984437381,7357.089355
9331,1175.61,0.7196462007427598,7365.984375
9332,1175.736,1.0615102938511474,7364.746094
9333,1175.862,1.313978087568535,7362.381348
9334,1175.988,1.6811621618495431,7366.001953
9335,1176.114,1.9407587766666479,7364.805664
9336,1176.24,2.0618188713329806,7366.191895
9337,1176.366,1.9490493356757088,7364.632324
9338,1176.492,1.6527847083546499,7364.231445
9339,1176.618,1.3501455589732818,7365.395508
9340,1176.744,1.1357079627684117,7364.001465
9341,1176.87,0.830370573693645,7361.231445
9342,1176.996,0.9634737875797225,7366.21582
9343,1177.122,1.0935109614625205,7364.990723
9344,1177.248,1.2816883037350741,7363.205078
9345,1177.374,1.4600989596819076,7364.802734
9346,1177.499,1.489963483715809,7368.629883
9347,1177.626,1.3162799678953183,7368.958008
9348,1177.752,1.094704452093532,7363.361816
9349,1177.878,0.8833956430534788,7365.625488
9350,1178.004,0.6933538401475225,7363.295898
9351,1178.13,0.5086896938325076,7362.612305
9352,1178.256,0.3621731425253468,7368.543945
9353,1178.382,0.17744926836344765,7359.220215
9354,1178.507,-0.07661029992557725,7364.512207
9355,1178.634,-0.15912373359002163,7364.344727
9356,1178.76,-0.14241537225092024,7364.626953
9357,1178.886,0.012929174480548653,7370.845703
9358,1179.012,0.19301293556560645,7367.644531
9359,1179.137,0.45029914845617613,7365.427246
9360,1179.264,0.6910703743401205,7364.96582
9361,1179.39,0.8229243563659842,7367.334473
9362,1179.516,0.8265581890136983,7367.192871
9363,1179.642,0.7430163333099169,7367.791016
9364,1179.768,0.6908591902706736,7367.527832
9365,1179.893,0.6201141236659088,7366.322754
9366,1180.02,0.5007439365757946,7365.736328
9367,1180.146,0.5373488446585997,7364.097656
9368,1180.272,0.5750751103243187,7365.321777
9369,1180.398,0.5720597827446113,7361.903809
9370,1180.523,0.5734295837093463,7364.305176
9371,1180.65,0.46907080617355934,7364.087891
9372,1180.776,0.3252046766254317,7361.248047
9373,1180.901,0.1582465805637843,7368.914551
9374,1181.028,-0.08615532568513085,7367.907715
9375,1181.153,-0.4533973673247139,7363.662109
9376,1181.28,-0.5100873061761012,7362.187012
9377,1181.406,-0.7983518986011336,7366.129883
9378,1181.531,-0.8902362651875386,7362.87207
9379,1181.657,-0.8696707998307716,7360.169434
9380,1181.783,-0.8434356934244724,7364.618652
9381,1181.91,-0.7355098002110582,7365.873535
9382,1182.036,-0.6341253108403456,7363.371094
9383,1182.161,-0.620498928970833,7362.672852
9384,1182.287,-0.5888868012315865,7363.824707
9385,1182.413,-0.6582504885636467,7362.860352
9386,1182.54,-0.8810087624879648,7363.663086
9387,1182.665,-1.1370874618679463,7365.397949
9388,1182.791,-1.5015823923984968,7365.866211
9389,1182.917,-1.6730253853099555,7363.231934
9390,1183.044,-1.8150222235831233,7364.15625
9391,1183.17,-1.7345772304234266,7359.116699
9392,1183.295,-1.4728283594191574,7364.288086
9393,1183.421,-1.0459402109330629,7364.030762
9394,1183.547,-0.6009387991818448,7366.100586
9395,1183.673,-0.4081747521327042,7366.099609
9396,1183.8,-0.375859548878932,7365.943359
9397,1183.925,-0.4057329656200935,7369.147461
9398,1184.051,-0.5453329063867891,7363.740723
9399,1184.177,-0.7371929348782994,7367.236816
9400,1184.303,-0.7240678478391647,7364.600586
9401,1184.429,-0.6375850354714171,7361.623047
9402,1184.555,-0.5363078355985367,7361.943848
9403,1184.681,-0.403675698686251,7363.592285
9404,1184.809,-0.37072622287857976,7363.998047
9405,1184.933,-0.38737480461231344,7363.574707
9406,1185.059,-0.6508720105490006,7363.064941
9407,1185.185,-0.8906499560434945,7364.800293
9408,1185.311,-1.1640448806768928,7366.250488
9409,1185.437,-1.4868773203687904,7365.478516
9410,1185.563,-1.7479834717252278,7364.315918
9411,1185.69,-1.7898466035169753,7367.439941
9412,1185.815,-1.8188251314108692,7365.51709
9413,1185.941,-1.7330862892288474,7364.095703
9414,1186.067,-1.464428917234065,7363.34668
9415,1186.193,-1.3870442365751054,7365.506348
9416,1186.319,-1.2243054023921771,7365.73584
9417,1186.445,-1.1729435736657319,7359.920898
9418,1186.571,-0.8731398919054327,7364.484375
9419,1186.697,-0.44280200921129326,7365.758301
9420,1186.823,-0.14612485857494978,7364.962402
9421,1186.949,0.05948606003301374,7362.669434
9422,1187.075,0.009850991176233195,7365.850098
9423,1187.201,-0.22389238178432086,7355.313965
9424,1187.327,-0.6156153589841434,7366.73877
9425,1187.453,-1.1351604371687138,7361.338379
9426,1187.579,-1.5205435316981504,7364.744141
9427,1187.705,-1.760034908029946,7364.453125
9428,1187.831,-1.9618994491148711,7358.987793
9429,1187.957,-2.0187975450559077,7363.054688
9430,1188.083,-2.027017941203072,7366.935547
9431,1188.209,-2.05116745523531,7363.495117
9432,1188.335,-1.9865859723789296,7364.912598
9433,1188.463,-1.820387090500375,7361.959961
9434,1188.589,-1.64422851094805,7364.699219
9435,1188.713,-1.416334510554768,7362.621094
9436,1188.839,-1.1494339655363959,7362.074219
9437,1188.965,-0.9877055057239134,7366.550293
9438,1189.093,-0.8242354164321967,7361.501465
9439,1189.217,-0.6948141623291595,7362.981445
9440,1189.343,-0.6422180890684571,7366.597656
9441,1189.469,-0.6866323010017484,7365.090332
9442,1189.595,-0.8747773531154043,7365.075195
9443,1189.721,-1.0403611186927524,7367.29248
9444,1189.847,-1.3383814783434078,7365.313477
9445,1189.973,-1.4617703109591882,7362.055664
9446,1190.099,-1.60760567691504,7363.039551
9447,1190.225,-1.6213334149779908,7365.289063
9448,1190.351,-1.5016303701650557,7365.04834
9449,1190.477,-1.339409844384468,7365.030273
9450,1190.603,-1.1965510352791062,7366.686523
9451,1190.729,-0.9445187524286363,7362.072266
9452,1190.856,-0.7867411050699701,7366.762207
9453,1190.981,-0.776653832459916,7364.193848
9454,1191.107,-0.7619803831087024,7365.171875
9455,1191.233,-1.0791288916621289,7366.654297
9456,1191.36,-1.4683408835880196,7365.946289
9457,1191.485,-1.8268162351770283,7362.477051
9458,1191.611,-2.062701488981445,7365.960449
9459,1191.737,-2.152066420110112,7367.148926
9460,1191.863,-1.8435957227365771,7366.945801
9461,1191.989,-1.4338899797284215,7362.691406
9462,1192.115,-0.8850592768337594,7369.845215
9463,1192.243,-0.4258397476038741,7365.347168
9464,1192.367,-0.16827701462292718,7366.073242
9465,1192.493,-0.1352035016320438,7366.904297
9466,1192.619,-0.31537188624275236,7365.572754
9467,1192.746,-0.5849737248460173,7364.032227
9468,1192.871,-0.7592725329175312,7367.558105
9469,1192.997,-0.9585631535620633,7367.756348
9470,1193.123,-0.9389706304685097,7363.013184
9471,1193.249,-0.881834738815333,7366.308105
9472,1193.375,-0.8702603685088924,7363.858398
9473,1193.501,-1.0242354134991127,7367.26123
9474,1193.627,-1.2972377768178547,7360.17334
9475,1193.752,-1.659686805336273,7365.077637
9476,1193.879,-1.992554303443495,7365.22168
9477,1194.005,-2.2615354094365956,7361.432617
9478,1194.131,-2.334498774576829,7366.227539
9479,1194.257,-2.217067811670953,7368.5
9480,1194.383,-1.9241909317371937,7367.325195
9481,1194.508,-1.5217885285367023,7364.167969
9482,1194.635,-1.2330574643162322,7363.622559
9483,1194.761,-1.0822926441980825,7362.803223
9484,1194.886,-1.051362217437105,7362.896484
9485,1195.012,-1.1562201795349003,7362.950684
9486,1195.139,-1.3546313108276045,7363.940918
9487,1195.265,-1.4565403171674676,7364.196289
9488,1195.392,-1.4357796745225495,7365.933594
9489,1195.517,-1.3311630280578504,7361.683105
9490,1195.642,-1.1766687468387838,7363.238281
9491,1195.768,-0.9178963018271183,7363.125488
9492,1195.895,-0.8643487102142576,7363.744141
9493,1196.021,-0.7655663553534502,7363.902344
9494,1196.147,-0.8211505043207459,7364.456055
9495,1196.272,-0.7567684264818675,7365.632324
9496,1196.398,-0.7489838644449236,7367.86377
9497,1196.525,-0.6113750881982273,7364.370605
9498,1196.65,-0.545423953422275,7365.696289
9499,1196.777,-0.5645325712434411,7365.500488
9500,1196.902,-0.522538502759816,7364.696777
9501,1197.028,-0.594454674789639,7367.262207
9502,1197.155,-0.5235072101490208,7366.727051
9503,1197.281,-0.36460979088567436,7363.786621
9504,1197.406,-0.22951437170578243,7360.118652
9505,1197.534,-0.07262191626904319,7362.018555
9506,1197.658,0.032047607261465404,7362.240234
9507,1197.784,0.03697634466282738,7364.994141
9508,1197.911,-0.05366111268598667,7363.655762
9509,1198.036,-0.15534044549572534,7364.251953
9510,1198.162,-0.23897086764257808,7363.541992
9511,1198.289,-0.2109455974814164,7360.256348
9512,1198.415,-0.015984613820945136,7366.897949
9513,1198.541,0.199828458349087,7365.419922
9514,1198.666,0.34045564912532267,7363.831055
9515,1198.792,0.4497753320903654,7362.251465
9516,1198.918,0.552247594121248,7361.674805
9517,1199.045,0.5185545792208485,7364.459473
9518,1199.17,0.46565062800560125,7363.213867
9519,1199.296,0.37675504362545564,7366.410156
9520,1199.422,0.2699302701867715,7365.871094
9521,1199.55,0.12336608767852664,7365.84668
9522,1199.674,0.022405203029617446,7365.616699
9523,1199.801,-0.10019112294134618,7364.258301
9524,1199.926,-0.11280124705299857,7364.696777
9525,1200.052,-0.07645344597141647,7365.670898
9526,1200.178,0.1963899938489204,7363.599609
9527,1200.305,0.4793709107989635,7364.103516
9528,1200.43,0.7154492250010197,7364.911621
9529,1200.556,0.8260322591237622,7363.967285
9530,1200.683,0.8901588885837854,7364.881836
9531,1200.808,0.7820952157133275,7368.217773
9532,1200.935,0.6716624389540365,7363.755371
9533,1201.061,0.4689537987012954,7365.40918
9534,1201.186,0.3041252656185674,7361.027832
9535,1201.313,0.0920720171440115,7364.651855
9536,1201.438,-0.09557808660931973,7365.899902
9537,1201.564,-0.4102364844439909,7362.803223
9538,1201.69,-0.7645997917382799,7368.20752
9539,1201.816,-1.0829433460630147,7367.411133
9540,1201.945,-1.3969768926939414,7362.972656
9541,1202.068,-1.6458089873408808,7366.302734
9542,1202.194,-1.7400660742354779,7361.253906
9543,1202.32,-1.7531956697163673,7359.263672
9544,1202.446,-1.6622252524587342,7367.345703
9545,1202.572,-1.497337227469945,7365.226563
9546,1202.698,-1.3032887642910833,7363.400391
9547,1202.824,-1.2065050174182674,7362.01709
9548,1202.95,-1.1370405483861865,7362.852051
9549,1203.076,-1.1539629347944456,7361.763184
9550,1203.204,-1.1977533378446423,7364.790527
9551,1203.328,-1.2013302421603873,7360.939453
9552,1203.454,-1.1740667758480419,7361.64502
9553,1203.58,-1.074297573448627,7361.193848
9554,1203.706,-0.8430670064222648,7366.333984
9555,1203.832,-0.6375618306773596,7359.832031
9556,1203.959,-0.44568891729053467,7361.561035
9557,1204.084,-0.3005214127290637,7363.203613
9558,1204.21,-0.254965389643582,7362.44043
9559,1204.336,-0.3795318599453271,7362.640625
9560,1204.462,-0.6358929765633929,7359.425293
9561,1204.588,-0.9039496328053926,7358.941406
9562,1204.714,-1.1986932194992952,7359.968262
9563,1204.84,-1.3699971928442785,7360.787598
9564,1204.966,-1.4272209408511816,7361.772949
9565,1205.092,-1.316406213760208,7365.102539
9566,1205.218,-1.0678490822254203,7359.770508
9567,1205.344,-0.753931169403908,7363.01416
9568,1205.47,-0.4195600053647064,7364.003418
9569,1205.596,-0.18616138985221467,7362.606934
9570,1205.722,-0.06356737556378173,7361.592285
9571,1205.848,-0.04653490723615636,7358.824707
9572,1205.974,-0.16527351902437926,7363.341797
9573,1206.1,-0.25695133691348154,7362.125488
9574,1206.226,-0.3386434094546386,7365.050293
9575,1206.352,-0.27565673518216927,7361.11377
9576,1206.478,-0.19006071525418985,7364.581055
9577,1206.604,-0.04321486220655397,7362.280762
9578,1206.73,0.012587640375200925,7361.313965
9579,1206.855,-0.11712129636807465,7362.720703
9580,1206.982,-0.3261507706280199,7361.784668
9581,1207.109,-0.6329004772622298,7363.335938
9582,1207.234,-0.8384765190269092,7368.250977
9583,1207.36,-0.953944176982861,7362.301758
9584,1207.486,-0.792380464919198,7363.453613
9585,1207.612,-0.4661394273952361,7362.895508
9586,1207.738,-0.07029541836606787,7366.673828
9587,1207.863,0.35024583671865095,7360.458008
9588,1207.989,0.6449965219420721,7359.943848
9589,1208.116,0.787781683988181,7363.888672
9590,1208.242,0.7603423954002211,7363.636719
9591,1208.368,0.5847096729402531,7360.765137
9592,1208.493,0.33801578148111755,7360.470215
9593,1208.619,0.08427046273734043,7360.822266
9594,1208.745,-0.08301622819412363,7360.579102
9595,1208.872,-0.17406821972658748,7360.790527
9596,1208.997,-0.1791275480000744,7360.856445
9597,1209.123,-0.10226709124859062,7357.562988
9598,1209.253,-0.017292952006035818,7364.508301
9599,1209.376,0.0025602708974645154,7360.17334
9600,1209.501,-0.09542925328545669,7362.35498
9601,1209.628,-0.2635751514264643,7360.195313
9602,1209.753,-0.5072717748327855,7363.115234
9603,1209.881,-0.7620895060268248,7365.478516
9604,1210.005,-0.8797614063157024,7361.322266
9605,1210.132,-0.9140789033861846,7361.503418
9606,1210.257,-0.7676790515694627,7361.044922
9607,1210.383,-0.5318675432766788,7361.220215
9608,1210.509,-0.19999588117745906,7363.226074
9609,1210.635,0.06652983644954837,7363.891602
9610,1210.763,0.23320093826763122,7361.477539
9611,1210.887,0.24614036057935026,7361.359375
9612,1211.014,0.137397181617872,7361.897949
9613,1211.141,0.008098286401614148,7360.510254
9614,1211.265,-0.20252396011834506,7364.01416
9615,1211.392,-0.3527702859651833,7361.55127
9616,1211.517,-0.46849915704210554,7362.517578
9617,1211.644,-0.4721250521570808,7360.707031
9618,1211.772,-0.5595733015308296,7357.350098
9619,1211.896,-0.4798291183102694,7359.789551
9620,1212.021,-0.46015286033071107,7363.155273
9621,1212.147,-0.35225652332446017,7361.026367
9622,1212.274,-0.35968222340841377,7359.199219
9623,1212.399,-0.32722730364402447,7360.877441
9624,1212.526,-0.3802529079315969,7358.922363
9625,1212.652,-0.5562496913637548,7360.237793
9626,1212.777,-0.6796183609999964,7353.816406
9627,1212.904,-0.7547182699333188,7360.168945
9628,1213.03,-0.8269124420585671,7359.654297
9629,1213.156,-0.8537923192051897,7359.804199
9630,1213.281,-0.8123384807994624,7357.585938
9631,1213.407,-0.8751013384997763,7362.851074
9632,1213.534,-0.9193441898559801,7356.939941
9633,1213.659,-1.0840072041439135,7359.287598
9634,1213.786,-1.175987383077529,7361.468262
9635,1213.911,-1.2065395964303443,7362.618164
9636,1214.037,-1.1201555267896193,7361.745605
9637,1214.164,-0.9630707972703109,7356.162598
9638,1214.29,-0.7963268700810364,7358.273926
9639,1214.416,-0.5781762096749281,7360.990723
9640,1214.541,-0.5036069395829391,7359.55127
9641,1214.667,-0.44527018364311666,7359.669922
9642,1214.795,-0.44261396351623594,7361.42627
9643,1214.919,-0.3591782422892514,7359.094238
9644,1215.046,-0.29496736184641914,7359.398926
9645,1215.172,0.0013469607495955652,7363.063477
9646,1215.297,0.28064580328947997,7360.915039
9647,1215.425,0.48908042255862166,7359.091797
9648,1215.549,0.6203765558011363,7356.921387
9649,1215.676,0.4117878619033405,7358.326172
9650,1215.801,0.23111334064653621,7359.226074
9651,1215.928,-0.0373529672275731,7363.429199
9652,1216.055,-0.287688244200063,7364.25
9653,1216.18,-0.32984010850679707,7364.540527
9654,1216.305,-0.25601853388912826,7358.300781
9655,1216.431,-0.03498273959159769,7360.058594
9656,1216.557,0.20666693702741257,7361.01416
9657,1216.685,0.52160451485375,7358.271973
9658,1216.81,0.7428567676593836,7361.486328
9659,1216.935,0.9700072479339557,7363.021484
9660,1217.061,1.0177517515036925,7359.316895
9661,1217.188,0.9531689325058407,7361.666016
9662,1217.313,0.7033903726702808,7364.0
9663,1217.439,0.306529788172181,7359.804199
9664,1217.565,-0.021449115373068605,7360.682617
9665,1217.691,-0.4095703467518168,7361.765137
9666,1217.818,-0.5535233910655671,7359.140625
9667,1217.943,-0.7268162670156856,7361.60791
9668,1218.07,-0.7841728121984165,7366.244141
9669,1218.195,-0.8568787286751458,7362.855469
9670,1218.321,-0.8520161914088769,7360.769043
9671,1218.447,-0.9100565061108228,7360.596191
9672,1218.573,-0.887632615721208,7362.035645
9673,1218.699,-0.8565837353122753,7360.086426
9674,1218.825,-0.8423556068826581,7363.992188
9675,1218.951,-0.8612062862498557,7368.015625
9676,1219.078,-0.9449237456533407,7362.01416
9677,1219.203,-1.0814640731189171,7361.331055
9678,1219.329,-1.2312776572427366,7360.960938
9679,1219.455,-1.3025217307060721,7363.816895
9680,1219.581,-1.2902837379510914,7359.967285
9681,1219.708,-1.160826035799677,7362.617676
9682,1219.833,-1.034361941327126,7360.450684
9683,1219.959,-0.9874515730713401,7362.019531
9684,1220.085,-1.042050891837986,7359.063477
9685,1220.211,-1.0300348604188054,7352.725586
9686,1220.337,-1.0194836667239995,7358.52002
9687,1220.462,-0.9707207416286806,7359.57373
9688,1220.588,-0.7078839296553436,7357.896973
9689,1220.715,-0.43055929110307195,7355.622559
9690,1220.841,-0.12762079963580986,7358.848145
9691,1220.967,0.06126148167764471,7359.44043
9692,1221.093,0.15189335510624893,7362.348145
9693,1221.219,0.12177424290794939,7359.770996
9694,1221.345,-0.04374637218590324,7357.111328
9695,1221.471,-0.3194455824581257,7358.499023
9696,1221.597,-0.5290119519537947,7360.120605
9697,1221.723,-0.6096872856382591,7360.143555
9698,1221.849,-0.6593706195813515,7359.567871
9699,1221.975,-0.4744933635464913,7360.508301
9700,1222.101,-0.28607383787841084,7353.741699
9701,1222.226,-0.03326406945038762,7364.512695
9702,1222.356,0.1327720468242609,7358.65918
9703,1222.479,0.20570102449879799,7360.588867
9704,1222.604,0.15413428450822983,7362.946777
9705,1222.731,0.04144252563815321,7361.253418
9706,1222.857,-0.06441288469402522,7359.246582
9707,1222.983,-0.1266829353411872,7358.507324
9708,1223.109,-0.13147006065164957,7359.147949
9709,1223.234,-0.22732182239944143,7361.610352
9710,1223.361,-0.3665922669507815,7360.577637
9711,1223.486,-0.6050113440551219,7358.606934
9712,1223.613,-0.9765874571049934,7356.303223
9713,1223.739,-1.2804272119259221,7363.352539
9714,1223.864,-1.5547948758769736,7360.415039
9715,1223.99,-1.5612286846986783,7360.94043
9716,1224.116,-1.460646907641524,7368.649902
9717,1224.242,-1.3216418712135116,7360.637207
9718,1224.369,-1.1859062998747725,7360.282227
9719,1224.494,-1.2888787023309807,7361.839844
9720,1224.62,-1.498228713412511,7362.895508
9721,1224.746,-1.6415308210626445,7360.032715
9722,1224.873,-1.7531204613435856,7355.751465
9723,1224.999,-1.5696113640344602,7361.024902
9724,1225.125,-1.271556557711964,7361.274414
9725,1225.25,-0.8445104982339676,7361.728516
9726,1225.376,-0.4943884714587724,7362.610352
9727,1225.503,-0.15373448090937092,7358.525391
9728,1225.629,0.09348774944042873,7360.870117
9729,1225.754,0.1695827866676264,7361.676758
9730,1225.88,0.23295888164473158,7360.030762
9731,1226.006,0.22819831348072225,7359.436523
9732,1226.132,0.29627291592186616,7361.220703
9733,1226.258,0.39355926982992284,7363.565918
9734,1226.384,0.5130149963630336,7360.557129
9735,1226.51,0.49737047698947834,7359.765137
9736,1226.636,0.5469006663190434,7364.400391
9737,1226.762,0.43530872369059953,7356.708984
9738,1226.888,0.27589943900300945,7363.624512
9739,1227.014,0.13426471393756564,7359.513672
9740,1227.14,-0.004554200493021339,7361.785645
9741,1227.266,-0.18926974110168654,7358.708496
9742,1227.392,-0.26955550126078387,7360.240234
9743,1227.518,-0.4655527814168367,7360.49707
9744,1227.644,-0.623030092983881,7360.746094
9745,1227.771,-0.9015884195369569,7362.324219
9746,1227.896,-1.0039929780662473,7360.928223
9747,1228.022,-1.2379679684325149,7361.500977
9748,1228.148,-1.3524234274864675,7357.942383
9749,1228.274,-1.401869444106923,7361.61377
9750,1228.4,-1.5617809963149372,7360.359863
9751,1228.527,-1.7187328798674815,7360.992676
9752,1228.652,-1.8340869514286902,7361.477051
9753,1228.778,-1.9974407035633746,7363.305176
9754,1228.904,-2.0705306078491956,7358.438965
9755,1229.03,-2.0484519229115543,7361.586426
9756,1229.156,-1.939767393848406,7360.539063
9757,1229.282,-1.766318939149303,7361.241211
9758,1229.408,-1.5393321424047368,7357.516602
9759,1229.535,-1.3937302247047962,7365.064941
9760,1229.66,-1.3160857766884402,7359.803711
9761,1229.786,-1.350146031739379,7360.788574
9762,1229.913,-1.3612933265204195,7359.892578
9763,1230.038,-1.4003589495918705,7358.21582
9764,1230.164,-1.2922282268968217,7361.030762
9765,1230.29,-1.0880421958825468,7360.654297
9766,1230.416,-0.6582693577576674,7359.31543
9767,1230.542,-0.2913635634150189,7359.654785
9768,1230.668,-0.13180717758938068,7358.692383
9769,1230.794,-0.06621572331587981,7358.945801
9770,1230.92,-0.07515729445287071,7356.804688
9771,1231.046,-0.22443988145670796,7360.678223
9772,1231.172,-0.20109257425745392,7360.477539
9773,1231.298,-0.10828248359206452,7359.120605
9774,1231.424,0.04491749289589635,7364.964844
9775,1231.55,0.29144110753579094,7360.069336
9776,1231.676,0.48033208862378046,7360.990234
9777,1231.802,0.5191984238957688,7360.169434
9778,1231.928,0.46962987515431587,7361.945313
9779,1232.054,0.4660090186909906,7359.56543
9780,1232.18,0.39522894969075545,7357.820801
9781,1232.306,0.2893193698042973,7360.734863
9782,1232.433,0.12620547202898455,7359.481445
9783,1232.558,-0.03831354854232594,7363.225586
9784,1232.684,-0.2426360296908231,7361.40625
9785,1232.81,-0.42650914557864683,7360.493164
9786,1232.936,-0.4867743901556207,7360.691406
9787,1233.062,-0.41265251380758766,7361.38623
9788,1233.188,-0.27055459100302887,7360.158691
9789,1233.314,-0.1357725077210099,7357.915527
9790,1233.44,0.005705654654882495,7357.625
9791,1233.566,-0.05210196956061634,7357.358887
9792,1233.692,-0.22636114700816826,7361.275879
9793,1233.818,-0.4693103606584007,7361.328613
9794,1233.944,-0.8683701631115821,7356.319336
9795,1234.07,-1.238174516637226,7365.353516
9796,1234.196,-1.5916278805654631,7357.668945
9797,1234.322,-1.7612941766466803,7360.674316
9798,1234.448,-1.8321403629393327,7359.374023
9799,1234.574,-1.6743963406339992,7364.811523
9800,1234.7,-1.4539321074643734,7362.103516
9801,1234.826,-1.206698909236318,7359.660156
9802,1234.952,-0.9418834322736849,7361.51416
9803,1235.078,-0.8545556514089636,7359.508789
9804,1235.204,-0.921963397127541,7358.088379
9805,1235.33,-1.1037907418008432,7360.299316
9806,1235.456,-1.2757465902216552,7361.166016
9807,1235.582,-1.5052721798828559,7361.686035
9808,1235.709,-1.524411543258639,7361.074707
9809,1235.834,-1.5470601541054372,7362.140625
9810,1235.963,-1.4458412279041657,7366.421387
9811,1236.086,-1.4172098377061506,7363.882324
9812,1236.212,-1.2934784424733978,7359.084473
9813,1236.338,-1.0896380460383777,7361.63916
9814,1236.464,-0.8256465074283502,7362.684082
9815,1236.59,-0.43222838901828087,7361.539063
9816,1236.716,-0.09132027968654596,7356.950684
9817,1236.842,0.15617141496989465,7355.901367
9818,1236.968,0.2775678027503463,7358.545898
9819,1237.094,0.2519315482867862,7358.950684
9820,1237.22,0.04097925253811629,7364.019043
9821,1237.346,-0.19262798363670025,7362.277832
9822,1237.472,-0.4709766343845864,7360.700195
9823,1237.598,-0.6774828004760414,7361.246582
9824,1237.724,-0.7461611827016301,7361.307129
9825,1237.85,-0.7125254210452737,7361.838867
9826,1237.976,-0.6088764174334939,7354.625
9827,1238.102,-0.3596544624425001,7358.901367
9828,1238.228,-0.23777840452950927,7358.774902
9829,1238.354,-0.13732888799674256,7362.579102
9830,1238.479,-0.1397259245707975,7363.757324
9831,1238.606,-0.2968527949918411,7360.099609
9832,1238.732,-0.48271723350891793,7361.63623
9833,1238.858,-0.6854947735890601,7358.981445
9834,1238.984,-0.8825006218229291,7360.248535
9835,1239.109,-0.9247115283111574,7358.782227
9836,1239.236,-0.937595277285856,7355.796387
9837,1239.361,-0.8731521932875592,7360.020996
9838,1239.488,-0.9024546193320051,7360.393555
9839,1239.614,-1.0309234785318895,7358.324219
9840,1239.74,-1.2035477865363435,7357.30127
9841,1239.865,-1.3930741254130166,7359.850586
9842,1239.992,-1.4960227287689398,7356.487305
9843,1240.118,-1.4712904011076455,7359.65625
9844,1240.244,-1.409572459177488,7360.842773
9845,1240.372,-1.443337257093258,7359.860352
9846,1240.495,-1.5648094614398895,7362.501953
9847,1240.622,-1.6297197316960768,7358.333008
9848,1240.748,-1.7203629349854732,7360.884766
9849,1240.873,-1.7405276043156102,7360.131836
9850,1241.0,-1.6536852725920148,7356.202148
9851,1241.126,-1.5712596348874153,7358.438477
9852,1241.251,-1.5046070391384898,7361.193359
9853,1241.378,-1.511097848155923,7357.900391
9854,1241.503,-1.4741805926306566,7359.114746
9855,1241.629,-1.4014135980359501,7359.916504
9856,1241.756,-1.3039808135197448,7360.527832
9857,1241.882,-1.1222700212393797,7361.735352
9858,1242.009,-0.8714010399498823,7358.69873
9859,1242.134,-0.7158256996609238,7361.698242
9860,1242.259,-0.5484668452230792,7359.198242
9861,1242.385,-0.5353075742193263,7361.315918
9862,1242.511,-0.45855667402278444,7360.38623
9863,1242.637,-0.35601036469946196,7359.148926
9864,1242.763,-0.08630721365121222,7360.762207
9865,1242.889,0.24504737892309494,7358.695801
9866,1243.015,0.4309857345981319,7361.113281
9867,1243.141,0.6120924109792486,7359.808594
9868,1243.267,0.6028136665780628,7358.553223
9869,1243.393,0.40335883537832024,7359.005859
9870,1243.519,0.246758492508748,7358.43457
9871,1243.645,0.09944071938278123,7360.727539
9872,1243.772,0.19948316811150793,7360.48877
9873,1243.897,0.27093102432668226,7358.547363
9874,1244.023,0.519607616259131,7359.571777
9875,1244.149,0.6355284731108468,7362.304688
9876,1244.275,0.627187824747781,7360.032715
9877,1244.401,0.4845352316279415,7361.251465
9878,1244.527,0.06420431372649739,7360.047852
9879,1244.653,-0.2793694115732035,7357.956055
9880,1244.779,-0.7496180209424427,7358.15625
9881,1244.905,-1.0313033882731442,7353.525391
9882,1245.031,-1.113272717366635,7360.846191
9883,1245.157,-1.1434125706337404,7359.459473
9884,1245.283,-1.0919220294530922,7360.874512
9885,1245.409,-1.0852705287102968,7358.444336
9886,1245.535,-1.0477981126446514,7356.732422
9887,1245.661,-1.0545462339936986,7360.762207
9888,1245.787,-1.190706998795592,7360.249512
9889,1245.913,-1.2186958707357611,7361.953125
9890,1246.039,-1.39137639197294,7357.912109
9891,1246.165,-1.5700573280832146,7359.625
9892,1246.291,-1.6780640782442284,7362.813477
9893,1246.417,-1.82560466151364,7358.751465
9894,1246.543,-1.7939335085467474,7356.287598
9895,1246.669,-1.6080751865912968,7362.552246
9896,1246.795,-1.3034106108389563,7361.873535
9897,1246.921,-0.9222261071763456,7360.713867
9898,1247.047,-0.5979193264728612,7360.365234
9899,1247.173,-0.4594028291666877,7362.618652
9900,1247.299,-0.43022213009740423,7354.874512
9901,1247.425,-0.4527971675931786,7356.896484
9902,1247.551,-0.49362429706939676,7358.274902
9903,1247.677,-0.5833902117079963,7356.790039
9904,1247.803,-0.5235395284080641,7357.395996
9905,1247.929,-0.44293523813216557,7361.472656
9906,1248.055,-0.27890001576660906,7358.382324
9907,1248.181,-0.16123986441942614,7358.605469
9908,1248.307,0.007002597556085089,7360.619629
9909,1248.433,0.07624979714503097,7358.811035
9910,1248.559,0.113019023691874,7356.949707
9911,1248.685,0.09455014266494044,7358.293457
9912,1248.811,0.08313901869758375,7360.591797
9913,1248.937,0.078071593561435,7358.775391
9914,1249.063,0.08039152106214753,7358.752441
9915,1249.189,0.056570733302220275,7356.328125
9916,1249.315,-0.004927709811695148,7360.510742
9917,1249.441,-0.030234521968240828,7360.616211
9918,1249.567,-0.0225098781625117,7358.763184
9919,1249.693,-0.09126764941491505,7365.265625
9920,1249.819,-0.041795461111934495,7360.237305
9921,1249.945,-0.09887844739946713,7358.697266
9922,1250.071,-0.13474144895160084,7358.686523
9923,1250.197,-0.13426654357227508,7360.481445
9924,1250.323,-0.20434389385648058,7363.202637
9925,1250.449,-0.26080132748829055,7360.149902
9926,1250.575,-0.22441618837904073,7356.821289
9927,1250.701,-0.27606896931708425,7357.022949
9928,1250.827,-0.31728884960468745,7361.584473
9929,1250.953,-0.3521191574866344,7358.750977
9930,1251.079,-0.5524278923438017,7358.233887
9931,1251.205,-0.749169352399819,7360.197754
9932,1251.331,-0.9714387824128026,7358.383789
9933,1251.457,-1.042990905070812,7358.27832
9934,1251.583,-1.1146948395228096,7358.047363
9935,1251.709,-1.0678346204790627,7358.380859
9936,1251.835,-1.0194626561130007,7357.641602
9937,1251.961,-0.9991751252739802,7359.542969
9938,1252.087,-1.0340364038950967,7357.170898
9939,1252.213,-1.191208368485848,7357.52002
9940,1252.339,-1.4268720826688652,7359.297852
9941,1252.465,-1.6635058450933646,7359.883789
9942,1252.591,-1.775126438737341,7360.879395
9943,1252.717,-1.7887355379229308,7357.59375
9944,1252.843,-1.6361122267213515,7360.452148
9945,1252.969,-1.3412310251836463,7358.095703
9946,1253.095,-1.077118919545418,7357.958984
9947,1253.221,-0.8676272418620324,7358.329102
9948,1253.347,-0.767961380485873,7355.48877
9949,1253.473,-0.7479998083256593,7358.445313
9950,1253.599,-0.8503829793622639,7359.51709
9951,1253.725,-0.8935698025175244,7361.619141
9952,1253.851,-0.969353797164592,7363.516113
9953,1253.977,-1.0003180782600467,7358.404297
9954,1254.103,-0.9835389441769492,7356.576172
9955,1254.229,-0.9531593921608738,7359.058594
9956,1254.355,-0.8849376624432868,7360.35791
9957,1254.481,-0.6571069158807634,7358.716797
9958,1254.607,-0.30907554500820805,7358.592773
9959,1254.733,0.06003175160699687,7359.12207
9960,1254.858,0.446813775737709,7360.773438
9961,1254.984,0.8103556506726273,7357.8125
9962,1255.11,0.9905947989112296,7357.268555
9963,1255.237,1.131641990579126,7360.802246
9964,1255.363,1.1301356807135516,7358.866211
9965,1255.489,1.005385777106437,7361.116699
9966,1255.615,0.7065831814946606,7356.967285
9967,1255.741,0.4375172218746668,7357.226074
9968,1255.866,0.17321446872593288,7359.681641
9969,1255.993,0.03658868343863801,7359.491699
9970,1256.119,0.12450571702809227,7357.385254
9971,1256.244,0.40557489915724765,7357.241699
9972,1256.371,0.7860218233401121,7358.523926
9973,1256.496,1.0156063748512656,7360.025391
9974,1256.622,1.2499405611400531,7359.300293
9975,1256.748,0.9695841479551062,7361.586914
9976,1256.874,0.3567563406524016,7354.916504
9977,1257.0,-0.20437351323816705,7359.431152
9978,1257.126,-0.8654023245626123,7361.619629
9979,1257.252,-1.136481616605531,7360.77002
9980,1257.378,-0.9168114379667505,7362.731445
9981,1257.504,-0.6971929054624936,7360.364746
9982,1257.63,-0.31558511582207893,7359.662598
9983,1257.756,0.01796559352477388,7361.248047
9984,1257.882,0.0562906769852911,7357.48291
9985,1258.008,-0.027709149826819844,7364.461914
9986,1258.134,-0.12688559738406663,7360.789063
9987,1258.26,-0.10582775690721434,7358.553711
9988,1258.386,-0.19832522537858036,7363.720703
9989,1258.512,-0.07775153513506272,7358.721191
9990,1258.638,0.18328743385990384,7357.266602
9991,1258.764,0.4976879700120367,7358.27002
9992,1258.89,0.8162033397228173,7358.182617
9993,1259.016,0.9939214022302142,7356.452637
9994,1259.142,1.0780662695575172,7358.068359
9995,1259.268,0.9803320538483965,7358.417969
9996,1259.394,0.9221713089083031,7359.03418
9997,1259.52,0.7251667598778155,7359.617676
9998,1259.646,0.7851527836886648,7356.194824
9999,1259.772,0.965245609803653,7357.010254
10000,1259.898,1.1079338390725562,7356.166016
10001,1260.024,1.2975474984304813,7357.192383
10002,1260.15,1.4229376353302772,7357.506348
10003,1260.276,1.4981056758825368,7356.060547
10004,1260.402,1.3359314152880142,7357.649414
10005,1260.528,1.2694657769502076,7358.728027
10006,1260.654,1.1844896264801752,7359.40625
10007,1260.78,1.1545086309695825,7358.718262
10008,1260.906,1.1705607631389958,7360.217285
10009,1261.032,1.2412909299942514,7357.54541
10010,1261.158,1.246264963301072,7358.866211
10011,1261.284,1.2513170313167916,7357.668457
10012,1261.41,1.2633423061985214,7357.65918
10013,1261.536,1.2864294175573923,7358.275879
10014,1261.662,1.3337612324223584,7358.580566
10015,1261.788,1.5088901678265074,7357.538574
10016,1261.914,1.545934088298377,7357.59082
10017,1262.04,1.6281153271513416,7358.286621
10018,1262.167,1.6527864054647996,7358.404297
10019,1262.292,1.6184004228289164,7354.141602
10020,1262.418,1.44103987812173,7357.274902
10021,1262.544,1.2465141220734335,7357.706543
10022,1262.67,1.1542545711621217,7361.48584
10023,1262.796,1.1441177593643923,7359.70459
10024,1262.922,1.2385781598244705,7358.155762
10025,1263.048,1.150828097108925,7357.051758
10026,1263.174,1.2443661450300816,7356.469727
10027,1263.3,0.8599185885075519,7361.648926
10028,1263.426,0.6691032575480708,7357.176758
10029,1263.553,0.31925664613460175,7358.695313
10030,1263.678,0.03062557632560213,7357.850586
10031,1263.804,-0.24464770060982965,7353.053223
10032,1263.93,-0.36431653724279445,7360.474121
10033,1264.056,-0.45420965079783054,7354.675293
10034,1264.182,-0.4549406167495016,7353.735352
10035,1264.308,-0.45025462082486506,7360.006836
10036,1264.434,-0.3787493673361961,7357.980469
10037,1264.56,-0.31637846668370573,7354.445801
10038,1264.686,-0.11640072042675258,7355.549316
10039,1264.812,-0.050485160600068475,7352.569336
10040,1264.938,0.0790346134150945,7355.640137
10041,1265.064,0.10976261343313375,7354.830566
10042,1265.19,0.13328421722469805,7353.620605
10043,1265.316,0.2265438340398571,7356.371094
10044,1265.442,0.28042034043690833,7355.356445
10045,1265.569,0.45686729079353916,7357.86377
10046,1265.694,0.6059146905052758,7355.126465
10047,1265.82,0.6585918890371736,7356.289551
10048,1265.946,0.6159141567854713,7354.643066
10049,1266.072,0.5160048832653511,7358.078125
10050,1266.198,0.4087474884347498,7356.744629
10051,1266.324,0.3450221513331701,7357.90625
10052,1266.45,0.2676269708973206,7356.686523
10053,1266.576,0.16847222243705617,7355.100098
10054,1266.702,0.025353990503171966,7359.391602
10055,1266.828,-0.07764236272832958,7359.213867
10056,1266.954,-0.17940833333171424,7355.529785
10057,1267.08,-0.1732769982044981,7355.380371
10058,1267.206,0.023180792504138077,7358.222656
10059,1267.332,0.27457905152707096,7359.767578
10060,1267.458,0.6138969997036295,7358.848145
10061,1267.584,0.9709640054069801,7357.472656
10062,1267.71,1.2468682840546264,7356.994141
10063,1267.836,1.4158072348881516,7360.707031
10064,1267.962,1.4597645856085602,7357.529785
10065,1268.088,1.4724246357570212,7356.228516
10066,1268.214,1.2763928731750926,7356.27832
10067,1268.34,1.0976757735416096,7353.494141
10068,1268.466,0.8828146541685719,7353.332031
10069,1268.592,0.6031801088520485,7358.110352
10070,1268.718,0.3998183254237517,7354.474609
10071,1268.844,0.3316780743670993,7355.665527
10072,1268.969,0.3534456841439618,7355.047852
10073,1269.096,0.45971345038791905,7360.357422
10074,1269.222,0.693691357552299,7355.472656
10075,1269.348,1.054475520480517,7356.423828
10076,1269.474,1.3859499952031769,7354.442871
10077,1269.6,1.7125240541590832,7354.557129
10078,1269.725,1.93763159747852,7356.04834
10079,1269.852,1.9344114661264982,7357.282715
10080,1269.977,1.7931732725903273,7356.34082
10081,1270.103,1.4168436109026137,7354.592773
10082,1270.229,0.9421902207796921,7356.936035
10083,1270.356,0.525976669054229,7351.190918
10084,1270.483,0.21599026999918514,7355.409668
10085,1270.608,0.2500933626390324,7355.772949
10086,1270.734,0.404745508240409,7356.915527
10087,1270.859,0.8965969687356107,7360.054688
10088,1270.985,1.3045372577779615,7358.77832
10089,1271.112,1.7106532348891523,7356.884277
10090,1271.237,1.883886472618684,7358.268066
10091,1271.365,1.865613751143407,7355.88916
10092,1271.489,1.7328150979171661,7360.62793
10093,1271.615,1.5626363912891665,7357.984375
10094,1271.741,1.4368395015672517,7357.412598
10095,1271.868,1.416331924833938,7357.283203
10096,1271.993,1.3083552549111688,7355.588867
10097,1272.119,1.1304685034078121,7357.999023
10098,1272.246,0.8700257395483997,7358.010254
10099,1272.371,0.4438539449822912,7355.240723
10100,1272.497,0.060621973781193446,7353.927734
10101,1272.624,-0.2763433078018451,7357.625
10102,1272.749,-0.3952082586042424,7354.398438
10103,1272.875,-0.20749171531033364,7355.548828
10104,1273.001,0.08822246716381162,7358.30127
10105,1273.128,0.3170280467734158,7352.894043
10106,1273.253,0.4524714035860516,7354.462891
10107,1273.379,0.29195164159359394,7357.102051
10108,1273.505,0.12210275514620654,7356.344238
10109,1273.631,-0.2159584377737552,7352.041992
10110,1273.757,-0.35734595122801677,7351.430664
10111,1273.883,-0.4031668748928045,7355.836914
10112,1274.009,-0.4146166726756395,7356.02832
10113,1274.135,-0.3272875171374534,7355.693848
10114,1274.261,-0.24834052436491819,7355.972168
10115,1274.387,-0.11186594090264744,7353.007324
10116,1274.513,-0.054838653063743664,7355.722168
10117,1274.639,0.01412073944572825,7355.941895
10118,1274.765,0.04992327610546724,7355.463379
10119,1274.891,0.09905760968645967,7351.253906
10120,1275.017,0.11405556431926442,7360.75293
10121,1275.143,0.011825801266370582,7355.367676
10122,1275.269,-0.07301335239053264,7358.101074
10123,1275.395,-0.1961958396424788,7359.709473
10124,1275.521,-0.4650036171685491,7352.476563
10125,1275.647,-0.5502979130720657,7357.653809
10126,1275.773,-0.801658838500342,7355.855957
10127,1275.899,-0.8582363794944178,7357.100586
10128,1276.025,-0.7168419932350282,7356.121094
10129,1276.151,-0.4593978287306324,7351.774414
10130,1276.277,-0.010400077783605006,7356.231934
10131,1276.403,0.45571135169536436,7357.334473
10132,1276.529,0.9997709630931286,7353.853516
10133,1276.655,1.3851819341926277,7354.056152
10134,1276.781,1.5332546483202512,7358.838379
10135,1276.907,1.426622490036118,7356.145996
10136,1277.034,1.2440943672189715,7358.26709
10137,1277.159,1.1086186178858661,7359.065918
10138,1277.285,0.9992968075553931,7360.368652
10139,1277.411,1.1712157021241159,7357.169434
10140,1277.537,1.3938068480806183,7355.96875
10141,1277.663,1.7011220902760866,7355.54834
10142,1277.789,2.072692430296991,7356.376953
10143,1277.915,2.094101553286946,7357.154785
10144,1278.041,2.1005903357208493,7356.967285
10145,1278.167,1.9842035976218568,7355.321777
10146,1278.293,1.870261582562172,7355.751465
10147,1278.419,1.842899006144927,7353.364746
10148,1278.545,1.9218494629027991,7357.254395
10149,1278.671,2.04791541343172,7355.018555
10150,1278.797,2.2803151148610117,7355.775879
10151,1278.923,2.2531619073078994,7358.126953
10152,1279.049,2.1326787588134066,7358.109863
10153,1279.175,1.7980059159910005,7354.609375
10154,1279.301,1.3635143203227966,7357.055664
10155,1279.427,0.8920219224987889,7356.600586
10156,1279.553,0.596995965817007,7351.113281
10157,1279.679,0.5592613486592162,7363.749023
10158,1279.805,0.6026475082109888,7354.453125
10159,1279.931,0.8504455861173327,7357.056152
10160,1280.057,1.0924631594072765,7356.179199
10161,1280.183,1.1874441304979437,7353.985352
10162,1280.309,1.1887425954126087,7354.9375
10163,1280.435,1.0575453676358064,7355.972168
10164,1280.561,0.9490776260140251,7355.640137
10165,1280.687,0.859150726781216,7361.953125
10166,1280.814,0.8440945278510739,7354.624512
10167,1280.94,0.960752214993145,7353.677734
10168,1281.065,1.02762012597327,7358.018066
10169,1281.191,1.1475203847293394,7356.531738
10170,1281.317,1.2531511143142995,7353.864258
10171,1281.443,1.3619046580683283,7353.423828
10172,1281.569,1.5973170290291216,7357.999023
10173,1281.695,1.856117674764805,7357.962891
10174,1281.821,2.1456738251495926,7359.427734
10175,1281.947,2.364391620093687,7357.835449
10176,1282.073,2.4108139745015786,7355.456543
10177,1282.199,2.295191559720907,7355.770508
10178,1282.325,1.9377218116243697,7355.497559
10179,1282.451,1.5076686114882663,7357.404297
10180,1282.577,1.1549444380345344,7354.838867
10181,1282.703,0.8925747747648742,7353.966309
10182,1282.829,0.7098897565734661,7356.600586
10183,1282.955,0.7080645185023986,7355.728516
10184,1283.081,0.7101636034001698,7356.220215
10185,1283.207,0.7313050292903772,7354.00293
10186,1283.333,0.8764933265034986,7356.827637
10187,1283.459,1.0910728012688378,7353.765625
10188,1283.585,1.3147730884227784,7352.493164
10189,1283.711,1.6978248013182382,7354.866211
10190,1283.837,2.0104700221449585,7352.458496
10191,1283.963,2.2474974598563464,7352.57959
10192,1284.089,2.374226763673137,7354.395508
10193,1284.215,2.281634384423318,7352.665039
10194,1284.341,2.0683825836470957,7355.571777
10195,1284.466,1.7611939949696562,7352.320313
10196,1284.593,1.5393944010180451,7353.710449
10197,1284.719,1.2743862165100075,7352.867676
10198,1284.845,1.0522486115623157,7352.805176
10199,1284.971,0.8523025958816064,7355.611328
10200,1285.097,0.6523431206268725,7355.271484
10201,1285.223,0.3585807146323215,7353.987305
10202,1285.349,0.203036112715948,7353.669922
10203,1285.475,0.06288098633312605,7356.952148
10204,1285.601,0.01828651123493308,7352.551758
10205,1285.727,0.10423184099725341,7355.859375
10206,1285.853,0.22701368109929237,7353.446289
10207,1285.979,0.334839907386521,7350.37793
10208,1286.105,0.5754660385216539,7352.334961
10209,1286.231,0.6407914433795262,7358.003906
10210,1286.356,0.8401918963599313,7354.214355
10211,1286.483,0.9070672039916112,7358.268066
10212,1286.609,0.9094167585828427,7355.107422
10213,1286.735,0.9530907156632017,7361.748535
10214,1286.861,0.9736242805345571,7356.032227
10215,1286.987,1.0160369132597962,7352.65918
10216,1287.113,1.1459196076638392,7353.991211
10217,1287.239,1.2003607846311506,7351.659668
10218,1287.364,1.262125439226882,7353.848633
10219,1287.491,1.1044802054241307,7353.536621
10220,1287.617,0.9298002956843074,7354.157715
10221,1287.743,0.6809049871022556,7356.716797
10222,1287.869,0.5453378592516849,7354.739746
10223,1287.995,0.5872144968698138,7353.766113
10224,1288.12,0.6396721539314468,7353.941895
10225,1288.247,0.7501747736369567,7359.430176
10226,1288.373,0.8707591461902743,7351.443848
10227,1288.499,0.8101192692744678,7350.07959
10228,1288.624,0.844100807798898,7354.92334
10229,1288.75,0.8312959392393553,7354.557617
10230,1288.876,0.8572074983475699,7351.208496
10231,1289.003,0.9074226252094738,7354.090332
10232,1289.129,0.8645908432270775,7354.474121
10233,1289.254,0.7764206327403242,7355.375
10234,1289.381,0.6134426664986837,7352.010254
10235,1289.507,0.3744677127487475,7353.835938
10236,1289.633,0.09985048863999137,7351.296875
10237,1289.758,-0.23792856734327256,7353.36377
10238,1289.884,-0.31312642406906555,7354.916992
10239,1290.01,-0.5000689755295127,7358.046875
10240,1290.136,-0.5528836757512646,7350.945313
10241,1290.263,-0.5299238616082441,7352.794922
10242,1290.388,-0.4753737167884814,7356.180176
10243,1290.514,-0.2839431380529225,7355.944336
10244,1290.641,-0.0643243181172368,7356.485352
10245,1290.766,0.1872511073013428,7359.250977
10246,1290.892,0.37964297317822343,7353.765625
10247,1291.018,0.4656397521048305,7354.806152
10248,1291.144,0.49163891003449117,7351.932129
10249,1291.271,0.3610525910116858,7357.553711
10250,1291.396,0.19702501133405503,7355.061523
10251,1291.522,0.0798628964692574,7355.576172
10252,1291.648,0.11479109353772225,7354.469727
10253,1291.774,0.06312371241121567,7357.333984
10254,1291.9,0.162502516763245,7350.97998
10255,1292.026,0.06107410145316441,7353.603516
10256,1292.152,-0.0952548626609288,7356.338867
10257,1292.278,-0.2072008487082058,7354.387695
10258,1292.404,-0.4802924803942944,7356.512695
10259,1292.53,-0.6119040090681634,7356.688477
10260,1292.656,-0.7675160864820986,7356.609375
10261,1292.782,-0.8965712759152153,7353.794434
10262,1292.908,-0.7910989963276669,7354.646973
10263,1293.034,-0.635994990218733,7354.61084
10264,1293.161,-0.6082826272535343,7354.620605
10265,1293.286,-0.563426378988354,7353.911133
10266,1293.412,-0.6309495697616103,7356.027344
10267,1293.538,-0.5326821599367579,7356.228027
10268,1293.665,-0.33050731140456513,7352.866699
10269,1293.79,-0.07021164573432108,7352.467285
10270,1293.916,0.37315421474873084,7354.371094
10271,1294.042,0.7270641030061981,7356.963379
10272,1294.168,1.0621757781890155,7354.442871
10273,1294.294,1.1899003863192827,7352.962891
10274,1294.42,1.227944329410356,7355.495605
10275,1294.546,1.1596004832985916,7354.917969
10276,1294.673,1.058756344170667,7353.171387
10277,1294.798,1.1308194748154172,7351.876465
10278,1294.925,1.2039460451847663,7356.664551
10279,1295.05,1.4008568897651286,7353.82373
10280,1295.176,1.4929717722529863,7353.005371
10281,1295.302,1.3739423999820515,7352.398926
10282,1295.428,1.2181578756296567,7352.913086
10283,1295.554,1.0719550399159035,7353.291992
10284,1295.68,0.8606208874755276,7352.972168
10285,1295.807,0.7561015288170793,7354.078125
10286,1295.932,0.7375089973563302,7352.890137
10287,1296.058,0.6736248779312353,7354.757324
10288,1296.184,0.497983715454053,7349.792969
10289,1296.31,0.22823135104926118,7357.763672
10290,1296.436,-0.17633870936059376,7353.473633
10291,1296.562,-0.5133517637859601,7354.843262
10292,1296.689,-0.7226300504991887,7355.739746
10293,1296.814,-0.8312112229627411,7360.196289
10294,1296.94,-0.7622652935289967,7353.69043
10295,1297.066,-0.47588858767491377,7354.164063
10296,1297.192,-0.07019201903355711,7358.979492
10297,1297.318,0.27720113095353105,7351.66748
10298,1297.444,0.6194111843818165,7352.600098
10299,1297.57,0.8411858684912502,7353.765625
10300,1297.696,0.859438017762728,7354.759766
10301,1297.822,0.6948927510565243,7353.544922
10302,1297.948,0.47933742068136037,7355.563965
10303,1298.074,0.196742153091108,7354.644531
10304,1298.2,-0.1395906171293912,7353.00293
10305,1298.326,-0.2577263313441662,7356.373047
10306,1298.452,-0.34331801971291465,7356.222656
10307,1298.578,-0.26965355806374186,7354.387695
10308,1298.704,-0.15687484913378782,7355.640625
10309,1298.83,-0.008034518675664126,7354.444336
10310,1298.956,0.004542770768989753,7354.022949
10311,1299.082,-0.02069742029446829,7355.039551
10312,1299.208,-0.10523692812543334,7352.977539
10313,1299.334,-0.2782163287099681,7350.398926
10314,1299.46,-0.4223353999979173,7353.538574
10315,1299.586,-0.45015407000993135,7354.960938
10316,1299.712,-0.47673678739424324,7360.713867
10317,1299.838,-0.4073124145175635,7352.320313
10318,1299.964,-0.3625251676577194,7354.500488
10319,1300.09,-0.45624974600010443,7355.118652
10320,1300.216,-0.6404857989170347,7352.854004
10321,1300.342,-0.8439207937884979,7352.26416
10322,1300.468,-1.1458044100285678,7356.002441
10323,1300.594,-1.2103031971739873,7356.226074
10324,1300.72,-1.260800550728826,7353.902344
10325,1300.846,-1.1998176614367184,7357.657715
10326,1300.972,-0.9599682293689137,7356.755859
10327,1301.098,-0.8205533876788194,7356.450195
10328,1301.224,-0.6869992373326573,7355.268555
10329,1301.35,-0.6708851482536392,7353.989746
10330,1301.476,-0.6727192082014626,7358.188965
10331,1301.602,-0.7611320600194397,7356.87207
10332,1301.728,-0.6757259151380526,7356.453125
10333,1301.853,-0.7052397634604456,7354.016602
10334,1301.979,-0.5585103442454942,7353.700195
10335,1302.106,-0.3499627953665844,7354.560547
10336,1302.232,-0.16146469707271455,7360.408203
10337,1302.358,0.1972888810427148,7355.520508
10338,1302.483,0.4722451502457903,7355.041504
10339,1302.609,0.6985464646677209,7353.648438
10340,1302.736,0.7169575592867276,7358.875
10341,1302.861,0.5786762841355226,7354.641113
10342,1302.988,0.3463141953876652,7357.385254
10343,1303.114,-0.047918441221087835,7354.553223
10344,1303.24,-0.32282916519861227,7353.378418
10345,1303.366,-0.5040813983925744,7358.865723
10346,1303.492,-0.5083054741541334,7355.359863
10347,1303.618,-0.37375220111141644,7353.220703
10348,1303.743,-0.22223167213556572,7356.025391
10349,1303.869,-0.04618416795213678,7356.226563
10350,1303.996,0.03549483684729362,7355.10498
10351,1304.122,0.019012042573875527,7352.629883
10352,1304.247,0.025061054071314787,7353.702637
10353,1304.374,0.04511428800260373,7354.106445
10354,1304.5,0.12550721100760345,7356.369629
10355,1304.625,0.35988102254100024,7359.698242
10356,1304.751,0.6617458318033888,7352.592773
10357,1304.878,0.9207640325878753,7354.633789
10358,1305.003,0.9556483573033653,7352.836914
10359,1305.129,0.9106664727467616,7355.595703
10360,1305.255,0.6803117868246653,7352.303223
10361,1305.381,0.4251551799164904,7355.30127
10362,1305.507,0.22904405663576996,7356.314453
10363,1305.633,0.11343723313359755,7355.655762
10364,1305.762,0.19269280662585117,7357.387207
10365,1305.885,0.4827330815272779,7358.020996
10366,1306.012,0.8417507147272851,7358.122559
10367,1306.137,1.150664976991281,7358.018555
10368,1306.263,1.5266912091640892,7355.319336
10369,1306.389,1.8286769370915203,7360.618652
10370,1306.515,2.0809455034719937,7359.727539
10371,1306.641,2.180675159288864,7357.396484
10372,1306.768,2.3714892652947364,7356.05957
10373,1306.893,2.445535555051504,7356.106934
10374,1307.019,2.434627012827421,7357.498535
10375,1307.145,2.3274737395700313,7356.605469
10376,1307.271,2.0761207079205795,7359.319824
10377,1307.397,1.7646659445960122,7355.551758
10378,1307.523,1.4115395250212366,7357.187988
10379,1307.649,1.0370007093290554,7355.720215
10380,1307.775,0.7403397308149517,7357.863281
10381,1307.901,0.5124850829931011,7357.17334
10382,1308.027,0.41657609365598186,7354.786621
10383,1308.153,0.36778866892683143,7356.571289
10384,1308.279,0.20963675001630686,7360.083008
10385,1308.405,0.17847148441395116,7361.321777
10386,1308.531,0.11999703290128524,7356.413086
10387,1308.658,0.19443378524810417,7358.353516
10388,1308.783,0.3239215328945774,7357.98877
10389,1308.909,0.47199264705697336,7360.120117
10390,1309.035,0.5590740885868408,7357.61084
10391,1309.161,0.6479293813635275,7359.476074
10392,1309.287,0.7920034407742157,7358.888184
10393,1309.413,0.848298668366283,7358.583008
10394,1309.539,0.9831975214056786,7356.038086
10395,1309.665,0.9576727836528093,7360.898926
10396,1309.791,0.912994411757372,7360.839844
10397,1309.917,0.7460988883300874,7358.700195
10398,1310.043,0.5569791035052782,7356.37207
10399,1310.169,0.32810118189470483,7354.960938
10400,1310.295,0.18103191940913627,7359.908203
10401,1310.421,0.20480239535814856,7356.522949
10402,1310.547,0.4235894777411704,7357.029785
10403,1310.673,0.653601431857998,7359.060547
10404,1310.799,0.9713808001449353,7355.78418
10405,1310.925,1.1819071332320115,7361.822754
10406,1311.051,1.1811397760818108,7357.471191
10407,1311.177,1.0564892016354197,7359.969238
10408,1311.303,0.7782992405157596,7359.324219
10409,1311.429,0.5081378186668681,7358.096191
10410,1311.555,0.3030065975095221,7361.452637
10411,1311.681,0.2657521436637469,7355.045898
10412,1311.807,0.33396128411864195,7354.87793
10413,1311.933,0.4965457492294511,7360.138184
10414,1312.059,0.5938738248915418,7359.23291
10415,1312.185,0.6592456372050844,7356.32373
10416,1312.311,0.6173926681288935,7353.450195
10417,1312.437,0.4639658306542308,7357.024414
10418,1312.563,0.3158453775965957,7357.080566
10419,1312.689,0.12997915795295614,7358.013184
10420,1312.815,-0.06685389055590053,7358.36377
10421,1312.941,-0.2157382945175313,7347.552734
10422,1313.067,-0.2882455189292032,7354.849609
10423,1313.193,-0.3746407970305689,7359.861816
10424,1313.319,-0.3786654919482516,7358.299316
10425,1313.445,-0.2601258205889684,7357.736816
10426,1313.571,-0.1734403857285336,7359.563477
10427,1313.697,-0.06610550034592497,7358.594238
10428,1313.823,-0.09637554578155307,7357.684082
10429,1313.949,-0.1361143955631041,7359.067871
10430,1314.075,-0.25139000191031735,7362.585449
10431,1314.201,-0.42944421268759025,7357.963867
10432,1314.327,-0.5997247107186487,7369.417969
10433,1314.453,-0.8188747601453543,7357.146484
10434,1314.579,-1.0686193387747795,7357.19043
10435,1314.705,-1.2565373664591224,7360.432617
10436,1314.831,-1.352303332534874,7358.123047
10437,1314.957,-1.4688205231532916,7357.928223
10438,1315.083,-1.4199187059146294,7360.125
10439,1315.209,-1.282896915935387,7358.722656
10440,1315.335,-1.091383334147983,7360.532227
10441,1315.461,-0.9330917595683117,7361.328125
10442,1315.587,-0.8494261771559646,7358.986328
10443,1315.713,-0.7618439562310929,7356.932129
10444,1315.839,-0.7573431758123396,7360.254883
10445,1315.965,-0.6854959482319846,7361.81543
10446,1316.091,-0.48027330772686294,7359.214844
10447,1316.217,-0.34416707170260175,7359.69873
10448,1316.343,-0.034963859729055566,7356.183594
10449,1316.469,0.18406789939246537,7360.284668
10450,1316.595,0.41777218682415673,7362.130859
10451,1316.721,0.5547916265989685,7358.81543
10452,1316.847,0.6575737141191291,7362.02832
10453,1316.972,0.6505845707197194,7363.812988
10454,1317.099,0.5579907974629618,7362.893066
10455,1317.225,0.36955847866288216,7358.84082
10456,1317.351,0.21424405664079968,7358.953125
10457,1317.477,0.04633131700026694,7360.71582
10458,1317.602,0.0004632716407973391,7354.120605
10459,1317.729,0.033065142036953564,7356.654297
10460,1317.855,0.17350392072778137,7358.17041
10461,1317.981,0.3486428712094974,7359.690918
10462,1318.107,0.4255015244226354,7359.433594
10463,1318.233,0.5076428834298105,7358.101563
10464,1318.359,0.42569326268706836,7363.811523
10465,1318.485,0.3943238926506075,7357.819824
10466,1318.611,0.39080636135788555,7358.921387
10467,1318.737,0.3645748897738137,7356.228027
10468,1318.863,0.4676241571255442,7361.959473
10469,1318.989,0.6991389042615546,7359.689453
10470,1319.115,0.8425333809787842,7360.540527
10471,1319.24,1.0821857395634544,7358.812988
10472,1319.367,1.1949882463734607,7357.310547
10473,1319.492,1.2785622162776464,7356.743652
10474,1319.619,1.2393541196278481,7360.173828
10475,1319.745,1.1937470298389485,7353.836426
10476,1319.871,1.0619865569089932,7356.401367
10477,1319.997,1.0377818363331344,7358.016602
10478,1320.122,1.0229189803288488,7358.46582
10479,1320.249,1.0436006175180559,7359.775879
10480,1320.374,0.9882873495139276,7358.552734
10481,1320.501,0.8634984925526884,7356.817871
10482,1320.627,0.6772767430447095,7358.702637
10483,1320.752,0.5035402331879005,7359.974121
10484,1320.878,0.3338467631271867,7359.180176
10485,1321.004,0.2808961074662606,7362.156738
10486,1321.13,0.3331872211511831,7359.776855
10487,1321.256,0.45544901767043233,7356.873535
10488,1321.382,0.6221153088667041,7358.023926
10489,1321.508,0.6030361621375089,7359.912109
10490,1321.634,0.6164285596815208,7359.545898
10491,1321.76,0.47672646411457903,7360.350586
10492,1321.887,0.3096526859783982,7357.230469
10493,1322.012,0.15818291868496806,7361.424805
10494,1322.138,0.1160690488028064,7361.07373
10495,1322.264,0.145731653376648,7359.54248
10496,1322.391,0.23511826031606037,7360.835449
10497,1322.516,0.43636063174997425,7360.949219
10498,1322.642,0.5964655131420138,7358.647461
10499,1322.768,0.7131805869169531,7358.42041
10500,1322.894,0.7809733132063019,7360.236816
10501,1323.02,0.8344690509447525,7358.594727
10502,1323.147,0.9780367716564098,7361.546875
10503,1323.272,1.1131036193362749,7351.066895
10504,1323.398,1.21617259406136,7361.344238
10505,1323.524,1.3794705446091173,7360.112793
10506,1323.65,1.3808693140670274,7360.368164
10507,1323.776,1.309340504992937,7360.957031
10508,1323.902,1.1424129306677788,7358.825684
10509,1324.028,0.9009050377408722,7355.373047
10510,1324.154,0.7466743632353829,7359.05127
10511,1324.28,0.5832653789875143,7360.371094
10512,1324.406,0.495859733423107,7359.724121
10513,1324.532,0.5092126702769743,7357.426758
10514,1324.658,0.5696890689385267,7357.152832
10515,1324.785,0.5879410865087888,7363.831055
10516,1324.91,0.6862560860140622,7358.526367
10517,1325.036,0.7048045781918647,7359.341797
10518,1325.162,0.6528310867330449,7356.601563
10519,1325.288,0.6028570826451298,7355.539063
10520,1325.414,0.41812551094287903,7355.82373
10521,1325.54,0.16877683561147117,7360.335938
10522,1325.666,-0.020668615996662275,7360.139648
10523,1325.792,-0.14894736514750473,7361.757813
10524,1325.918,-0.2801923892448961,7362.276367
10525,1326.044,-0.2696968005266273,7362.990234
10526,1326.17,-0.18489451408031887,7361.422363
10527,1326.296,0.01810744993037389,7360.742188
10528,1326.422,0.2203616970360122,7360.368164
10529,1326.548,0.4188587891001701,7364.638184
10530,1326.674,0.6155246038938604,7363.484863
10531,1326.8,0.7896707992295506,7361.92334
10532,1326.926,0.9321991913668748,7357.683105
10533,1327.052,1.0261085580592382,7359.114746
10534,1327.178,1.0610065711048022,7364.487305
10535,1327.304,1.0269878246818098,7360.43457
10536,1327.43,0.893344616949231,7359.945801
10537,1327.556,0.7434685889193634,7360.690918
10538,1327.682,0.5413084460136083,7361.480957
10539,1327.808,0.30102571596293193,7360.734375
10540,1327.934,0.15002563254760334,7362.393555
10541,1328.06,-0.04720507406407296,7367.907227
10542,1328.186,-0.13871845307012043,7364.088379
10543,1328.312,-0.22637117254012287,7362.062012
10544,1328.438,-0.3027380211387641,7359.920898
10545,1328.564,-0.37343763156259563,7360.083984
10546,1328.69,-0.2876341214449233,7358.250977
10547,1328.817,-0.13061345655792517,7358.397461
10548,1328.942,0.16457361480663044,7366.985352
10549,1329.068,0.40897597038202727,7362.124512
10550,1329.194,0.745181115238251,7363.061035
10551,1329.32,0.9700842547573464,7361.81543
10552,1329.447,0.9962167526145158,7356.297852
10553,1329.572,1.0567733455186084,7356.834473
10554,1329.698,1.0058034215799296,7359.68457
10555,1329.824,0.9478001419013251,7358.865723
10556,1329.95,0.8519204878827197,7354.87207
10557,1330.076,0.7740737001233096,7360.583496
10558,1330.203,0.602326367628577,7357.476563
10559,1330.328,0.3517226026939295,7358.870117
10560,1330.454,-0.010252415538654783,7359.717773
10561,1330.58,-0.29067622503463936,7357.504395
10562,1330.706,-0.4598507976267762,7358.231934
10563,1330.832,-0.47210341530895544,7362.035645
10564,1330.958,-0.2512116401253861,7360.598145
10565,1331.084,-0.005718539428235456,7357.653809
10566,1331.21,0.2758652556846788,7360.731445
10567,1331.336,0.5391163921538986,7364.308105
10568,1331.462,0.722213876288655,7363.019043
10569,1331.588,0.7996308839397412,7362.460938
10570,1331.714,0.7673932306847321,7358.042969
10571,1331.84,0.6535130037391998,7360.760742
10572,1331.967,0.5157398681187275,7359.149902
10573,1332.092,0.34465076963399605,7359.38623
10574,1332.218,0.15834770142042506,7361.643555
10575,1332.344,0.050930128050646624,7363.961914
10576,1332.47,-0.07395899111987583,7360.561035
10577,1332.596,-0.05209632794108908,7359.514648
10578,1332.722,0.06325449460989932,7359.489746
10579,1332.848,0.17996930574753525,7357.577637
10580,1332.974,0.30852938147218495,7366.33252
10581,1333.1,0.42019523257559077,7363.131836
10582,1333.226,0.4292617840390853,7361.249023
10583,1333.352,0.42541250565022004,7361.510254
10584,1333.478,0.29873114084127095,7362.54834
10585,1333.604,0.254050031544283,7359.12207
10586,1333.73,0.21533137123208626,7361.459473
10587,1333.856,0.2895469863575267,7361.366699
10588,1333.981,0.4523646698148521,7360.935059
10589,1334.108,0.5002362046837414,7358.107422
10590,1334.234,0.5552504216687821,7362.240723
10591,1334.36,0.39222465811264234,7362.311035
10592,1334.487,0.124606724862107,7357.727539
10593,1334.612,-0.14525541635626246,7361.047363
10594,1334.738,-0.3817859755589268,7359.861816
10595,1334.864,-0.5487777360671077,7360.607422
10596,1334.99,-0.5007038631239404,7358.521973
10597,1335.116,-0.3321435908568118,7359.532227
10598,1335.241,-0.11995038497096694,7359.83252
10599,1335.368,0.16168854424223808,7360.166016
10600,1335.493,0.2439336112834595,7361.778809
10601,1335.62,0.24249924321037086,7357.692383
10602,1335.746,0.06143161519511107,7362.665527
10603,1335.871,-0.15218542143075645,7362.714844
10604,1335.998,-0.3617479071629037,7359.513184
10605,1336.124,-0.5201350663326058,7361.191406
10606,1336.25,-0.5587046522284763,7358.226074
10607,1336.376,-0.587477465533883,7357.081055
10608,1336.501,-0.6347331014912085,7361.33252
10609,1336.627,-0.6603622177949597,7358.21875
10610,1336.754,-0.7306534502835736,7358.408203
10611,1336.88,-0.8504187273353316,7360.688965
10612,1337.006,-0.8537199399228871,7358.38623
10613,1337.132,-0.9568606493629428,7362.51709
10614,1337.257,-0.9813711485902927,7356.830566
10615,1337.384,-1.0682542254581178,7355.942871
10616,1337.509,-1.1691757934888656,7360.73877
10617,1337.635,-1.221126039327892,7357.202148
10618,1337.761,-1.2075516682464658,7360.335449
10619,1337.887,-1.0772197410303126,7360.682129
10620,1338.014,-0.8916981453107196,7359.319336
10621,1338.139,-0.7838915393887512,7358.413086
10622,1338.265,-0.7548429381076792,7361.501465
10623,1338.391,-0.7920149564105594,7359.453125
10624,1338.517,-0.914291103898624,7360.879395
10625,1338.643,-0.9975997455053935,7358.417969
10626,1338.769,-0.9408299101963971,7359.436035
10627,1338.895,-0.8498964954198482,7356.993164
10628,1339.021,-0.6099826210402662,7360.019043
10629,1339.147,-0.45862547243592794,7356.305176
10630,1339.273,-0.3361593279007881,7360.061035
10631,1339.399,-0.4113981168656971,7357.616211
10632,1339.525,-0.5077244291484767,7361.859375
10633,1339.651,-0.8345512706362257,7360.89209
10634,1339.777,-1.1109294527480513,7356.200195
10635,1339.903,-1.2514165147809655,7359.223145
10636,1340.029,-1.2987742785441863,7359.370605
10637,1340.155,-1.209301528609225,7358.150879
10638,1340.281,-0.9580126036176891,7358.979004
10639,1340.407,-0.6623157434968171,7360.68457
10640,1340.533,-0.35275293833329874,7358.758301
10641,1340.659,-0.07349681362866292,7360.992676
10642,1340.785,0.10849290813797882,7358.615723
10643,1340.911,0.18328804780390076,7359.969727
10644,1341.037,0.15444219033473797,7363.882324
10645,1341.163,0.018145055614250158,7360.55127
10646,1341.289,-0.23492751428136308,7361.673828
10647,1341.415,-0.4715043489563969,7361.390625
10648,1341.541,-0.5790231786395539,7360.423828
10649,1341.667,-0.6158224125816362,7355.567871
10650,1341.793,-0.43976545625438446,7359.769043
10651,1341.919,-0.20390539901427948,7360.846191
10652,1342.045,0.0770886339077641,7359.857422
10653,1342.171,0.28483245413828634,7363.191895
10654,1342.297,0.36473221536251393,7363.268066
10655,1342.423,0.42864251747109483,7365.644531
10656,1342.55,0.4247068203141711,7359.09082
10657,1342.675,0.4532469131391368,7361.474609
10658,1342.801,0.4676558327948358,7362.527344
10659,1342.927,0.5266728915961315,7363.554688
10660,1343.053,0.5025212398100936,7361.771973
10661,1343.179,0.4649960300829052,7359.255371
10662,1343.305,0.3164506437661051,7360.566406
10663,1343.431,0.0009194422303690172,7361.499023
10664,1343.557,-0.3189584947896449,7358.211914
10665,1343.684,-0.6861391829258716,7360.256348
10666,1343.809,-0.9977008320616186,7359.623535
10667,1343.935,-1.276201034892707,7359.059082
10668,1344.061,-1.3639622890581624,7361.166016
10669,1344.187,-1.3302615460350715,7361.494141
10670,1344.313,-1.1785359816709535,7364.643066
10671,1344.439,-0.9315610572335135,7358.625488
10672,1344.565,-0.6138228775217063,7361.452637
10673,1344.691,-0.2904266521516854,7360.340332
10674,1344.817,-0.049020157943129875,7362.760254
10675,1344.943,0.1488646326425779,7358.018555
10676,1345.069,0.2705966349179925,7360.572266
10677,1345.195,0.2578449204628857,7362.527832
10678,1345.321,0.16588618745897094,7361.072754
10679,1345.447,0.02945527279373971,7362.613281
10680,1345.573,-0.1452257368904679,7359.862305
10681,1345.699,-0.28208114258318695,7358.241699
10682,1345.825,-0.33377385390199443,7361.081055
10683,1345.951,-0.23860492239449238,7361.621582
10684,1346.077,-0.13514346096263052,7360.386719
10685,1346.203,0.07384714125139928,7360.189453
10686,1346.329,0.21738354642111632,7358.695313
10687,1346.455,0.29238728149157706,7360.51709
10688,1346.581,0.2511333912035868,7360.48291
10689,1346.707,0.1207611683739124,7361.083008
10690,1346.833,-0.08927395192498333,7362.364746
10691,1346.959,-0.2341574174663731,7363.371582
10692,1347.085,-0.35683917764660233,7358.563965
10693,1347.211,-0.39349970999885686,7360.477051
10694,1347.337,-0.29413982330677513,7360.34375
10695,1347.462,-0.151800285362368,7362.165039
10696,1347.589,-0.011646064167111395,7360.187988
10697,1347.715,0.12325818451648166,7360.291992
10698,1347.841,0.14857499774726263,7359.916992
10699,1347.967,0.21881387596725954,7359.666504
10700,1348.093,0.22846888284616335,7364.85791
10701,1348.219,0.2943585264171643,7361.666504
10702,1348.345,0.46720413622888207,7361.756836
10703,1348.471,0.631553946729523,7362.921875
10704,1348.597,0.7436877244837399,7361.697754
10705,1348.723,0.7650849182868305,7358.217773
10706,1348.849,0.6911147453937349,7361.519043
10707,1348.974,0.43282596673822876,7362.651855
10708,1349.101,0.22271574615734466,7359.775391
10709,1349.227,0.11777153667473605,7362.115723
10710,1349.353,0.17943798263321292,7362.433594
10711,1349.479,0.32085262804631554,7364.35498
10712,1349.605,0.5957636331111235,7356.615723
10713,1349.731,0.7357032671995332,7359.660156
10714,1349.856,0.8557145252745263,7362.018066
10715,1349.983,0.879961172712246,7363.861816
10716,1350.109,0.795951213316637,7361.916016
10717,1350.235,0.6828466782708387,7360.349121
10718,1350.361,0.5511570428215814,7361.90332
10719,1350.487,0.5143216711019954,7360.260254
10720,1350.612,0.5351156996136902,7362.047852
10721,1350.738,0.6500908667030427,7361.33252
10722,1350.865,0.7291344289227611,7360.841797
10723,1350.99,0.8919212214093707,7363.378906
10724,1351.117,0.9169312950197864,7363.631836
10725,1351.242,0.8709219799318446,7361.70459
10726,1351.369,0.6709559976899733,7363.267578
10727,1351.494,0.46987732589275016,7362.904297
10728,1351.62,0.25354224163740485,7360.313965
10729,1351.746,0.19068865209210234,7361.262207
10730,1351.873,0.19469396419566015,7359.583984
10731,1351.999,0.2606608020985668,7364.729492
10732,1352.124,0.369152577253062,7359.630371
10733,1352.25,0.41712580709175684,7363.54541
10734,1352.376,0.38233727691008357,7359.94873
10735,1352.502,0.4249091223689775,7356.596191
10736,1352.628,0.48964457344957885,7360.312988
10737,1352.755,0.606080558610488,7363.749023
10738,1352.88,0.7795258924410944,7360.907715
10739,1353.007,0.8850053849130819,7363.496582
10740,1353.132,0.8785658025777631,7365.34668
10741,1353.259,0.677701960914183,7356.045898
10742,1353.384,0.33039574874413163,7361.220215
10743,1353.51,0.052005610412527416,7361.084961
10744,1353.637,-0.09841824358695668,7359.978027
10745,1353.763,-0.010242096074755907,7356.092773
10746,1353.889,0.36347297472776763,7362.491699
10747,1354.015,0.8497182051599185,7360.541016
10748,1354.14,1.3035622304441992,7361.931641
10749,1354.266,1.542344802718071,7360.919922
10750,1354.392,1.4920522694445313,7360.202637
10751,1354.518,1.2317571038917159,7361.257324
10752,1354.644,0.8051070999497605,7359.128906
10753,1354.77,0.3450261633008002,7361.959473
10754,1354.896,-0.018472671629037082,7363.041992
10755,1355.022,-0.13047349381470813,7353.89209
10756,1355.149,-0.02517453330330712,7362.579102
10757,1355.274,0.30880039001382603,7360.708496
10758,1355.4,0.7044024153255318,7361.190918
10759,1355.526,1.0929117177672711,7358.243164
10760,1355.652,1.2971747774062707,7366.465332
10761,1355.779,1.2602275501069307,7362.303223
10762,1355.904,1.0630380088267035,7363.911621
10763,1356.03,0.756864419161641,7361.786621
10764,1356.156,0.5523978303964294,7357.550293
10765,1356.282,0.3967782172240804,7356.784668
10766,1356.408,0.42887080389295995,7357.822754
10767,1356.534,0.49082981503533085,7360.990234
10768,1356.66,0.5784831129683452,7359.435547
10769,1356.786,0.6090966697546664,7364.313477
10770,1356.912,0.5646400757661898,7362.929688
10771,1357.038,0.4722875247766651,7360.936523
10772,1357.165,0.3986374066570437,7362.293457
10773,1357.29,0.28304472429631533,7362.851074
10774,1357.416,0.3868732630003852,7360.074707
10775,1357.542,0.45179323962490475,7361.132813
10776,1357.668,0.5451242244812807,7362.409668
10777,1357.794,0.7062623112050229,7362.101563
10778,1357.92,0.9448539336267792,7361.481445
10779,1358.046,1.1782673078598396,7367.310547
10780,1358.172,1.3876913906831028,7358.862305
10781,1358.298,1.588702241491429,7362.885742
10782,1358.424,1.5983008193364572,7360.208984
10783,1358.55,1.4144479892598982,7359.30127
10784,1358.676,1.1437163225740758,7365.825684
10785,1358.802,0.7639006012265107,7360.987305
10786,1358.928,0.4506473822216502,7363.399414
10787,1359.054,0.2455794154044397,7359.853516
10788,1359.18,0.17343125843725535,7366.240234
10789,1359.306,0.17499539653769353,7360.546387
10790,1359.432,0.20263339539725173,7364.057129
10791,1359.558,0.32143103882059604,7360.62207
10792,1359.684,0.32299599329475726,7364.776367
10793,1359.81,0.36716931354320637,7356.525391
10794,1359.936,0.47566237206836864,7357.556641
10795,1360.062,0.6126512012636507,7359.432617
10796,1360.188,0.7399228749787884,7360.114746
10797,1360.314,0.8723464261101402,7366.08252
10798,1360.44,0.838990595187435,7360.549316
10799,1360.566,0.6545166016062424,7359.596191
10800,1360.692,0.4342026035387214,7360.083008
10801,1360.819,0.14328055165556694,7362.256348
10802,1360.944,-0.13929202650248146,7360.428223
10803,1361.07,-0.3832485039660161,7358.695801
10804,1361.196,-0.42238467455293865,7360.789551
10805,1361.322,-0.3408614393249459,7359.911133
10806,1361.448,-0.19347717816826346,7361.494629
10807,1361.574,-0.008968240822191399,7358.50293
10808,1361.7,0.10752091553371716,7358.720703
10809,1361.826,0.1315191811792276,7360.935547
10810,1361.952,-0.0062775235375797595,7361.92334
10811,1362.078,-0.1962151535860576,7360.622559
10812,1362.204,-0.44462134722144614,7357.823242
10813,1362.33,-0.7027473198267739,7359.661621
10814,1362.456,-0.7783814404016938,7358.159668
10815,1362.582,-0.8169579109721099,7363.228516
10816,1362.708,-0.8532465500875521,7368.280762
10817,1362.834,-0.7962054809146948,7358.147461
10818,1362.96,-0.8067256679361315,7360.51416
10819,1363.086,-0.878463999781873,7361.839844
10820,1363.212,-1.033613113965372,7363.463867
10821,1363.338,-1.2037637759440116,7360.839844
10822,1363.464,-1.296071818373417,7360.938477
10823,1363.59,-1.3723060534688698,7359.770996
10824,1363.716,-1.3403022792379833,7356.064941
10825,1363.842,-1.2383069817689751,7364.42627
10826,1363.968,-1.1426245043844097,7363.031738
10827,1364.094,-1.0383266543146528,7361.074707
10828,1364.22,-0.9290747256239744,7363.205078
10829,1364.346,-0.8628765707656358,7360.662598
10830,1364.472,-0.6829569082539065,7366.597168
10831,1364.598,-0.5409104910248234,7365.400879
10832,1364.723,-0.41148598744528897,7360.964355
10833,1364.85,-0.34307152577130995,7363.192871
10834,1364.976,-0.26990673351459593,7361.489746
10835,1365.102,-0.2095334119351802,7363.07666
10836,1365.227,-0.28425775725925584,7360.870605
10837,1365.354,-0.24399978597664196,7363.293457
10838,1365.479,-0.17507065064199476,7361.332031
10839,1365.606,-0.07486294761183072,7364.891113
10840,1365.732,0.0004068840742808766,7360.713867
10841,1365.858,0.08860175182798825,7360.962402
10842,1365.983,0.07366989400331371,7359.677734
10843,1366.109,0.052400600964976125,7361.274414
10844,1366.236,0.023837243366858444,7355.276855
10845,1366.361,0.10113270638875535,7359.101074
10846,1366.487,0.14972152596871513,7361.047852
10847,1366.613,0.2640849284173518,7363.073242
10848,1366.739,0.3563760130581044,7363.077148
10849,1366.865,0.43089263282542456,7357.004883
10850,1366.992,0.3790276556778705,7359.776855
10851,1367.118,0.3577508790282043,7360.368652
10852,1367.243,0.3342737300581571,7360.868652
10853,1367.37,0.4136643811826212,7358.820313
10854,1367.495,0.6243462896463954,7361.854492
10855,1367.622,0.7813653856778274,7358.866211
10856,1367.747,0.8309947467731583,7359.213379
10857,1367.874,0.8561806000548594,7363.470215
10858,1367.999,0.680781864170611,7360.874023
10859,1368.126,0.4660688001067342,7359.799805
10860,1368.251,0.1822274708601915,7360.849121
10861,1368.378,0.06262578535440134,7363.034668
10862,1368.503,-0.08143974113644435,7360.42627
10863,1368.629,-0.04982778224779143,7359.251465
10864,1368.756,0.07320277265636689,7359.771973
10865,1368.882,0.2012922324075758,7360.595215
10866,1369.007,0.22373554053810676,7362.788574
10867,1369.133,0.285226429176853,7361.842773
10868,1369.259,0.1680424805600995,7359.698242
10869,1369.385,0.11867481616090904,7361.449219
10870,1369.511,0.07208049754023027,7360.880371
10871,1369.637,0.20718687276403022,7361.370605
10872,1369.763,0.2988483860127816,7363.869141
10873,1369.89,0.52715657542665,7357.789551
10874,1370.015,0.7006293828470785,7360.815918
10875,1370.141,0.7498363403838972,7360.745605
10876,1370.267,0.6010210453419276,7358.54541
10877,1370.394,0.32539827917501796,7363.243652
10878,1370.519,-0.026658855023342257,7358.811035
10879,1370.645,-0.36513317064325834,7360.193848
10880,1370.771,-0.5329581537654319,7363.523438
10881,1370.897,-0.6504212846742167,7363.348633
10882,1371.023,-0.4331475880655982,7360.383789
10883,1371.149,-0.25211606835193057,7358.380859
10884,1371.275,-0.09604416517564145,7360.990234
10885,1371.402,-0.050191030901719634,7360.686523
10886,1371.527,-0.006140582543746964,7358.480957
10887,1371.653,-0.1405430222111165,7362.141113
10888,1371.779,-0.16747889145949618,7361.39502
10889,1371.905,-0.17557978228958954,7362.276855
10890,1372.031,-0.09970454784305355,7358.769043
10891,1372.157,0.00392836632860912,7359.679199
10892,1372.283,0.19660371603335422,7358.14209
10893,1372.409,0.29825164890967953,7360.472656
10894,1372.535,0.46483520557145225,7362.014648
10895,1372.661,0.5117834152047939,7364.349121
10896,1372.787,0.5719742065766448,7359.660645
10897,1372.913,0.5244000124842106,7359.836426
10898,1373.039,0.44318150194391004,7362.637695
10899,1373.165,0.39392048401118246,7359.174316
10900,1373.291,0.35369336772504373,7360.958496
10901,1373.417,0.38591033605247227,7359.209473
10902,1373.543,0.48161014001727126,7357.962891
10903,1373.669,0.6219017823173747,7361.108398
10904,1373.795,0.7668583484672882,7360.676758
10905,1373.921,0.8940001271428732,7364.06543
10906,1374.047,0.9826285033921383,7356.382324
10907,1374.173,1.0536775396070903,7361.763184
10908,1374.299,1.1506930234300432,7360.257324
10909,1374.425,1.1355336427727765,7360.875
10910,1374.551,1.0684914125575387,7361.679688
10911,1374.677,0.9774106410639838,7357.005371
10912,1374.803,0.8965264216087412,7359.509277
10913,1374.929,0.8114025837603672,7361.364258
10914,1375.055,0.8567912095231388,7362.544434
10915,1375.181,0.8437387072252097,7357.571777
10916,1375.307,0.8886020488559495,7365.437988
10917,1375.433,0.8989660607531963,7361.612305
10918,1375.559,0.7727469488038095,7361.44873
10919,1375.685,0.6763633003524309,7363.547852
10920,1375.811,0.5023809792445945,7362.527344
10921,1375.937,0.30129202088569673,7361.687012
10922,1376.063,0.07415049280641309,7357.504395
10923,1376.189,-0.1411622029777274,7361.299316
10924,1376.315,-0.3246772312348517,7359.985352
10925,1376.441,-0.4999147604959766,7361.597168
10926,1376.567,-0.5868127152645675,7365.81543
10927,1376.693,-0.7116441406951226,7361.15625
10928,1376.819,-0.8734794832403978,7362.353027
10929,1376.945,-1.0521402762514636,7362.017578
10930,1377.071,-1.2664281215191522,7361.541016
10931,1377.197,-1.433051627589673,7360.037109
10932,1377.323,-1.4870742246574253,7362.095215
10933,1377.449,-1.3495527463451733,7361.504883
10934,1377.575,-0.9956312475938851,7364.09082
10935,1377.701,-0.5384691123679317,7362.193359
10936,1377.827,-0.0038231382948048214,7361.457031
10937,1377.953,0.4510394174574194,7359.45752
10938,1378.079,0.8133714996614285,7362.328613
10939,1378.205,1.0014636652419049,7359.950195
10940,1378.331,1.03438762841091,7359.607422
10941,1378.457,0.9674481087603336,7361.989746
10942,1378.583,0.8964622595540339,7360.171387
10943,1378.709,0.7968410861634083,7360.341797
10944,1378.835,0.7022904143097496,7360.878418
10945,1378.961,0.6852402677993497,7361.888672
10946,1379.087,0.7656795418231693,7355.476563
10947,1379.213,0.8270245871305667,7363.562012
10948,1379.339,0.8184688072186935,7359.883301
10949,1379.465,0.7557231051019028,7363.691406
10950,1379.591,0.632985997305613,7359.700195
10951,1379.717,0.3713342615747292,7363.342773
10952,1379.843,0.11211001784426605,7360.083984
10953,1379.969,-0.036356076570166096,7363.74707
10954,1380.094,-0.15026733743597115,7362.776855
10955,1380.221,-0.20969718087221498,7361.109863
10956,1380.346,-0.17334008916104637,7364.079102
10957,1380.473,-0.19137189411060698,7358.853027
10958,1380.599,-0.23424331515009428,7360.651855
10959,1380.725,-0.3412775556727715,7361.38623
10960,1380.851,-0.44052435150128677,7362.064453
10961,1380.977,-0.5604198232605351,7364.037109
10962,1381.102,-0.644542131903331,7360.431641
10963,1381.229,-0.6981615268221726,7361.844238
10964,1381.355,-0.6653048951755038,7360.147949
10965,1381.481,-0.5859752308005497,7360.611328
10966,1381.607,-0.5986278015436584,7364.519531
10967,1381.733,-0.5934176439538675,7361.921875
10968,1381.859,-0.6461754440915145,7361.081055
10969,1381.985,-0.5847969985456704,7362.297852
10970,1382.111,-0.5067749872382851,7361.337402
10971,1382.237,-0.4163732640599246,7359.669434
10972,1382.362,-0.2956292030447702,7356.540039
10973,1382.489,-0.11270119136814608,7362.614258
10974,1382.615,0.1022450964058489,7361.222168
10975,1382.741,0.29682589177927154,7362.640137
10976,1382.866,0.5023918425357032,7359.016602
10977,1382.993,0.5752237902033556,7358.679688
10978,1383.118,0.7174363560825898,7364.995117
10979,1383.244,0.7625377665401919,7360.908691
10980,1383.371,0.8391478867166585,7363.31543
10981,1383.497,0.9143308903607905,7365.337891
10982,1383.623,1.0140658453627764,7365.738281
10983,1383.748,1.0456818907892265,7363.199707
10984,1383.875,1.011867247209455,7361.676758
10985,1384.0,0.7657832368716052,7363.179688
10986,1384.127,0.526071345322017,7361.648438
10987,1384.252,0.19881145305563058,7364.147461
10988,1384.378,-0.08746500636697999,7361.760742
10989,1384.504,-0.26656908118799894,7360.171387
10990,1384.63,-0.2822394391757933,7363.023438
10991,1384.757,-0.3687367263774341,7362.775879
10992,1384.882,-0.346360023645847,7363.762695
10993,1385.009,-0.3184135025815831,7363.208984
10994,1385.135,-0.41962747526895255,7358.700195
10995,1385.26,-0.5024287121092742,7363.782715
10996,1385.386,-0.6923386167242661,7364.93457
10997,1385.512,-0.7674425324874593,7363.435059
10998,1385.638,-0.9015713457579216,7363.100586
10999,1385.764,-0.8714344867271996,7358.503418
11000,1385.89,-0.7088764094361515,7360.269043
11001,1386.016,-0.41589452529989795,7365.094238
11002,1386.142,-0.021236750940773767,7363.682617
11003,1386.268,0.39557100053670924,7363.994141
11004,1386.394,0.7799586702701367,7364.79834
11005,1386.52,1.0162672081851825,7358.578613
11006,1386.646,1.1584255559332266,7364.466309
11007,1386.772,1.2012934344452049,7361.480957
11008,1386.898,1.1174628997945737,7361.706543
11009,1387.024,0.9890533631192764,7362.520996
11010,1387.151,0.8302525133890746,7365.603516
11011,1387.277,0.6363590690130912,7358.138184
11012,1387.402,0.4961541766608657,7362.550293
11013,1387.528,0.3661268601010321,7361.501465
11014,1387.654,0.25639010354472724,7361.585938
11015,1387.78,0.2575932423304696,7362.17627
11016,1387.906,0.3534141546081439,7362.527344
11017,1388.032,0.5447611592593619,7360.76123
11018,1388.158,0.7841607525096083,7362.858398
11019,1388.284,0.9732457494452514,7363.547363
11020,1388.41,1.0767930728108266,7361.765137
11021,1388.536,0.9056367640939832,7366.959961
11022,1388.662,0.6404683153269455,7364.110352
11023,1388.788,0.2752305679311506,7364.738281
11024,1388.914,-0.12155901483881688,7364.569336
11025,1389.04,-0.3519932187065378,7362.070313
11026,1389.166,-0.478789982924498,7365.224609
11027,1389.292,-0.577291635149384,7362.549805
11028,1389.418,-0.5581359012347649,7361.114258
11029,1389.544,-0.598863323677751,7362.043457
11030,1389.67,-0.7481942434766743,7361.963379
11031,1389.796,-0.8810294431993262,7366.452148
11032,1389.922,-1.0202896979965732,7364.490723
11033,1390.048,-0.9897341832288303,7363.399902
11034,1390.174,-0.8695676932665733,7360.829102
11035,1390.3,-0.5733887467818553,7361.880371
11036,1390.426,-0.23070106111447383,7364.765625
11037,1390.552,0.14803892338520194,7366.71875
11038,1390.678,0.4278021817011885,7363.248047
11039,1390.804,0.5764375909988384,7360.691895
11040,1390.93,0.6588564882527072,7364.795898
11041,1391.056,0.5948550954233053,7365.330566
11042,1391.182,0.6144171548081245,7364.789063
11043,1391.308,0.5963829004239439,7364.73877
11044,1391.434,0.7466417572658546,7366.362305
11045,1391.56,0.8888358072938409,7365.120117
11046,1391.686,0.9321674847975916,7367.803223
11047,1391.812,0.7932530049370816,7363.403809
11048,1391.938,0.39994361914355037,7365.12793
11049,1392.064,0.005072452383197618,7361.279297
11050,1392.19,-0.4154164117975539,7362.839844
11051,1392.316,-0.6828836443506933,7361.88623
11052,1392.442,-0.697174652868957,7361.930176
11053,1392.568,-0.4962866283174698,7363.829102
11054,1392.694,-0.24545854763008232,7364.313477
11055,1392.82,-0.02615809271758199,7361.129395
11056,1392.946,-0.03416147849136166,7363.397461
11057,1393.072,-0.2322655807630308,7362.381836
11058,1393.198,-0.5385506659154392,7363.916504
11059,1393.324,-0.9584096265175696,7363.05957
11060,1393.45,-1.2286178911765273,7362.769043
11061,1393.576,-1.3732973569798428,7360.923828
11062,1393.702,-1.2777262447327498,7365.108398
11063,1393.828,-1.0515351617974034,7361.793457
11064,1393.954,-0.7325282614489096,7363.125
11065,1394.08,-0.3246140815226701,7365.912598
11066,1394.206,0.0785402420187238,7362.872559
11067,1394.332,0.3910939422179002,7363.129395
11068,1394.458,0.6745573171071266,7358.555664
11069,1394.584,0.835950772081284,7362.519043
11070,1394.71,0.9108043221835128,7362.893066
11071,1394.836,0.9582877592781921,7361.041016
11072,1394.962,0.9176373626246607,7361.19873
11073,1395.088,0.8535344570541102,7359.793945
11074,1395.213,0.828015421191707,7359.12793
11075,1395.34,0.7601339421835496,7361.077148
11076,1395.466,0.6298022180280594,7364.087402
11077,1395.592,0.38678964044675695,7364.545898
11078,1395.718,0.10649277414854617,7363.05127
11079,1395.844,-0.25256292538616953,7364.089355
11080,1395.97,-0.5784045324606314,7363.344238
11081,1396.096,-0.826316127833164,7363.116699
11082,1396.222,-0.9283983105695089,7366.216309
11083,1396.348,-0.921935238512008,7364.435059
11084,1396.474,-0.8119207361985598,7362.501465
11085,1396.599,-0.7398166416911321,7360.649414
11086,1396.726,-0.7448252735733579,7363.289551
11087,1396.852,-0.8269276824942808,7361.248047
11088,1396.978,-0.8302611748981721,7360.344727
11089,1397.104,-0.8493205060306509,7366.037109
11090,1397.23,-0.6637925350581921,7361.973145
11091,1397.356,-0.48209159347884045,7361.982422
11092,1397.481,-0.20838027486643948,7361.414063
11093,1397.608,0.04816092372606647,7359.442383
11094,1397.733,0.08619851314642883,7361.602539
11095,1397.86,0.13539017195816588,7359.457031
11096,1397.986,0.10425132667493629,7363.967285
11097,1398.112,0.13544324108397787,7362.46582
11098,1398.237,0.21357044510446566,7360.614258
11099,1398.364,0.45879707983202717,7360.068848
11100,1398.49,0.6673715093824322,7357.399414
11101,1398.615,0.8204384023679899,7364.219727
11102,1398.741,0.863217489948144,7363.399902
11103,1398.868,0.7021300370384044,7360.5625
11104,1398.993,0.3914341512194348,7358.524902
11105,1399.119,0.024915007299059308,7359.216309
11106,1399.245,-0.340168559645457,7360.916504
11107,1399.371,-0.6000260653370855,7361.921875
11108,1399.497,-0.6891724175833508,7361.786621
11109,1399.624,-0.6578674259296966,7362.806152
11110,1399.75,-0.6076859105099467,7364.55127
11111,1399.875,-0.6719209263791179,7359.120605
11112,1400.001,-0.7816265203687891,7364.023926
11113,1400.128,-0.7697614281574214,7362.319824
11114,1400.254,-0.6706638658650416,7363.091309
11115,1400.379,-0.451368112321597,7358.301758
11116,1400.505,-0.0921193837538064,7361.927734
11117,1400.631,0.21169216919683173,7360.505371
11118,1400.757,0.5481831362000417,7364.503906
11119,1400.884,0.6927109227658287,7362.383789
11120,1401.009,0.6595402530462885,7364.396484
11121,1401.135,0.5878421201416258,7361.421875
11122,1401.261,0.43939098816247985,7364.02832
11123,1401.387,0.2845830241973471,7361.680664
11124,1401.513,0.15039203107238938,7363.625977
11125,1401.639,0.021338345090391644,7364.620117
11126,1401.765,-0.16063687260462517,7362.023438
11127,1401.891,-0.45719923870130724,7360.265137
11128,1402.017,-0.8286128942333989,7364.306152
11129,1402.143,-1.2902539747819557,7360.372559
11130,1402.269,-1.7586425222396587,7363.171875
11131,1402.395,-2.08326797264889,7365.395508
11132,1402.521,-2.3253419975866763,7361.336914
11133,1402.647,-2.2036007548386873,7363.306641
11134,1402.773,-1.7042213237474315,7367.564453
11135,1402.899,-1.087251874611329,7363.772949
11136,1403.025,-0.3685742744872726,7365.130859
11137,1403.151,0.25374542707148556,7365.036621
11138,1403.277,0.7829479416146398,7362.273438
11139,1403.403,0.997845109592281,7360.940918
11140,1403.529,1.0260661653861225,7363.211914
11141,1403.655,0.9098665663859837,7365.136719
11142,1403.781,0.7060184303112742,7366.036133
11143,1403.907,0.4137878099737645,7361.788086
11144,1404.033,0.07524181864258316,7363.181641
11145,1404.159,-0.2690445707039432,7365.532715
11146,1404.285,-0.6385100526531351,7362.293945
11147,1404.411,-0.8965938085055679,7365.131836
11148,1404.537,-1.1541475946578488,7362.793457
11149,1404.663,-1.2826943299585212,7362.486328
11150,1404.789,-1.21740090837513,7365.363281
11151,1404.915,-1.1459880875892818,7361.177734
11152,1405.041,-1.0559558709839545,7364.708008
11153,1405.167,-0.9308300100014492,7366.415527
11154,1405.293,-0.7909813454963645,7363.45166
11155,1405.419,-0.6780320983502088,7365.87793
11156,1405.545,-0.39591040812120987,7361.098145
11157,1405.671,-0.08879543715683075,7363.317871
11158,1405.797,0.3317149180348235,7363.972168
11159,1405.923,0.5968856076887731,7365.10498
11160,1406.049,0.8070062319058674,7362.352051
11161,1406.175,0.900211606962946,7365.623535
11162,1406.301,0.7682657665657223,7362.37207
11163,1406.427,0.5871739309778734,7364.654297
11164,1406.553,0.31726876757572303,7364.820313
11165,1406.679,0.00958305935806567,7361.873535
11166,1406.805,-0.24003707545596614,7364.902832
11167,1406.931,-0.42616998263783307,7364.719727
11168,1407.057,-0.6077580869851119,7364.193359
11169,1407.183,-0.6920355567417588,7364.478516
11170,1407.309,-0.7220548205744661,7363.321777
11171,1407.435,-0.5663266038898758,7366.189941
11172,1407.561,-0.3623336553237877,7360.668457
11173,1407.687,0.03471458718531766,7363.65625
11174,1407.814,0.5159761746369531,7364.734863
11175,1407.939,0.9890551131397769,7363.574707
11176,1408.065,1.3823904861187009,7367.319824
11177,1408.191,1.5438737504578577,7364.973145
11178,1408.317,1.5651760537841115,7367.445313
11179,1408.443,1.4475662490492782,7363.800781
11180,1408.569,1.1730573675840001,7364.45166
11181,1408.695,0.9226363396627036,7363.945801
11182,1408.821,0.6726701799470969,7360.945801
11183,1408.948,0.47418240507419285,7369.608398
11184,1409.073,0.25120507878375886,7365.112305
11185,1409.199,0.027743839623089298,7363.539063
11186,1409.325,-0.24964381325513674,7363.342773
11187,1409.451,-0.5111959215381269,7366.101563
11188,1409.577,-0.7502976198705259,7365.683594
11189,1409.703,-0.8534013417763998,7364.175781
11190,1409.829,-0.7827569031896068,7363.064453
11191,1409.955,-0.5327640262335946,7364.471191
11192,1410.081,-0.18417422739537978,7364.138672
11193,1410.207,0.18696603471783627,7364.412109
11194,1410.333,0.5505350567868368,7367.154297
11195,1410.459,0.729421105083301,7365.280762
11196,1410.585,0.7883054408327286,7364.700684
11197,1410.711,0.6854735744233227,7363.17627
11198,1410.836,0.49677192682545385,7361.470703
11199,1410.963,0.2072330365065805,7363.29541
11200,1411.089,-0.06376010314155138,7360.884277
11201,1411.215,-0.3216496604442768,7363.615234
11202,1411.341,-0.5948570972911313,7362.034668
11203,1411.467,-0.8410726654817182,7363.868652
11204,1411.593,-1.1625830202244558,7363.995605
11205,1411.718,-1.4181080532530428,7366.184082
11206,1411.845,-1.6143214975416775,7364.802734
11207,1411.971,-1.726274572059289,7363.970215
11208,1412.097,-1.6606219387768846,7363.05957
11209,1412.223,-1.3953850617034498,7363.123535
11210,1412.349,-1.0029137919441675,7363.70166
11211,1412.475,-0.4901643072239224,7359.687012
11212,1412.601,0.10222797613502373,7363.488281
11213,1412.727,0.49218575393721914,7365.129883
11214,1412.852,0.8639654420246079,7361.897949
11215,1412.979,1.070929143515977,7365.787109
11216,1413.105,1.0925451310602445,7365.647949
11217,1413.231,0.9220749362457918,7360.595703
11218,1413.357,0.5967680391508382,7364.33252
11219,1413.482,0.10107106331066906,7363.766113
11220,1413.609,-0.43030678428811675,7366.141113
11221,1413.734,-1.0081276298195405,7363.842773
11222,1413.861,-1.4804176666447584,7369.212402
11223,1413.986,-1.8403187530877956,7367.865234
11224,1414.113,-1.8418566964151104,7363.481445
11225,1414.238,-1.7394029383303777,7365.720703
11226,1414.365,-1.4709770909954534,7363.544434
11227,1414.49,-0.9868819552733892,7366.691895
11228,1414.617,-0.5976612984655789,7366.760742
11229,1414.743,-0.22606385254360192,7366.499023
11230,1414.868,0.006450259343936112,7364.137695
11231,1414.995,0.19709692340768065,7367.245117
11232,1415.121,0.35503168525127443,7365.222168
11233,1415.246,0.3764147697912888,7361.265625
11234,1415.372,0.34531644826448604,7363.849121
11235,1415.498,0.3658742945524628,7365.645508
11236,1415.624,0.41020368559991177,7363.574707
11237,1415.75,0.45998522808100273,7369.657715
11238,1415.877,0.6533353005696256,7362.239746
11239,1416.002,0.8384054404117646,7364.177246
11240,1416.128,0.9756780195639765,7367.40625
11241,1416.254,0.9782154366049319,7364.367188
11242,1416.38,0.80039986068632,7366.474609
11243,1416.506,0.44479403892195246,7369.733398
11244,1416.632,0.044342358745926486,7364.167969
11245,1416.758,-0.3995384690195102,7368.557129
11246,1416.884,-0.689105014848356,7366.240723
11247,1417.01,-0.9498805896952521,7364.729492
11248,1417.137,-0.9564479940502734,7364.257324
11249,1417.262,-0.7953554580105966,7362.12793
11250,1417.388,-0.6277653502642969,7365.304199
11251,1417.514,-0.3451025043798261,7367.125977
11252,1417.641,-0.20920380108455744,7365.335938
11253,1417.766,-0.03623834330297176,7362.431641
11254,1417.892,0.007951797598690778,7365.649902
11255,1418.018,0.08846120864138615,7362.941895
11256,1418.144,0.19454197700571205,7363.119141
11257,1418.27,0.45635546119994186,7363.946777
11258,1418.396,0.6125920473098182,7365.248535
11259,1418.522,0.8274552411766,7361.615723
11260,1418.648,0.7747399717868348,7364.042969
11261,1418.774,0.6123466626329357,7364.415527
11262,1418.9,0.2462260513234533,7364.899902
11263,1419.026,-0.23499684073380292,7366.156738
11264,1419.152,-0.7542909168156677,7366.09668
11265,1419.278,-1.186334327718255,7363.294434
11266,1419.404,-1.4384086214991998,7367.632324
11267,1419.53,-1.6781367077727147,7362.291016
11268,1419.656,-1.7193075685407635,7366.755371
11269,1419.782,-1.7610506905343666,7363.112305
11270,1419.908,-1.7364426724008781,7364.354004
11271,1420.034,-1.659150408660639,7363.75
11272,1420.16,-1.5508039351551302,7368.63916
11273,1420.286,-1.3995274155316937,7364.166504
11274,1420.412,-1.2787511913099796,7365.04834
11275,1420.538,-1.1497819285628623,7364.912598
11276,1420.664,-0.9223349295623134,7362.612305
11277,1420.79,-0.7362655447068489,7365.441406
11278,1420.916,-0.35627041494849393,7364.133301
11279,1421.042,0.21875362832786094,7364.280273
11280,1421.168,0.6528218071774079,7365.499512
11281,1421.294,0.9144507857691618,7363.098145
11282,1421.42,1.008093849937242,7363.765625
11283,1421.546,0.7955350950407305,7365.305176
11284,1421.672,0.4141291860827818,7366.041504
11285,1421.798,-0.0927735693227491,7365.019531
11286,1421.924,-0.4484337562945742,7362.273438
11287,1422.05,-0.7933246189568884,7362.941406
11288,1422.176,-0.9181905195920405,7365.6875
11289,1422.302,-0.8687625358404816,7362.900391
11290,1422.428,-0.7314309967747504,7364.647461
11291,1422.554,-0.6408841598015097,7363.397461
11292,1422.68,-0.5081544028606256,7366.663086
11293,1422.806,-0.42406193209636633,7369.013184
11294,1422.932,-0.32331561421761773,7369.535156
11295,1423.058,-0.1651772922427093,7364.083496
11296,1423.184,0.022630338734943096,7365.389648
11297,1423.31,0.1956171220721111,7363.369141
11298,1423.436,0.28977927048026725,7366.783203
11299,1423.562,0.2590184044308405,7359.16748
11300,1423.688,0.21077521969010116,7363.23291
11301,1423.814,0.09852548507042413,7364.509277
11302,1423.94,-0.059610207711546646,7364.649414
11303,1424.066,-0.0609478678016462,7362.989258
11304,1424.192,-0.058986700730112765,7361.81543
11305,1424.318,0.13913280720627336,7366.164551
11306,1424.444,0.3478564876165932,7366.594727
11307,1424.57,0.5019370545860047,7366.095215
11308,1424.696,0.512229271625455,7366.813965
11309,1424.822,0.3830540562933837,7367.489258
11310,1424.948,0.06989368214756475,7364.966309
11311,1425.074,-0.3416561251968311,7364.993164
11312,1425.2,-0.7565598833439611,7365.424316
11313,1425.326,-1.0486458761495838,7365.671875
11314,1425.452,-1.2279469354878683,7366.723145
11315,1425.578,-1.362769254083743,7357.851563
11316,1425.704,-1.3741510309301297,7363.542969
11317,1425.83,-1.2901731183209415,7365.704102
11318,1425.956,-1.1687007166698011,7365.902344
11319,1426.082,-1.0181816583238024,7363.310059
11320,1426.208,-0.7439011250647766,7366.325684
11321,1426.334,-0.4635664579872857,7369.392578
11322,1426.46,-0.15808172378512478,7360.824707
11323,1426.586,0.17834185675498443,7364.958984
11324,1426.712,0.48697218579243795,7366.013184
11325,1426.838,0.6118029524017233,7365.15918
11326,1426.964,0.6716659556418271,7361.047363
11327,1427.089,0.6077096808211965,7368.944824
11328,1427.216,0.42363215363381757,7366.060547
11329,1427.342,0.1648676615533397,7364.251953
11330,1427.468,-0.0240642284788791,7362.138184
11331,1427.594,-0.2711248932625199,7359.115234
11332,1427.72,-0.38182920556587696,7361.270996
11333,1427.846,-0.4024580996020687,7362.818848
11334,1427.972,-0.46501080928187954,7365.503906
11335,1428.098,-0.4520291254364657,7365.556641
11336,1428.224,-0.4373797487093165,7366.208008
11337,1428.35,-0.34395087979557376,7366.298828
11338,1428.476,-0.3892559972255753,7361.159668
11339,1428.602,-0.3210203155194359,7362.771484
11340,1428.728,-0.2798321133357795,7363.170898
11341,1428.854,-0.22302551036194876,7363.281738
11342,1428.979,-0.11020065708057106,7362.130371
11343,1429.105,0.04033226248320894,7371.206543
11344,1429.232,0.2752365633778769,7366.583008
11345,1429.357,0.5123808961403995,7367.232422
11346,1429.483,0.7810657439283376,7365.445313
11347,1429.609,0.9707627084442353,7362.182617
11348,1429.735,1.0761614305863072,7367.600586
11349,1429.862,1.0467009648826728,7364.102051
11350,1429.987,0.9438695250267903,7366.612793
11351,1430.113,0.6197982725367559,7364.619629
11352,1430.239,0.17177663747886282,7365.496094
11353,1430.365,-0.20066060928914098,7360.699219
11354,1430.491,-0.5828372015822634,7362.835449
11355,1430.618,-0.8564119836051581,7365.781738
11356,1430.743,-0.9799993893305141,7365.124512
11357,1430.869,-1.0265542439395297,7362.804688
11358,1430.995,-1.0615975423303345,7365.322266
11359,1431.121,-0.9597263543737706,7361.594238
11360,1431.248,-0.8676615231707205,7364.97998
11361,1431.373,-0.7110229694039445,7366.612305
11362,1431.499,-0.6341336459849062,7364.45459
11363,1431.625,-0.4334312406881856,7365.780273
11364,1431.751,-0.2872181579602359,7360.145996
11365,1431.877,0.07163298441363887,7356.859375
11366,1432.003,0.32636833890126365,7363.57666
11367,1432.129,0.7262201499775324,7365.408691
11368,1432.256,0.9440591355554662,7364.95752
11369,1432.381,1.097463607029017,7364.111816
11370,1432.507,1.1555602354357168,7360.71875
11371,1432.633,1.0940867417574873,7363.336914
11372,1432.759,0.9193182646383792,7365.049316
11373,1432.885,0.857604452350498,7364.333984
11374,1433.011,0.712148400314562,7362.970703
11375,1433.137,0.5443457389651751,7363.694336
11376,1433.263,0.43055959279836314,7370.486328
11377,1433.389,0.2770808891412863,7362.114746
11378,1433.515,0.008342756513676032,7363.727539
11379,1433.641,-0.2431720830032495,7365.095703
11380,1433.767,-0.5048658447231656,7365.17627
11381,1433.893,-0.6910865206076808,7364.712891
11382,1434.019,-0.7545937273459157,7363.711914
11383,1434.145,-0.6983224216088937,7362.594727
11384,1434.271,-0.6271704637132456,7365.584473
11385,1434.397,-0.39150686893882997,7364.585938
11386,1434.523,-0.2813348814450076,7367.691406
11387,1434.649,-0.07445920498625924,7362.711426
11388,1434.775,0.09353179827157886,7366.062988
11389,1434.901,0.21264898119011488,7363.794922
11390,1435.027,0.346439102212997,7363.131836
11391,1435.153,0.34825759158335395,7363.254883
11392,1435.279,0.3732762196801299,7366.418457
11393,1435.405,0.4701248592954858,7368.022949
11394,1435.531,0.5356355020924488,7366.186035
11395,1435.657,0.6191407596283505,7364.759766
11396,1435.783,0.6342815066019648,7363.700684
11397,1435.909,0.44183217384563644,7363.680664
11398,1436.035,0.19248819866408826,7362.450195
11399,1436.161,-0.17640055638638855,7369.922363
11400,1436.287,-0.6253462299463804,7362.054688
11401,1436.413,-0.9127097771530079,7364.328125
11402,1436.539,-1.048027421513508,7362.888184
11403,1436.665,-1.1566581827060465,7363.143066
11404,1436.791,-1.0898830406314493,7357.803223
11405,1436.917,-1.1252875849690196,7366.663086
11406,1437.043,-1.1543634749634395,7364.529785
11407,1437.169,-1.3766188432120325,7364.132324
11408,1437.295,-1.5499213601383637,7364.211914
11409,1437.421,-1.706169352425575,7364.597656
11410,1437.547,-1.7040505133474735,7366.614258
11411,1437.673,-1.5765094521798713,7363.461914
11412,1437.799,-1.3177231150127027,7362.117676
11413,1437.925,-0.9978821317075405,7362.311523
11414,1438.051,-0.6025359170638872,7359.23584
11415,1438.177,-0.2537051668323262,7362.780762
11416,1438.303,0.08149957586148086,7365.641113
11417,1438.429,0.43051846703847846,7362.677734
11418,1438.555,0.7455743496599396,7362.089844
11419,1438.681,1.034645561141479,7361.324219
11420,1438.807,1.1706944919738766,7361.922852
11421,1438.933,1.1780737040530167,7362.952637
11422,1439.059,1.0023437159175563,7360.703125
11423,1439.185,0.7812480073124857,7362.053223
11424,1439.311,0.5221683027796623,7360.974609
11425,1439.437,0.4313236269435197,7364.185059
11426,1439.563,0.38833347376706556,7365.305664
11427,1439.689,0.5048343816521396,7363.249512
11428,1439.815,0.537326804021105,7362.768555
11429,1439.941,0.4700468720642059,7362.941895
11430,1440.067,0.30312133029976857,7361.347656
11431,1440.193,0.03415114590752187,7362.037109
11432,1440.319,-0.27168285155054667,7359.775391
11433,1440.445,-0.5729806285787253,7361.940918
11434,1440.571,-0.7781731038326237,7359.44873
11435,1440.697,-0.8737052992828906,7365.988281
11436,1440.823,-0.9582890455564513,7364.875488
11437,1440.949,-0.9520644755182207,7359.818359
11438,1441.075,-0.8411442080352466,7365.388184
11439,1441.201,-0.7793467831478305,7361.859375
11440,1441.327,-0.6245942682735771,7363.960449
11441,1441.453,-0.40991601492537927,7366.377441
11442,1441.579,-0.15352496257511608,7360.298828
11443,1441.704,-0.05473573645859844,7361.810547
11444,1441.831,0.04107267479198068,7363.484863
11445,1441.957,-0.009116639100183647,7363.083496
11446,1442.083,-0.11542197651365135,7362.260254
11447,1442.209,-0.1618383445669425,7361.450684
11448,1442.335,-0.15490191201967066,7362.833984
11449,1442.461,-0.05043756113266642,7361.12793
11450,1442.587,0.21366171803868192,7362.455566
11451,1442.713,0.5879837755830263,7362.198242
11452,1442.838,0.8421793654538515,7363.209473
11453,1442.965,1.048976001712884,7364.533691
11454,1443.091,1.132409525310549,7365.638672
11455,1443.217,1.0753109781742782,7362.604492
11456,1443.342,0.9274847047977518,7362.99707
11457,1443.469,0.7066891829034141,7362.565918
11458,1443.594,0.4321996305634307,7361.035645
11459,1443.72,0.21012667449862257,7363.566895
11460,1443.847,-0.04492144246346987,7362.044922
11461,1443.973,-0.1746437455873026,7365.233887
11462,1444.099,-0.3410237536971486,7362.794922
11463,1444.224,-0.47432363021658003,7361.857422
11464,1444.351,-0.5876735046947,7360.372559
11465,1444.477,-0.7456657579398591,7361.59668
11466,1444.602,-0.9012252703823012,7364.922363
11467,1444.729,-0.9407987971896768,7363.481445
11468,1444.855,-0.9465135266552294,7360.981445
11469,1444.98,-0.9354817486232048,7365.864746
11470,1445.107,-0.9309172770795299,7361.182129
11471,1445.233,-0.8338182509055146,7368.117188
11472,1445.358,-0.7487388779794795,7363.447754
11473,1445.484,-0.5355600641593562,7361.915527
11474,1445.61,-0.24068835313256695,7364.870605
11475,1445.737,0.07420213386842814,7368.609375
11476,1445.862,0.46895626361473575,7362.827637
11477,1445.989,0.6471203907041059,7363.821777
11478,1446.114,0.7756761469669721,7364.524414
11479,1446.24,0.7782468626302756,7362.708496
11480,1446.367,0.6915736597161813,7360.369629
11481,1446.492,0.6917662517137596,7368.444336
11482,1446.618,0.6228319339242084,7366.181641
11483,1446.744,0.6955119494346291,7362.796875
11484,1446.871,0.6558009104924291,7365.038086
11485,1446.996,0.7258182753196191,7365.268066
11486,1447.122,0.5664631624755584,7370.763184
11487,1447.248,0.3370903821052471,7361.839355
11488,1447.374,0.047957093463652935,7363.368164
11489,1447.5,-0.27626140067509386,7362.969238
11490,1447.626,-0.7594261679989496,7362.51709
11491,1447.752,-1.024149245084505,7364.385254
11492,1447.878,-1.2393950082468637,7364.151367
11493,1448.004,-1.3671056909386454,7360.730469
11494,1448.13,-1.3229162796043308,7364.729492
11495,1448.256,-1.1064673222145394,7361.935059
11496,1448.382,-0.8619093843760116,7360.624023
11497,1448.508,-0.6262194225218768,7363.897461
11498,1448.634,-0.4022396419819379,7364.227051
11499,1448.76,-0.2962055551876636,7361.148926
11500,1448.886,-0.1930572426285502,7361.293457
11501,1449.012,-0.09646027257990418,7364.014648
11502,1449.138,0.08216116924338389,7364.391113
11503,1449.264,0.19689103725083348,7364.084961
11504,1449.39,0.41727511298480796,7361.864258
11505,1449.516,0.6085247291327792,7362.448242
11506,1449.642,0.7545142875801972,7362.02832
11507,1449.768,0.8101856295043985,7365.069336
11508,1449.894,0.7083769592002607,7363.616699
11509,1450.02,0.666726095119939,7363.701172
11510,1450.146,0.6223967183227183,7361.607422
11511,1450.272,0.6087177079104591,7362.79834
11512,1450.398,0.707761960956469,7360.59375
11513,1450.524,0.703332965093725,7360.473633
11514,1450.65,0.6243871252487466,7359.910645
11515,1450.776,0.44189470577575574,7362.421875
11516,1450.902,0.1602637749346253,7363.930664
11517,1451.028,-0.03221403298956317,7360.523926
11518,1451.154,-0.2860435642826237,7364.809082
11519,1451.28,-0.40800458041488963,7361.894043
11520,1451.406,-0.5252667954475624,7362.169434
11521,1451.532,-0.6661061102959167,7363.470703
11522,1451.658,-0.7920507567823637,7360.86377
11523,1451.784,-1.0822483041748199,7362.34082
11524,1451.91,-1.3312753244152262,7361.728516
11525,1452.036,-1.4806797925420634,7362.34375
11526,1452.162,-1.4390940826371796,7363.192871
11527,1452.288,-1.2063229911061097,7362.164551
11528,1452.414,-0.8748181772248255,7361.765137
11529,1452.54,-0.535583990712819,7361.751953
11530,1452.666,-0.36025510275179284,7364.689453
11531,1452.792,-0.3831787622234194,7362.359863
11532,1452.918,-0.5111242423768028,7361.970215
11533,1453.044,-0.7192334802124872,7361.771973
11534,1453.17,-0.7222952623511097,7362.623535
11535,1453.296,-0.7837072502760167,7363.198242
11536,1453.422,-0.6784853002241655,7360.77832
11537,1453.548,-0.534574006166976,7362.234863
11538,1453.674,-0.34288467961301594,7361.859863
11539,1453.8,-0.2062048220996419,7362.703125
11540,1453.926,-0.01681003989567928,7363.599609
11541,1454.052,0.050289600883120116,7361.965332
11542,1454.178,0.15078987885300052,7368.542969
11543,1454.304,0.038098132600122535,7360.576172
11544,1454.43,-0.12051099971445159,7364.218262
11545,1454.556,-0.3254787773152166,7361.411133
11546,1454.682,-0.5273074191150008,7366.099121
11547,1454.808,-0.6523907718396229,7359.298828
11548,1454.934,-0.6261781079744867,7361.126953
11549,1455.06,-0.4347406077283048,7363.165039
11550,1455.186,-0.053401061317360915,7363.512695
11551,1455.312,0.31596916096473915,7362.549805
11552,1455.438,0.598524221997023,7361.176758
11553,1455.564,0.7479964050218791,7366.397949
11554,1455.69,0.6912037221692552,7361.147461
11555,1455.816,0.498664575036995,7361.364258
11556,1455.942,0.22096989483073842,7363.737305
11557,1456.068,-0.11436348389470768,7361.353027
11558,1456.194,-0.4282139200618132,7358.236328
11559,1456.319,-0.7462728400366156,7364.157715
11560,1456.446,-0.9975898636150425,7361.861816
11561,1456.572,-1.1714156941457503,7361.973145
11562,1456.698,-1.234686887329,7361.353027
11563,1456.824,-1.1473384974221303,7361.831543
11564,1456.95,-0.9949007322250458,7360.89502
11565,1457.076,-0.7368361344479527,7359.499023
11566,1457.202,-0.5449747458435531,7363.527344
11567,1457.328,-0.3153385733318044,7363.620117
11568,1457.454,-0.24953726287653014,7363.416016
11569,1457.58,-0.26205126437593135,7361.671875
11570,1457.706,-0.243897476735724,7356.713867
11571,1457.832,-0.322253677318761,7363.15918
11572,1457.957,-0.2650690756533206,7363.786621
11573,1458.084,-0.1729471835899709,7359.671875
11574,1458.21,-0.037213839320598095,7363.459473
11575,1458.336,0.06398168805437886,7359.415039
11576,1458.462,0.18878356180206501,7358.711426
11577,1458.588,0.3985861772038569,7361.796387
11578,1458.714,0.6487001378293386,7361.488281
11579,1458.84,0.789984559993227,7363.415039
11580,1458.966,0.9521957817157992,7366.231934
11581,1459.091,0.9813835546608973,7363.821777
11582,1459.218,0.795296312384671,7361.658203
11583,1459.344,0.6216806211276995,7359.649414
11584,1459.469,0.3477324302218435,7362.306641
11585,1459.595,0.10335353777971862,7357.431641
11586,1459.722,-0.13572637437195445,7360.212402
11587,1459.847,-0.37189478523809577,7361.289551
11588,1459.973,-0.5997138908002562,7362.282227
11589,1460.1,-0.8685041801017105,7360.447754
11590,1460.225,-1.1772980367470889,7361.253418
11591,1460.351,-1.4474561877021608,7354.713867
11592,1460.478,-1.6766087706713202,7363.758789
11593,1460.604,-1.7334576964375965,7362.621582
11594,1460.729,-1.6484295412555794,7366.62793
11595,1460.855,-1.4349502374481082,7360.432617
11596,1460.982,-1.280436962452452,7367.425781
11597,1461.107,-1.1183974350042793,7362.943848
11598,1461.233,-1.0530170489835486,7360.206055
11599,1461.359,-1.1909002818702235,7360.663574
11600,1461.485,-1.2987064383827944,7362.86084
11601,1461.612,-1.570406242889745,7364.194824
11602,1461.738,-1.6067698787791167,7365.573242
11603,1461.863,-1.5075753470313544,7363.443848
11604,1461.989,-1.262241038301727,7361.770508
11605,1462.115,-0.8192990341649963,7364.233887
11606,1462.241,-0.2539335619153756,7363.285645
11607,1462.367,0.29515502484215334,7363.202637
11608,1462.493,0.873483311925154,7365.760742
11609,1462.619,1.2164919332341673,7360.689453
11610,1462.745,1.4542434778648676,7361.91748
11611,1462.871,1.4892973223034212,7361.040039
11612,1462.997,1.3275131923086616,7357.380371
11613,1463.123,1.141201042577973,7362.855957
11614,1463.25,0.8916651838110942,7360.996094
11615,1463.375,0.7355017590155245,7361.689941
11616,1463.501,0.6445827605427052,7359.084961
11617,1463.627,0.6878790014328486,7362.711426
11618,1463.753,0.7297621205752189,7362.828125
11619,1463.879,0.6548838479212301,7363.278809
11620,1464.005,0.605453979443632,7362.227051
11621,1464.131,0.4808342901650609,7362.987305
11622,1464.257,0.3008566566741913,7358.706055
11623,1464.383,0.12561114264944112,7363.522949
11624,1464.509,-0.04157919738182262,7361.327148
11625,1464.635,-0.29067148192843123,7362.07666
11626,1464.761,-0.5425039782581852,7362.770996
11627,1464.887,-0.798672457335417,7362.8125
11628,1465.013,-1.0142732805452037,7361.019043
11629,1465.139,-1.3147785055785277,7357.894043
11630,1465.265,-1.6135567240807636,7359.837891
11631,1465.391,-1.9531650062247288,7365.031738
11632,1465.517,-2.1613084750491613,7361.974609
11633,1465.643,-2.1966119292917186,7363.930664
11634,1465.769,-2.00896086995476,7367.371582
11635,1465.895,-1.4736150505656862,7362.519531
11636,1466.021,-0.8325049872173641,7365.070313
11637,1466.147,-0.21188747583266135,7361.856934
11638,1466.273,0.4117308171965798,7362.354492
11639,1466.399,0.6628757010740446,7360.478027
11640,1466.525,0.6849957517709693,7359.28418
11641,1466.651,0.6192879498049702,7359.797852
11642,1466.777,0.5152233973985826,7359.665527
11643,1466.903,0.49458172495013447,7360.919922
11644,1467.029,0.5224071419081386,7361.377441
11645,1467.155,0.45726362095895173,7365.550293
11646,1467.281,0.44234006593726594,7358.834473
11647,1467.407,0.24348010274259244,7361.080078
11648,1467.533,-0.055323078007525756,7361.686523
11649,1467.659,-0.42529412817166845,7362.990234
11650,1467.785,-0.7692967869089021,7360.544922
11651,1467.911,-1.1145882524573665,7359.567383
11652,1468.037,-1.4018419272110043,7360.9375
11653,1468.163,-1.6109706383436817,7363.070313
11654,1468.289,-1.6537516900542715,7360.974609
11655,1468.415,-1.5830665275627387,7361.769043
11656,1468.541,-1.4606928913652564,7359.987793
11657,1468.667,-1.2530196851770632,7363.376465
11658,1468.793,-1.1262641071308561,7362.784668
11659,1468.919,-1.1131147829509143,7361.038574
11660,1469.045,-1.2120590801207656,7360.897461
11661,1469.171,-1.3372260722869616,7365.311035
11662,1469.297,-1.5463674832508125,7361.319336
11663,1469.423,-1.6597680678366635,7360.723145
11664,1469.549,-1.7021372611209817,7361.605469
11665,1469.675,-1.509739309029441,7360.917969
11666,1469.801,-1.1339611853933607,7358.84668
11667,1469.927,-0.6639617717360802,7364.597656
11668,1470.053,-0.07438857814966596,7365.587402
11669,1470.179,0.43949453259198684,7362.165039
11670,1470.305,0.7762279559856768,7362.163086
11671,1470.431,0.9640837935084846,7361.54541
11672,1470.557,0.8916406970077188,7362.758301
11673,1470.683,0.5913931367769888,7361.563477
11674,1470.809,0.2603999462176857,7362.591797
11675,1470.935,0.029488670472682447,7360.837402
11676,1471.061,-0.14803238188137866,7362.340332
11677,1471.187,-0.19074758804966366,7363.349609
11678,1471.313,-0.1349778207548721,7363.722168
11679,1471.439,0.014133286502414246,7358.517578
11680,1471.565,0.10700763562346174,7362.227051
11681,1471.691,0.31033673560794445,7361.771484
11682,1471.817,0.3716056391545816,7359.055664
11683,1471.943,0.3827853441589811,7358.996582
11684,1472.069,0.2783107772279527,7365.37207
11685,1472.195,0.0341765885036614,7362.865723
11686,1472.338,-0.4124023249725657,7362.140625
11687,1472.447,-0.8477275867494173,7363.612793
11688,1472.573,-1.2296683455400415,7363.043457
11689,1472.699,-1.5297117278152712,7362.668457
11690,1472.825,-1.643164626691329,7359.1875
11691,1472.951,-1.5695782743712152,7361.056641
11692,1473.077,-1.394926796726205,7362.341797
11693,1473.203,-1.2116009615931802,7362.351074
11694,1473.329,-1.0531701647198262,7362.483398
11695,1473.455,-0.8172863087160602,7360.840332
11696,1473.581,-0.6562729759147082,7359.296875
11697,1473.707,-0.4393787502758906,7361.056152
11698,1473.833,-0.17708300718437667,7362.043945
11699,1473.959,0.027440691993682802,7365.765625
11700,1474.085,0.21583670575399275,7363.041504
11701,1474.211,0.29397603374394954,7358.824219
11702,1474.337,0.33232103370243116,7362.368652
11703,1474.463,0.33772268159622637,7361.549316
11704,1474.589,0.33019147717925057,7365.123535
11705,1474.715,0.34784735192939514,7366.368652
11706,1474.841,0.4254592191118773,7362.291016
11707,1474.967,0.5401894541397131,7361.622559
11708,1475.092,0.5879725322136147,7363.216797
11709,1475.219,0.650100152624752,7361.773438
11710,1475.345,0.6396823272448957,7361.217773
11711,1475.471,0.48460861771896974,7361.853027
11712,1475.596,0.2237104902003087,7362.979492
11713,1475.723,-0.12441018983931965,7360.749023
11714,1475.848,-0.5275720388414236,7360.974609
11715,1475.975,-0.9745591523818016,7362.444824
11716,1476.1,-1.5040104880544363,7357.833008
11717,1476.227,-1.8054747886107485,7360.762207
11718,1476.353,-1.9444101724395948,7363.616699
11719,1476.478,-1.9270565081468733,7360.837891
11720,1476.604,-1.6257550637671774,7360.500488
11721,1476.731,-1.2110753465456143,7360.987793
11722,1476.856,-0.7200649700451228,7358.221191
11723,1476.983,-0.19271487966026526,7361.836426
11724,1477.109,0.1462734046012466,7359.327637
11725,1477.234,0.5197689785418358,7363.415039
11726,1477.361,0.6473114185435651,7358.168945
11727,1477.487,0.6501869375343746,7355.303711
11728,1477.612,0.5155413731742033,7361.504883
11729,1477.739,0.43373082554445297,7359.388184
11730,1477.864,0.2785054583435882,7360.486816
11731,1477.991,0.1818828536928709,7363.105469
11732,1478.117,0.2766500964499307,7358.453125
11733,1478.242,0.427589306975252,7363.603516
11734,1478.368,0.5157250089218126,7360.126953
11735,1478.494,0.4923244046614409,7360.972656
11736,1478.62,0.4227329191143589,7360.240234
11737,1478.746,0.18335659739813787,7357.408203
11738,1478.872,-0.020753507394322607,7359.525391
11739,1478.998,-0.32402362860474965,7361.011719
11740,1479.124,-0.5931276014544995,7359.866211
11741,1479.25,-0.8466129274859672,7361.90625
11742,1479.376,-1.096844571980532,7363.787598
11743,1479.502,-1.3687231906451258,7363.59082
11744,1479.628,-1.4643922891682544,7359.121582
11745,1479.754,-1.526469298496184,7360.463867
11746,1479.88,-1.4419055818802555,7360.204102
11747,1480.006,-1.3875689929370194,7362.821289
11748,1480.132,-1.3456736961731506,7359.817383
11749,1480.258,-1.2187749507152694,7363.787109
11750,1480.384,-1.120910308103802,7364.386719
11751,1480.51,-0.8881054902475584,7359.840332
11752,1480.636,-0.5383011040564413,7361.618164
11753,1480.762,0.00302687470199982,7359.629395
11754,1480.888,0.5315329748235089,7358.53418
11755,1481.014,0.9520776748042212,7361.245117
11756,1481.14,1.2673761769413026,7360.123047
11757,1481.267,1.2923069576217197,7359.109375
11758,1481.392,1.1477136693036534,7357.253906
11759,1481.518,0.9469757220960482,7359.435547
11760,1481.644,0.8446890076448347,7359.02832
11761,1481.771,0.8124965610587264,7360.177246
11762,1481.896,0.8377130310961938,7361.313965
11763,1482.022,0.8194947100831993,7358.984863
11764,1482.148,0.6760529251721868,7360.961914
11765,1482.274,0.38962765262720156,7362.995605
11766,1482.4,-0.19823428355158487,7361.974609
11767,1482.526,-0.7255602405495365,7361.191406
11768,1482.652,-1.1630335951327293,7362.42334
11769,1482.778,-1.3264213957107642,7359.358887
11770,1482.905,-1.5450377061226863,7357.784668
11771,1483.03,-1.5932348390863096,7361.725586
11772,1483.156,-1.5219329025543178,7360.432129
11773,1483.282,-1.4327671972945486,7359.5
11774,1483.408,-1.3823233084894209,7363.177734
11775,1483.534,-1.3049717075395573,7362.104492
11776,1483.66,-1.1530006074955104,7360.010254
11777,1483.786,-1.1421960080088638,7359.500977
11778,1483.912,-1.0797632276970772,7358.492188
11779,1484.038,-1.1384256677536388,7360.214355
11780,1484.164,-1.1993391753589437,7358.708984
11781,1484.29,-1.0943451573861684,7358.266602
11782,1484.416,-0.9573251806078777,7360.490723
11783,1484.542,-0.659453831929829,7361.322754
11784,1484.668,-0.22588568210996798,7359.233398
11785,1484.794,0.32791382909821437,7359.31543
11786,1484.92,0.7658730199080996,7360.987305
11787,1485.046,1.1808292050536893,7358.844238
11788,1485.172,1.3687654347374152,7362.896484
11789,1485.298,1.3845339283429592,7361.598145
11790,1485.424,1.1854844953358825,7364.598633
11791,1485.55,0.8806349832829621,7363.200684
11792,1485.676,0.5276037647782535,7360.381836
11793,1485.802,0.21292155087898332,7360.330566
11794,1485.928,-0.08713129119278648,7361.163574
11795,1486.054,-0.30784171682359834,7355.458984
11796,1486.18,-0.4672679681240542,7359.567871
11797,1486.306,-0.5662817819349053,7360.209961
11798,1486.432,-0.6135464289071278,7362.447754
11799,1486.558,-0.6024830331776985,7359.289551
11800,1486.684,-0.6463993303478504,7360.406738
11801,1486.81,-0.7588285191999382,7364.413574
11802,1486.936,-0.9665073421791006,7359.404785
11803,1487.062,-1.2622052175228693,7360.34375
11804,1487.188,-1.4567831864853777,7360.77002
11805,1487.314,-1.5660179891858577,7358.413086
11806,1487.44,-1.515474862815902,7357.367676
11807,1487.566,-1.354120671342812,7361.798828
11808,1487.691,-0.9792178857633813,7360.152832
11809,1487.818,-0.5846684349519625,7356.151367
11810,1487.944,-0.29598958938059333,7361.362305
11811,1488.07,0.09003164545791287,7360.534668
11812,1488.196,0.3182009154819488,7360.317383
11813,1488.322,0.49535669432644086,7362.248047
11814,1488.448,0.7411363438263036,7358.988281
11815,1488.574,0.8412591988307909,7362.477051
11816,1488.7,0.8388167223321116,7364.650879
11817,1488.826,0.7525718149267204,7356.723145
11818,1488.952,0.5634930966665076,7360.826172
11819,1489.078,0.3618379468095738,7358.003418
11820,1489.204,0.17907941878918013,7358.898926
11821,1489.33,-0.016455255674725694,7359.058594
11822,1489.456,-0.18979494655887624,7358.558594
11823,1489.582,-0.4420773658297468,7361.202637
11824,1489.707,-0.7380514040828396,7359.299805
11825,1489.834,-1.0426562659920493,7359.052734
11826,1489.96,-1.3908337806027238,7363.877441
11827,1490.086,-1.5933667255149953,7357.399414
11828,1490.211,-1.6469948426684538,7361.598145
11829,1490.338,-1.6259812928855915,7359.359375
11830,1490.464,-1.5389552663634256,7361.914063
11831,1490.59,-1.5116502000014915,7357.806152
11832,1490.715,-1.4510322391832542,7359.867676
11833,1490.842,-1.4898143168620892,7360.973145
11834,1490.968,-1.4571636563311747,7359.867676
11835,1491.094,-1.3580290142054061,7362.671875
11836,1491.219,-1.1211001693930531,7356.646973
11837,1491.345,-0.8350535430073157,7362.711426
11838,1491.472,-0.5470811400435537,7358.987793
11839,1491.597,-0.240031821042237,7357.625
11840,1491.723,-0.17424567845790584,7360.669434
11841,1491.849,-0.24832345697898667,7353.861328
11842,1491.976,-0.3259779136990888,7360.273438
11843,1492.101,-0.39717762381952404,7358.019043
11844,1492.227,-0.36930286951879865,7358.384277
11845,1492.353,-0.252661122616456,7361.922852
11846,1492.479,0.047011595077271096,7359.479004
11847,1492.606,0.4647478365728818,7359.669434
11848,1492.731,0.7506117671498105,7358.338867
11849,1492.858,0.9025652512189356,7359.775879
11850,1492.983,0.7844452801082962,7360.112305
11851,1493.109,0.4473914438827352,7358.925293
11852,1493.235,-0.025523682217672695,7354.839844
11853,1493.361,-0.5404813161750517,7356.884766
11854,1493.487,-1.0403683437506028,7359.963379
11855,1493.613,-1.3294931438194908,7358.531738
11856,1493.739,-1.4511246305243912,7359.682617
11857,1493.865,-1.3234865242639062,7357.125488
11858,1493.991,-1.0309824963413066,7357.907715
11859,1494.117,-0.7143799206104977,7359.04541
11860,1494.243,-0.43431379806667275,7357.168945
11861,1494.369,-0.38444922132233716,7356.460938
11862,1494.495,-0.5073926126801855,7359.107422
11863,1494.621,-0.5875734305338859,7357.351074
11864,1494.747,-0.7196079087110058,7357.274902
11865,1494.873,-0.7787337059800881,7359.388184
11866,1494.999,-0.673987192459101,7357.956055
11867,1495.125,-0.6858925660901479,7359.351074
11868,1495.251,-0.6912716301385621,7360.315918
11869,1495.377,-0.7051023281587347,7358.96582
11870,1495.503,-0.7464061966673071,7353.685547
11871,1495.63,-0.7941152959740733,7358.224609
11872,1495.755,-0.7421351708639873,7359.23291
11873,1495.881,-0.68636233147394,7359.299316
11874,1496.007,-0.5403210852224474,7359.923828
11875,1496.133,-0.43643386176506643,7359.257813
11876,1496.259,-0.34169837493806055,7355.136719
11877,1496.385,-0.3901839976215747,7358.817383
11878,1496.511,-0.3160895600476355,7358.504395
11879,1496.637,-0.38342390298929346,7355.514648
11880,1496.763,-0.32587643402166677,7363.029297
11881,1496.889,-0.33989666127519474,7359.694336
11882,1497.015,-0.3596036568138414,7356.138184
11883,1497.141,-0.4684475538201758,7358.812012
11884,1497.267,-0.6982977549979719,7360.81543
11885,1497.393,-0.9257244166902191,7359.943848
11886,1497.519,-1.1861447174595716,7355.061035
11887,1497.645,-1.3918740556238303,7358.562012
11888,1497.771,-1.6182331722955134,7358.244629
11889,1497.897,-1.6666252872515888,7355.522949
11890,1498.024,-1.5424353169257492,7360.775391
11891,1498.149,-1.4953458530218935,7355.965332
11892,1498.275,-1.4075430072512733,7357.193848
11893,1498.401,-1.3569901460203262,7358.992188
11894,1498.527,-1.3416790812720503,7358.950195
11895,1498.653,-1.2863350110922658,7360.757324
11896,1498.779,-1.2282609586150282,7358.401367
11897,1498.905,-1.1614398286182124,7357.569336
11898,1499.031,-1.019867211354649,7358.413574
11899,1499.157,-0.9345638312797483,7353.458496
11900,1499.283,-0.9703000766873878,7358.316895
11901,1499.409,-1.0251560468935788,7355.476563
11902,1499.535,-1.1039838632713512,7359.220703
11903,1499.661,-1.13349113046403,7360.006348
11904,1499.787,-1.0866363047564154,7362.401855
11905,1499.913,-0.8611636675829836,7355.677734
11906,1500.039,-0.5391974173141116,7358.643555
11907,1500.165,-0.15553758088884306,7357.626953
11908,1500.291,0.12952333952278558,7358.963867
11909,1500.417,0.38640330520629607,7361.483887
11910,1500.543,0.4661089330163375,7362.602051
11911,1500.669,0.43964254266432135,7359.666016
11912,1500.795,0.3513802687827336,7358.812988
11913,1500.921,0.13757620318083288,7358.558594
11914,1501.047,-0.03960376312930585,7362.260254
11915,1501.173,-0.22689461192544422,7358.349609
11916,1501.299,-0.3633562437914491,7357.759277
11917,1501.425,-0.3943168448693321,7357.288086
11918,1501.551,-0.295146154305591,7356.859375
11919,1501.677,-0.2424823337561266,7358.469727
11920,1501.803,-0.10752290585637976,7361.55127
11921,1501.928,-0.21184749168316877,7359.374023
11922,1502.055,-0.3413143266826941,7358.028809
11923,1502.181,-0.6522885521715028,7356.950195
11924,1502.307,-1.0385883672252878,7356.152832
11925,1502.433,-1.3167171376398603,7353.127441
11926,1502.559,-1.4676155775152993,7358.126953
11927,1502.685,-1.4951742235910381,7356.881348
11928,1502.811,-1.4161023021350687,7357.395996
11929,1502.937,-1.3594353186769332,7360.88623
11930,1503.063,-1.3328417326302422,7352.75
11931,1503.189,-1.3424437284485233,7361.430176
11932,1503.315,-1.4831913558927523,7357.989746
11933,1503.441,-1.4919862294741268,7357.949707
11934,1503.567,-1.4852661067952055,7356.638184
11935,1503.693,-1.3037706993385367,7358.888672
11936,1503.818,-1.0994595034633567,7358.516602
11937,1503.945,-0.8714916532017973,7357.884766
11938,1504.071,-0.7292941777347257,7356.569336
11939,1504.197,-0.6448877399578203,7356.645508
11940,1504.323,-0.6425598653962958,7354.305664
11941,1504.448,-0.7017324672599402,7354.856934
11942,1504.575,-0.749611147309273,7356.68457
11943,1504.701,-0.6770936528691998,7355.018066
11944,1504.827,-0.5501900565753707,7359.052246
11945,1504.953,-0.35073375184315914,7353.425293
11946,1505.078,-0.17607383888321657,7357.937012
11947,1505.205,-0.08386331058632011,7356.206543
11948,1505.33,-0.11135608934556872,7358.112793
11949,1505.457,-0.18142671333862342,7356.206055
11950,1505.583,-0.2738115140710289,7357.793945
11951,1505.709,-0.33269186047063143,7355.190918
11952,1505.835,-0.2818105469327925,7353.467285
11953,1505.96,-0.22984122029149784,7357.083496
11954,1506.087,-0.2879124889798004,7354.19043
11955,1506.213,-0.3337185458359795,7360.01416
11956,1506.339,-0.4799232052601339,7356.186523
11957,1506.465,-0.6212744202822494,7355.443359
11958,1506.591,-0.7895759147447255,7357.884766
11959,1506.716,-0.8721050430600755,7355.538086
11960,1506.842,-0.9415913821445346,7353.184082
11961,1506.969,-0.975404805518153,7358.637695
11962,1507.095,-1.179139188986609,7354.680176
11963,1507.22,-1.25843631814621,7353.941895
11964,1507.346,-1.3171454832201326,7352.556641
11965,1507.472,-1.2054072739007344,7351.099609
11966,1507.599,-0.9584853073245472,7350.606934
11967,1507.725,-0.6851627736781847,7354.741699
11968,1507.85,-0.5525441834005843,7354.196289
11969,1507.976,-0.5998712938107006,7355.193359
11970,1508.103,-0.8448412235075032,7359.209473
11971,1508.228,-1.2395880809482014,7351.413086
11972,1508.354,-1.7122720936082545,7359.745605
11973,1508.48,-2.0920597899082525,7355.022949
11974,1508.606,-2.3379901117354445,7355.61377
11975,1508.732,-2.4940858597690023,7354.737793
11976,1508.859,-2.5415497779477616,7356.876465
11977,1508.984,-2.459057883980487,7355.132324
11978,1509.11,-2.479352955186217,7355.020508
11979,1509.237,-2.3220266295974126,7354.16748
11980,1509.362,-2.1694363849545364,7356.950195
11981,1509.488,-1.7978141885471233,7354.595703
11982,1509.614,-1.4052977963992082,7357.260742
11983,1509.74,-0.8897817649917941,7357.421875
11984,1509.866,-0.489016713536878,7356.775879
11985,1509.992,-0.12405647522530931,7355.710449
11986,1510.118,0.016949476117701964,7355.913574
11987,1510.244,-0.0013776954454447427,7357.541016
11988,1510.37,-0.2953343137683578,7356.976074
11989,1510.496,-0.5847521162464414,7354.67041
11990,1510.622,-0.888979175879372,7353.513672
11991,1510.748,-1.1160194897798756,7359.564453
11992,1510.874,-1.1321205508472498,7359.060547
11993,1511.0,-0.9880159937131571,7357.39502
11994,1511.126,-0.6492855729607587,7356.18457
11995,1511.252,-0.345407451718414,7352.100098
11996,1511.378,-0.10575292623331012,7355.932129
11997,1511.504,0.03824154911152783,7357.967773
11998,1511.63,0.03455996982435627,7357.71582
11999,1511.757,-0.018472610454303116,7358.328613
12000,1511.882,-0.10905585927581855,7358.841797
12001,1512.008,-0.25273423241971926,7359.157227
12002,1512.134,-0.30104115921235125,7358.572754
12003,1512.26,-0.3885781010254035,7357.274902
12004,1512.386,-0.5802533605788814,7357.029785
12005,1512.512,-0.5939861978168086,7356.38916
12006,1512.638,-0.5457107081678145,7362.890137
12007,1512.764,-0.2561126896425992,7356.018066
12008,1512.89,0.029957271312216014,7354.149414
12009,1513.016,0.30830899677874657,7359.005371
12010,1513.142,0.4246285472098795,7359.928223
12011,1513.268,0.35427515638450846,7358.969238
12012,1513.394,0.050636862882704865,7355.418945
12013,1513.52,-0.42418555537857144,7356.773438
12014,1513.646,-0.8975602519212076,7357.313477
12015,1513.772,-1.3396027800028525,7355.567871
12016,1513.898,-1.6449925200169722,7356.709473
12017,1514.024,-1.7059870152573338,7362.363281
12018,1514.15,-1.7037889897632614,7358.51416
12019,1514.276,-1.4346050629478615,7356.288574
12020,1514.402,-1.1898629946510546,7355.818848
12021,1514.528,-0.8595540456687087,7356.12793
12022,1514.654,-0.5848116500700138,7354.086426
12023,1514.78,-0.4024049038406829,7358.230469
12024,1514.906,-0.34379578403857025,7357.369141
12025,1515.032,-0.39326906237471343,7356.846191
12026,1515.158,-0.6031088154313367,7354.65332
12027,1515.284,-0.7774888450274339,7358.222656
12028,1515.41,-0.9698415206411833,7357.666504
12029,1515.536,-1.1335155297306674,7358.749023
12030,1515.662,-1.2748903204786113,7354.647461
12031,1515.788,-1.3467232509346327,7352.883789
12032,1515.914,-1.4326484475782086,7355.577637
12033,1516.04,-1.4395170910472552,7356.178223
12034,1516.166,-1.4150808265924124,7357.924316
12035,1516.292,-1.3588150012664364,7354.926758
12036,1516.418,-1.2640722764579633,7358.124512
12037,1516.544,-1.2057156316786979,7357.291016
12038,1516.67,-1.061074605318021,7352.693359
12039,1516.796,-0.8289837399534142,7357.317871
12040,1516.922,-0.5500458991628605,7357.54541
12041,1517.048,-0.3026846175806078,7354.458496
12042,1517.174,-0.07775653092998165,7355.580078
12043,1517.3,0.17457861458306898,7358.518066
12044,1517.426,0.22828605825300663,7355.614746
12045,1517.552,0.20680904538355038,7356.117676
12046,1517.678,0.16397494339271018,7358.080566
12047,1517.804,0.14941920715762005,7354.810547
12048,1517.93,0.14768754798382222,7359.118164
12049,1518.056,0.18630705427615676,7358.793457
12050,1518.182,0.2006920579355036,7356.233398
12051,1518.308,0.17485718189376626,7357.604004
12052,1518.434,0.03159371182071259,7353.296387
12053,1518.56,-0.10320895710611883,7358.700684
12054,1518.686,-0.23027280735549818,7361.40625
12055,1518.812,-0.31306190813585316,7357.825684
12056,1518.937,-0.3819711433960677,7360.268555
12057,1519.064,-0.4573430032556868,7352.000488
12058,1519.19,-0.5121045107254217,7361.210449
12059,1519.315,-0.6420153599208182,7360.016113
12060,1519.442,-0.8018818886804714,7358.397461
12061,1519.568,-0.9928722612009819,7357.4375
12062,1519.694,-1.109106621594345,7359.452637
12063,1519.82,-1.171627659508003,7359.856445
12064,1519.946,-1.220325027700061,7356.561523
12065,1520.072,-1.2022111007732812,7358.07959
12066,1520.198,-1.1976060547144944,7357.00293
12067,1520.324,-1.1550652801436505,7354.401367
12068,1520.449,-1.1217736618306313,7362.07666
12069,1520.575,-1.0947711675281342,7359.004883
12070,1520.702,-0.9906398507022267,7357.085938
12071,1520.827,-0.954265545774072,7357.018555
12072,1520.954,-1.040326899001296,7358.631836
12073,1521.079,-1.2530260933329367,7357.118164
12074,1521.206,-1.5159769468593198,7356.465332
12075,1521.331,-1.8492444885232782,7357.934082
12076,1521.458,-2.04310653033066,7358.626953
12077,1521.584,-2.0322902940567777,7355.78125
12078,1521.71,-1.9749215340623023,7356.69873
12079,1521.835,-1.695324842974772,7356.589355
12080,1521.962,-1.4943548816733354,7357.086914
12081,1522.088,-1.3825169515854456,7354.818848
12082,1522.214,-1.340063254653857,7354.745117
12083,1522.339,-1.5437214786863909,7349.536621
12084,1522.465,-1.7830857501055861,7353.441406
12085,1522.591,-2.0094894290619254,7355.814941
12086,1522.718,-2.188478443341019,7357.422852
12087,1522.844,-2.1732636121033115,7358.874512
12088,1522.969,-2.0372851727903214,7354.537109
12089,1523.096,-1.7447921736190262,7357.897949
12090,1523.222,-1.4430290798379088,7360.061523
12091,1523.347,-1.2069763410576737,7355.184082
12092,1523.473,-0.9866283436057548,7358.234375
12093,1523.6,-0.9370908611314609,7355.98877
12094,1523.725,-1.0084963096252322,7354.612305
12095,1523.851,-1.1357387502402267,7355.751953
12096,1523.977,-1.3339001866474947,7356.519531
12097,1524.103,-1.5499919591131681,7357.128906
12098,1524.229,-1.6854488363477074,7353.29248
12099,1524.355,-1.7928910724205174,7359.296875
12100,1524.481,-1.707402212068298,7357.959961
12101,1524.608,-1.5836283954551968,7354.422852
12102,1524.734,-1.3941856095158796,7357.68457
12103,1524.859,-1.2620949833441661,7355.342773
12104,1524.985,-1.1903839906382891,7350.858887
12105,1525.111,-1.2194677225390524,7357.020996
12106,1525.237,-1.2217303145501166,7357.289063
12107,1525.363,-1.2661897781830176,7357.371094
12108,1525.489,-1.2493426895056743,7354.487793
12109,1525.615,-1.1810199213860293,7354.571289
12110,1525.742,-1.0717896170550745,7354.816895
12111,1525.867,-0.9704206275990138,7355.697754
12112,1525.993,-1.034033751003647,7356.685059
12113,1526.119,-1.0421767944253197,7361.729004
12114,1526.245,-1.1715477732217656,7355.337402
12115,1526.371,-1.2942453201205355,7356.924805
12116,1526.497,-1.2273400182590584,7356.600098
12117,1526.623,-1.2453629108946813,7355.80957
12118,1526.749,-1.1645638165570626,7354.32666
12119,1526.875,-1.010482351186425,7359.847656
12120,1527.001,-0.9829119790958362,7356.03418
12121,1527.127,-1.1146502026205143,7356.182129
12122,1527.253,-1.0892990334629487,7356.864258
12123,1527.379,-1.0675982060186455,7356.171387
12124,1527.505,-0.9248990755128278,7355.571777
12125,1527.631,-0.8200902446097177,7357.789063
12126,1527.757,-0.7106655767123331,7353.794922
12127,1527.883,-0.705017449326965,7357.301758
12128,1528.009,-0.8895835744305407,7354.054688
12129,1528.135,-1.1721566836082238,7359.046875
12130,1528.261,-1.4435710136164728,7359.506836
12131,1528.387,-1.5189764971971766,7355.442871
12132,1528.513,-1.5603621291988439,7357.507813
12133,1528.639,-1.3372493063669049,7360.083984
12134,1528.765,-1.1820736211415013,7361.604004
12135,1528.891,-1.1416753014319179,7358.546387
12136,1529.017,-1.1925247902316927,7358.492676
12137,1529.143,-1.3468393342099332,7357.743652
12138,1529.269,-1.5636205471303652,7353.664551
12139,1529.395,-1.6655122849820567,7353.414551
12140,1529.521,-1.470991526124903,7351.424316
12141,1529.647,-1.202897759951115,7357.163574
12142,1529.773,-0.7022140131275311,7357.989746
12143,1529.899,-0.29690163350617543,7354.70752
12144,1530.025,-0.11293296459800609,7357.396484
12145,1530.151,-0.10073680684150252,7362.457031
12146,1530.277,-0.40962895270763916,7357.655273
12147,1530.403,-0.842150594172222,7357.935547
12148,1530.529,-1.1971446426832002,7353.657715
12149,1530.655,-1.4964749605887828,7361.893555
12150,1530.781,-1.6144209657463842,7352.730957
12151,1530.907,-1.6337383702527697,7356.499023
12152,1531.033,-1.449456968379365,7356.520996
12153,1531.159,-1.3086492650213841,7356.291992
12154,1531.285,-1.0942076978144075,7352.388184
12155,1531.411,-1.0257399115816508,7347.320313
12156,1531.537,-0.9216154095139338,7359.39502
12157,1531.663,-0.8451667911919919,7357.277832
12158,1531.789,-0.8992133296673677,7357.314941
12159,1531.915,-0.942014857002349,7360.325684
12160,1532.041,-1.0583359468969946,7358.666016
12161,1532.167,-1.2255468515562717,7359.328613
12162,1532.293,-1.4218478032511417,7354.162598
12163,1532.419,-1.5790705244856735,7358.38623
12164,1532.545,-1.6577935101457923,7355.822266
12165,1532.671,-1.6300651289233639,7360.70166
12166,1532.797,-1.6217119548350125,7354.661133
12167,1532.923,-1.5706817423518953,7353.987793
12168,1533.049,-1.4490566296575957,7356.56543
12169,1533.175,-1.4088941237944668,7357.334473
12170,1533.301,-1.2989534464276327,7353.179199
12171,1533.427,-1.2362560963531652,7351.182617
12172,1533.553,-1.1112745169313734,7354.946777
12173,1533.679,-1.0273551639896001,7355.950195
12174,1533.805,-0.9975176779465129,7355.41748
12175,1533.931,-1.0872536061497529,7356.169922
12176,1534.057,-1.2035566600104624,7357.658203
12177,1534.183,-1.4612352907457216,7354.86377
12178,1534.309,-1.6103337985379094,7356.740234
12179,1534.434,-1.732982635541707,7355.942871
12180,1534.561,-1.685970532296081,7353.346191
12181,1534.687,-1.540360659616996,7357.430176
12182,1534.813,-1.306807417969773,7357.343262
12183,1534.939,-1.0368263331272773,7355.118164
12184,1535.065,-0.7628771644651711,7354.158691
12185,1535.191,-0.6391353503931492,7354.793457
12186,1535.317,-0.6689175214577188,7355.185547
12187,1535.443,-0.751612099258301,7357.921875
12188,1535.569,-0.9060720366182696,7356.531738
12189,1535.695,-1.0906878979492483,7355.440918
12190,1535.821,-1.3282122786260973,7354.391113
12191,1535.947,-1.5172793879159083,7352.536133
12192,1536.072,-1.7322565142708064,7355.289063
12193,1536.199,-1.9295713575478026,7354.394531
12194,1536.325,-1.9616448034638403,7355.941895
12195,1536.451,-1.9780351373561391,7354.680176
12196,1536.577,-1.829330851666883,7354.828125
12197,1536.702,-1.647209509551459,7354.51123
12198,1536.828,-1.5307607918994064,7353.05127
12199,1536.955,-1.498644977029067,7353.12793
12200,1537.081,-1.6504841556269039,7355.614746
12201,1537.206,-1.8872525735826542,7357.722168
12202,1537.332,-2.1762697823235246,7350.841309
12203,1537.458,-2.350769220980501,7356.506348
12204,1537.585,-2.3495290941928495,7356.280273
12205,1537.71,-2.1304125626225643,7353.514648
12206,1537.836,-1.8831822391789892,7356.695801
12207,1537.963,-1.6189869403406734,7354.755859
12208,1538.088,-1.425077235924916,7355.25293
12209,1538.215,-1.4247432258506094,7356.492188
12210,1538.34,-1.52840220785612,7354.797363
12211,1538.466,-1.7028613151736562,7355.631836
12212,1538.592,-1.852257777989529,7358.254883
12213,1538.718,-1.9207929433026376,7358.249023
12214,1538.844,-1.7882825561518532,7352.429688
12215,1538.97,-1.44163404374351,7354.794922
12216,1539.096,-0.982564145080208,7355.303223
12217,1539.222,-0.44886023329333513,7354.285156
12218,1539.349,0.058615713633707774,7352.92334
12219,1539.475,0.3200117368110763,7351.73291
12220,1539.6,0.4045888079535974,7352.591797
12221,1539.726,0.17572347367347735,7354.699219
12222,1539.852,-0.019045863636316235,7354.766113
12223,1539.978,-0.41437202064946427,7353.878906
12224,1540.104,-0.6420768721467766,7354.104492
12225,1540.23,-0.8520164672729057,7355.664063
12226,1540.356,-0.9090868678089477,7351.370117
12227,1540.482,-0.812684208485822,7354.847168
12228,1540.608,-0.5854895849503022,7354.36377
12229,1540.734,-0.3824627928622008,7354.244141
12230,1540.86,-0.15988353026859034,7353.803711
12231,1540.986,0.07354732908808337,7353.325195
12232,1541.112,0.20234036626730179,7353.820313
12233,1541.238,0.25085438530491877,7352.095703
12234,1541.364,0.25485847166529657,7353.679688
12235,1541.49,0.20069375134203873,7353.254395
12236,1541.616,0.31500042038206616,7355.576172
12237,1541.742,0.43305215015281173,7355.888184
12238,1541.868,0.5068282823694369,7354.468262
12239,1541.995,0.5939997112270895,7354.490234
12240,1542.12,0.45751069349441986,7354.179199
12241,1542.246,0.34565421782768047,7357.458496
12242,1542.372,0.24374325697764504,7354.144531
12243,1542.498,0.08675899100836938,7354.109863
12244,1542.624,0.07419966754992256,7353.87793
12245,1542.75,0.23686210828245932,7357.79541
12246,1542.876,0.39348571587691367,7351.434082
12247,1543.002,0.452945184726741,7351.560059
12248,1543.128,0.37034455068359257,7354.079102
12249,1543.254,0.17749502952984597,7354.427734
12250,1543.38,-0.20706325238824036,7350.863281
12251,1543.506,-0.5483124047587279,7353.541992
12252,1543.632,-0.7094879506605889,7358.5
12253,1543.758,-0.7735019490402567,7352.759277
12254,1543.884,-0.6632545796001108,7353.369141
12255,1544.01,-0.5478491042368906,7353.416992
12256,1544.136,-0.3232075895175605,7353.308594
12257,1544.262,-0.09219696773486247,7353.032227
12258,1544.388,0.19366961632382615,7352.746582
12259,1544.514,0.4236280337018932,7354.336426
12260,1544.64,0.6263683910904602,7352.890625
12261,1544.766,0.6207048200252998,7357.11084
12262,1544.892,0.5263605395562111,7354.501953
12263,1545.018,0.16378830869022792,7354.568848
12264,1545.144,-0.33041524983872317,7356.480957
12265,1545.27,-0.746076993476758,7352.893066
12266,1545.396,-1.0945840009680838,7352.854004
12267,1545.522,-1.0626617470957056,7351.485352
12268,1545.648,-0.8120821812750356,7349.683594
12269,1545.774,-0.3973424473112808,7352.228516
12270,1545.9,0.14195949631273871,7351.79248
12271,1546.026,0.4881315426133563,7352.460938
12272,1546.152,0.6700264685978765,7353.878906
12273,1546.278,0.6563555279939925,7347.296387
12274,1546.404,0.4456980773970215,7353.006348
12275,1546.53,0.15364377609365712,7353.211426
12276,1546.656,-0.1737448637977718,7353.441895
12277,1546.782,-0.47517858358459536,7352.23291
12278,1546.908,-0.6741416468571646,7357.122559
12279,1547.034,-0.8343584751535711,7357.26123
12280,1547.16,-0.7863493231264185,7352.566895
12281,1547.286,-0.7206058562685861,7353.601074
12282,1547.412,-0.4494099630039584,7353.741211
12283,1547.538,-0.15647555198229912,7353.027344
12284,1547.664,0.11433659048235029,7357.890625
12285,1547.79,0.3614200339371371,7357.792969
12286,1547.917,0.5131599819828598,7353.149902
12287,1548.042,0.34425281276813147,7353.483398
12288,1548.168,0.1158589130993929,7354.217285
12289,1548.294,-0.35015197548484017,7353.303711
12290,1548.42,-0.8100972427379279,7356.114258
12291,1548.546,-1.271146108209385,7352.466309
12292,1548.671,-1.4923125875705958,7352.478516
12293,1548.798,-1.6236044074692173,7353.053711
12294,1548.924,-1.5177801974129916,7352.138184
12295,1549.05,-1.3435640475797341,7348.59082
12296,1549.176,-1.0859322053445641,7350.619141
12297,1549.302,-0.8060345904135456,7352.750488
12298,1549.428,-0.697854191362052,7352.433105
12299,1549.554,-0.5135732196486573,7349.95752
12300,1549.68,-0.4047235320227381,7352.107422
12301,1549.806,-0.284049231649045,7356.335938
12302,1549.932,-0.23055228453267568,7349.65918
12303,1550.058,-0.21969104284803645,7353.913086
12304,1550.184,-0.39877517169015936,7352.407715
12305,1550.31,-0.590312081880208,7354.193848
12306,1550.436,-0.9634332126003833,7349.681641
12307,1550.562,-1.3844567408355353,7349.838379
12308,1550.688,-1.6558569256422437,7354.190918
12309,1550.814,-1.8972752190181796,7352.57959
12310,1550.939,-2.0550682436058523,7352.380371
12311,1551.066,-2.0617416794702916,7354.195313
12312,1551.192,-1.9725824845678328,7354.397461
12313,1551.317,-1.9428925196945905,7351.27002
12314,1551.444,-1.8443455025109992,7353.849609
12315,1551.57,-1.930781558006814,7352.095215
12316,1551.695,-1.9905279156608844,7355.414551
12317,1551.821,-2.1990319382463324,7353.155273
12318,1551.948,-2.4805623727296804,7346.80957
12319,1552.074,-2.692782160064917,7350.399902
12320,1552.2,-2.851562744822553,7352.124023
12321,1552.325,-2.95053486437517,7352.5
12322,1552.452,-2.8226075405135593,7350.155273
12323,1552.578,-2.6682461532305104,7353.987793
12324,1552.704,-2.4704403927345346,7353.595703
12325,1552.83,-2.2522834773651024,7351.479492
12326,1552.956,-2.0478281209412432,7351.922852
12327,1553.082,-1.9383190400185295,7354.414063
12328,1553.208,-1.8347216775168709,7356.224121
12329,1553.334,-1.7722524703223645,7353.118164
12330,1553.459,-1.7410724343484205,7354.808105
12331,1553.586,-1.8259242408448615,7353.903809
12332,1553.711,-1.9334872389721032,7353.853027
12333,1553.838,-2.021711221464826,7353.934082
12334,1553.964,-2.0994316697869015,7350.866699
12335,1554.09,-1.9240727472876415,7351.588379
12336,1554.215,-1.6625883338373484,7352.637207
12337,1554.342,-1.373988108158434,7351.894043
12338,1554.467,-1.1339012350994477,7347.653809
12339,1554.594,-1.156117531070549,7348.445801
12340,1554.72,-1.408625835659513,7355.423828
12341,1554.845,-1.7222199936160598,7350.410645
12342,1554.971,-2.1293839827681023,7350.9375
12343,1555.097,-2.426483045418139,7353.987305
12344,1555.223,-2.5284003928776553,7351.013672
12345,1555.349,-2.46942288686472,7353.632324
12346,1555.475,-2.284735767222002,7347.864746
12347,1555.602,-2.0530653991765875,7350.678223
12348,1555.727,-1.860077619099635,7352.342285
12349,1555.853,-1.691229511618118,7349.467773
12350,1555.979,-1.566502393398892,7351.164551
12351,1556.106,-1.4623274704386173,7352.405762
12352,1556.231,-1.3945642129535651,7351.469238
12353,1556.357,-1.341660844328163,7352.111328
12354,1556.483,-1.5200897493861645,7351.384766
12355,1556.609,-1.4826453250389577,7349.89209
12356,1556.735,-1.5349829799996153,7347.922363
12357,1556.861,-1.4873260870320708,7346.037598
12358,1556.987,-1.3700050049558137,7350.335938
12359,1557.113,-1.225127053240227,7353.446777
12360,1557.239,-1.1174636533583107,7352.039551
12361,1557.365,-1.1345328003915665,7352.461426
12362,1557.491,-1.3159963186794177,7354.144531
12363,1557.617,-1.517528635626083,7349.523926
12364,1557.743,-1.708483665711432,7351.951172
12365,1557.869,-1.8745519760526748,7351.812988
12366,1557.995,-1.8560581650233476,7355.102051
12367,1558.121,-1.6775662440562304,7349.613281
12368,1558.248,-1.4321484772746513,7349.743652
12369,1558.373,-1.1785419063937377,7346.555176
12370,1558.5,-1.0780378512742155,7351.522949
12371,1558.625,-1.1080416959889243,7351.230469
12372,1558.751,-1.3353336925110553,7351.414063
12373,1558.877,-1.6327279825897076,7347.290039
12374,1559.003,-1.9256268285384752,7349.255371
12375,1559.129,-2.156952582198856,7351.98877
12376,1559.255,-2.2941156960657945,7349.830566
12377,1559.381,-2.300408236110836,7349.232422
12378,1559.507,-2.267610065901571,7347.657227
12379,1559.633,-2.181256899365334,7353.569824
12380,1559.759,-2.0252106112988923,7351.983887
12381,1559.885,-1.9363563811994047,7351.974609
12382,1560.011,-1.8412650705459468,7350.089355
12383,1560.137,-1.6454482546073013,7349.939453
12384,1560.263,-1.5451104559382889,7355.333984
12385,1560.389,-1.6241637894422207,7349.998047
12386,1560.515,-1.7736017729873812,7349.630859
12387,1560.641,-1.9162075138663972,7349.985352
12388,1560.767,-2.128583957524023,7347.462402
12389,1560.893,-2.2241175328647564,7351.227539
12390,1561.019,-2.1491210190000074,7349.345215
12391,1561.145,-2.0117276393479884,7351.135254
12392,1561.271,-1.8884429376376746,7351.316406
12393,1561.397,-1.784756419775737,7351.324707
12394,1561.523,-1.7727142981591884,7355.217773
12395,1561.649,-1.7793884871234646,7353.04541
12396,1561.775,-1.7902224479416096,7349.919922
12397,1561.901,-1.6996695474263446,7352.350098
12398,1562.027,-1.6521776791847793,7350.95166
12399,1562.153,-1.623706169624232,7345.283203
12400,1562.279,-1.5706369378428326,7347.205078
12401,1562.405,-1.7704414773856545,7349.831543
12402,1562.531,-1.8666586196901405,7350.049316
12403,1562.657,-2.014727827130254,7351.159668
12404,1562.783,-2.0414253052845126,7353.529785
12405,1562.909,-1.8181507982741516,7348.17627
12406,1563.035,-1.5834228609556473,7354.909668
12407,1563.165,-1.3542674919073658,7352.354004
12408,1563.287,-1.176218353406545,7351.046875
12409,1563.413,-1.1029551699306337,7352.680664
12410,1563.539,-1.2101991137744004,7352.56543
12411,1563.665,-1.3344143974868288,7356.334473
12412,1563.791,-1.5309892166830816,7347.873535
12413,1563.917,-1.6358131751811482,7352.000488
12414,1564.043,-1.6766354821870257,7351.666504
12415,1564.169,-1.6565311112047298,7350.158691
12416,1564.295,-1.5865999447583568,7348.793457
12417,1564.421,-1.5406796441582726,7351.489746
12418,1564.547,-1.5975614679794794,7349.969238
12419,1564.673,-1.6963464064712972,7349.124023
12420,1564.799,-1.7053065042309343,7349.46582
12421,1564.925,-1.7425801537476617,7347.271973
12422,1565.051,-1.6554068865789708,7349.461914
12423,1565.177,-1.5405133222616287,7350.737305
12424,1565.303,-1.4092622053808983,7350.735352
12425,1565.429,-1.3214915771978066,7348.442871
12426,1565.555,-1.3097138759253202,7353.346191
12427,1565.68,-1.245894066693411,7348.251465
12428,1565.807,-1.3024991315739591,7350.006836
12429,1565.933,-1.3143570900595984,7350.280273
12430,1566.059,-1.2859312033678563,7350.196289
12431,1566.185,-1.3251710125819742,7354.602539
12432,1566.311,-1.4162625645187596,7352.550781
12433,1566.436,-1.525252825546152,7349.18457
12434,1566.564,-1.6237433667747807,7350.69873
12435,1566.688,-1.8203634574109497,7351.641113
12436,1566.815,-1.836003891697994,7351.549316
12437,1566.941,-1.733178963619105,7344.772949
12438,1567.067,-1.4927059855827112,7351.216309
12439,1567.192,-1.2013899376123394,7350.963867
12440,1567.319,-0.816280949179889,7350.252441
12441,1567.445,-0.5389108627709867,7350.02002
12442,1567.571,-0.3369425756366651,7346.508301
12443,1567.697,-0.30764083705810713,7353.480469
12444,1567.823,-0.2939035596867948,7350.291504
12445,1567.948,-0.3185645223634332,7350.898438
12446,1568.074,-0.41158813642715386,7351.047852
12447,1568.201,-0.5283299798058022,7349.571289
12448,1568.327,-0.5947996054120374,7344.805176
12449,1568.453,-0.6884397043705354,7351.370117
12450,1568.579,-0.6830945148984576,7349.60791
12451,1568.705,-0.6787011240782872,7351.100586
12452,1568.83,-0.691280324876393,7353.075684
12453,1568.956,-0.6215617299438674,7345.342773
12454,1569.082,-0.48553269919953174,7350.002441
12455,1569.208,-0.37165905445553554,7350.644043
12456,1569.335,-0.3680733387013059,7352.112793
12457,1569.461,-0.4102074296338613,7351.337891
12458,1569.587,-0.4763297550611067,7353.416504
12459,1569.712,-0.6587157223730858,7352.589355
12460,1569.839,-0.7965456875930274,7351.721191
12461,1569.964,-0.9500983195353538,7350.587402
12462,1570.09,-1.0646118815277514,7352.046875
12463,1570.217,-1.1696412297437844,7351.362793
12464,1570.343,-1.2826745966393844,7350.57959
12465,1570.468,-1.2372240347091146,7349.55127
12466,1570.594,-1.170642777506946,7351.409668
12467,1570.72,-0.9995546674888006,7352.257324
12468,1570.846,-0.7867430077139062,7351.328613
12469,1570.973,-0.6501306365599633,7350.965332
12470,1571.098,-0.48584392210370897,7349.874023
12471,1571.224,-0.37629073212041847,7350.200195
12472,1571.35,-0.23875834944223795,7350.260742
12473,1571.476,-0.08021523512504194,7350.537598
12474,1571.602,0.18316981764757556,7350.54248
12475,1571.728,0.3581413362495044,7348.79541
12476,1571.855,0.3645944769360837,7351.4375
12477,1571.981,0.24384922164391404,7350.789551
12478,1572.106,-0.19578579892091114,7349.26123
12479,1572.232,-0.7255386464877239,7352.182617
12480,1572.358,-1.125934080229286,7350.027344
12481,1572.484,-1.3194724825755235,7348.069336
12482,1572.61,-1.1758318284726974,7349.147461
12483,1572.736,-0.8571681779862792,7351.867676
12484,1572.862,-0.3562854372924152,7345.796387
12485,1572.988,0.11945196279961799,7345.57959
12486,1573.114,0.4276344505733735,7351.724609
12487,1573.24,0.5406127056705109,7350.082031
12488,1573.366,0.43153472577161783,7352.456055
12489,1573.492,0.24738664491385995,7348.312012
12490,1573.618,-0.00617893643183221,7351.299805
12491,1573.744,-0.3341686792050599,7350.279297
12492,1573.87,-0.38337530065372566,7350.441406
12493,1573.996,-0.4382109974185915,7354.327637
12494,1574.122,-0.4122904530792715,7353.290039
12495,1574.248,-0.46203375831504423,7354.035156
12496,1574.374,-0.5394757069360377,7351.949219
12497,1574.5,-0.6776015721220005,7349.832031
12498,1574.626,-0.7203567360197235,7349.351074
12499,1574.752,-0.7621671189995322,7349.094727
12500,1574.878,-0.6689049196829705,7351.774902
12501,1575.004,-0.34701551303548556,7347.812012
12502,1575.13,0.015059887736716128,7349.514648
12503,1575.256,0.30729183254215164,7351.33252
12504,1575.382,0.7256680298352458,7347.960938
12505,1575.508,1.0387100238460119,7349.888184
12506,1575.634,1.2337212361289993,7350.334473
12507,1575.76,1.3336149130812411,7349.40332
12508,1575.886,1.2818088471860023,7346.887695
12509,1576.012,1.090309096082351,7348.020508
12510,1576.138,0.8007344099883996,7353.214844
12511,1576.264,0.4762895353093499,7349.418945
12512,1576.39,0.10806849716147274,7348.52832
12513,1576.516,-0.13919294892955758,7349.775391
12514,1576.642,-0.21388244845322207,7355.024414
12515,1576.768,-0.21525870305530873,7349.175781
12516,1576.894,-0.15905463793271143,7348.754395
12517,1577.02,-0.05811955312186104,7347.452148
12518,1577.146,-0.06603929201965479,7349.007324
12519,1577.272,-0.08590084195473119,7343.064941
12520,1577.398,-0.32959308595881903,7349.222656
12521,1577.524,-0.4144350055474416,7350.000488
12522,1577.65,-0.542274121395404,7347.453613
12523,1577.776,-0.5793633430592797,7346.350586
12524,1577.902,-0.4838434887088594,7351.290039
12525,1578.028,-0.41456817360681447,7349.135742
12526,1578.154,-0.4660830593332997,7352.990723
12527,1578.28,-0.5556924352040616,7349.028809
12528,1578.406,-0.7438512663115867,7347.294434
12529,1578.532,-1.0973075700151043,7348.491211
12530,1578.658,-1.3519017092799215,7350.71875
12531,1578.784,-1.5488537562213982,7349.631836
12532,1578.91,-1.5881309634423337,7350.588867
12533,1579.036,-1.38626582539411,7349.197754
12534,1579.162,-1.121486057298285,7349.091797
12535,1579.288,-0.8040197131355649,7347.565918
12536,1579.414,-0.5626527426687463,7347.856445
12537,1579.54,-0.35474819409119596,7349.228027
12538,1579.666,-0.27895079811464585,7350.719238
12539,1579.792,-0.2725012083553697,7346.583496
12540,1579.918,-0.2403928259431363,7350.26709
12541,1580.044,-0.32797314450382103,7350.444824
12542,1580.17,-0.47917878075529147,7349.602051
12543,1580.296,-0.7605516775572454,7350.930664
12544,1580.422,-1.0740911282492838,7349.45752
12545,1580.548,-1.4750084201347031,7347.517578
12546,1580.674,-1.7979357470405084,7350.020996
12547,1580.8,-2.058437878662357,7349.375488
12548,1580.926,-2.1528650803866443,7353.374512
12549,1581.053,-2.2051128889570486,7354.376465
12550,1581.178,-2.155830057247578,7344.73291
12551,1581.304,-2.1824823036315593,7347.479004
12552,1581.43,-2.1473938470137375,7347.738281
12553,1581.556,-2.030881947680285,7348.345703
12554,1581.682,-1.8265666956919842,7353.528809
12555,1581.807,-1.5784803092544515,7348.433105
12556,1581.934,-1.2840448258765846,7348.749512
12557,1582.06,-1.0016624720010656,7345.981934
12558,1582.186,-0.8236846317512929,7351.602051
12559,1582.312,-0.7344489161406424,7349.663574
12560,1582.438,-0.6382526963576312,7346.007324
12561,1582.564,-0.6900569302543693,7349.942383
12562,1582.69,-0.7349904210620778,7349.181152
12563,1582.816,-0.6834685481632413,7352.865234
12564,1582.942,-0.643446311284752,7350.3125
12565,1583.068,-0.6138787300460925,7350.847656
12566,1583.193,-0.36615733017100516,7349.037598
12567,1583.319,-0.19031198454660328,7346.758301
12568,1583.445,0.11691568863681251,7349.620117
12569,1583.572,0.3293582574859455,7348.594238
12570,1583.697,0.4939206209443477,7348.782227
12571,1583.824,0.5890197087812293,7349.324219
12572,1583.949,0.5903497861747145,7349.461426
12573,1584.076,0.5005606827315114,7350.23584
12574,1584.202,0.47214763930505854,7346.161621
12575,1584.327,0.40090396565297765,7349.740723
12576,1584.454,0.3669426341221643,7351.936523
12577,1584.579,0.285571330294657,7350.355469
12578,1584.705,0.14426030295494036,7350.37207
12579,1584.831,-0.09830312431598061,7350.061523
12580,1584.958,-0.3613601548060736,7348.435059
12581,1585.083,-0.5679177584301953,7347.993652
12582,1585.209,-0.5440637538379688,7345.595703
12583,1585.335,-0.41724519996340437,7351.005859
12584,1585.461,-0.13583206029270933,7348.741699
12585,1585.587,0.27400781466937535,7350.277832
12586,1585.713,0.5791497231106314,7349.241699
12587,1585.839,0.8213471905902309,7348.631836
12588,1585.965,0.6544121777762328,7348.094238
12589,1586.092,0.3784656815856097,7349.485352
12590,1586.217,0.14925793923716069,7349.456543
12591,1586.343,-0.1685604422547543,7352.383301
12592,1586.469,-0.1627224821063923,7351.180176
12593,1586.596,0.17453833276632674,7351.400879
12594,1586.721,0.3916138188719257,7348.526855
12595,1586.847,0.7406905781904494,7348.779297
12596,1586.974,0.6738348667197477,7348.535645
12597,1587.099,0.55053310940942,7351.591309
12598,1587.225,0.2673043001944489,7348.840332
12599,1587.351,-0.06160633396549847,7349.205078
12600,1587.477,-0.15977025475756595,7349.268066
12601,1587.603,-0.42938997880422214,7347.963379
12602,1587.729,-0.5144226670584606,7348.332031
12603,1587.856,-0.6436315408610283,7347.354492
12604,1587.981,-0.7212873210150061,7350.022461
12605,1588.107,-0.899017376045493,7346.61377
12606,1588.233,-0.8848255856114621,7351.58252
12607,1588.359,-0.960501371718938,7349.251953
12608,1588.485,-0.8618512268105283,7349.402344
12609,1588.611,-0.6359109143389909,7349.769043
12610,1588.737,-0.535950309236995,7346.33252
12611,1588.863,-0.5514139541682401,7351.502441
12612,1588.989,-0.6644915820470833,7347.359375
12613,1589.115,-0.8111231308895855,7348.272461
12614,1589.241,-0.8702388693622315,7346.728516
12615,1589.367,-0.9985391065748392,7350.15332
12616,1589.493,-0.9245353383807183,7351.508789
12617,1589.619,-0.8209593180229656,7346.830078
12618,1589.745,-0.7603180206203405,7348.97168
12619,1589.871,-0.8466380141518621,7349.810059
12620,1589.997,-0.9872188102994229,7348.157227
12621,1590.123,-1.2595234349483102,7345.709473
12622,1590.249,-1.4688543378499652,7349.642578
12623,1590.375,-1.4776471059823617,7348.664063
12624,1590.501,-1.2788603627944732,7351.291992
12625,1590.627,-0.9957738539889531,7349.70166
12626,1590.753,-0.7975254847062858,7353.036133
12627,1590.879,-0.4740440732783171,7350.927734
12628,1591.005,-0.5017927228547837,7349.944824
12629,1591.131,-0.6792204791992573,7347.305176
12630,1591.257,-0.9190642440180598,7352.964844
12631,1591.383,-1.1894806081438791,7349.939453
12632,1591.509,-1.3840401954788715,7349.038574
12633,1591.635,-1.3996509246742102,7350.172852
12634,1591.761,-1.2159739584329177,7350.989746
12635,1591.887,-1.0458125061803285,7345.383301
12636,1592.013,-0.7523562075734977,7348.449219
12637,1592.14,-0.5648785695717232,7350.927246
12638,1592.265,-0.518407025630303,7347.86084
12639,1592.391,-0.6702943681177272,7344.859375
12640,1592.517,-0.7572164462418838,7347.749512
12641,1592.643,-0.8525158445499301,7350.614258
12642,1592.769,-0.8048004077265248,7348.931641
12643,1592.895,-0.5215054398896614,7349.825684
12644,1593.021,0.016501625201649432,7348.541992
12645,1593.147,0.5935917832295501,7348.369629
12646,1593.273,1.232555700698899,7350.443359
12647,1593.399,1.537595213272736,7348.389648
12648,1593.525,1.6342744506297473,7351.089355
12649,1593.651,1.5364115414342443,7346.911621
12650,1593.777,1.2865963854489113,7347.203613
12651,1593.903,1.0364460872608876,7350.477051
12652,1594.029,0.8013652742808286,7346.139648
12653,1594.155,0.6076280442284654,7350.071289
12654,1594.281,0.5372728457680636,7347.023438
12655,1594.407,0.49115800326049475,7348.354492
12656,1594.533,0.4588605067252435,7347.895508
12657,1594.659,0.38076043045614116,7349.329102
12658,1594.785,0.4010475386040525,7349.893066
12659,1594.911,0.41881544124260806,7350.727539
12660,1595.037,0.44463019223065936,7349.20166
12661,1595.163,0.40191526629723806,7351.131348
12662,1595.289,0.35624159936090005,7349.584961
12663,1595.415,0.24864559140712092,7347.034668
12664,1595.541,0.09022950756617673,7346.720703
12665,1595.667,-0.04605700340307358,7348.218262
12666,1595.793,-0.07739419379726925,7348.252441
12667,1595.919,-0.0672853026922229,7351.119141
12668,1596.045,-0.10692889732062305,7347.224121
12669,1596.171,-0.23229234716662173,7347.758789
12670,1596.297,-0.3259684624813466,7348.041504
12671,1596.423,-0.5368170026066678,7350.230469
12672,1596.549,-0.7525344998888277,7339.137207
12673,1596.675,-0.847267497350759,7344.194824
12674,1596.801,-0.8258010589354903,7347.894531
12675,1596.927,-0.7315325321348176,7349.310059
12676,1597.053,-0.7382669097658177,7348.493164
12677,1597.179,-0.7259810323716619,7348.52002
12678,1597.305,-0.7889225901305753,7348.551758
12679,1597.431,-0.9069692383704064,7350.108398
12680,1597.557,-0.9740321083087786,7348.048828
12681,1597.682,-1.039712612239174,7352.151367
12682,1597.809,-1.062813403797687,7355.935547
12683,1597.935,-0.9566611063143344,7348.479492
12684,1598.06,-0.9039979939046657,7347.425781
12685,1598.187,-0.8187831271116641,7350.481445
12686,1598.313,-0.7998461677573258,7350.941895
12687,1598.439,-0.7542123751932852,7346.898438
12688,1598.565,-0.8144112002975992,7349.905273
12689,1598.691,-0.7823394468857773,7346.68457
12690,1598.817,-0.790692500843154,7350.280273
12691,1598.943,-0.7668233799677302,7350.060547
12692,1599.069,-0.6218076566065935,7345.493652
12693,1599.195,-0.425553032991378,7348.383789
12694,1599.321,-0.12463502906268908,7348.164063
12695,1599.446,0.14248225534371095,7351.516113
12696,1599.573,0.458404944472326,7346.679688
12697,1599.698,0.6319947516259237,7349.063965
12698,1599.825,0.7707137350842008,7348.717773
12699,1599.95,0.8002099054232933,7346.038574
12700,1600.077,0.8319493287053578,7344.813965
12701,1600.202,0.8406004135341032,7348.79541
12702,1600.329,0.7981959764559944,7346.208984
12703,1600.455,0.7564851677796027,7348.019531
12704,1600.58,0.6959744963764819,7347.278809
12705,1600.706,0.7613354473124667,7350.728027
12706,1600.832,0.8031944953883985,7344.5625
12707,1600.958,0.9029999175204176,7347.212891
12708,1601.084,0.965271698254552,7348.014648
12709,1601.211,0.9665414099372983,7346.64209
12710,1601.336,0.773626977654622,7348.416016
12711,1601.462,0.4037841962005008,7350.759277
12712,1601.589,-0.028195668686392318,7344.531738
12713,1601.714,-0.48145687796573317,7346.375977
12714,1601.841,-0.8779883812069053,7349.009766
12715,1601.966,-1.0516464425398233,7343.897949
12716,1602.093,-1.0762100594468351,7350.154785
12717,1602.218,-0.9284300723443986,7349.200684
12718,1602.344,-0.6721858879653273,7348.125488
12719,1602.47,-0.38714569603082816,7345.750488
12720,1602.596,-0.2445044801227304,7349.893066
12721,1602.722,-0.11739406564810546,7343.448242
12722,1602.848,-0.1855515112612009,7348.729492
12723,1602.974,-0.2896756911504268,7348.216797
12724,1603.1,-0.5549137383761911,7345.500488
12725,1603.226,-0.8498209887994058,7347.291992
12726,1603.352,-1.0374397948846932,7347.145996
12727,1603.478,-1.2888340063752863,7347.32959
12728,1603.604,-1.3427943592066691,7347.789063
12729,1603.73,-1.3942239029957135,7344.355957
12730,1603.856,-1.360782590515805,7347.241211
12731,1603.982,-1.280846532174885,7349.889648
12732,1604.108,-1.0305658361930208,7348.274414
12733,1604.234,-0.9205070756902473,7347.558594
12734,1604.36,-0.8159447239911114,7346.759766
12735,1604.486,-0.7412619672921524,7347.790039
12736,1604.612,-0.6229029430935976,7352.457031
12737,1604.738,-0.5364915058649922,7345.927246
12738,1604.864,-0.29041656051480225,7346.229492
12739,1604.99,-0.013337921572324355,7348.976074
12740,1605.116,0.30733305183098686,7348.462402
12741,1605.242,0.5890442005019,7351.315918
12742,1605.368,0.9649522409765532,7347.708008
12743,1605.494,1.160365291599644,7348.151367
12744,1605.62,1.1996193310052503,7345.391113
12745,1605.746,1.1537160327101788,7347.823242
12746,1605.872,1.0220597404967626,7347.491211
12747,1605.998,0.7963200457119521,7347.104492
12748,1606.125,0.406304222676691,7344.935059
12749,1606.25,0.12233703184744919,7341.453125
12750,1606.376,-0.1983146646539723,7349.344727
12751,1606.502,-0.44512050672141656,7346.237305
12752,1606.628,-0.6779949120350397,7345.450195
12753,1606.754,-0.8329551063046642,7347.398926
12754,1606.88,-1.0587917972208019,7344.922363
12755,1607.006,-1.2690546652545844,7352.476563
12756,1607.132,-1.4525468413072469,7349.697266
12757,1607.258,-1.6449243051844458,7347.59668
12758,1607.384,-1.885674537163378,7346.26709
12759,1607.51,-2.029506670785561,7349.271973
12760,1607.636,-2.032267966921383,7349.398438
12761,1607.762,-2.0399292212543174,7346.711914
12762,1607.888,-1.7394758698979444,7348.466309
12763,1608.014,-1.3653870793871712,7346.318359
12764,1608.14,-0.9680699120171009,7348.585938
12765,1608.266,-0.46927586017420897,7345.678223
12766,1608.392,-0.08378708285272729,7345.711914
12767,1608.518,0.08692734129982149,7342.103516
12768,1608.644,0.16460791275746361,7347.050781
12769,1608.77,0.07506819318120582,7345.975098
12770,1608.896,-0.07053237458147982,7350.332031
12771,1609.022,-0.2816865328290796,7352.970703
12772,1609.148,-0.32174291522729664,7347.090332
12773,1609.274,-0.36527125773835245,7347.357422
12774,1609.4,-0.4425089304992702,7347.32959
12775,1609.526,-0.3279591464046707,7344.904297
12776,1609.652,-0.20433265714344137,7343.747559
12777,1609.778,-0.0291626027294861,7345.884766
12778,1609.904,0.1362288763979899,7347.556641
12779,1610.03,0.36865855450876056,7346.429688
12780,1610.156,0.5206401739627341,7349.099121
12781,1610.282,0.6281288172469057,7346.046875
12782,1610.408,0.6200982151924175,7346.819824
12783,1610.534,0.5870172539688453,7347.759277
12784,1610.661,0.5728948475219076,7346.577637
12785,1610.786,0.4356091039577967,7344.604004
12786,1610.912,0.30855847205655534,7347.024414
12787,1611.038,0.07462173737724728,7345.575195
12788,1611.164,-0.16461428232498027,7346.024414
12789,1611.29,-0.30737260256268156,7347.648438
12790,1611.416,-0.3480286143814472,7348.67041
12791,1611.542,-0.30418856309467424,7341.999512
12792,1611.668,-0.20284072541429124,7342.543945
12793,1611.794,-0.08014331498288456,7344.373535
12794,1611.919,-0.006549927666282235,7345.552246
12795,1612.046,-0.08180651223637948,7346.628418
12796,1612.172,-0.15272362124217628,7347.816406
12797,1612.298,-0.3087138444578914,7348.695313
12798,1612.424,-0.4665754563729617,7344.876953
12799,1612.55,-0.5197054338574428,7344.906738
12800,1612.676,-0.5545981078231979,7346.404785
12801,1612.802,-0.6360688072582908,7347.01123
12802,1612.928,-0.7290822862128823,7342.786621
12803,1613.054,-0.8253976293829874,7348.689941
12804,1613.18,-1.0269423552675725,7346.399902
12805,1613.306,-1.0525857820622615,7344.566895
12806,1613.432,-0.9713172875430064,7347.907227
12807,1613.558,-0.8246077264634756,7344.806152
12808,1613.683,-0.6435790084434805,7348.437988
12809,1613.81,-0.3487507417595682,7349.11084
12810,1613.936,-0.17468566362112284,7347.358398
12811,1614.061,-0.12076789185972278,7348.959961
12812,1614.188,-0.10951490068932254,7344.006836
12813,1614.314,-0.010963133686385053,7352.16748
12814,1614.439,0.08250657857344837,7352.147461
12815,1614.565,0.3329250918422162,7348.094238
12816,1614.692,0.5932068099923892,7345.161133
12817,1614.817,0.8838006473287412,7348.524902
12818,1614.943,1.173029734908707,7345.15918
12819,1615.07,1.2974885484344938,7345.962402
12820,1615.195,1.3599997337830707,7348.126465
12821,1615.321,1.2356723860284629,7345.581543
12822,1615.447,1.1174655114515948,7345.453125
12823,1615.574,0.9565857107309432,7345.221191
12824,1615.699,0.808178397052895,7341.545898
12825,1615.826,0.6577590279565603,7345.99707
12826,1615.952,0.637436382221899,7346.739746
12827,1616.077,0.6384836675720703,7345.214355
12828,1616.204,0.7756527048596202,7349.12207
12829,1616.33,0.9173411061573836,7342.101563
12830,1616.456,1.0231585910025176,7351.000977
12831,1616.581,1.1154860195531853,7346.065918
12832,1616.708,1.0883526755944177,7345.864746
12833,1616.834,1.0920609264618155,7343.873535
12834,1616.959,0.9307680957721794,7347.880859
12835,1617.085,0.7225702673813416,7350.544434
12836,1617.211,0.5322440192318363,7343.203125
12837,1617.337,0.27015584829807804,7345.794922
12838,1617.463,0.029736595188157914,7344.286621
12839,1617.59,-0.20996777263852537,7345.618652
12840,1617.715,-0.28392578298836035,7346.305176
12841,1617.841,-0.31178732735358355,7339.938965
12842,1617.967,-0.3064238325976229,7345.239258
12843,1618.093,-0.18442416209179124,7344.263672
12844,1618.219,-0.041727201884386,7346.115723
12845,1618.345,0.03387338670981399,7343.563965
12846,1618.471,0.05115083049125685,7343.874512
12847,1618.597,0.023590035001906096,7346.903809
12848,1618.723,-0.001070057673063764,7347.111816
12849,1618.849,0.09693002490785181,7345.017578
12850,1618.975,0.24906759241395732,7344.224121
12851,1619.101,0.4605915463555569,7345.625977
12852,1619.227,0.5707231159430955,7348.284668
12853,1619.353,0.7407420664859075,7347.835449
12854,1619.479,0.7410651706701821,7345.916504
12855,1619.605,0.7108358423211367,7342.045898
12856,1619.731,0.56854078205389,7345.104004
12857,1619.857,0.48845835376873775,7345.64209
12858,1619.983,0.45255658411814975,7344.101563
12859,1620.109,0.3894515768804563,7346.34082
12860,1620.235,0.4018041958139084,7345.498047
12861,1620.361,0.32578223535835743,7345.917969
12862,1620.487,0.2256429725455622,7350.3125
12863,1620.613,0.19578835995398136,7340.571777
12864,1620.739,0.15798095207026966,7347.588379
12865,1620.865,0.21798051254861334,7344.422363
12866,1620.991,0.28876013777862153,7343.711426
12867,1621.117,0.45312650344207045,7350.564453
12868,1621.243,0.6553702128036213,7344.490234
12869,1621.369,0.6774245491157483,7345.660645
12870,1621.495,0.6413981833719776,7346.398926
12871,1621.621,0.5175339680845433,7345.916504
12872,1621.747,0.41395002345314214,7346.737793
12873,1621.873,0.19557512339203606,7344.890137
12874,1621.999,0.03428335966363781,7349.999512
12875,1622.125,0.033271527242310944,7345.747559
12876,1622.251,0.0024929285372227166,7344.22168
12877,1622.377,-0.06667785660309533,7341.48584
12878,1622.503,-0.11966617429138497,7342.266602
12879,1622.629,-0.18871280951899747,7344.108887
12880,1622.755,-0.5067109973499413,7346.459473
12881,1622.881,-0.8313647997611657,7342.539063
12882,1623.007,-1.153646167434351,7344.958496
12883,1623.133,-1.2882865771554466,7347.541992
12884,1623.259,-1.2633390724686235,7343.014648
12885,1623.385,-0.8930129650910031,7346.888184
12886,1623.511,-0.4009915782695501,7344.17627
12887,1623.637,0.2441712104220578,7345.150391
12888,1623.763,0.6483886360874455,7344.34375
12889,1623.889,0.9645568864140835,7346.026855
12890,1624.015,1.01106329573283,7339.219238
12891,1624.141,0.8794006623485034,7339.053711
12892,1624.267,0.7597869889535979,7343.54541
12893,1624.393,0.5969765173219188,7344.571777
12894,1624.519,0.40633504520078667,7343.190918
12895,1624.645,0.4168447190478541,7341.407227
12896,1624.771,0.4428538490449839,7339.943359
12897,1624.898,0.559464476513018,7347.67041
12898,1625.023,0.7627496442727282,7344.933594
12899,1625.149,0.9970599674977381,7343.884766
12900,1625.275,1.1928717062833936,7345.904785
12901,1625.401,1.3088284791322604,7341.421387
12902,1625.527,1.4172423176211768,7344.691406
12903,1625.653,1.404186664589858,7341.015137
12904,1625.779,1.4334453121631856,7343.212402
12905,1625.905,1.4535839334099958,7342.688965
12906,1626.031,1.5212118296359294,7344.757813
12907,1626.157,1.5286031583853554,7344.416504
12908,1626.283,1.4870463908638683,7343.471191
12909,1626.409,1.2867001617778933,7344.476074
12910,1626.535,1.0602456874338955,7345.756348
12911,1626.661,0.8188838273260574,7345.42627
12912,1626.787,0.5170678683771972,7349.091797
12913,1626.913,0.22929886720650772,7348.176758
12914,1627.039,-0.026450682106238136,7345.27002
12915,1627.165,-0.183757336806712,7344.838379
12916,1627.291,-0.2817810949713261,7343.17627
12917,1627.417,-0.2705379962406574,7344.831543
12918,1627.543,-0.1209176469938594,7344.69873
12919,1627.669,-0.01881882418943089,7343.573242
12920,1627.795,0.06243067367868538,7342.473633
12921,1627.921,0.10489050206479267,7344.279297
12922,1628.047,0.1470493426328749,7347.152832
12923,1628.173,0.2561218549547561,7345.006348
12924,1628.299,0.4286639643483639,7346.723145
12925,1628.425,0.658436739312277,7344.563965
12926,1628.551,0.8864307618731215,7346.398926
12927,1628.677,1.0751873210083902,7341.973633
12928,1628.803,1.1224430167410449,7347.037109
12929,1628.929,1.0553037024827743,7342.070313
12930,1629.054,0.8798276794841778,7345.192383
12931,1629.181,0.6343291630107948,7344.020996
12932,1629.307,0.5616751917393759,7344.540527
12933,1629.432,0.42508316634215687,7348.148438
12934,1629.559,0.4256573920895814,7335.845215
12935,1629.685,0.3948914593495738,7340.095215
12936,1629.811,0.37651698975201364,7342.739258
12937,1629.937,0.39664464231825375,7343.092773
12938,1630.063,0.4584963726588992,7345.666504
12939,1630.188,0.5690780293470159,7343.925781
12940,1630.314,0.8047688067247144,7344.510254
12941,1630.441,1.1652392106295943,7341.887695
12942,1630.566,1.5234654329989599,7343.092285
12943,1630.693,1.833996084910605,7342.026367
12944,1630.818,2.067814688747577,7343.513672
12945,1630.945,2.161798424779761,7345.635254
12946,1631.07,2.1012811790662917,7342.273926
12947,1631.197,1.9288689098125418,7342.643555
12948,1631.323,1.7846694442433988,7344.706055
12949,1631.449,1.6250624482302827,7343.537109
12950,1631.574,1.469991323240772,7342.757813
12951,1631.701,1.294760868147871,7345.229004
12952,1631.826,1.1578731492103296,7343.809082
12953,1631.952,0.9867131300127264,7342.563477
12954,1632.078,0.7212224914140825,7341.919922
12955,1632.204,0.5820899076136643,7348.37207
12956,1632.331,0.4727261287745692,7339.250977
12957,1632.456,0.3707835227806049,7342.915527
12958,1632.583,0.3239496480727651,7344.276367
12959,1632.708,0.17955411566065574,7343.466309
12960,1632.835,-0.011852144400319817,7345.533203
12961,1632.96,-0.30258486694129794,7345.352539
12962,1633.086,-0.5122315299861958,7348.344727
12963,1633.212,-0.6691032806147961,7341.348633
12964,1633.338,-0.5010215882166608,7341.181641
12965,1633.464,-0.2537039883915624,7342.592773
12966,1633.59,0.22275626065508944,7340.532715
12967,1633.717,0.7671888705437885,7342.032227
12968,1633.842,1.2005188115212915,7349.227051
12969,1633.968,1.5516547983298623,7345.433105
12970,1634.095,1.5963847495932209,7342.552246
12971,1634.22,1.6149149831875436,7343.879395
12972,1634.346,1.4329911613382746,7342.461914
12973,1634.472,1.2061810288510924,7343.65918
12974,1634.598,1.0167272834619718,7347.170898
12975,1634.724,0.896616724695655,7345.176758
12976,1634.85,0.8879994503609853,7344.785156
12977,1634.976,0.8964390227279976,7345.721191
12978,1635.102,1.0233355002730944,7347.51123
12979,1635.228,1.1926542837681409,7344.032715
12980,1635.354,1.4261815251044274,7344.400391
12981,1635.48,1.5869481628577915,7344.421875
12982,1635.606,1.6415758655902357,7346.241211
12983,1635.732,1.6222581308691941,7344.114746
12984,1635.858,1.4648649245228231,7343.822754
12985,1635.984,1.3300397834348427,7339.405762
12986,1636.11,1.3992333114295996,7343.293945
12987,1636.236,1.4945215145673614,7342.471191
12988,1636.362,1.7744098387288885,7347.894531
12989,1636.488,2.016224510859611,7341.270996
12990,1636.614,2.319840743118745,7340.349609
12991,1636.74,2.219841222721661,7343.751953
12992,1636.866,1.968663510838224,7343.918945
12993,1636.992,1.5623271551234945,7346.984863
12994,1637.118,0.9679476278923735,7343.572754
12995,1637.244,0.5178873035144554,7343.911133
12996,1637.37,0.07068670263535681,7343.240723
12997,1637.496,-0.10100894384525634,7344.90625
12998,1637.622,-0.09337593178360616,7344.86084
12999,1637.748,0.11206743041618036,7343.464355
13000,1637.874,0.3434439153811231,7345.317383
13001,1638.0,0.5368122274767436,7343.210938
13002,1638.126,0.7412320787575178,7343.437988
13003,1638.252,0.9483407359369961,7342.705078
13004,1638.378,1.1245651026213002,7341.47168
13005,1638.504,1.373947024173931,7343.891113
13006,1638.63,1.5982653673890497,7346.859863
13007,1638.756,1.7580886645260505,7345.578125
13008,1638.882,1.730183596001616,7344.419922
13009,1639.008,1.575308812683846,7339.032715
13010,1639.134,1.4521417840071704,7344.334473
13011,1639.26,1.3379901014038782,7345.294922
13012,1639.386,1.3888101893784044,7344.813965
13013,1639.512,1.4471978592758237,7342.907227
13014,1639.638,1.5519056530076056,7341.050293
13015,1639.764,1.6567847299811789,7347.023926
13016,1639.89,1.6456253179768312,7338.62793
13017,1640.016,1.625577104462118,7343.378418
13018,1640.143,1.6013056719377001,7344.276855
13019,1640.268,1.7252395402496388,7344.775391
13020,1640.394,1.8730587909797694,7340.904785
13021,1640.52,2.2271450956522183,7344.806641
13022,1640.646,2.399427624664281,7344.991211
13023,1640.772,2.48847677277458,7342.245117
13024,1640.898,2.391206788061975,7340.700684
13025,1641.024,2.060463414595824,7341.42334
13026,1641.15,1.5999016655528275,7346.686523
13027,1641.276,1.177085170510239,7341.629883
13028,1641.402,0.9392766397088587,7343.613281
13029,1641.528,0.8916828808775648,7341.633301
13030,1641.654,0.8993692559058641,7345.914063
13031,1641.78,0.9329083834701787,7334.192871
13032,1641.906,1.0762774801263388,7344.961914
13033,1642.032,1.1466719227660944,7342.419434
13034,1642.158,1.2429609149858198,7343.519043
13035,1642.284,1.3489944822801656,7340.680176
13036,1642.41,1.5281156757108394,7343.026855
13037,1642.536,1.6491679621280004,7342.512207
13038,1642.662,1.6690964166947195,7344.194336
13039,1642.788,1.5982744928686463,7344.196289
13040,1642.913,1.541697447631433,7344.424805
13041,1643.04,1.4637166820806673,7346.517578
13042,1643.166,1.4730363711406698,7349.150879
13043,1643.292,1.5725809698391113,7343.603516
13044,1643.418,1.6157069262384889,7344.568359
13045,1643.544,1.6861905704682896,7342.227539
13046,1643.67,1.649517338072585,7343.530762
13047,1643.796,1.6642453169821474,7346.73877
13048,1643.922,1.5752093989464337,7343.48877
13049,1644.048,1.5730003515250714,7342.67334
13050,1644.174,1.6523102464084374,7341.262695
13051,1644.3,1.7589482588788405,7341.830078
13052,1644.425,1.7957384710857083,7341.310547
13053,1644.552,1.7083040743754205,7344.847168
13054,1644.678,1.6324687166425518,7343.62793
13055,1644.804,1.4241671505583222,7342.809082
13056,1644.93,1.3704414072050803,7343.661133
13057,1645.056,1.3463167261978295,7336.251953
13058,1645.182,1.4929923151996405,7341.434082
13059,1645.308,1.5787212224298166,7344.42334
13060,1645.433,1.8300003512412983,7345.33252
13061,1645.559,1.8665058266072287,7343.132813
13062,1645.685,1.8252267292589945,7349.365234
13063,1645.812,1.727222560828981,7344.189453
13064,1645.938,1.5982761352179131,7342.164551
13065,1646.064,1.5814244234816666,7342.768066
13066,1646.189,1.6636673079925846,7346.633789
13067,1646.315,1.8504350134589966,7343.712891
13068,1646.441,2.0396247100024096,7342.428711
13069,1646.567,2.2421845517837458,7343.57959
13070,1646.694,2.474106079956789,7343.981445
13071,1646.82,2.5354156119605378,7341.1875
13072,1646.946,2.683729451807466,7344.265137
13073,1647.071,2.793523604391611,7343.603516
13074,1647.198,2.969666944620052,7342.444824
13075,1647.323,3.0380350908521945,7345.826172
13076,1647.45,3.0497048391783723,7344.395996
13077,1647.575,2.989540983112401,7341.754883
13078,1647.702,2.857585282000977,7343.835938
13079,1647.827,2.525846933008613,7342.553711
13080,1647.953,2.1398501932568066,7345.634277
13081,1648.079,1.8440411602253999,7342.737793
13082,1648.205,1.5370426184554555,7345.345215
13083,1648.331,1.4397983819648763,7345.29834
13084,1648.457,1.2148800000570026,7343.46875
13085,1648.584,1.2277529780221184,7342.329102
13086,1648.709,1.1796193796769243,7339.775879
13087,1648.835,1.0645065952345436,7346.877441
13088,1648.961,1.080361985492431,7345.385742
13089,1649.087,1.1314458084078232,7346.480957
13090,1649.215,1.30078511714496,7342.538574
13091,1649.339,1.5343744904327143,7346.849609
13092,1649.465,1.9813545922583127,7342.727051
13093,1649.591,2.2834370078156714,7342.851563
13094,1649.717,2.5805789570431816,7344.247559
13095,1649.843,2.714616679295431,7348.183594
13096,1649.969,2.913470018625923,7344.442383
13097,1650.095,3.1553266702679004,7345.5
13098,1650.221,3.2839374043796794,7346.782715
13099,1650.347,3.59904102408513,7344.022461
13100,1650.473,3.8338458393522252,7343.15625
13101,1650.599,3.991283012206054,7343.79248
13102,1650.726,3.880556580195174,7347.563477
13103,1650.851,3.741871373483495,7344.873535
13104,1650.978,3.324611362785213,7343.428711
13105,1651.103,2.7909715689955057,7340.158691
13106,1651.229,2.2347976836720873,7345.22998
13107,1651.355,1.7667548171965963,7341.524414
13108,1651.481,1.3289928562345066,7343.79834
13109,1651.607,0.9810828112136881,7341.625488
13110,1651.733,0.8061237464984564,7345.371582
13111,1651.859,0.8226812899730966,7343.972656
13112,1651.985,0.8614535434247083,7342.310059
13113,1652.111,1.0195733928899653,7342.749512
13114,1652.237,1.190753525069565,7342.245117
13115,1652.363,1.3315216354598276,7341.282227
13116,1652.489,1.5607903258539055,7346.784668
13117,1652.615,1.8839304906382384,7347.029297
13118,1652.741,2.2178795643937255,7339.545898
13119,1652.867,2.679141272395793,7341.908691
13120,1652.993,2.8685464937991196,7344.092773
13121,1653.119,3.13272183130631,7343.814941
13122,1653.245,3.396315449119196,7343.089844
13123,1653.371,3.718529135405391,7344.273926
13124,1653.497,3.863817350829218,7343.869629
13125,1653.623,4.1395944228195605,7342.310547
13126,1653.749,4.423689669521227,7339.392578
13127,1653.875,4.570494815375292,7343.836426
13128,1654.001,4.680539083805314,7340.579102
13129,1654.127,4.475597058421669,7344.899902
13130,1654.253,4.143108894960624,7339.262207
13131,1654.379,3.838305973252719,7344.521973
13132,1654.505,3.4784551273833446,7339.393555
13133,1654.631,3.2168469566784386,7342.419922
13134,1654.757,2.91791796904107,7338.608887
13135,1654.883,2.773931982258409,7336.439453
13136,1655.009,2.3919323990468375,7339.317871
13137,1655.135,2.2134199318857335,7343.496582
13138,1655.261,2.0276680475937074,7341.773926
13139,1655.387,1.957488361516377,7342.26709
13140,1655.513,2.045542383006736,7339.539063
13141,1655.639,2.146962213229073,7339.980957
13142,1655.765,2.2653187753290167,7341.829102
13143,1655.891,2.367258328079521,7343.73877
13144,1656.017,2.3146209555526043,7345.708496
13145,1656.143,2.2181541966606018,7348.404297
13146,1656.269,2.1349230206616494,7342.506348
13147,1656.395,2.051830211336342,7342.110352
13148,1656.521,2.0660434366178766,7344.086426
13149,1656.647,2.109807288680791,7341.52832
13150,1656.773,2.256703330441564,7343.831055
13151,1656.914,2.277811615063582,7344.949707
13152,1657.028,2.256340624648253,7343.428711
13153,1657.151,2.161628058736648,7344.255371
13154,1657.277,2.140993712513452,7343.094727
13155,1657.403,2.2526652848743574,7343.836426
13156,1657.529,2.4691903393205115,7341.879395
13157,1657.655,2.695960045542747,7343.144043
13158,1657.781,2.7983242225217615,7340.225098
13159,1657.907,2.924406326873669,7339.081055
13160,1658.033,2.9470381165289474,7339.624512
13161,1658.159,2.947215483131213,7342.91748
13162,1658.284,3.035094726068738,7342.25293
13163,1658.41,3.142257907810529,7345.553223
13164,1658.537,3.4509286230416385,7341.137695
13165,1658.663,3.707072217458681,7342.652832
13166,1658.789,3.791827597681763,7342.904297
13167,1658.915,3.9484339432250075,7342.336914
13168,1659.04,3.880466469806044,7344.000977
13169,1659.166,3.640428575947881,7349.880859
13170,1659.293,3.585866359317034,7338.967773
13171,1659.419,3.4522019991101196,7343.118652
13172,1659.545,3.683643172724584,7343.047852
13173,1659.67,3.7010742642810066,7341.184082
13174,1659.797,3.9857471507765485,7348.777344
13175,1659.922,3.7969725926773177,7343.197754
13176,1660.049,3.710977055900222,7341.62793
13177,1660.177,3.5804822813191906,7340.350586
13178,1660.3,3.415449116843301,7344.356934
13179,1660.427,3.119790628020595,7346.00293
13180,1660.553,2.931473928053907,7343.438965
13181,1660.678,2.671043571968305,7342.522461
13182,1660.805,2.4302256758238916,7344.980469
13183,1660.93,2.238028429214969,7338.59375
13184,1661.056,2.1514792068037014,7339.597168
13185,1661.183,2.2606896342507787,7342.243164
13186,1661.309,2.5222071605103507,7346.322754
13187,1661.434,2.9270439117134486,7342.916016
13188,1661.56,3.247841607898042,7345.044434
13189,1661.712,3.474909166640554,7344.289551
13190,1661.814,3.472127165159017,7342.86084
13191,1661.938,3.289305946450328,7343.223145
13192,1662.064,3.1296948829181903,7339.651855
13193,1662.191,2.946779631929912,7340.401367
13194,1662.316,2.832995977625235,7344.072754
13195,1662.442,2.8172324126874235,7342.809082
13196,1662.571,2.9006758575232974,7344.696777
13197,1662.698,2.9590321806648143,7333.836426
13198,1662.82,3.198671491477117,7346.628418
13199,1662.946,3.3871698128699057,7343.211426
13200,1663.072,3.632048235046396,7341.79248
13201,1663.199,3.730789366841231,7345.039551
13202,1663.325,3.792932845239948,7341.60498
13203,1663.45,3.638379143032452,7342.083008
13204,1663.576,3.3236051642868754,7344.354492
13205,1663.702,3.0642214371757874,7346.713867
13206,1663.828,2.8673265130977916,7338.408691
13207,1663.954,2.620646766969533,7339.114258
13208,1664.081,2.6270746805690304,7343.804688
13209,1664.206,2.824563846561316,7344.755371
13210,1664.333,3.2116871278816954,7344.331543
13211,1664.458,3.695105339023128,7341.391113
13212,1664.584,4.08207797738356,7342.394531
13213,1664.71,4.4803039755744605,7341.935547
13214,1664.836,4.8418916272751735,7342.522949
13215,1664.962,5.0488668183890715,7344.839355
13216,1665.088,5.096230781810299,7344.72168
13217,1665.214,5.0334078931085955,7342.726563
13218,1665.34,4.7354348444401975,7343.88623
13219,1665.466,4.473231071849356,7336.784668
13220,1665.592,4.019123876239273,7343.686523
13221,1665.718,3.568650978078509,7346.375
13222,1665.844,3.2339907325747195,7341.652344
13223,1665.97,3.050401439510384,7343.736328
13224,1666.096,2.8911488390053464,7344.862793
13225,1666.222,3.113774699202609,7345.680664
13226,1666.348,3.491044101311386,7342.634766
13227,1666.474,3.9079163659826226,7345.039551
13228,1666.6,4.2414256866628595,7344.008789
13229,1666.726,4.216232336996589,7341.554688
13230,1666.852,4.275504177713819,7346.053223
13231,1666.978,4.084962952008367,7344.04834
13232,1667.104,4.0678552247408595,7344.422363
13233,1667.23,4.317954176995964,7341.795898
13234,1667.356,4.407020075031261,7341.950195
13235,1667.482,4.511256855228761,7342.955078
13236,1667.608,4.208865667979183,7342.956543
13237,1667.734,3.905953441490222,7344.005859
13238,1667.86,3.628848912819046,7345.966309
13239,1667.986,3.4022503003289715,7340.794434
13240,1668.113,3.0705484582669125,7343.938965
13241,1668.238,2.8867359069431426,7344.536133
13242,1668.365,2.9147474501083437,7345.68457
13243,1668.49,3.060124473307245,7338.017578
13244,1668.616,3.2652998207040334,7341.419922
