序号,时间(s),电压,阻抗
1,0.022,-0.009951991939386846,7339.408203
2,0.148,0.015831792231721476,7336.621094
3,0.274,0.03457265902079455,7340.77832
4,0.4,0.04967557431780133,7340.632813
5,0.526,0.0646007994728805,7342.96875
6,0.653,0.07144041184349544,7342.324707
7,0.778,0.0775358412069363,7339.226563
8,0.904,0.0817536857526246,7342.450195
9,1.03,0.08560204753744813,7341.223145
10,1.156,0.08342519173157972,7341.574707
11,1.282,0.08469858926693791,7342.615723
12,1.408,0.07448017827716077,7342.315918
13,1.534,0.056862456785793776,7341.244629
14,1.66,0.04116614653822813,7338.604492
15,1.786,0.01757559099652653,7339.933594
16,1.912,-0.007258522619917702,7336.651855
17,2.039,-0.025075845762852447,7341.140625
18,2.164,-0.04588960138200915,7339.157715
19,2.29,-0.05581690055137923,7344.897949
20,2.417,-0.0636104575785643,7341.627441
21,2.542,-0.057393931192126796,7341.407715
22,2.669,-0.03903412990932823,7336.962402
23,2.794,-0.023274537859163766,7339.026367
24,2.92,0.002016976239984834,7341.912598
25,3.046,0.03200858558065159,7340.833496
26,3.172,0.06084873600884634,7341.116211
27,3.298,0.08853782527297212,7339.518066
28,3.424,0.11119133938706947,7342.128418
29,3.55,0.1172297354074274,7340.571289
30,3.679,0.11766998969399013,7344.406738
31,3.802,0.10106694636375528,7340.320313
32,3.928,0.09063375892143492,7339.341797
33,4.054,0.07811727332472461,7339.543457
34,4.18,0.0644483173211202,7342.408691
35,4.306,0.07059310142708186,7339.91748
36,4.432,0.06974061079002075,7339.059082
37,4.558,0.06812118942654294,7342.27002
38,4.684,0.055373411244787424,7342.860352
39,4.81,0.05161578804786028,7341.756348
40,4.936,0.03555171565378587,7348.279297
41,5.062,0.02556752684852423,7339.962402
42,5.188,0.02150469627286913,7338.523438
43,5.314,0.03266536418574654,7340.725098
44,5.44,0.04239309221635615,7337.666992
45,5.566,0.056883183516220064,7340.799316
46,5.692,0.07566845856992888,7343.922852
47,5.818,0.09013456308553018,7337.993652
48,5.944,0.08794294918948528,7340.944336
49,6.07,0.08438530044983855,7339.333496
50,6.196,0.07556761995300114,7342.923828
51,6.322,0.06207161370691243,7338.422363
52,6.448,0.04745404708051368,7339.866699
53,6.574,0.04018416480376027,7342.044434
54,6.7,0.027562961234414315,7341.236816
55,6.826,0.023715284529462956,7342.512695
56,6.952,0.02421328158884544,7336.882324
57,7.078,0.0189140321363197,7340.092773
58,7.204,0.010297033923821915,7340.839844
59,7.33,0.004725940227873948,7339.851074
60,7.456,-0.0039758461691085725,7341.421387
61,7.582,-0.02202708538127223,7342.165527
62,7.708,-0.026889108217281132,7340.340332
63,7.834,-0.03422616008379952,7344.861328
64,7.96,-0.0331655728708422,7341.091797
65,8.086,-0.034780814314287214,7339.062012
66,8.212,-0.015357087700557766,7340.409668
67,8.338,-0.0015636378836848507,7341.547852
68,8.464,0.01165817198777616,7343.571289
69,8.59,0.01998293424036795,7341.410156
70,8.716,0.01805773828318417,7340.834473
71,8.842,0.004412198977225181,7340.674805
72,8.968,-0.01362354027248278,7339.155273
73,9.094,-0.027408012420965286,7343.57959
74,9.22,-0.033275739193459705,7337.729492
75,9.346,-0.03127741290393248,7340.940918
76,9.472,-0.0230802044261816,7339.302246
77,9.598,-0.010827654433870388,7342.124023
78,9.724,-0.00015657978187693573,7335.448242
79,9.85,0.008439454556662354,7338.337402
80,9.976,0.003882247405174289,7338.563477
81,10.102,-0.00456259645792752,7339.422363
82,10.228,-0.022011966855060787,7338.488281
83,10.354,-0.03130340816963049,7339.14209
84,10.48,-0.032013308757872415,7338.519043
85,10.606,-0.036207558394669236,7339.287109
86,10.732,-0.031105505470511493,7338.525391
87,10.858,-0.026373785793680556,7337.339844
88,10.984,-0.021447576010621718,7338.544434
89,11.11,-0.019959157298476807,7339.674316
90,11.236,-0.026811290990506168,7339.762695
91,11.361,-0.03563290238815909,7338.556152
92,11.488,-0.04850991826580996,7339.140137
93,11.614,-0.05583361751672094,7339.227539
94,11.739,-0.056337837756581056,7340.06543
95,11.866,-0.04534741665705753,7336.036621
96,11.991,-0.027921697098723438,7340.75
97,12.118,-0.0036105796121081585,7337.787598
98,12.243,0.017026105746067454,7341.413086
99,12.37,0.03510053632785293,7335.864258
100,12.496,0.03717678727415258,7337.197754
101,12.621,0.019688302767850514,7340.81543
102,12.748,0.005419364960941011,7337.043945
103,12.873,-0.014372577202517946,7340.629395
104,12.999,-0.013591528344012909,7340.554688
105,13.126,-0.004278085748031457,7339.280273
106,13.251,0.010274679947511,7333.526855
107,13.377,0.035310462075698816,7338.373047
108,13.504,0.048011867246996735,7340.577637
109,13.63,0.044869972682303916,7339.178711
110,13.756,0.030558061987298626,7339.114746
111,13.881,0.010782210899062275,7337.139648
112,14.007,-0.004352674085357964,7337.275391
113,14.133,-0.009882494651619745,7338.599609
114,14.26,0.005883206341659796,7341.344238
115,14.385,0.023058511231332054,7336.101563
116,14.511,0.04719613663035812,7343.222656
117,14.638,0.0613328918144541,7339.601074
118,14.763,0.06962246070739972,7340.842773
119,14.889,0.06313235712088575,7341.116699
120,15.015,0.04456824456844439,7339.708984
121,15.141,0.03247815248075324,7342.211914
122,15.267,0.018999781463338757,7343.827637
123,15.393,0.019767082560921592,7338.248535
124,15.52,0.026864202729863812,7340.026855
125,15.646,0.03321584899521256,7340.334961
126,15.771,0.03666509598394749,7338.096191
127,15.897,0.03458246519605076,7336.266602
128,16.023,0.027156715902259168,7344.30957
129,16.149,0.0157959029562178,7339.072266
130,16.275,0.017294779002207893,7340.213867
131,16.401,0.011248764802536266,7341.712891
132,16.527,0.017354839672680967,7342.039551
133,16.653,0.026238531120844986,7335.439453
134,16.779,0.03603610053225132,7339.731445
135,16.905,0.04301185133300741,7339.835449
136,17.031,0.05141383936516862,7341.090332
137,17.158,0.050297455103735275,7339.986328
138,17.283,0.04556123219775571,7339.98291
139,17.409,0.038416011697560044,7339.485352
140,17.535,0.032341029404524504,7339.654785
141,17.661,0.03277716511820882,7341.147949
142,17.787,0.037528018867968437,7337.813477
143,17.913,0.0398100264787955,7342.31543
144,18.039,0.043092918957494,7344.023926
145,18.165,0.04506943269925515,7337.361328
146,18.291,0.020235364775036162,7339.452148
147,18.417,0.005734313050402722,7338.32666
148,18.543,-0.019066565106225005,7338.975098
149,18.669,-0.0356580009780377,7337.628418
150,18.795,-0.024855473034005707,7340.251465
151,18.921,-0.013550516159803037,7342.609375
152,19.047,-0.00485880324228592,7339.502441
153,19.173,-0.0092370951285075,7335.772461
154,19.299,-0.021909231296020716,7339.561523
155,19.425,-0.03132210634570198,7340.320801
156,19.551,-0.04101057975378303,7340.558594
157,19.677,-0.04844967813681966,7340.413574
158,19.803,-0.05766741269930265,7337.424316
159,19.929,-0.05496278499340066,7337.857422
160,20.055,-0.05799745129444322,7343.484375
161,20.181,-0.05867773880604315,7336.987305
162,20.307,-0.05279289292738454,7339.083984
163,20.433,-0.04419090980831089,7338.040527
164,20.559,-0.025149615881843966,7336.23877
165,20.685,-0.012679350617274753,7338.109863
166,20.811,-0.003041520634802152,7339.249512
167,20.937,-0.00427308313735584,7337.353027
168,21.063,-0.012216969604340476,7338.400391
169,21.189,-0.03222340578965174,7337.868164
170,21.315,-0.04900289961151302,7338.189453
171,21.441,-0.060104838217935996,7339.96582
172,21.567,-0.07501000526810528,7341.773438
173,21.693,-0.07989556253897731,7337.98877
174,21.819,-0.08249901035704663,7339.223145
175,21.945,-0.07979474425382549,7342.955566
176,22.071,-0.07694047891315806,7336.553711
177,22.197,-0.0679949000532223,7343.428223
178,22.323,-0.05622446201378558,7339.102051
179,22.449,-0.057483694395246795,7340.966797
180,22.576,-0.054333549234041954,7338.830566
181,22.701,-0.05629187171799551,7338.918945
182,22.827,-0.06002332660563129,7344.099121
183,22.953,-0.06978175718367903,7336.377441
184,23.079,-0.07903961398847627,7340.013672
185,23.205,-0.09359978522117218,7338.49707
186,23.331,-0.0991776036656806,7340.636719
187,23.457,-0.09430875128579386,7340.779785
188,23.583,-0.0906992947691534,7339.866699
189,23.709,-0.07737365343037847,7339.616699
190,23.835,-0.05651652837719673,7339.76123
191,23.961,-0.04032017064534553,7339.313477
192,24.087,-0.03227646070898366,7342.270996
193,24.213,-0.029747224990974763,7341.956543
194,24.339,-0.03909573468247925,7339.350098
195,24.465,-0.05041846914849726,7339.019043
196,24.591,-0.06267031761763947,7341.311523
197,24.717,-0.07205409516211583,7338.332031
198,24.843,-0.07207414023543013,7336.549805
199,24.969,-0.06913168650540458,7336.580566
200,25.095,-0.07152730116855542,7339.786621
201,25.221,-0.07142231792433659,7339.192871
202,25.347,-0.07437395977949852,7341.365723
203,25.473,-0.07842149234432037,7341.462402
204,25.599,-0.08017717984460626,7337.484863
205,25.725,-0.06895493515121606,7335.893066
206,25.851,-0.05390009525503545,7341.679688
207,25.977,-0.04020534489589031,7338.247559
208,26.103,-0.024987227832488475,7340.994141
209,26.229,-0.01726323701571292,7338.410645
210,26.355,-0.023567130359059888,7338.402832
211,26.48,-0.0369868459073269,7338.401855
212,26.607,-0.0569478945424515,7340.34668
213,26.733,-0.08781936557800343,7336.723145
214,26.858,-0.10329277404534272,7346.411621
215,26.985,-0.12049443160428372,7337.355957
216,27.111,-0.12244523075147296,7337.394043
217,27.237,-0.11906747929646842,7336.604004
218,27.363,-0.1165508049920436,7338.218262
219,27.489,-0.11046792375418459,7338.705078
220,27.614,-0.10202534797622964,7336.242188
221,27.741,-0.11341003814297992,7338.990234
222,27.867,-0.10574389905669511,7336.710938
223,27.993,-0.11197985332886454,7336.124023
224,28.119,-0.11937456222116602,7334.859375
225,28.245,-0.1104590736713517,7338.461426
226,28.371,-0.12068252783697053,7339.881348
227,28.496,-0.1266931528328351,7338.631348
228,28.623,-0.12698238144251484,7339.4375
229,28.748,-0.13061643411488424,7343.665527
230,28.875,-0.12738853372102446,7344.306641
231,29.001,-0.11764271813496584,7335.827148
232,29.127,-0.09788528305287607,7335.624023
233,29.252,-0.09449910062530639,7337.472656
234,29.378,-0.08738975863052613,7336.027832
235,29.504,-0.08569356556970793,7335.312988
236,29.631,-0.07760403109345565,7335.085938
237,29.757,-0.0821600174339994,7337.786621
238,29.883,-0.08448800703999416,7339.342773
239,30.009,-0.08857186127714324,7335.794922
240,30.134,-0.09059533737468604,7332.334961
241,30.261,-0.10141394886233145,7336.751465
242,30.386,-0.11047546183395929,7337.947754
243,30.513,-0.11510985537496038,7337.729492
244,30.639,-0.13158006080694867,7338.54834
245,30.764,-0.132017066860467,7336.340332
246,30.89,-0.13505172951786198,7340.42627
247,31.016,-0.12588110380483955,7334.365723
248,31.143,-0.11317839371187241,7337.020508
249,31.269,-0.09767982026783872,7338.847656
250,31.394,-0.0947140637288071,7339.30957
251,31.52,-0.08667497839385142,7339.677246
252,31.647,-0.09218222807283825,7339.722656
253,31.772,-0.0972333751360314,7336.346191
254,31.898,-0.10673047608993219,7337.165039
255,32.024,-0.11644671931723569,7336.428223
256,32.15,-0.12549450889102712,7334.749023
257,32.276,-0.1367403586486355,7341.633789
258,32.402,-0.13141867914389477,7336.052246
259,32.528,-0.1266867270488746,7337.368652
260,32.654,-0.10949791408668597,7338.600586
261,32.78,-0.10019211365176026,7335.145996
262,32.906,-0.09954756044585002,7339.380371
263,33.032,-0.09720732970498576,7337.172852
264,33.158,-0.10012182841992959,7337.622559
265,33.284,-0.10918584520408066,7339.650391
266,33.41,-0.1046337541705285,7338.520996
267,33.536,-0.09660206394404991,7339.775391
268,33.662,-0.07869987805627444,7334.213379
269,33.789,-0.054177027181158695,7337.677734
270,33.914,-0.03831056775929736,7337.835449
271,34.04,-0.034375504451630276,7337.838867
272,34.166,-0.03195254101172783,7339.313965
273,34.293,-0.03984130409097966,7336.995605
274,34.418,-0.05563176795403542,7335.357422
275,34.544,-0.07788055827942517,7338.574707
276,34.67,-0.08892592060712512,7339.196289
277,34.796,-0.1102084006975657,7335.885254
278,34.922,-0.11962715821195438,7340.309082
279,35.048,-0.11748426457007975,7342.437012
280,35.174,-0.11221373905749346,7337.994629
281,35.301,-0.10527841859989986,7339.223145
282,35.426,-0.11100443055676655,7337.755859
283,35.552,-0.10956771422297777,7336.972168
284,35.678,-0.11652450434737609,7342.618652
285,35.804,-0.14203680751186198,7337.410156
286,35.93,-0.17029440952943423,7337.946289
287,36.056,-0.19055812683876283,7339.464844
288,36.182,-0.2153527497556471,7332.536133
289,36.309,-0.22843710213596358,7338.834473
290,36.434,-0.23389887197628717,7339.646973
291,36.56,-0.22504605526345148,7340.915527
292,36.686,-0.215034623177112,7338.375488
293,36.812,-0.19966912426593691,7341.691406
294,36.938,-0.19211199691484054,7330.995117
295,37.064,-0.17775053850525896,7338.651855
296,37.19,-0.16067978075576733,7337.762695
297,37.316,-0.14980676652647995,7336.294434
298,37.442,-0.13086054009413864,7337.953125
299,37.568,-0.13048629261012093,7336.661621
300,37.694,-0.1310299766834918,7329.585938
301,37.82,-0.14423847664864206,7335.757813
302,37.946,-0.16538637421737307,7338.29248
303,38.072,-0.18301781970412517,7336.214355
304,38.198,-0.2025725603904245,7338.099121
305,38.324,-0.21220494505531468,7339.076172
306,38.45,-0.2158440107560256,7341.178711
307,38.576,-0.2094086464019371,7336.165039
308,38.702,-0.191852301924168,7337.530762
309,38.828,-0.1650866950419384,7335.916504
310,38.954,-0.14721627582508987,7335.568359
311,39.08,-0.12935921103611794,7338.412598
312,39.206,-0.11671830532888876,7338.56543
313,39.332,-0.11191132611431953,7335.78125
314,39.458,-0.11013937712376141,7337.604492
315,39.584,-0.1101064486905013,7339.280273
316,39.71,-0.11112806994215094,7338.380371
317,39.836,-0.11405890957009422,7340.165527
318,39.962,-0.11922770857749614,7337.868652
319,40.088,-0.12518475502832155,7336.129395
320,40.214,-0.13099854730808183,7337.311523
321,40.34,-0.12745663431769985,7340.243652
322,40.466,-0.12601198407882758,7341.756348
323,40.592,-0.12213180359121574,7340.222168
324,40.718,-0.11448768231261669,7341.020996
325,40.844,-0.11307536046259567,7336.04541
326,40.97,-0.11407063298341967,7338.149902
327,41.096,-0.12193918815222425,7341.225098
328,41.222,-0.129123918671815,7335.755859
329,41.348,-0.14380705150954817,7338.029297
330,41.474,-0.14807962013987666,7337.193848
331,41.6,-0.14863661152511326,7336.575195
332,41.726,-0.14541641821035747,7338.31543
333,41.852,-0.14168338016627224,7336.516602
334,41.978,-0.15065059609148806,7336.217773
335,42.104,-0.15489503259603565,7336.371094
336,42.23,-0.16678475666724774,7339.507324
337,42.356,-0.18027499968863672,7336.939941
338,42.482,-0.1927096120115007,7341.678223
339,42.608,-0.20108761264078798,7336.902344
340,42.734,-0.2109991937763735,7337.553711
341,42.86,-0.21110348681963165,7337.473145
342,42.986,-0.2087181923706647,7337.607422
343,43.112,-0.2048123574700398,7340.000488
344,43.238,-0.19950261733294886,7345.28418
345,43.363,-0.18854013434992076,7335.941895
346,43.489,-0.17973428551844622,7336.145996
347,43.616,-0.18060189429522633,7336.655273
348,43.741,-0.17900936355040284,7338.327637
349,43.868,-0.17904847532383805,7333.43457
350,43.994,-0.1873252060679868,7336.895508
351,44.12,-0.19506364755742678,7337.583496
352,44.245,-0.2097737105261554,7335.812988
353,44.372,-0.2223194032805264,7335.281738
354,44.498,-0.23743113930078036,7337.384277
355,44.623,-0.2608397619353198,7335.210938
356,44.749,-0.28122500883376145,7334.656738
357,44.876,-0.3003233099084714,7336.855469
358,45.001,-0.3156323827104451,7335.947266
359,45.128,-0.3076201081523424,7336.015625
360,45.254,-0.29626423204037056,7330.859375
361,45.38,-0.2628971825956318,7334.853516
362,45.505,-0.2242566229596728,7336.627441
363,45.632,-0.18875892094133775,7337.811035
364,45.758,-0.16061511812397739,7339.246582
365,45.883,-0.13696703986005945,7335.647949
366,46.01,-0.13051643441682265,7333.415527
367,46.135,-0.12915624373635567,7335.596191
368,46.261,-0.13447954659353567,7335.556641
369,46.387,-0.13899735986544365,7335.305176
370,46.514,-0.14109502044848554,7338.760254
371,46.639,-0.14314672277138663,7335.717285
372,46.765,-0.139756505645471,7334.805664
373,46.892,-0.14489127956909434,7336.092285
374,47.017,-0.1591536014192884,7336.439941
375,47.143,-0.16169921046887017,7336.66748
376,47.269,-0.17368967447419897,7339.333008
377,47.395,-0.17078944428000634,7339.443848
378,47.521,-0.17325457532453004,7336.605469
379,47.647,-0.16643538934019556,7338.298828
380,47.773,-0.16711806170736046,7338.780273
381,47.899,-0.17265784519844524,7338.946777
382,48.025,-0.18050103937247453,7337.565918
383,48.151,-0.19353459855945696,7335.856934
384,48.277,-0.20640692539701613,7336.830566
385,48.403,-0.2212868498413795,7335.39502
386,48.53,-0.22216881626163593,7334.698242
387,48.655,-0.22829906983129036,7332.393066
388,48.781,-0.23636699275314957,7334.120605
389,48.907,-0.2370227473623085,7334.404785
390,49.033,-0.23961614736563897,7333.956055
391,49.159,-0.24444928561727206,7338.576172
392,49.285,-0.23948312452943915,7337.530273
393,49.411,-0.2284393007881306,7337.713867
394,49.538,-0.21762579121457845,7331.08252
395,49.663,-0.21250584963765873,7337.21875
396,49.789,-0.20948727839817557,7337.60791
397,49.915,-0.21800390765187877,7336.822266
398,50.041,-0.22967499680925488,7335.753418
399,50.167,-0.23876250964109105,7334.458496
400,50.293,-0.2437796299561094,7337.247559
401,50.419,-0.23729472607025615,7335.272949
402,50.545,-0.22660571200327445,7331.492188
403,50.671,-0.20665683083236405,7333.458496
404,50.797,-0.18956938215478905,7334.114258
405,50.923,-0.1768554348147266,7335.989746
406,51.049,-0.17107486342622186,7336.010254
407,51.175,-0.17255018328656146,7335.914063
408,51.301,-0.1774876335731862,7338.776855
409,51.427,-0.18251516290956385,7339.789551
410,51.553,-0.18693733487356876,7339.192871
411,51.679,-0.18955170862225734,7337.356445
412,51.805,-0.18061718185606757,7334.744629
413,51.931,-0.1740596365005469,7336.905762
414,52.057,-0.16617647010519743,7337.753418
415,52.183,-0.16661842170692037,7334.844238
416,52.309,-0.17091063556236422,7336.544922
417,52.435,-0.17789062123345928,7337.138672
418,52.561,-0.18697414459660164,7338.822266
419,52.687,-0.19218407730757736,7338.927246
420,52.813,-0.1938201009247488,7332.814941
421,52.939,-0.19326852639926403,7338.927246
422,53.065,-0.1894213561720265,7338.910156
423,53.191,-0.19230700279077406,7338.59668
424,53.317,-0.20499611001303922,7334.188477
425,53.443,-0.22229126562432552,7333.279785
426,53.569,-0.24213262028071153,7336.448242
427,53.695,-0.2670513268576146,7338.658691
428,53.821,-0.28147055068081245,7335.852051
429,53.947,-0.2948180294405827,7335.987793
430,54.073,-0.2975149291365528,7339.458008
431,54.199,-0.29346608960351644,7337.967773
432,54.325,-0.2806406711590349,7336.479492
433,54.451,-0.2638532008942965,7338.662109
434,54.577,-0.24754424981766202,7337.09375
435,54.703,-0.22731411103560756,7335.383789
436,54.829,-0.22132566942124277,7341.287109
437,54.955,-0.21969223083188902,7336.643066
438,55.081,-0.22218117451487585,7338.603027
439,55.207,-0.23148342081865614,7335.700195
440,55.333,-0.23407402926308943,7337.24707
441,55.459,-0.23412327964603472,7337.379883
442,55.585,-0.22835185771520683,7335.346191
443,55.711,-0.21700521473478865,7334.469727
444,55.837,-0.2101049554101059,7335.397949
445,55.963,-0.20625320719373844,7335.658203
446,56.089,-0.2042338168175389,7335.504395
447,56.215,-0.20479154560815793,7332.848633
448,56.341,-0.20778316221579016,7336.095215
449,56.467,-0.20548082147206762,7336.628418
450,56.593,-0.20567735012275093,7336.160645
451,56.719,-0.20826643238047607,7336.145508
452,56.845,-0.2107702392132646,7328.173828
453,56.971,-0.21357707170567747,7335.512207
454,57.097,-0.2094855078667105,7335.448242
455,57.223,-0.20221787520753873,7334.575195
456,57.349,-0.1927274930303646,7334.98584
457,57.475,-0.18022603325140568,7339.649414
458,57.602,-0.17666405767121066,7335.592285
459,57.727,-0.17842612523259999,7336.855957
460,57.852,-0.18888437675618086,7334.78418
461,57.979,-0.20625391055026962,7338.497559
462,58.105,-0.21949868557437902,7338.806641
463,58.23,-0.23258642574271224,7333.524902
464,58.357,-0.23990110583995763,7336.686035
465,58.483,-0.2518107653418626,7338.539063
466,58.609,-0.2694752269758968,7337.864258
467,58.735,-0.2865611715860731,7335.443848
468,58.861,-0.3057109700957738,7334.633301
469,58.986,-0.31599299244145246,7334.04541
470,59.113,-0.3118405771126186,7335.729004
471,59.238,-0.2994046615176543,7332.376953
472,59.364,-0.28375494344923863,7333.05957
473,59.491,-0.2722771306305017,7337.742676
474,59.616,-0.2757641633676334,7332.681152
475,59.743,-0.2896459903761998,7334.910645
476,59.869,-0.30128216631939897,7339.711426
477,59.995,-0.3144447963056856,7335.476074
478,60.121,-0.3097375729451494,7330.643066
479,60.247,-0.2937598330651687,7336.994141
480,60.373,-0.2652934368692941,7333.59375
481,60.498,-0.23668408602591023,7335.741211
482,60.625,-0.221432751255405,7335.620605
483,60.751,-0.21088830059064934,7333.200684
484,60.876,-0.20577794673840083,7337.086426
485,61.002,-0.21242324598461884,7334.724609
486,61.129,-0.21336141608798673,7336.089844
487,61.254,-0.20540410366633444,7335.598633
488,61.38,-0.201628583651396,7341.144043
489,61.506,-0.19419669166470882,7335.492676
490,61.632,-0.1857021458721973,7333.80127
491,61.759,-0.17682704616476252,7336.855469
492,61.884,-0.18169101364880044,7334.07959
493,62.01,-0.17508333778822255,7340.40918
494,62.137,-0.17419731513189127,7333.396484
495,62.262,-0.18029489090475495,7335.648438
496,62.388,-0.18858690817421325,7334.37207
497,62.514,-0.20117152732717877,7337.554688
498,62.64,-0.21630060713865312,7332.989746
499,62.766,-0.2284727199978366,7335.400879
500,62.892,-0.23663868721358486,7335.78418
501,63.018,-0.2435136582875424,7334.146484
502,63.144,-0.24017391300715712,7335.753906
503,63.27,-0.234764894409386,7335.684082
504,63.396,-0.23725947471913056,7338.14502
505,63.522,-0.2472377244024664,7335.779785
506,63.648,-0.2568195175883381,7336.604004
507,63.774,-0.2757243622264731,7334.817383
508,63.9,-0.28803407138821124,7332.070801
509,64.026,-0.30507599505196903,7333.071777
510,64.152,-0.3144824819524436,7335.003418
511,64.278,-0.31997646630239235,7334.118164
512,64.404,-0.3168058934943981,7334.95459
513,64.53,-0.30744918893815804,7336.27002
514,64.656,-0.30063156904453986,7338.822266
515,64.782,-0.29196036155209304,7336.010742
516,64.909,-0.287969987232047,7335.220703
517,65.034,-0.2854199534797006,7336.29541
518,65.16,-0.28029102185944643,7336.240234
519,65.286,-0.25942145396151184,7333.985352
520,65.412,-0.24607034884693388,7334.483887
521,65.539,-0.22683873581477423,7336.521973
522,65.664,-0.21737564022133257,7332.73877
523,65.79,-0.21347168379228362,7330.25293
524,65.916,-0.21394819665305947,7327.116211
525,66.042,-0.22294623052833562,7334.629395
526,66.168,-0.2286066278577875,7334.063965
527,66.294,-0.2330766658006078,7334.108887
528,66.42,-0.2440731801440312,7336.359375
529,66.546,-0.2539145477468185,7333.456055
530,66.672,-0.2622166889351513,7335.890625
531,66.798,-0.27165719842060676,7334.213379
532,66.924,-0.2803194701915562,7330.279297
533,67.05,-0.2819553925703742,7334.84082
534,67.176,-0.28421965906025237,7336.182129
535,67.302,-0.2897552148872823,7333.650879
536,67.428,-0.29482166862890163,7333.532227
537,67.554,-0.3053137657592089,7333.585449
538,67.68,-0.31879373577450665,7334.703613
539,67.806,-0.32998966406732666,7335.092285
540,67.932,-0.33632678553832024,7335.192871
541,68.058,-0.342507957552682,7335.825195
542,68.184,-0.34578826085357034,7334.155762
543,68.31,-0.3495697919775846,7330.755371
544,68.436,-0.34899606593598725,7332.914063
545,68.562,-0.35328709674392117,7334.829102
546,68.688,-0.344682811630492,7332.375
547,68.814,-0.33546106982391277,7332.184082
548,68.94,-0.3105172799589803,7334.233887
549,69.066,-0.27957054703223694,7332.356934
550,69.192,-0.25104735801012307,7335.000977
551,69.318,-0.218458033484293,7335.165527
552,69.444,-0.20049363570462245,7330.567871
553,69.57,-0.19193326867338886,7333.714355
554,69.696,-0.1941534201201616,7331.346191
555,69.822,-0.2113400823213994,7335.447754
556,69.948,-0.2335082217538633,7334.603027
557,70.074,-0.2510033793068849,7337.242676
558,70.2,-0.2669331310107263,7334.753418
559,70.326,-0.2845049541145664,7333.286621
560,70.452,-0.2965777379801905,7335.014648
561,70.578,-0.3100166978510159,7333.799805
562,70.704,-0.32276353285094195,7335.050293
563,70.83,-0.3337069852498649,7337.910645
564,70.956,-0.3422791483570122,7335.423828
565,71.082,-0.34759774006822197,7335.606445
566,71.208,-0.34665712929381526,7337.153809
567,71.334,-0.34667413839260236,7335.187988
568,71.46,-0.3465844937160876,7336.908203
569,71.586,-0.341270702063475,7336.910645
570,71.712,-0.34924578055391914,7339.739258
571,71.838,-0.3519406483668182,7339.907715
572,71.964,-0.3570307255377464,7337.047852
573,72.09,-0.3637951297592754,7335.165527
574,72.216,-0.3699492387986118,7335.195313
575,72.342,-0.3701029769604048,7337.813477
576,72.468,-0.36538465888665367,7333.798828
577,72.594,-0.35127407827394075,7336.527832
578,72.72,-0.333037399326813,7338.601074
579,72.846,-0.3125156140050857,7336.680664
580,72.972,-0.29905386440094234,7338.233398
581,73.098,-0.28852657689966277,7339.400391
582,73.224,-0.28928263652393216,7336.714844
583,73.35,-0.28938756037721297,7337.811035
584,73.476,-0.29929666272558736,7338.096191
585,73.601,-0.2988359072502293,7333.855469
586,73.728,-0.2993447976228867,7337.053223
587,73.854,-0.29281775480117966,7337.501953
588,73.98,-0.28554255271007817,7335.98584
589,74.106,-0.2732457212647041,7337.396484
590,74.231,-0.2691807211036921,7335.558594
591,74.358,-0.26225082722686616,7337.54248
592,74.484,-0.2653441794076662,7336.83252
593,74.61,-0.2709616675640452,7336.653809
594,74.736,-0.27412769674117615,7338.039063
595,74.862,-0.27597953477855386,7337.816895
596,74.988,-0.28411900383293237,7338.939453
597,75.113,-0.2922939367779122,7339.500488
598,75.239,-0.3009058423179326,7338.126953
599,75.366,-0.3163125608058125,7335.98584
600,75.492,-0.33178012570115734,7335.100586
601,75.617,-0.3445494722400379,7337.93457
602,75.744,-0.366800296316712,7337.530273
603,75.87,-0.38842535366074105,7337.852051
604,75.996,-0.40608339877281885,7335.614258
605,76.121,-0.41684644432606055,7344.155273
606,76.247,-0.4206423648521677,7339.141113
607,76.373,-0.41061968027189766,7337.88623
608,76.499,-0.3868944887909036,7340.148926
609,76.626,-0.37594818824920784,7335.507324
610,76.751,-0.35706073091261964,7337.418945
611,76.877,-0.35097658073931853,7340.270508
612,77.004,-0.3443568365348257,7340.69873
613,77.13,-0.34870489264680493,7345.770996
614,77.255,-0.3507259690518896,7339.219238
615,77.381,-0.3370914259537131,7340.378906
616,77.507,-0.32418530692819963,7341.575684
617,77.633,-0.3007157987413604,7342.045898
618,77.76,-0.2801229345036104,7341.206543
619,77.886,-0.26675637498821686,7338.924316
620,78.011,-0.2555980712011775,7339.476563
621,78.137,-0.25166447655337376,7342.879883
622,78.264,-0.25234719783092985,7338.933594
623,78.389,-0.26542673542866424,7342.486328
624,78.515,-0.2800748982717164,7335.339355
625,78.641,-0.3007135313719203,7338.415039
626,78.768,-0.3336753584179744,7338.244629
627,78.894,-0.35414312720072905,7342.17334
628,79.02,-0.36581309199489304,7339.137695
629,79.145,-0.37572170218268774,7339.958984
630,79.271,-0.37816910868738496,7339.731445
631,79.397,-0.37619780259762464,7338.556152
632,79.523,-0.37519485032676564,7339.757324
633,79.649,-0.3792352540100296,7339.891113
634,79.775,-0.3914835599251562,7339.032715
635,79.901,-0.39764210175992387,7337.378418
636,80.027,-0.4039593067638722,7338.970215
637,80.153,-0.40908900655023667,7338.321777
638,80.279,-0.3965007941339643,7338.415527
639,80.406,-0.389790520257929,7340.041016
640,80.531,-0.3792603647248675,7338.558105
641,80.657,-0.37038490544732705,7336.317871
642,80.783,-0.35407285377291253,7334.942383
643,80.909,-0.3411132147593021,7340.053711
644,81.035,-0.3216571251359836,7340.054199
645,81.161,-0.29717185234158394,7335.449219
646,81.287,-0.28302333968125637,7336.830078
647,81.413,-0.2693971256911333,7340.671387
648,81.539,-0.2656282718062238,7339.541992
649,81.665,-0.26191306818335425,7337.855957
650,81.791,-0.2736181912274214,7340.603516
651,81.917,-0.28754181301606013,7338.129883
652,82.043,-0.3133437082308693,7338.697754
653,82.169,-0.33006672042833035,7339.060547
654,82.296,-0.35038990856563973,7339.599609
655,82.421,-0.35687917125148444,7345.455566
656,82.547,-0.35665628002237587,7337.146973
657,82.673,-0.34748487172649284,7341.424805
658,82.799,-0.3315128592142879,7338.011719
659,82.925,-0.32363043546908504,7338.896973
660,83.051,-0.330211350972787,7341.135254
661,83.177,-0.34271759223146286,7337.595215
662,83.303,-0.36462645338999367,7338.441406
663,83.429,-0.39070001730558485,7341.844238
664,83.555,-0.40678286125032015,7338.997559
665,83.681,-0.42603819242766394,7338.268066
666,83.807,-0.4191977914598978,7341.253418
667,83.933,-0.42143958796444747,7338.797852
668,84.059,-0.3944545958355643,7338.206543
669,84.185,-0.37897285668823455,7338.44873
670,84.311,-0.3630463445080183,7336.873047
671,84.437,-0.3356283445114936,7338.778809
672,84.563,-0.32878797577652397,7336.800781
673,84.689,-0.3192626876818095,7339.911621
674,84.815,-0.32692347710362984,7336.209961
675,84.941,-0.3442093281503391,7341.725098
676,85.067,-0.34909674394429313,7338.106934
677,85.193,-0.3738284664523069,7339.114258
678,85.319,-0.3578018051999948,7337.589355
679,85.446,-0.34850814170940747,7337.868652
680,85.571,-0.33425158207295613,7339.137207
681,85.697,-0.3302012561825749,7340.807617
682,85.823,-0.33900910728890743,7340.391602
683,85.949,-0.3430393312093836,7340.30957
684,86.075,-0.36803604350179847,7338.227051
685,86.201,-0.3802246616484444,7337.880371
686,86.327,-0.4199939633726648,7339.502441
687,86.453,-0.4120718143131505,7341.719238
688,86.579,-0.449098909982957,7337.356934
689,86.705,-0.4439908425606808,7340.082031
690,86.831,-0.4547930108778114,7343.609375
691,86.957,-0.46834183560187564,7338.579102
692,87.083,-0.46532180651779464,7339.084473
693,87.209,-0.44487145834162317,7337.244629
694,87.335,-0.4195060891446513,7338.348633
695,87.461,-0.4103821696161224,7337.309082
696,87.587,-0.38346941713687277,7340.64502
697,87.712,-0.35781775606302807,7340.187012
698,87.839,-0.36119499847434766,7339.876465
699,87.965,-0.37012467455844317,7339.77832
700,88.091,-0.3418142233493238,7338.810547
701,88.217,-0.35658538204991985,7339.09668
702,88.342,-0.3374723499944307,7340.809082
703,88.469,-0.345523579217086,7339.406738
704,88.595,-0.3614199542847372,7336.873047
705,88.721,-0.35098120870754046,7338.820313
706,88.847,-0.3654916580648442,7337.504883
707,88.973,-0.3662560889339484,7339.797852
708,89.098,-0.38249101008514697,7337.435547
709,89.225,-0.40061215844181025,7342.809082
710,89.351,-0.4298879368937751,7333.467773
711,89.477,-0.43318066587335474,7343.021973
712,89.602,-0.4398918859452087,7337.87793
713,89.729,-0.4858630256525828,7341.719727
714,89.854,-0.44960904398447493,7342.072754
715,89.98,-0.4691960832072241,7337.976074
716,90.106,-0.42561764831642507,7341.261719
717,90.232,-0.44565897551595796,7339.542969
718,90.359,-0.4383744946535182,7340.494629
719,90.485,-0.436682351026871,7340.386719
720,90.61,-0.4247504375599918,7339.990234
721,90.736,-0.3818200432103678,7343.063477
722,90.862,-0.3980896370416337,7342.334961
723,90.988,-0.40995556937266264,7341.09375
724,91.114,-0.358416516900532,7341.190918
725,91.241,-0.3773207369381476,7340.935547
726,91.366,-0.36057984377994623,7336.973633
727,91.492,-0.3414425908610779,7340.230469
728,91.619,-0.32539358203751034,7338.978516
729,91.745,-0.34576616499042945,7340.339355
730,91.87,-0.32507926617735267,7338.96875
731,91.996,-0.3450859531494356,7342.081543
732,92.122,-0.3579110882592205,7338.922363
733,92.248,-0.33966468137482225,7337.569824
734,92.374,-0.4019575121801805,7338.651855
735,92.5,-0.3921260272262496,7338.003418
736,92.626,-0.3898750282619944,7343.058105
737,92.752,-0.41989392778500473,7341.066895
738,92.878,-0.4417618013675241,7338.388184
739,93.004,-0.4711432198875804,7340.309082
740,93.13,-0.48710901586666,7337.331055
741,93.256,-0.4496392185170046,7335.450684
742,93.382,-0.44838877414086614,7337.638184
743,93.508,-0.45633215697955726,7339.42627
744,93.635,-0.43602877612426744,7339.114746
745,93.76,-0.40008318627937967,7341.349121
746,93.886,-0.4262347259677783,7337.529785
747,94.012,-0.39397204363209354,7338.101074
748,94.138,-0.43020364428621516,7339.23877
749,94.264,-0.4425081680444242,7339.256836
750,94.39,-0.4207047925351921,7340.955078
751,94.516,-0.46623083457585957,7338.841309
752,94.642,-0.4258034234787234,7335.20459
753,94.768,-0.39041710023971044,7337.191406
754,94.894,-0.3824057473609626,7338.753906
755,95.02,-0.3666774039387139,7339.955078
756,95.146,-0.384028043165902,7340.29541
757,95.272,-0.4408382133485238,7335.914551
758,95.398,-0.41627065053643997,7334.677246
759,95.524,-0.482270073538505,7337.950684
760,95.65,-0.4940556350275132,7338.129395
761,95.776,-0.45686582676464255,7336.360352
762,95.902,-0.5058573822387821,7333.864258
763,96.029,-0.4949337038602331,7339.864258
764,96.154,-0.4759317672895982,7338.683594
765,96.28,-0.4824202275040006,7337.261719
766,96.406,-0.47973554235351146,7337.648438
767,96.532,-0.45962932197596645,7336.911133
768,96.658,-0.4650760526493547,7334.557129
769,96.784,-0.46987732877325966,7339.793457
770,96.91,-0.45136326544901767,7336.195313
771,97.036,-0.4211521159316456,7339.373047
772,97.162,-0.3945004003165394,7338.589355
773,97.289,-0.3552436434766257,7337.515625
774,97.414,-0.36870031651531116,7337.553711
775,97.54,-0.38970552621945914,7337.16748
776,97.666,-0.4101018457449613,7338.816895
777,97.792,-0.41740264539223904,7337.879883
778,97.918,-0.4349481544089844,7338.184082
779,98.044,-0.48829437484117694,7337.535645
780,98.17,-0.5160041996565947,7340.525879
781,98.296,-0.49296822150800984,7338.932617
782,98.422,-0.5040303306881516,7334.734375
783,98.548,-0.5020603475998066,7336.492676
784,98.674,-0.46879350466635006,7335.291504
785,98.8,-0.4474470309187454,7338.581543
786,98.926,-0.43282480813557395,7338.668945
787,99.052,-0.4053834498539781,7337.331055
788,99.178,-0.44728882292755284,7338.012695
789,99.304,-0.4655941037717001,7339.368652
790,99.43,-0.5254952304050189,7341.199707
791,99.556,-0.5208537538408496,7340.263184
792,99.682,-0.514245450878108,7338.625977
793,99.808,-0.3879887471542869,7339.101074
794,99.934,-0.2561116014482785,7339.799316
795,100.06,-0.05786712043176907,7340.212402
796,100.186,0.4669784676346372,7339.812988
797,100.312,1.0371148429693202,7340.95752
798,100.438,0.8322808627219349,7337.58252
799,100.564,0.6199274647881537,7339.649414
800,100.69,0.7107886419574109,7340.026367
801,100.816,0.5851725081406952,7337.40625
802,100.942,0.557069180653998,7337.557617
803,101.068,0.5608197128602866,7337.472656
804,101.194,0.5651292474103329,7336.389648
805,101.32,0.6088990037781841,7337.988281
806,101.446,0.583602433616057,7340.750977
807,101.572,0.6161745167488536,7336.793945
808,101.698,0.6475873289424322,7342.487305
809,101.824,0.6519499652477531,7332.456543
810,101.95,0.625026093931041,7336.158203
811,102.076,0.6171402774061229,7337.488281
812,102.202,0.5945015744889416,7340.930664
813,102.328,0.59615779022664,7340.590332
814,102.454,0.5600944664692262,7337.477051
815,102.58,0.5519054821468548,7337.911133
816,102.706,0.5353523679203857,7339.633301
817,102.832,0.5165339865631392,7340.700684
818,102.958,0.49754084601114473,7335.410156
819,103.084,0.5094073828319728,7338.069336
820,103.209,0.48174101980422623,7334.580566
821,103.335,0.5254860657589241,7336.653809
822,103.462,0.5325452868013155,7339.435059
823,103.588,0.5543043350269491,7340.336426
824,103.714,0.5595402621803502,7340.120605
825,103.84,0.5307883664012002,7337.114746
826,103.965,0.5009956954911332,7338.666504
827,104.092,0.4809402962735988,7338.695313
828,104.217,0.4766045487913615,7340.133789
829,104.344,0.47804990179515955,7337.974121
830,104.469,0.4745914206727058,7339.229492
831,104.596,0.5030101475055698,7339.430176
832,104.722,0.5438226671845044,7339.201172
833,104.847,0.5449470618709382,7338.948242
834,104.974,0.5650893560150533,7339.567871
835,105.099,0.5666664763095479,7340.987793
836,105.225,0.554078753590465,7342.714355
837,105.352,0.5526618388087493,7336.632324
838,105.478,0.5385254289049337,7337.089844
839,105.604,0.5629418712660393,7339.946289
840,105.729,0.5453714574464279,7340.42627
841,105.856,0.5416786152050538,7342.532715
842,105.982,0.5770296912211633,7337.213867
843,106.107,0.5613096322141895,7338.54834
844,106.234,0.5781903673847427,7337.513184
845,106.359,0.5950358872332571,7338.021973
846,106.485,0.6271722287132205,7337.105957
847,106.612,0.5970259236304426,7339.238281
848,106.737,0.5574824047357338,7340.863281
849,106.863,0.5445913924237586,7337.999023
850,106.99,0.5063666890076044,7338.038574
851,107.115,0.5039030386336297,7337.727051
852,107.241,0.5024248963945009,7333.992676
853,107.367,0.5374984903046165,7335.993164
854,107.493,0.6005781409697519,7340.777344
855,107.619,0.5934703892016866,7338.951172
856,107.746,0.600581027697183,7341.65918
857,107.871,0.5643567936617282,7337.797852
858,107.997,0.5723558212954808,7337.473145
859,108.123,0.5894179807804872,7338.688965
860,108.249,0.5616704292184403,7339.124512
861,108.376,0.549752368716552,7340.954102
862,108.501,0.5602004823280498,7339.018066
863,108.627,0.5758325029719684,7338.28418
864,108.754,0.5870894848398521,7342.044922
865,108.879,0.5762863490212036,7339.150879
866,109.006,0.5756020734695234,7339.908203
867,109.131,0.5664174736191055,7341.943359
868,109.258,0.553324145302884,7336.506348
869,109.383,0.5795393871613095,7327.603516
870,109.509,0.5777770638595352,7339.105957
871,109.636,0.5390120666331379,7339.567871
872,109.761,0.539804753628342,7338.777832
873,109.887,0.5677402483369494,7341.738281
874,110.014,0.5163039887086316,7333.546387
875,110.139,0.5208677582411725,7339.306641
876,110.265,0.5661230333595564,7339.772949
877,110.391,0.5734948798739881,7339.118652
878,110.517,0.6092102990312839,7339.067871
879,110.643,0.572803806486988,7335.903809
880,110.769,0.5981567955791843,7338.839844
881,110.895,0.580533167933053,7338.793945
882,111.021,0.5405378093715906,7337.935059
883,111.147,0.51219844100351,7338.947754
884,111.273,0.49544103547658397,7335.041016
885,111.399,0.47179586346292013,7342.507813
886,111.525,0.46861392904415305,7334.867676
887,111.651,0.5015312288528943,7336.538574
888,111.777,0.5024273309355376,7338.833496
889,111.903,0.5322490587590435,7338.701172
890,112.029,0.5452076186641528,7341.062012
891,112.155,0.5103566941634466,7337.333984
892,112.281,0.5532076507287419,7340.421875
893,112.407,0.5471006859316634,7339.262695
894,112.533,0.5387700545920111,7338.239258
895,112.659,0.5526752149462549,7338.937012
896,112.785,0.5252289018087132,7341.860352
897,112.911,0.4679327792335951,7338.247559
898,113.037,0.45112540503515486,7337.057129
899,113.163,0.4326344648305796,7339.085449
900,113.289,0.41971158656200436,7340.500977
901,113.415,0.4346628230052936,7338.694336
902,113.542,0.4445384108502346,7334.996582
903,113.667,0.4990840972084877,7336.212402
904,113.793,0.5372831111001712,7338.493652
905,113.919,0.5316755128519269,7337.82373
906,114.045,0.5198656699147369,7339.678711
907,114.172,0.5116757669130838,7342.51416
908,114.297,0.46116710585210585,7335.73584
909,114.423,0.46535108878004583,7337.96875
910,114.549,0.4791523893752273,7340.616211
911,114.675,0.45531060820484676,7342.795898
912,114.801,0.4954102301473603,7335.489258
913,114.927,0.4501175257007517,7337.472656
914,115.053,0.4323405459747071,7343.415527
915,115.179,0.4367469629743163,7336.978027
916,115.305,0.4341270991173304,7338.493652
917,115.431,0.4621940346463608,7336.943359
918,115.557,0.45724070234162456,7333.558105
919,115.683,0.4823996875373719,7339.447266
920,115.809,0.49191995749866596,7340.080566
921,115.935,0.4912457656389879,7339.339844
922,116.061,0.45179849868115624,7336.769531
923,116.187,0.4521384920894475,7339.038574
924,116.313,0.4138235263893151,7342.360352
925,116.439,0.41880299730348963,7338.706055
926,116.565,0.42481221777814293,7338.697754
927,116.691,0.45876501089426086,7338.295898
928,116.817,0.4523452956716242,7341.408691
929,116.943,0.4707419177476026,7341.154297
930,117.069,0.47404571329540696,7334.519531
931,117.195,0.47098655894418595,7336.711426
932,117.321,0.4537468181744323,7338.468262
933,117.447,0.46648483215409015,7339.169922
934,117.573,0.4600406731154168,7336.828613
935,117.699,0.46759522407522,7339.704102
936,117.825,0.46351100263983624,7339.016113
937,117.951,0.4617219183742589,7337.983398
938,118.077,0.4540298336782668,7339.396973
939,118.203,0.4665887575829828,7337.669434
940,118.329,0.4640752572052221,7341.948242
941,118.455,0.4685879549427985,7338.59668
942,118.581,0.4677140581714223,7334.841797
943,118.707,0.4556744573313801,7335.934082
944,118.833,0.47254979840459466,7341.287598
945,118.959,0.47453655855995464,7340.428711
946,119.085,0.46860965856050274,7342.743164
947,119.211,0.4752277045927144,7340.731934
948,119.337,0.47875791245315363,7338.255859
949,119.463,0.4827429079093144,7338.294434
950,119.589,0.4797133228697954,7338.046387
951,119.715,0.4801621976394218,7340.079102
952,119.841,0.4758842596115146,7346.345215
953,119.967,0.46578807775034337,7338.977539
954,120.092,0.4475326555909575,7338.587402
955,120.219,0.4401753564793019,7340.050293
956,120.345,0.4440503647945374,7342.43457
957,120.471,0.44208215758198205,7341.262695
958,120.596,0.4688666751729505,7338.428223
959,120.723,0.4805500822000141,7339.141113
960,120.849,0.4932728031190827,7342.042969
961,120.975,0.5081716478803083,7338.56543
962,121.101,0.5016601812389188,7338.139648
963,121.227,0.49617425669871107,7338.837891
964,121.353,0.49247833795409435,7342.88916
965,121.478,0.477044845039026,7340.388672
966,121.605,0.4552121863735138,7338.948242
967,121.731,0.4411518413901309,7344.915039
968,121.857,0.42889075271000027,7334.415039
969,121.983,0.42111867156226346,7339.804688
970,122.109,0.4323589920542747,7339.342285
971,122.235,0.4498172632501815,7338.885742
972,122.36,0.46593482491617366,7340.992188
973,122.486,0.4764409027483471,7333.460449
974,122.612,0.4795704169842647,7337.31543
975,122.738,0.4756626078380998,7337.50293
976,122.865,0.45895626200206124,7338.415039
977,122.991,0.4441566860852957,7340.422363
978,123.116,0.4328618741339687,7340.678711
979,123.242,0.42341219508756145,7343.016113
980,123.368,0.4103218394435247,7336.078613
981,123.494,0.4027039569748143,7339.987305
982,123.62,0.40532860587438035,7341.400879
983,123.746,0.4131236299793342,7343.54541
984,123.872,0.4322744064227319,7341.649414
985,123.998,0.45175903574974946,7336.229004
986,124.124,0.4641719574199865,7339.767578
987,124.25,0.4760069115390511,7339.487793
988,124.377,0.4679169443515994,7340.490723
989,124.502,0.45094795763125484,7341.210449
990,124.628,0.42903325089358724,7339.487305
991,124.754,0.40390310240597527,7341.265625
992,124.88,0.39124021980924306,7338.558105
993,125.006,0.38663260341429334,7340.317383
994,125.132,0.3882278558453008,7340.315918
995,125.258,0.3973746124082942,7344.172363
996,125.384,0.40398252661405426,7339.759277
997,125.51,0.4130802303047505,7340.026855
998,125.636,0.4147491186353152,7339.65332
999,125.762,0.41899820193021803,7339.069336
1000,125.902,0.4256802629939467,7343.585938
1001,126.014,0.4267348162353607,7340.01709
1002,126.14,0.43254420320826414,7339.15625
1003,126.266,0.4246867501707498,7340.808594
1004,126.393,0.4064047980727478,7340.916504
1005,126.518,0.39281508385802083,7340.432617
1006,126.644,0.38119365273278905,7339.891113
1007,126.77,0.3835782960528271,7343.195801
1008,126.896,0.3922844790376442,7338.470703
1009,127.022,0.41380833343321377,7340.163086
1010,127.148,0.430531786912181,7338.804688
1011,127.274,0.44850608458646307,7339.164551
1012,127.4,0.4586959586444817,7336.497559
1013,127.526,0.4504374957806887,7339.824219
1014,127.652,0.4491976617955849,7338.414063
1015,127.778,0.4523754156472671,7339.844727
1016,127.904,0.4414156733950689,7340.84375
1017,128.03,0.43171553613701885,7341.925781
1018,128.156,0.4239756211727395,7338.227539
1019,128.282,0.4079017327470421,7338.882813
1020,128.408,0.40019493688108954,7338.080566
1021,128.535,0.39459220822175156,7333.479004
1022,128.66,0.40493897466436873,7338.88623
1023,128.786,0.4164916674105106,7339.385742
1024,128.912,0.42912922893419747,7337.572266
1025,129.038,0.4458347602178459,7340.433105
1026,129.164,0.44504961964297995,7336.036621
1027,129.29,0.43614093669554826,7331.331055
1028,129.416,0.4304513289010522,7336.007324
1029,129.542,0.41949434016974807,7337.673828
1030,129.668,0.42268130621986993,7337.902832
1031,129.794,0.4385427449471119,7334.416016
1032,129.92,0.4631612030794446,7341.390137
1033,130.046,0.4842233528407027,7341.078125
1034,130.172,0.4930351308571926,7339.157715
1035,130.298,0.5044424442680859,7339.26416
1036,130.424,0.5085829187202305,7339.883789
1037,130.55,0.507665836111561,7334.005859
1038,130.676,0.5027002353763634,7336.799805
1039,130.802,0.4912288577015353,7339.713379
1040,130.928,0.472977356944474,7336.683105
1041,131.054,0.45301887927730844,7339.594727
1042,131.18,0.4393213461700819,7340.745117
1043,131.306,0.42478347207586475,7339.096191
1044,131.432,0.4189128344132145,7343.51416
1045,131.558,0.41542160796826766,7339.500977
1046,131.684,0.4122833060763281,7337.513184
1047,131.81,0.4039191518506385,7336.686523
1048,131.936,0.39733854349125136,7337.384277
1049,132.062,0.39146447058920675,7338.268066
1050,132.188,0.39205260554967986,7339.969727
1051,132.314,0.40866526606138737,7337.444824
1052,132.44,0.4327957452276659,7340.646484
1053,132.566,0.4499520777629492,7334.030273
1054,132.692,0.4686681067822079,7336.984375
1055,132.818,0.47517445784411866,7338.227539
1056,132.944,0.47190766801925565,7335.163086
1057,133.07,0.45726067477397014,7339.986328
1058,133.196,0.4370514465288676,7336.941406
1059,133.322,0.4259874624801172,7340.149902
1060,133.448,0.4121611381262429,7339.725098
1061,133.574,0.41303870438875245,7336.773438
1062,133.7,0.4229565314018054,7338.387695
1063,133.826,0.43998570860989433,7338.713867
1064,133.952,0.45614235378565754,7339.637207
1065,134.078,0.47894882150584145,7341.358398
1066,134.204,0.487304443078641,7339.287109
1067,134.33,0.4888127232226401,7337.621582
1068,134.456,0.48576657544721885,7335.834961
1069,134.582,0.46574652429550945,7338.866699
1070,134.708,0.4456171562295493,7339.395996
1071,134.834,0.42485033510937154,7337.053223
1072,134.96,0.4050292860960266,7337.673828
1073,135.086,0.39823002322389384,7337.676758
1074,135.212,0.3969408708595906,7337.567383
1075,135.337,0.4099516396650927,7336.498535
1076,135.464,0.428889954630428,7336.897949
1077,135.59,0.44712670111869846,7337.083984
1078,135.716,0.4723191135953203,7339.113281
1079,135.842,0.4833334829156922,7337.082031
1080,135.968,0.4815599549013169,7339.40332
1081,136.094,0.4674724747993294,7337.710449
1082,136.22,0.43852771383949857,7338.441895
1083,136.346,0.40852430281256435,7337.166016
1084,136.471,0.39115425074925325,7335.240234
1085,136.597,0.38183730320813414,7341.775879
1086,136.724,0.39771937868533935,7332.651367
1087,136.849,0.4306892547507487,7334.161133
1088,136.976,0.4594637631349282,7339.287598
1089,137.102,0.4855862266223255,7338.780762
1090,137.228,0.48990039929327917,7339.942383
1091,137.353,0.4800423108234419,7340.37207
1092,137.48,0.4564226731941596,7338.603027
1093,137.606,0.4353027237002411,7336.658203
1094,137.732,0.40700346981774177,7337.963867
1095,137.858,0.38549672811647473,7337.94043
1096,137.984,0.3796574711278676,7338.463379
1097,138.11,0.36871783893291943,7337.435059
1098,138.236,0.37921986972976396,7337.368652
1099,138.361,0.3899781164976888,7339.515625
1100,138.487,0.39674405509398236,7337.154785
1101,138.613,0.399928883361012,7332.456055
1102,138.739,0.4008213564102379,7339.11377
1103,138.865,0.37773865001350776,7337.87793
1104,138.991,0.35798829785407515,7338.856445
1105,139.118,0.32707779086606964,7336.242188
1106,139.243,0.3189854220392531,7337.602051
1107,139.369,0.3125130188083447,7338.659668
1108,139.496,0.32418394107193316,7336.959473
1109,139.622,0.33593811883800123,7337.70459
1110,139.747,0.3418629940621576,7337.788086
1111,139.873,0.3508820880888251,7339.333984
1112,139.999,0.3433865090489907,7340.380859
1113,140.126,0.3422014130197067,7335.600586
1114,140.251,0.33115406661960056,7338.803711
1115,140.377,0.32048563585594086,7337.703613
1116,140.504,0.3187425611435092,7340.061523
1117,140.629,0.312709313226836,7334.568359
1118,140.755,0.3172138072594512,7338.233887
1119,140.881,0.3079276476864234,7337.76709
1120,141.007,0.30965894105018504,7337.847168
1121,141.133,0.3085793421783147,7335.529785
1122,141.259,0.32689437414114986,7336.281738
1123,141.385,0.3402465886950008,7335.099609
1124,141.511,0.3611545298740833,7337.141602
1125,141.637,0.3684614268453055,7336.374512
1126,141.763,0.37242682097166463,7340.096191
1127,141.889,0.35828128332892856,7339.047852
1128,142.015,0.34649723034553775,7335.574219
1129,142.141,0.332207491695316,7337.219727
1130,142.267,0.32365330403233955,7337.111816
1131,142.393,0.3263801931136169,7336.019043
1132,142.519,0.33109042685791806,7339.22168
1133,142.645,0.330263103399103,7337.162109
1134,142.771,0.329793966838904,7338.211426
1135,142.897,0.315871091930889,7337.430664
1136,143.023,0.3037097879736312,7337.942871
1137,143.149,0.2913313631553796,7335.321777
1138,143.275,0.2878220052489139,7337.955566
1139,143.401,0.30069419409813714,7337.878418
1140,143.527,0.3075577512352049,7337.988281
1141,143.653,0.3208937352692888,7339.038574
1142,143.779,0.3121149417976784,7339.660645
1143,143.905,0.29470899320249283,7335.678223
1144,144.031,0.28260301495154366,7337.82666
1145,144.157,0.2673399322377353,7337.53418
1146,144.283,0.2692990802982384,7338.702637
1147,144.409,0.28669479129655606,7342.060547
1148,144.536,0.2986714998464361,7336.691406
1149,144.661,0.32399111673663994,7337.272949
1150,144.787,0.31722727725208805,7336.552734
1151,144.913,0.29923018681786967,7340.558105
1152,145.039,0.2888348631461375,7333.076172
1153,145.165,0.27052792923691554,7335.910156
1154,145.291,0.2643777380766153,7336.722656
1155,145.417,0.298578575175279,7337.006348
1156,145.543,0.3211369068478811,7336.836914
1157,145.669,0.35498351008408147,7337.438965
1158,145.795,0.36943741884659037,7339.676758
1159,145.921,0.36058315858835543,7336.306152
1160,146.047,0.3606172785089615,7336.910645
1161,146.173,0.34142856893065854,7337.422852
1162,146.299,0.3418732138365264,7337.875
1163,146.425,0.34108224254149927,7334.388184
1164,146.551,0.346842212378326,7337.403809
1165,146.677,0.3538112245590031,7335.593262
1166,146.803,0.37453217038595266,7334.096191
1167,146.929,0.3987458446072862,7340.885742
1168,147.055,0.4181008479837798,7337.915527
1169,147.181,0.4299083579779536,7334.749023
1170,147.307,0.4271419354279111,7337.464355
1171,147.433,0.4069922290892919,7332.931152
1172,147.559,0.3862276263535016,7332.510742
1173,147.685,0.36217710609906784,7339.209473
1174,147.811,0.3486134245736038,7334.720215
1175,147.937,0.35023319777487305,7335.04248
1176,148.063,0.35939775776317284,7333.413086
1177,148.189,0.3662141830023922,7334.879395
1178,148.315,0.37383549861101983,7336.185059
1179,148.441,0.3670396558944138,7335.191406
1180,148.567,0.3617373805576111,7336.96582
1181,148.693,0.3519251920186295,7333.662598
1182,148.819,0.35079674450828574,7336.11377
1183,148.945,0.35439984762351284,7338.15918
1184,149.071,0.36276428796718263,7337.084473
1185,149.197,0.37243125750142403,7337.273438
1186,149.323,0.3760481203144958,7340.294434
1187,149.449,0.3755395491569205,7335.237793
1188,149.575,0.3674402858172141,7336.106934
1189,149.701,0.36218931761410905,7335.566406
1190,149.827,0.35733228100289466,7336.672363
1191,149.953,0.35953429509392965,7339.588379
1192,150.079,0.3678222577155528,7336.585449
1193,150.205,0.3694632527662955,7336.894531
1194,150.331,0.37989295889206526,7337.258789
1195,150.457,0.36214021796472656,7340.250977
1196,150.583,0.33980505730098437,7336.974609
1197,150.709,0.31726907379135716,7335.070313
1198,150.835,0.3038906086493187,7336.133789
1199,150.961,0.3095661953651671,7336.44043
1200,151.087,0.31532218892472486,7333.042969
1201,151.213,0.3328515311078428,7337.765625
1202,151.339,0.3526454320844148,7341.129883
1203,151.464,0.3595661776646845,7336.306641
1204,151.59,0.3603859261022643,7337.826172
1205,151.717,0.34745834114676355,7335.502441
1206,151.843,0.3296026152740743,7332.847168
1207,151.969,0.30942957818880096,7340.594238
1208,152.095,0.29348360986084304,7335.311523
1209,152.221,0.2824133524127584,7334.49707
1210,152.347,0.28127278762070584,7337.459961
1211,152.472,0.2905597835127045,7337.889648
1212,152.599,0.30924541400545097,7336.0
1213,152.725,0.3276737878157133,7335.408203
1214,152.85,0.33854426871771404,7337.378418
1215,152.977,0.3431701735660835,7334.566406
1216,153.103,0.3322595977917366,7336.38916
1217,153.228,0.3188583846651004,7338.722656
1218,153.355,0.2998121834713087,7336.833008
1219,153.48,0.2803933406284126,7335.132324
1220,153.606,0.2740039204185779,7335.553711
1221,153.733,0.27440071494312707,7337.851074
1222,153.859,0.27899208849743745,7337.286621
1223,153.984,0.2919932330404325,7335.591797
1224,154.11,0.3048671896868714,7335.593262
1225,154.237,0.3131721026420272,7336.20166
1226,154.362,0.31680169928795604,7339.464355
1227,154.488,0.3093163808020742,7337.82373
1228,154.615,0.2858951914848,7337.031738
1229,154.741,0.25866970700859104,7335.923828
1230,154.866,0.23608124743111128,7338.387695
1231,154.993,0.21360734684123106,7336.563477
1232,155.118,0.20403120213235315,7338.160156
1233,155.245,0.2088673385344499,7335.350586
1234,155.371,0.2150492194909188,7329.854004
1235,155.496,0.2307273259009935,7337.72168
1236,155.622,0.25028698103018077,7336.532715
1237,155.748,0.271904759862126,7336.977051
1238,155.874,0.28921885228827754,7341.258789
1239,156.001,0.30336073551490544,7337.925781
1240,156.126,0.3095834464851649,7340.365234
1241,156.252,0.3070525128604148,7338.418457
1242,156.378,0.2991478120853223,7334.266602
1243,156.504,0.28804320565376806,7335.996094
1244,156.631,0.27678885270847225,7334.794434
1245,156.756,0.27306340924841044,7337.911621
1246,156.882,0.2833093174945194,7336.330566
1247,157.008,0.29423978685436486,7335.321777
1248,157.134,0.31625854628044087,7337.066406
1249,157.26,0.34388677764687275,7338.523438
1250,157.387,0.36939823782555375,7335.089844
1251,157.512,0.391065025574871,7334.585938
1252,157.638,0.40502027143392033,7336.507813
1253,157.764,0.4039166958662147,7333.578613
1254,157.89,0.3924309910027986,7337.807129
1255,158.016,0.3711807877996647,7333.79248
1256,158.142,0.35370997496073364,7335.768066
1257,158.268,0.3354441503505104,7334.224609
1258,158.394,0.3268456041896167,7329.536133
1259,158.52,0.3259990040976498,7334.076172
1260,158.646,0.3281212181736397,7335.282227
1261,158.772,0.3323750030043632,7332.438965
1262,158.898,0.3315707473602464,7337.319336
1263,159.024,0.32906235238064024,7335.804688
1264,159.15,0.3319342393126027,7333.576172
1265,159.276,0.3326737736279629,7331.624512
1266,159.402,0.3359044322115111,7335.646484
1267,159.529,0.3383436875788478,7337.956055
1268,159.654,0.3331457557238948,7337.901855
1269,159.78,0.329099646115517,7335.339844
1270,159.906,0.32425088940955404,7334.492676
1271,160.032,0.31460226981750283,7333.227539
1272,160.158,0.3098322157246328,7337.986328
1273,160.284,0.3055830840294679,7337.450684
1274,160.41,0.2969149797394,7334.412598
1275,160.536,0.28859057662359044,7333.572266
1276,160.662,0.2875643345795595,7335.478516
1277,160.788,0.2847319947316376,7336.209473
1278,160.914,0.29252596110335294,7336.726074
1279,161.04,0.2975573130177622,7335.930664
1280,161.166,0.3054902107098088,7331.65332
1281,161.292,0.3091672661910702,7335.475586
1282,161.418,0.30467231893292407,7336.837402
1283,161.544,0.28976196077316985,7335.1875
1284,161.67,0.27285984921596457,7332.397949
1285,161.796,0.24996549210705638,7335.901855
1286,161.922,0.23655767851774473,7332.551758
1287,162.048,0.22619976465986574,7333.885254
1288,162.174,0.22734430050323154,7335.108887
1289,162.3,0.2323449870660316,7335.304688
1290,162.426,0.24107312279426008,7332.987793
1291,162.552,0.24439751754733574,7334.606445
1292,162.678,0.24375077631289016,7331.346191
1293,162.804,0.24197918436549404,7334.571777
1294,162.93,0.24304823423645538,7332.152344
1295,163.056,0.24746584193582774,7336.819336
1296,163.182,0.25880133703033226,7334.521973
1297,163.308,0.269632175749044,7336.46582
1298,163.434,0.28688346702590534,7334.364258
1299,163.56,0.30385574611372945,7330.745117
1300,163.686,0.31987180243771096,7335.663086
1301,163.812,0.33103269673164054,7334.642578
1302,163.938,0.3338625411573685,7334.828613
1303,164.064,0.32979193077828195,7332.662598
1304,164.19,0.3250550310389812,7334.712891
1305,164.316,0.317883295052867,7333.005371
1306,164.442,0.3147918310402971,7334.383789
1307,164.568,0.323342384288899,7334.69873
1308,164.694,0.33633936201616826,7333.755371
1309,164.82,0.35723769679879785,7332.330566
1310,164.946,0.3769299855651436,7330.836914
1311,165.072,0.384730246171615,7334.950195
1312,165.198,0.3857441795009416,7333.483398
1313,165.324,0.3762048443180891,7334.062988
1314,165.45,0.35923131541762315,7332.306152
1315,165.576,0.34049178248093837,7332.696289
1316,165.702,0.3287455570496339,7333.765625
1317,165.828,0.3160000647131374,7335.358398
1318,165.954,0.3083634875894317,7331.700195
1319,166.08,0.30317900812059306,7334.182617
1320,166.206,0.3003995694854326,7333.450195
1321,166.332,0.29695418991920036,7332.641602
1322,166.458,0.2905129404951996,7335.368652
1323,166.584,0.2828029704920783,7327.953125
1324,166.71,0.269397274827154,7330.544922
1325,166.836,0.2589290415657833,7333.848633
1326,166.962,0.2541727352415538,7330.870117
1327,167.088,0.2566072315711378,7328.64209
1328,167.213,0.27078428542606814,7331.932129
1329,167.34,0.2872783785317769,7331.716797
1330,167.465,0.2940708346720422,7333.541504
1331,167.592,0.29748988462877507,7334.368164
1332,167.718,0.28015908979205134,7336.365234
1333,167.844,0.25532434769650186,7331.853516
1334,167.97,0.22556830588250634,7334.041016
1335,168.096,0.2033947816535312,7333.993164
1336,168.221,0.19658190548022916,7334.347656
1337,168.348,0.20416558334745985,7335.764648
1338,168.474,0.224363202575285,7329.193359
1339,168.6,0.24793008240493067,7334.438965
1340,168.725,0.26849515854939937,7333.175781
1341,168.851,0.27987359381576377,7335.341797
1342,168.977,0.27893842043333605,7332.312988
1343,169.103,0.27437271512768,7331.632813
1344,169.229,0.2699751431247885,7333.711426
1345,169.355,0.26865317470016203,7336.28125
1346,169.481,0.2750479661950271,7332.12207
1347,169.607,0.29491716169879406,7332.256348
1348,169.733,0.3170329131750868,7335.39502
1349,169.86,0.33270421891198326,7335.368652
1350,169.985,0.34511222889895204,7332.70459
1351,170.111,0.34328644283968635,7332.601074
1352,170.237,0.33879948215132033,7332.479492
1353,170.363,0.32761316424094655,7335.794434
1354,170.489,0.321589889108751,7332.837402
1355,170.615,0.3176486148437523,7337.734375
1356,170.741,0.31777208839547266,7330.70166
1357,170.867,0.3233650575482496,7332.748535
1358,170.993,0.32498170257292963,7333.339355
1359,171.12,0.3272829605268473,7334.837891
1360,171.245,0.3218948130753576,7330.45166
1361,171.371,0.3107662825722571,7332.805664
1362,171.497,0.295667344575066,7333.102051
1363,171.623,0.2802778355732511,7334.640625
1364,171.749,0.26715513605858754,7333.562988
1365,171.875,0.2583940421086651,7336.638672
1366,172.001,0.2532355981507532,7332.676758
1367,172.127,0.24757611312315508,7332.746582
1368,172.253,0.247361964035005,7333.235352
1369,172.379,0.24564052239447992,7334.034668
1370,172.506,0.24063153897831693,7334.759277
1371,172.632,0.23158561431035907,7335.955566
1372,172.757,0.22449917815191023,7334.055176
1373,172.883,0.2191551513585609,7333.031738
1374,173.009,0.22119977904039076,7332.788574
1375,173.135,0.2377676400001152,7338.352051
1376,173.261,0.2609244432547672,7339.030762
1377,173.387,0.29363683493040893,7334.18457
1378,173.513,0.3284690550771758,7334.984375
1379,173.64,0.34576366042959567,7332.226563
1380,173.765,0.3573315147680271,7326.279785
1381,173.891,0.34956679641721655,7336.20459
1382,174.017,0.34621457311970244,7333.821777
1383,174.143,0.32997192206358966,7332.806152
1384,174.269,0.31986231477653965,7333.443359
1385,174.395,0.3164423547320833,7327.075684
1386,174.521,0.31395180612219786,7333.572266
1387,174.647,0.30119883216123544,7333.031738
1388,174.773,0.28915678887670215,7333.563965
1389,174.899,0.27630036065894265,7331.394043
1390,175.025,0.26825338996101794,7335.470703
1391,175.151,0.2615844095135808,7336.845703
1392,175.277,0.2636314078513083,7334.303711
1393,175.409,0.2726278248610333,7335.812012
1394,175.529,0.27464052835728164,7340.832031
1395,175.655,0.27617444643698313,7335.053711
1396,175.781,0.26986765443011784,7332.720215
1397,175.907,0.26152618335577676,7332.67041
1398,176.033,0.25887102431486125,7334.134766
1399,176.159,0.26644605851230896,7332.691406
1400,176.285,0.280676405073243,7335.729492
1401,176.411,0.3063213748670509,7333.650391
1402,176.537,0.3296818946388221,7332.321777
1403,176.663,0.34774894248763755,7332.872559
1404,176.789,0.3548549190882586,7332.921387
1405,176.915,0.35143442976472355,7332.853516
1406,177.041,0.3431085697588987,7333.876953
1407,177.167,0.3236513568861049,7334.89502
1408,177.293,0.30344768168254205,7332.872559
1409,177.419,0.29268872897646814,7336.524902
1410,177.545,0.2817571748694854,7333.979004
1411,177.671,0.2837244314566368,7334.504883
1412,177.797,0.2898194988079917,7332.319824
1413,177.923,0.302432676920734,7332.118164
1414,178.049,0.31958734159805746,7330.951172
1415,178.175,0.3341490934625097,7335.628418
1416,178.301,0.3333838125724531,7333.282715
1417,178.427,0.32099937973564613,7332.483398
1418,178.553,0.3020381441892718,7333.012695
1419,178.679,0.27243873447420464,7333.597168
1420,178.805,0.24277561588515126,7330.90332
1421,178.931,0.22113043705729096,7332.189453
1422,179.057,0.206341673335255,7334.842285
1423,179.183,0.20089040395369784,7330.128906
1424,179.309,0.20125930723802316,7325.350586
1425,179.435,0.2123247493644993,7334.877441
1426,179.561,0.23102645913729994,7330.524902
1427,179.687,0.2578483094876779,7334.463379
1428,179.813,0.2842312162037338,7329.768555
1429,179.939,0.31271748742643773,7330.128906
1430,180.065,0.32472964451771197,7331.851563
1431,180.191,0.32365454357930545,7333.149902
1432,180.317,0.3052042465435208,7330.702148
1433,180.443,0.2815203678189319,7329.693359
1434,180.576,0.2572233343564844,7329.649902
1435,180.695,0.2390722939388944,7333.36377
1436,180.821,0.23552140793276558,7332.414063
1437,180.947,0.24507616583240732,7332.513672
1438,181.073,0.25457173535346805,7332.437988
1439,181.199,0.26107485633054006,7332.220703
1440,181.324,0.26140816353514296,7333.333496
1441,181.452,0.2571931538211831,7332.578613
1442,181.577,0.24132333768701128,7333.772949
1443,181.703,0.22726429147747412,7334.187012
1444,181.829,0.216832845022676,7336.96582
1445,181.955,0.21650438206233577,7334.080078
1446,182.08,0.22044858031756795,7334.451172
1447,182.207,0.23180741459940002,7333.51416
1448,182.333,0.2437545229747187,7332.104004
1449,182.459,0.25963693510880154,7335.494629
1450,182.585,0.2732452062460231,7334.067871
1451,182.711,0.28701644909049934,7334.268555
1452,182.836,0.29789931567729816,7335.431641
1453,182.962,0.3046605847618909,7338.722656
1454,183.089,0.3027653169153959,7333.551758
1455,183.214,0.2914238644858373,7336.29834
1456,183.34,0.2782985091765234,7334.554199
1457,183.467,0.2659098204530286,7333.876465
1458,183.593,0.25810333858606754,7332.131348
1459,183.719,0.25615984693731153,7334.350098
1460,183.845,0.2665870005125226,7333.263672
1461,183.971,0.2694656876208911,7338.054688
1462,184.097,0.27223196996921933,7333.384277
1463,184.223,0.2727819106356527,7337.235352
1464,184.349,0.26690050104411317,7336.260254
1465,184.474,0.2515867144210862,7335.878418
1466,184.601,0.22804191335308638,7337.143066
1467,184.727,0.20647642929372428,7334.285156
1468,184.852,0.19338308152140463,7333.688965
1469,184.978,0.18543783501935981,7337.776855
1470,185.105,0.20005092691742596,7334.932617
1471,185.231,0.22537625657654267,7334.503906
1472,185.356,0.2601952021330091,7334.839844
1473,185.483,0.29644842074627087,7333.999023
1474,185.609,0.3215852884069024,7333.258301
1475,185.734,0.33507849641057713,7331.321289
1476,185.861,0.3395015125100279,7335.469727
1477,185.986,0.33494149136261603,7335.03418
1478,186.112,0.3211752852045582,7335.261719
1479,186.238,0.3104449862933029,7335.368652
1480,186.365,0.2985596048714571,7329.882813
1481,186.491,0.2927514365792522,7336.88623
1482,186.616,0.278860636735705,7334.14209
1483,186.742,0.26801565794858423,7332.416992
1484,186.868,0.26076284742399464,7334.61377
1485,186.994,0.25172920577760693,7331.45459
1486,187.12,0.24387248983137477,7329.901855
1487,187.246,0.2326923770589156,7329.890137
1488,187.372,0.22443421402067287,7335.294922
1489,187.498,0.20374987873794173,7334.774902
1490,187.624,0.19073364347095995,7336.585449
1491,187.75,0.18227475152102487,7334.400391
1492,187.877,0.18160086835584097,7333.57666
1493,188.002,0.19867980187461967,7332.60498
1494,188.128,0.22556057844301922,7334.438965
1495,188.254,0.25714958232307883,7334.977539
1496,188.38,0.28653160315081366,7330.004395
1497,188.506,0.3045800031463358,7331.035156
1498,188.632,0.3140304088375562,7334.754883
1499,188.758,0.31674765389966114,7333.308594
1500,188.885,0.3218462481524761,7332.187988
1501,189.01,0.32512734365338886,7334.194824
1502,189.136,0.33307057805245455,7335.104004
1503,189.262,0.332973885106534,7330.935059
1504,189.388,0.3320072874512435,7330.643555
1505,189.514,0.31415418814013935,7330.797363
1506,189.64,0.29259557871585823,7334.920898
1507,189.766,0.26774433052700874,7334.38623
1508,189.892,0.24508634709390872,7335.874023
1509,190.018,0.2309064792492421,7333.03125
1510,190.144,0.22456083933546983,7329.477051
1511,190.27,0.22217863107931546,7333.714355
1512,190.396,0.22166216308224357,7333.674316
1513,190.522,0.21877701604872996,7331.677734
1514,190.648,0.21601701620586822,7336.099121
1515,190.774,0.20921833966662612,7333.408691
1516,190.9,0.2060264799349292,7334.54248
1517,191.026,0.21246300249853492,7333.485352
1518,191.152,0.22796700197763148,7332.588867
1519,191.278,0.24995875537629106,7333.337891
1520,191.404,0.27743420610377073,7335.288574
1521,191.53,0.3024779986118578,7333.92627
1522,191.656,0.3170960697815997,7334.36084
1523,191.782,0.32404862527902456,7334.66748
1524,191.908,0.31444008636481546,7334.057617
1525,192.034,0.2986840033577335,7332.17627
1526,192.16,0.2794645193638062,7340.19043
1527,192.286,0.2586993692538219,7336.391602
1528,192.412,0.2464760863187656,7335.431641
1529,192.538,0.2401176596455242,7333.734375
1530,192.664,0.23797180583745348,7336.165039
1531,192.79,0.24597450130437976,7331.095703
1532,192.916,0.24589244069528363,7337.323242
1533,193.042,0.24617116789420007,7334.041992
1534,193.168,0.24419988144442512,7333.34082
1535,193.294,0.24067091893486164,7330.07959
1536,193.42,0.23888944955768712,7337.42627
1537,193.546,0.23807146741802332,7334.576172
1538,193.672,0.24542713954338538,7336.37207
1539,193.798,0.25276064644929924,7333.662598
1540,193.924,0.2613245453624983,7333.623047
1541,194.05,0.26828282836133843,7333.370117
1542,194.176,0.2775776579478567,7333.853027
1543,194.302,0.2889969859188644,7333.162109
1544,194.428,0.29825326545151937,7332.469727
1545,194.554,0.3100722720648301,7333.958008
1546,194.68,0.317312569360863,7331.157715
1547,194.806,0.3193704104380241,7334.931641
1548,194.932,0.30673583082473455,7328.530273
1549,195.058,0.2923598772853191,7331.486816
1550,195.184,0.27042808061437656,7333.487305
1551,195.31,0.24765580066472404,7331.452148
1552,195.436,0.22998219027537997,7334.956543
1553,195.562,0.21547978773767446,7337.910156
1554,195.688,0.2037090766995015,7334.179199
1555,195.814,0.19832791698648322,7333.04541
1556,195.94,0.1943320857471992,7333.351563
1557,196.066,0.19278538699916065,7334.629395
1558,196.192,0.1979123201509661,7333.914551
1559,196.318,0.20785096387398844,7340.072266
1560,196.444,0.22293091602733733,7332.358887
1561,196.57,0.2448569196696412,7331.82373
1562,196.696,0.26655356065945984,7332.229004
1563,196.822,0.2860573411299206,7330.110352
1564,196.948,0.30135201144879786,7335.07959
1565,197.074,0.3164983226682664,7328.793945
1566,197.2,0.3305724922751017,7332.138672
1567,197.326,0.3429459589065594,7331.150879
1568,197.452,0.35523089557691495,7329.496094
1569,197.578,0.36500658211738396,7334.581543
1570,197.704,0.3633592134164273,7328.327637
1571,197.83,0.35321902905096453,7335.316895
1572,197.956,0.3307713128266831,7331.513672
1573,198.082,0.30345993489928097,7331.344727
1574,198.208,0.2748429524622295,7331.272949
1575,198.334,0.25457488922249194,7330.837402
1576,198.46,0.24208304691161886,7331.525391
1577,198.585,0.23787719808790542,7332.350098
1578,198.712,0.2404104062520926,7333.666992
1579,198.838,0.24438817687992254,7332.589355
1580,198.963,0.2465891505643859,7331.72168
1581,199.089,0.2480534079292148,7332.776367
1582,199.215,0.2531073611326441,7335.260254
1583,199.342,0.2579074708940438,7333.324707
1584,199.468,0.27326863490736264,7335.486816
1585,199.594,0.29394032040802137,7331.96582
1586,199.719,0.31022407112316497,7336.374023
1587,199.845,0.31992873277288386,7335.72998
1588,199.972,0.32225931284928366,7332.955566
1589,200.098,0.31478404628245427,7332.588379
1590,200.223,0.3008485613363156,7334.850586
1591,200.349,0.28464146531353257,7329.81543
1592,200.475,0.2716765810416635,7329.33252
1593,200.602,0.2727846242958351,7333.744629
1594,200.727,0.2646705390620289,7332.866699
1595,200.854,0.2669292311750868,7330.398926
1596,201.008,0.24371365637142206,7337.460449
1597,201.105,0.22638364951669915,7332.37207
1598,201.231,0.2129363267149096,7331.460938
1599,201.357,0.203089789313609,7330.926758
1600,201.484,0.221842382177066,7331.544434
1601,201.609,0.24038232450552446,7334.655273
1602,201.735,0.2637744757950827,7327.063477
1603,201.861,0.2841449758624468,7331.785645
1604,201.987,0.2892839591783952,7333.313965
1605,202.114,0.2948536517287718,7332.587402
1606,202.24,0.29534329161077605,7328.452637
1607,202.365,0.29539812725445097,7332.001465
1608,202.491,0.30290279066311004,7335.901367
1609,202.618,0.31251561426506874,7331.089355
1610,202.743,0.3149216823443643,7332.276855
1611,202.869,0.3163816273009665,7332.76123
1612,202.995,0.3005429639178952,7330.615723
1613,203.121,0.2750815323701107,7337.373047
1614,203.247,0.2492617454803739,7332.277344
1615,203.373,0.22561074133285564,7335.059082
1616,203.499,0.21217911295635672,7331.859375
1617,203.625,0.20810664857912525,7334.731445
1618,203.752,0.2106390150248104,7338.538574
1619,203.877,0.21495653511100477,7332.998535
1620,204.004,0.21986409079033428,7333.850586
1621,204.129,0.21972812841376216,7332.538086
1622,204.255,0.21771746530430042,7331.645996
1623,204.381,0.21974033113912844,7333.064453
1624,204.507,0.23123331168950909,7335.127441
1625,204.633,0.2472847628017498,7331.006348
1626,204.759,0.27262902853305315,7333.177246
1627,204.885,0.2960749361123288,7332.763672
1628,205.011,0.3144756369791688,7331.547852
1629,205.137,0.32429882793288506,7334.301758
1630,205.263,0.3253363010691081,7331.994141
1631,205.389,0.3192671876161101,7332.786133
1632,205.515,0.3080114262708857,7332.706543
1633,205.641,0.2934997200178882,7333.916016
1634,205.767,0.2782487899131367,7336.362793
1635,205.893,0.26524400732337533,7329.669434
1636,206.019,0.2511404685446745,7331.463867
1637,206.145,0.23221783807458424,7331.972168
1638,206.271,0.21534662170357735,7335.353027
1639,206.397,0.20688478066453456,7331.409668
1640,206.523,0.20175882779328713,7333.222168
1641,206.649,0.20718597724773877,7333.505371
1642,206.775,0.214904616239043,7333.324219
1643,206.902,0.23265234266251283,7331.154785
1644,207.027,0.24503358679987097,7332.812988
1645,207.153,0.2690704417918179,7330.827148
1646,207.279,0.2934365566229998,7337.293457
1647,207.405,0.32012283172734174,7332.051758
1648,207.531,0.345942163286932,7331.688477
1649,207.657,0.36135932742636834,7331.380859
1650,207.783,0.36130737774225863,7334.65332
1651,207.909,0.3434317122583083,7331.394531
1652,208.036,0.319318913688665,7330.454102
1653,208.161,0.28683233363437266,7331.706055
1654,208.287,0.25751521685362033,7332.896973
1655,208.413,0.23582700662933406,7334.350586
1656,208.539,0.22028842892923367,7335.999512
1657,208.665,0.20655599252719584,7333.486816
1658,208.791,0.1967187855769207,7334.506836
1659,208.917,0.1849019614367268,7334.761719
1660,209.043,0.18220521563393394,7333.503418
1661,209.169,0.19003240066365495,7331.726563
1662,209.295,0.20633416255307746,7329.73291
1663,209.421,0.24064823989022788,7331.286133
1664,209.547,0.27017157877803966,7332.569336
1665,209.674,0.29384904548373825,7326.793457
1666,209.799,0.30374686163664816,7332.97998
1667,209.925,0.2892884872065795,7333.164551
1668,210.051,0.26972666289854447,7332.170898
1669,210.177,0.24640542927875245,7331.018555
1670,210.303,0.23872263889180945,7328.040527
1671,210.429,0.23646001361172583,7329.714844
1672,210.555,0.2359851623990239,7331.486328
1673,210.681,0.2344343417787543,7330.924316
1674,210.807,0.22568053822958414,7330.988281
1675,210.933,0.21702562965565117,7334.054199
1676,211.059,0.20860204044838343,7329.588379
1677,211.185,0.20847537059913948,7331.916992
1678,211.311,0.2190570524873846,7329.869141
1679,211.437,0.23723378392899397,7329.998535
1680,211.563,0.2579954827550582,7330.870605
1681,211.689,0.27768488056211627,7327.999023
1682,211.815,0.2901822257444288,7328.782715
1683,211.941,0.29664750271204304,7330.874512
1684,212.067,0.29564142306083163,7330.199707
1685,212.193,0.2888227319573531,7330.166504
1686,212.319,0.27573775967861863,7335.302246
1687,212.445,0.2592735325400276,7330.95166
1688,212.571,0.23715117683093725,7332.648438
1689,212.697,0.2167211393888616,7330.847656
1690,212.823,0.20152673568634388,7333.276855
1691,212.949,0.19724481962133777,7330.217773
1692,213.075,0.2068086876615519,7326.814453
1693,213.201,0.2279537946636877,7331.479492
1694,213.326,0.2506157197129742,7329.02002
1695,213.453,0.2711797930555289,7328.870605
1696,213.579,0.2882636823013962,7328.361328
1697,213.705,0.2949598099532828,7332.931152
1698,213.831,0.29421018180744307,7331.772949
1699,213.956,0.2906995201411313,7333.915527
1700,214.083,0.2868369932865941,7332.444336
1701,214.208,0.279243468278705,7332.210449
1702,214.335,0.2742094897975669,7334.109863
1703,214.46,0.2722799215880364,7329.327637
1704,214.587,0.26574765733125594,7332.224121
1705,214.712,0.25904084850019254,7330.206543
1706,214.839,0.2571827593758281,7332.297363
1707,214.965,0.25888097363709794,7334.429199
1708,215.091,0.25437195187149175,7330.314941
1709,215.217,0.24886831633645443,7332.133301
1710,215.343,0.23722838216636363,7331.018066
1711,215.469,0.21905396797526966,7336.543457
1712,215.595,0.20152381030033872,7334.858887
1713,215.721,0.18762449527647274,7328.833496
1714,215.846,0.18479231881408048,7332.839844
1715,215.973,0.19737740347196187,7330.474609
1716,216.099,0.22529977810390386,7328.562988
1717,216.225,0.25528250880516085,7329.370117
1718,216.351,0.2870407242799384,7329.698242
1719,216.476,0.3068600474349261,7330.788574
1720,216.603,0.3142719144166356,7332.762207
1721,216.729,0.3065997416161735,7338.191406
1722,216.855,0.2893042489929481,7335.277832
1723,216.98,0.2689819177475987,7331.26416
1724,217.107,0.25456177461152635,7330.980957
1725,217.232,0.2428920828108045,7333.668945
1726,217.359,0.24356041425901073,7332.02002
1727,217.485,0.2482768819189934,7328.257324
1728,217.61,0.25065954276784586,7330.682129
1729,217.736,0.2503540515627493,7328.51416
1730,217.862,0.2453955370140611,7333.126953
1731,217.988,0.23952962546603207,7329.706055
1732,218.114,0.23648914252325726,7334.05957
1733,218.241,0.23650404503434458,7330.847168
1734,218.366,0.24459723372567316,7331.406738
1735,218.492,0.25723501344081,7330.570313
1736,218.618,0.27586689038489304,7330.268555
1737,218.745,0.29016830610158084,7328.55127
1738,218.87,0.29807302375657163,7330.36377
1739,218.996,0.29160714722363335,7329.600098
1740,219.122,0.2763276614212141,7329.583008
1741,219.248,0.2554454427200276,7333.963867
1742,219.374,0.23446736315664213,7332.084961
1743,219.546,0.21624440366358055,7330.696777
1744,219.626,0.20648491951223016,7332.563477
1745,219.752,0.20170491795231996,7333.957031
1746,219.878,0.20457627358016708,7331.473633
1747,220.004,0.20649121652751717,7331.532715
1748,220.13,0.20766097367857367,7331.970703
1749,220.256,0.20719327274875396,7330.230957
1750,220.383,0.2111384964207774,7324.692871
1751,220.508,0.21987883615300005,7331.411621
1752,220.634,0.23819477645058673,7330.644043
1753,220.76,0.26089659695467393,7330.472168
1754,220.886,0.28232054945659374,7332.480957
1755,221.012,0.3014096754555925,7331.396484
1756,221.138,0.3011646178418542,7325.723633
1757,221.264,0.29587916795535735,7330.417969
1758,221.39,0.27673393979826,7330.616211
1759,221.517,0.2485530990544907,7332.133789
1760,221.642,0.2244219230418333,7329.682129
1761,221.768,0.2021038313624953,7330.524902
1762,221.894,0.19079771786964767,7330.923828
1763,222.02,0.19102016199960564,7332.196777
1764,222.146,0.20023796854067097,7332.092285
1765,222.272,0.2153435346492089,7331.987793
1766,222.398,0.2379416905982968,7328.640137
1767,222.524,0.2641457397695956,7331.275879
1768,222.65,0.28285875436608227,7333.066895
1769,222.776,0.2979868299355866,7328.340332
1770,222.903,0.3049361772434174,7333.295898
1771,223.028,0.30825771426484355,7332.087891
1772,223.154,0.30360119117727785,7331.046387
1773,223.28,0.29172571581527273,7329.974121
1774,223.406,0.27547030953333057,7327.588867
1775,223.532,0.2589029613416018,7334.033691
1776,223.658,0.24351834763078248,7330.964355
1777,223.784,0.23110388220836692,7331.12793
1778,223.91,0.22537493366567798,7331.279785
1779,224.036,0.22822773344888728,7337.370117
1780,224.162,0.23576786134763428,7330.92334
1781,224.288,0.2435927436224618,7332.080566
1782,224.414,0.2513287904001425,7332.687012
1783,224.54,0.25617212055699257,7335.898438
1784,224.666,0.2574484163120692,7330.274902
1785,224.792,0.2604613399247903,7333.72998
1786,224.918,0.2601526154741125,7330.788574
1787,225.044,0.25720824475315573,7331.179688
1788,225.17,0.2563397882876257,7329.254883
1789,225.296,0.2575578412275613,7333.549805
1790,225.422,0.2563440253186023,7332.303223
1791,225.548,0.2563764314463589,7332.535645
1792,225.674,0.25034651351486525,7333.724609
1793,225.8,0.24136399547109513,7333.859375
1794,225.926,0.23096013327314766,7330.81543
1795,226.052,0.22157471171975449,7332.925781
1796,226.178,0.21419223245347305,7332.277344
1797,226.304,0.2122260075912139,7334.475586
1798,226.43,0.22973092847282975,7330.331055
1799,226.556,0.2501545721281506,7328.52002
1800,226.682,0.2756604183780082,7330.618164
1801,226.808,0.30226225183328775,7330.806152
1802,226.934,0.3137229620824439,7329.410156
1803,227.06,0.3127064837751088,7326.234375
1804,227.186,0.2965170034033411,7329.385254
1805,227.311,0.2678465163764943,7328.259766
1806,227.438,0.2386790096749035,7331.570313
1807,227.564,0.21070536257521447,7331.018555
1808,227.69,0.18867822597703252,7332.878418
1809,227.816,0.1717912781768141,7331.124512
1810,227.942,0.16276128925147668,7328.465332
1811,228.068,0.16237584478182135,7331.405762
1812,228.194,0.16564370675071247,7326.984375
1813,228.319,0.17131089596039326,7333.386719
1814,228.446,0.18389995241875381,7329.586914
1815,228.572,0.20282468208562043,7325.539551
1816,228.698,0.22415842400205097,7332.268066
1817,228.824,0.24610788892631277,7328.90332
1818,228.95,0.26369545312344617,7330.962402
1819,229.076,0.27513810015299917,7332.078125
1820,229.202,0.27440394195984064,7333.09375
1821,229.328,0.2621889216841268,7329.436523
1822,229.454,0.24429932155415415,7330.13916
1823,229.579,0.21819279104475073,7332.25
1824,229.705,0.19551861418558877,7328.565918
1825,229.831,0.17742414404618564,7329.827148
1826,229.957,0.17365178183660204,7329.98584
1827,230.083,0.1864721624824308,7329.006348
1828,230.21,0.21048596114364654,7328.902344
1829,230.336,0.2432330117422115,7330.401367
1830,230.463,0.2705193689080725,7326.042969
1831,230.588,0.2953451686996086,7326.876465
1832,230.713,0.31104069637155374,7332.077637
1833,230.839,0.3051222832417133,7328.418945
1834,230.966,0.2916126487026284,7328.561523
1835,231.091,0.26864638091598947,7326.03418
1836,231.218,0.24538332663085796,7332.47168
1837,231.344,0.23406037621040848,7331.569824
1838,231.47,0.223043781074058,7328.32666
1839,231.596,0.21598925441161193,7329.141113
1840,231.722,0.21420920678398034,7334.691406
1841,231.848,0.20274302124591573,7328.939941
1842,231.973,0.19642381399657025,7329.608887
1843,232.1,0.19142171997763385,7329.04834
1844,232.226,0.20113457953122305,7332.460938
1845,232.351,0.21946308927533514,7325.760254
1846,232.478,0.24239038699620483,7329.721191
1847,232.604,0.2691945121068919,7330.171875
1848,232.73,0.2939765414415751,7331.540527
1849,232.856,0.3060380348616047,7335.585938
1850,232.982,0.30913693409602006,7331.123535
1851,233.107,0.29972092890723434,7329.837402
1852,233.233,0.2819344276453511,7331.755859
1853,233.359,0.2637944836001177,7330.769531
1854,233.485,0.2418856872058262,7336.180664
1855,233.612,0.2241846836205265,7329.854492
1856,233.738,0.21280344759442893,7330.027344
1857,233.863,0.20766699803528804,7330.033691
1858,233.99,0.20755344035335013,7332.833008
1859,234.115,0.21681231505104834,7327.088867
1860,234.242,0.23485793273972533,7330.5625
1861,234.368,0.2515942124169172,7328.793945
1862,234.493,0.27078023668333256,7331.936523
1863,234.619,0.28415961142119855,7325.915527
1864,234.745,0.2838798261919429,7334.70752
1865,234.871,0.2712141419555592,7331.580566
1866,234.998,0.25129905165067495,7331.330566
1867,235.124,0.2333710444115599,7333.461426
1868,235.249,0.21477099002375194,7336.46582
1869,235.375,0.1948943801875569,7331.203613
1870,235.501,0.18323302775249029,7331.180176
1871,235.627,0.17592960944660993,7333.568359
1872,235.754,0.17819512637176876,7332.446777
1873,235.879,0.18643333702739967,7330.032227
1874,236.005,0.20812354507565523,7332.079102
1875,236.131,0.23878809505874726,7333.179199
1876,236.257,0.26233488009904854,7335.47168
1877,236.384,0.2909768368831167,7329.485352
1878,236.51,0.3028027662626483,7327.758301
1879,236.635,0.30788405727470425,7332.077637
1880,236.761,0.2977024211501887,7333.912598
1881,236.887,0.28744964767061026,7327.314453
1882,237.013,0.26762907481953496,7336.284668
1883,237.139,0.2461349327689436,7331.744629
1884,237.265,0.2283458502507009,7332.226563
1885,237.392,0.21097228267174542,7332.962402
1886,237.517,0.2042804246477625,7329.922363
1887,237.644,0.20634129141228014,7331.83252
1888,237.77,0.23090361377974247,7332.934082
1889,237.895,0.2493017716632833,7331.202637
1890,238.021,0.27116267448083214,7331.686523
1891,238.147,0.2832988691754875,7335.050781
1892,238.273,0.26655937002410657,7326.884766
1893,238.399,0.24592974837870468,7332.142578
1894,238.526,0.20799381654848775,7331.666992
1895,238.651,0.16728222446010654,7336.439453
1896,238.777,0.13218407872643986,7332.625
1897,238.903,0.09608896412065646,7330.642578
1898,239.029,0.07552999370737955,7331.836426
1899,239.155,0.0712635149218194,7331.547852
1900,239.281,0.0795200179810906,7329.965332
1901,239.407,0.10298021710678115,7329.644531
1902,239.534,0.12925719036656547,7331.169434
1903,239.659,0.15588084988384412,7333.663086
1904,239.785,0.17781876324667295,7333.899902
1905,239.911,0.17651752968974607,7331.64502
1906,240.037,0.17796456866050872,7332.085938
1907,240.163,0.16804274364769234,7331.668945
1908,240.289,0.1676469095669544,7333.461426
1909,240.415,0.16812932553663046,7331.164063
1910,240.541,0.1627208037102727,7330.413574
1911,240.668,0.16178304966869786,7330.474609
1912,240.793,0.1490369905766485,7331.040527
1913,240.919,0.13810677058447088,7332.034668
1914,241.045,0.13458142787054217,7330.656738
1915,241.171,0.1353769415525082,7334.012207
1916,241.297,0.16248265951830262,7331.551758
1917,241.423,0.1923342594026845,7331.35498
1918,241.55,0.22293189941693395,7331.379883
1919,241.675,0.25095440983728207,7328.063965
1920,241.801,0.25970019345092815,7334.074219
1921,241.928,0.2564294100937943,7329.739746
1922,242.053,0.24405576267711196,7331.571289
1923,242.179,0.2152048639738094,7332.789063
1924,242.305,0.18626007823282104,7331.853027
1925,242.431,0.15334847466921664,7333.483398
1926,242.558,0.12645160093924301,7329.63916
1927,242.683,0.11795727086058003,7332.768066
1928,242.809,0.1111056919055662,7331.469727
1929,242.935,0.14231762993087446,7330.715332
1930,243.061,0.1717412441229213,7331.335938
1931,243.187,0.2140112622813932,7329.428711
1932,243.313,0.2507263113107745,7330.537598
1933,243.439,0.27850006698202867,7329.905762
1934,243.565,0.2938908566191359,7331.072754
1935,243.691,0.29505060773408737,7329.129395
1936,243.817,0.2883573139542839,7327.444824
1937,243.943,0.27185764781788946,7328.983398
1938,244.069,0.2488407272658084,7331.233887
1939,244.195,0.2218041386662335,7329.96582
1940,244.322,0.19627047517703225,7327.906738
1941,244.447,0.17678279792440343,7332.602539
1942,244.573,0.16689005773909454,7330.680664
1943,244.699,0.1645921821693347,7331.552246
1944,244.825,0.179740726090878,7329.253906
1945,244.951,0.19396169672040003,7324.474609
1946,245.077,0.21632266797553998,7327.690918
1947,245.203,0.2412639199717443,7331.324219
1948,245.328,0.25907280105865405,7331.976074
1949,245.455,0.2758504182137008,7325.742188
1950,245.581,0.27837768923858713,7336.207031
1951,245.707,0.2710092305027561,7329.103027
1952,245.833,0.24745449307233658,7332.421875
1953,245.959,0.20653005073664618,7333.24707
1954,246.085,0.1694858539699865,7333.660645
1955,246.21,0.1302936762530387,7331.024414
1956,246.337,0.10137395650881498,7331.227051
1957,246.463,0.09194548455958992,7333.15332
1958,246.588,0.10561551167688434,7331.256348
1959,246.714,0.13208731014895775,7333.210938
1960,246.841,0.17207857471134397,7329.539551
1961,246.967,0.20910967042504222,7331.044434
1962,247.092,0.23590287281099218,7331.207031
1963,247.219,0.2563161790009863,7332.137695
1964,247.345,0.2594616257195885,7332.556641
1965,247.47,0.26171663200435363,7331.983887
1966,247.597,0.2523499989955938,7331.070313
1967,247.723,0.23871000603017548,7332.089844
1968,247.848,0.22462748755992476,7329.772949
1969,247.974,0.20626638303463113,7330.93457
1970,248.101,0.19951069676358313,7328.712402
1971,248.226,0.19020407770172781,7330.302246
1972,248.352,0.1953774312395819,7329.609863
1973,248.479,0.19992337764414556,7327.670898
1974,248.604,0.21346409117263945,7332.394531
1975,248.73,0.23406437511020703,7333.054199
1976,248.856,0.25356857664689375,7331.485352
1977,248.983,0.2738550985500349,7329.996094
1978,249.109,0.28060308067006906,7330.306152
1979,249.235,0.2768619881445775,7329.65625
1980,249.361,0.2507667389846225,7330.413574
1981,249.487,0.2236849522455637,7332.648438
1982,249.613,0.190270146116509,7330.227051
1983,249.74,0.15745873007564193,7329.23584
1984,249.864,0.14008052716060543,7329.348633
1985,249.99,0.13202371940017418,7329.033691
1986,250.118,0.12553070311025596,7327.4375
1987,250.242,0.12643360929414618,7331.629883
1988,250.368,0.1302447143939898,7329.047852
1989,250.494,0.12842455621799004,7327.467285
1990,250.62,0.13421820572749496,7329.600098
1991,250.746,0.14392475273022765,7327.301758
1992,250.872,0.15926361300083045,7324.969238
1993,250.998,0.17185844392928346,7331.072266
1994,251.124,0.18696713005057236,7329.850098
1995,251.25,0.1853240293395379,7331.473633
1996,251.376,0.17616409508334435,7329.995117
1997,251.502,0.151047571170917,7334.512207
1998,251.628,0.1323331826913099,7326.206055
1999,251.754,0.1192318906454725,7329.797852
2000,251.88,0.10958117613064552,7328.120605
2001,252.006,0.10942768135749846,7328.61377
2002,252.132,0.12124165044224125,7328.208008
2003,252.258,0.12467834055708868,7331.445313
2004,252.384,0.12518536202681463,7327.838867
2005,252.51,0.13635509247406694,7329.236328
2006,252.636,0.13539619327792118,7330.58252
2007,252.762,0.14029218954499123,7323.628418
2008,252.888,0.15525389742376228,7327.605957
2009,253.014,0.15422264043066425,7327.669434
2010,253.14,0.16385830190930606,7328.20459
2011,253.266,0.16601189987490683,7327.944824
2012,253.392,0.16814054117843721,7325.431641
2013,253.518,0.15997677118521075,7328.191895
2014,253.644,0.15389259073733058,7324.657715
2015,253.77,0.14325294808452368,7327.336914
2016,253.896,0.12680481255856998,7327.646484
2017,254.022,0.11498687693332775,7324.994141
2018,254.148,0.09686327633344388,7327.987305
2019,254.274,0.10411459108162587,7326.750488
2020,254.4,0.11442180868907662,7327.603516
2021,254.526,0.13391952220946196,7328.56543
2022,254.652,0.16457608930831466,7327.174316
2023,254.778,0.184956205120916,7329.261719
2024,254.904,0.20088270026207933,7326.96875
2025,255.03,0.20428846238555898,7328.77002
2026,255.156,0.2035444977025214,7326.489258
2027,255.282,0.19497639897757799,7327.895508
2028,255.408,0.1761227180749456,7327.454102
2029,255.534,0.16876778943868068,7329.745605
2030,255.66,0.1585047187817009,7327.841309
2031,255.786,0.15802116356169024,7326.038086
2032,255.912,0.14627031366993,7326.454102
2033,256.038,0.1406857366731755,7325.196777
2034,256.164,0.13915345387059386,7327.993652
2035,256.29,0.13592558427137735,7329.816406
2036,256.416,0.14212573926790067,7325.851074
2037,256.542,0.1391925108072533,7328.109863
2038,256.668,0.13765892122177054,7325.929688
2039,256.794,0.13745715021386093,7329.570313
2040,256.92,0.14277309620891576,7328.175293
2041,257.046,0.15646816261102287,7328.159668
2042,257.172,0.1681425023370419,7327.720703
2043,257.298,0.1682434323261359,7327.467773
2044,257.424,0.16036349790169363,7328.206543
2045,257.55,0.13269907877376236,7327.026367
2046,257.676,0.09707095513339066,7324.246094
2047,257.802,0.06680708764647612,7326.938477
2048,257.928,0.04396231676167017,7326.371582
2049,258.054,0.04823888023240661,7326.962402
2050,258.18,0.07524502761582473,7326.149902
2051,258.306,0.11445098041391369,7333.416992
2052,258.432,0.16288548785311577,7325.856445
2053,258.558,0.2119874504398293,7325.923828
2054,258.684,0.2444554560502651,7325.661133
2055,258.81,0.2671245964429667,7326.323242
2056,258.935,0.2603250611720458,7324.942383
2057,259.062,0.23300487929767222,7326.588867
2058,259.188,0.19817724540820983,7325.019531
2059,259.314,0.15440228765822686,7324.611816
2060,259.44,0.1194919103273718,7326.55957
2061,259.566,0.08775612834730474,7323.65625
2062,259.692,0.07635531859150474,7327.458496
2063,259.818,0.06243907872729995,7322.145508
2064,259.944,0.0673217171908371,7324.188965
2065,260.07,0.07863370532903194,7324.177246
2066,260.195,0.08938144845144022,7326.72998
2067,260.322,0.09955745727080936,7325.417969
2068,260.448,0.10317878966084407,7322.308594
2069,260.574,0.10143641828653435,7326.34668
2070,260.7,0.08783536423234438,7324.818848
2071,260.826,0.08502523648954682,7327.776855
2072,260.952,0.07904050558909217,7325.21875
2073,261.078,0.07889836152649428,7322.712402
2074,261.204,0.08188848545610085,7326.917969
2075,261.33,0.08452475405453175,7323.562988
2076,261.456,0.07323682834961984,7327.146973
2077,261.582,0.06275618960813355,7325.578125
2078,261.708,0.05192861259015788,7325.296875
2079,261.834,0.041904741457115376,7326.546875
2080,261.96,0.04484450022255,7329.716309
2081,262.085,0.0655851765347115,7324.123047
2082,262.211,0.09406747616331894,7326.290039
2083,262.337,0.1260342486064897,7328.894531
2084,262.464,0.1413997875632243,7324.575684
2085,262.589,0.15036011750154016,7329.09375
2086,262.715,0.12947048923383114,7325.611328
2087,262.841,0.09616830774881557,7328.018066
2088,262.967,0.059134424010833166,7329.12793
2089,263.094,0.03075827880758117,7327.107422
2090,263.22,0.029569739665577206,7327.97168
2091,263.345,0.04045251613146103,7329.133301
2092,263.472,0.07358927624448734,7328.250488
2093,263.597,0.09913327096382929,7326.531738
2094,263.723,0.12426704456133544,7328.348633
2095,263.849,0.12959785282624742,7331.17627
2096,263.975,0.12720059813463172,7326.529297
2097,264.101,0.10981875911425579,7329.310547
2098,264.227,0.07742288326528328,7327.858887
2099,264.354,0.04991210166340115,7330.931152
2100,264.479,0.018260803727933747,7328.658203
2101,264.605,-0.01611782817223558,7326.671387
2102,264.731,-0.03751210733282473,7324.535645
2103,264.857,-0.06066976284105649,7327.831055
2104,264.983,-0.061908277488207354,7327.376465
2105,265.109,-0.042278667924838656,7326.863281
2106,265.235,-0.017098019979601014,7327.865234
2107,265.361,0.02057174855630925,7330.645508
2108,265.487,0.05286373461108365,7327.556152
2109,265.613,0.09423450761803086,7329.241699
2110,265.739,0.11722331574800168,7325.898926
2111,265.865,0.1292807706883611,7331.94873
2112,265.991,0.11246927922062888,7324.60791
2113,266.117,0.09752518305956305,7326.564453
2114,266.243,0.051344366023722124,7326.680176
2115,266.369,0.03583210064350518,7327.402344
2116,266.495,0.015231125492352077,7328.532715
2117,266.621,0.016965101352309195,7328.831543
2118,266.748,0.03797690589710825,7327.357422
2119,266.873,0.064368058563954,7325.918457
2120,267.0,0.0822039056634594,7327.602051
2121,267.125,0.09792247408896196,7325.955566
2122,267.252,0.11299643871595492,7325.140625
2123,267.377,0.11736751713293346,7324.604004
2124,267.503,0.10524796647705434,7327.243652
2125,267.629,0.11147933382734942,7326.319824
2126,267.755,0.08846881480831141,7326.859375
2127,267.881,0.0695442846507244,7326.209961
2128,268.007,0.048076535199673864,7326.106934
2129,268.133,0.023089622269692796,7327.058105
2130,268.259,-0.0012442919740740686,7326.900879
2131,268.385,-0.01087154000860341,7326.453613
2132,268.511,-0.012536655277648209,7325.254883
2133,268.637,-0.0018927670776387505,7326.916504
2134,268.763,0.026361449386797246,7330.930176
2135,268.889,0.042434551235029115,7326.17334
2136,269.015,0.06708991065717534,7327.684082
2137,269.141,0.08147608449233545,7327.510254
2138,269.267,0.0684166110998855,7329.870117
2139,269.393,0.04558903627097036,7326.263672
2140,269.519,0.03326966302228193,7327.146484
2141,269.645,0.012746220906733155,7328.216797
2142,269.771,0.0049193007940054895,7329.374512
2143,269.897,0.0015334009317417299,7323.790039
2144,270.023,0.007389992664241876,7325.155762
2145,270.149,0.019064217871047784,7327.875488
2146,270.275,0.028103755754583105,7333.479492
2147,270.401,0.03523923110785152,7327.76709
2148,270.527,0.03879079246440834,7326.761719
2149,270.653,0.04357234372368965,7327.161621
2150,270.779,0.046251512306159426,7329.87793
2151,270.905,0.055070099881817595,7329.062012
2152,271.031,0.0617310156012435,7329.344727
2153,271.157,0.06936862230248939,7326.949219
2154,271.283,0.075974686428606,7328.396484
2155,271.409,0.07322042580588008,7326.782715
2156,271.535,0.062258525772890726,7327.779297
2157,271.661,0.03860831358648868,7327.474121
2158,271.787,0.01475471839342793,7327.630371
2159,271.913,-0.0010319309473195328,7327.909668
2160,272.039,-0.012766870428293851,7330.280762
2161,272.165,-0.016238270456597894,7325.714844
2162,272.291,-0.003742314959491756,7328.09082
2163,272.417,0.01408026012730674,7326.53418
2164,272.543,0.03587301130812012,7328.864746
2165,272.669,0.05062161830254862,7328.621582
2166,272.795,0.06599268205900086,7329.109375
2167,272.921,0.07294399320059952,7327.043457
2168,273.047,0.07699424886583796,7325.296875
2169,273.173,0.05465822839895048,7328.138672
2170,273.299,0.03424111218657217,7325.752441
2171,273.425,0.0012189423240571296,7324.901855
2172,273.551,-0.0305128040601201,7329.32373
2173,273.677,-0.05374553100849738,7326.0625
2174,273.803,-0.07184515279598745,7327.833496
2175,273.929,-0.07821732711511836,7328.874512
2176,274.055,-0.04286469111723035,7327.864258
2177,274.181,-0.025492340448057534,7327.480469
2178,274.307,-0.01130141647280133,7324.634277
2179,274.433,0.02047706689698955,7326.686035
2180,274.559,0.03165098572054371,7328.299316
2181,274.685,0.04209216036200462,7328.36084
2182,274.811,0.05024159114004192,7328.679199
2183,274.937,0.038949082482791136,7327.363281
2184,275.063,0.03774919868807239,7329.294434
2185,275.189,0.010440275395066888,7327.578125
2186,275.315,-0.0200239443938533,7327.687988
2187,275.441,-0.048695594720249535,7327.11377
2188,275.567,-0.0882771553241336,7330.791504
2189,275.693,-0.11735492010595713,7333.062988
2190,275.819,-0.12746557593528077,7328.716309
2191,275.945,-0.13237709532842837,7326.585449
2192,276.071,-0.11677714631010347,7326.865234
2193,276.197,-0.09137136861698582,7326.752441
2194,276.323,-0.06786866309772983,7328.767578
2195,276.449,-0.03948719006290928,7328.444824
2196,276.575,-0.01207325897636083,7327.494629
2197,276.701,0.0040011221422416015,7326.827148
2198,276.827,0.0016488956069987998,7325.425293
2199,276.953,0.010927989139336557,7328.665039
2200,277.079,-0.005629824668681799,7325.064941
2201,277.204,-0.027962482044433003,7327.965332
2202,277.331,-0.049558489220762676,7327.45752
2203,277.457,-0.08495042107818869,7324.79541
2204,277.583,-0.10490709950497644,7328.173828
2205,277.709,-0.13015770502116475,7322.218262
2206,277.835,-0.12871816767615643,7326.959961
2207,277.96,-0.09878140744405187,7325.861328
2208,278.086,-0.09581343301940634,7328.632813
2209,278.213,-0.06291554063267626,7326.194824
2210,278.339,-0.03962035802734621,7326.289063
2211,278.464,-0.020268359965931345,7324.674805
2212,278.591,-0.00891904464555636,7323.762207
2213,278.717,-0.016145584806874908,7325.071777
2214,278.842,-0.003838459727969547,7322.875977
2215,278.969,-0.011531776227429178,7325.864258
2216,279.094,-0.03763852027914575,7325.571289
2217,279.22,-0.05308300230769901,7323.983887
2218,279.346,-0.08355717647420753,7327.270996
2219,279.473,-0.09798490645175639,7324.141602
2220,279.599,-0.10684196303288998,7323.87207
2221,279.724,-0.09645119255023947,7332.780762
2222,279.85,-0.08566757937551227,7327.67041
2223,279.976,-0.07386540008427274,7328.223633
2224,280.103,-0.06976766069602323,7329.443359
2225,280.228,-0.0837987197500448,7330.157715
2226,280.355,-0.09172366254759996,7326.490234
2227,280.48,-0.10480105672501087,7327.157715
2228,280.607,-0.1091883415882096,7327.148926
2229,280.733,-0.1355627379849122,7327.374023
2230,280.858,-0.15157366987118953,7324.747559
2231,280.984,-0.15531945839205277,7328.538086
2232,281.111,-0.18639248868422773,7331.438477
2233,281.236,-0.2015845836368155,7328.937988
2234,281.362,-0.18317907297229363,7328.580566
2235,281.489,-0.17456547083619428,7328.929688
2236,281.614,-0.17230367398004792,7326.001953
2237,281.74,-0.149589782588313,7323.362793
2238,281.866,-0.1348895332582016,7327.549805
2239,281.992,-0.13836696157782688,7326.538086
2240,282.119,-0.13437546475559833,7329.410645
2241,282.244,-0.15754446394951055,7328.437012
2242,282.37,-0.15532834005004043,7326.84668
2243,282.496,-0.13106322405542628,7325.356934
2244,282.622,-0.09899869457587863,7324.148926
2245,282.748,-0.08416173206313589,7326.508301
2246,282.874,-0.09888110628538421,7328.958008
2247,283.0,-0.10127479755700082,7324.649414
2248,283.126,-0.13359463082650627,7327.302246
2249,283.252,-0.13591391854941315,7327.296875
2250,283.378,-0.16308374853091306,7327.776367
2251,283.504,-0.15430931348190335,7327.296875
2252,283.63,-0.17121096125709964,7327.566895
2253,283.756,-0.16158275300122774,7323.115234
2254,283.882,-0.18592352638558685,7325.192871
2255,284.008,-0.19053410993191194,7327.521484
2256,284.134,-0.1937651066053332,7328.686523
2257,284.26,-0.17747847929916175,7325.955078
2258,284.386,-0.15059867146450576,7328.328125
2259,284.512,-0.09366570664408332,7325.865723
2260,284.638,-0.07046692184691576,7327.740723
2261,284.764,-0.09954704285961073,7327.146484
2262,284.89,-0.11831909831398114,7327.439453
2263,285.016,-0.14026842807410736,7330.15332
2264,285.142,-0.1852645917041536,7327.283691
2265,285.268,-0.1988231495245215,7325.582031
2266,285.394,-0.22798824483217656,7326.911621
2267,285.52,-0.23635347313849422,7326.540039
2268,285.646,-0.2528503720878369,7332.247559
2269,285.773,-0.23098302805716425,7328.93457
2270,285.898,-0.23365645448605152,7327.321289
2271,286.024,-0.21499816278772893,7323.321289
2272,286.15,-0.2035065866702587,7326.896484
2273,286.276,-0.19181645562818783,7322.970215
2274,286.402,-0.19561911388679695,7322.796387
2275,286.528,-0.1910465110139119,7327.655762
2276,286.654,-0.19885704856777742,7329.595703
2277,286.78,-0.19386500296325676,7329.266602
2278,286.906,-0.20346643074401716,7328.629883
2279,287.032,-0.2054494217141995,7326.35498
2280,287.159,-0.23461097213577728,7328.447266
2281,287.284,-0.2579251478875349,7327.243164
2282,287.41,-0.277350500937533,7326.101563
2283,287.536,-0.3053900514775702,7322.677734
2284,287.662,-0.3177539091681755,7325.469238
2285,287.788,-0.30057722825999855,7326.424805
2286,287.914,-0.29065465014903485,7325.717285
2287,288.04,-0.2727495318954792,7327.083984
2288,288.166,-0.26681604475037435,7325.081055
2289,288.292,-0.2647663814579537,7325.140625
2290,288.418,-0.26142043265584514,7325.690918
2291,288.544,-0.2602677015827911,7323.111328
2292,288.67,-0.26538446847864955,7324.092773
2293,288.796,-0.28595871655605415,7323.361816
2294,288.922,-0.3008335575613338,7327.791992
2295,289.048,-0.3182040551352382,7327.385254
2296,289.174,-0.338778795899267,7326.0625
2297,289.3,-0.3478410143902435,7326.159668
2298,289.426,-0.33886992448957126,7328.554199
2299,289.552,-0.3254845992316146,7323.618652
2300,289.678,-0.3140102661583512,7325.382813
2301,289.804,-0.2934690513591578,7324.093262
2302,289.93,-0.28559453303301946,7322.760254
2303,290.056,-0.26125943650303873,7326.488281
2304,290.182,-0.2509313845598139,7323.644043
2305,290.308,-0.241536088794906,7325.354492
2306,290.434,-0.238068588930927,7325.785156
2307,290.56,-0.23791068686688258,7325.053711
2308,290.686,-0.270556349024853,7323.229004
2309,290.812,-0.28476468673016125,7323.90625
2310,290.938,-0.30965645393874436,7326.227539
2311,291.064,-0.3192194343595744,7324.650879
2312,291.19,-0.3383223488685647,7329.022949
2313,291.316,-0.3245557467443393,7328.100586
2314,291.441,-0.3262516843264066,7325.421875
2315,291.568,-0.3132824005336008,7325.838379
2316,291.693,-0.30195960701088975,7328.111816
2317,291.82,-0.27984590103639545,7323.763184
2318,291.946,-0.25890515851996004,7326.225586
2319,292.072,-0.2571003995642389,7326.95752
2320,292.198,-0.23750860641784463,7325.942871
2321,292.324,-0.26955922978734875,7326.317383
2322,292.45,-0.31319230788453317,7330.224609
2323,292.576,-0.36635207216150895,7325.755371
2324,292.702,-0.40962234550396953,7327.430176
2325,292.828,-0.43975797751126167,7326.219238
2326,292.954,-0.4550173342444137,7325.773438
2327,293.079,-0.4415705725559966,7330.055664
2328,293.206,-0.4313206408383385,7326.873047
2329,293.332,-0.4054782657875938,7327.82959
2330,293.458,-0.389895554430042,7326.45166
2331,293.584,-0.36715763066872986,7324.563477
2332,293.71,-0.34424721548367326,7325.97168
2333,293.835,-0.3481591621359771,7325.973633
2334,293.962,-0.3420536261073325,7326.705078
2335,294.087,-0.35334956573967086,7328.087402
2336,294.213,-0.37305891085422604,7323.62793
2337,294.34,-0.38392462839425795,7328.43457
2338,294.465,-0.41128764284133545,7325.86377
2339,294.591,-0.43551430905526695,7328.447266
2340,294.717,-0.4596066550286169,7328.750977
2341,294.843,-0.4786100759345958,7324.376465
2342,294.969,-0.49598253009196164,7324.328125
2343,295.095,-0.5050271825081873,7327.350098
2344,295.222,-0.4689962082044721,7327.459473
2345,295.347,-0.4308668958293141,7327.747559
2346,295.473,-0.3855673568774693,7326.208008
2347,295.599,-0.33174238851280274,7325.274414
2348,295.725,-0.3165219192039715,7327.096191
2349,295.852,-0.3070254651150533,7325.23877
2350,295.977,-0.3026416004498901,7328.29248
2351,296.103,-0.33186930861533925,7324.69873
2352,296.229,-0.34319233941427235,7326.731934
2353,296.355,-0.35932276038155636,7325.22168
2354,296.481,-0.3807045913711575,7327.57959
2355,296.607,-0.416330384207342,7322.130371
2356,296.733,-0.4335608253295745,7326.740234
2357,296.859,-0.49077149149404486,7325.980957
2358,296.985,-0.4929958612147417,7324.896484
2359,297.111,-0.5141257528349581,7328.581543
2360,297.238,-0.4794384686507764,7329.441895
2361,297.364,-0.4430635884459984,7328.511719
2362,297.489,-0.4036204093405986,7330.253906
2363,297.615,-0.3948992598669422,7333.965332
2364,297.742,-0.37927682066568696,7330.402344
2365,297.867,-0.39193983425796064,7329.980469
2366,297.993,-0.3975642835499146,7332.691406
2367,298.119,-0.43074343869408716,7334.155762
2368,298.245,-0.44799062246775917,7337.255859
2369,298.372,-0.4510170919923355,7335.361816
2370,298.497,-0.45929507483617144,7332.568359
2371,298.623,-0.46616674030813293,7334.341309
2372,298.749,-0.4759144648585983,7333.57666
2373,298.875,-0.4669662927653084,7332.42627
2374,299.001,-0.4640002205608063,7337.13623
2375,299.127,-0.45302216402817297,7333.323242
2376,299.253,-0.4471414490555827,7332.116699
2377,299.379,-0.4361098186846591,7331.703613
2378,299.505,-0.424296409800908,7338.387695
2379,299.631,-0.4488723930020638,7332.716309
2380,299.757,-0.4607670503847368,7332.877441
2381,299.883,-0.4779590993930258,7332.695801
2382,300.009,-0.47444534354029844,7334.16748
2383,300.135,-0.502899263288004,7333.135742
2384,300.261,-0.49977385208609154,7334.367676
2385,300.387,-0.4712011304704358,7334.999512
2386,300.513,-0.46000267042643506,7333.353516
2387,300.639,-0.42128102444549825,7333.430664
2388,300.765,-0.391924812037136,7334.529785
2389,300.891,-0.3831783314852603,7333.87207
2390,301.017,-0.3948653262254373,7332.88916
2391,301.143,-0.42332667411040575,7334.122559
2392,301.269,-0.4649915844925422,7335.175781
2393,301.395,-0.5131688141642448,7333.135742
2394,301.521,-0.5512109786589405,7335.758301
2395,301.647,-0.6016616732421484,7334.50293
2396,301.773,-0.6203226740649503,7339.149902
2397,301.899,-0.6364586539865392,7336.820801
2398,302.025,-0.6485715058859638,7333.81543
2399,302.151,-0.6325033439481245,7333.762207
2400,302.278,-0.639864390716477,7335.059082
2401,302.403,-0.6062663285473985,7335.329102
2402,302.529,-0.5795729744752647,7335.186523
2403,302.655,-0.5358571861317839,7335.391113
2404,302.781,-0.5148921550413116,7336.344238
2405,302.907,-0.5268195845771262,7332.744141
2406,303.033,-0.544153747987035,7338.569336
2407,303.159,-0.5610307873464571,7335.978516
2408,303.285,-0.568808947105583,7337.387207
2409,303.412,-0.5856006960874804,7342.375
2410,303.537,-0.560774314420069,7343.940918
2411,303.663,-0.5446924163045863,7338.441406
2412,303.789,-0.5123824478818693,7337.26709
2413,303.915,-0.5011798726082464,7338.290039
2414,304.041,-0.49377892595871165,7337.081055
2415,304.167,-0.510463141153593,7337.930664
2416,304.293,-0.5097362554169197,7336.152832
2417,304.419,-0.516997253411898,7337.615723
2418,304.545,-0.5396130743361489,7337.708496
2419,304.671,-0.5652591253463005,7335.899414
2420,304.797,-0.5830327926767185,7336.780273
2421,304.923,-0.6178576767414777,7335.927246
2422,305.049,-0.6320058080975135,7336.640625
2423,305.175,-0.6410707995681673,7335.28418
2424,305.301,-0.642774852984141,7335.589844
2425,305.427,-0.614864602277327,7335.92627
2426,305.553,-0.5970366761852184,7337.023438
2427,305.679,-0.5629841954637942,7339.034668
2428,305.805,-0.5540073711698172,7334.980469
2429,305.931,-0.5542662885904092,7340.84668
2430,306.057,-0.5548197172095578,7338.126465
2431,306.183,-0.5955036252624777,7337.843262
2432,306.309,-0.6398571800987916,7338.236328
2433,306.435,-0.6520835104122249,7339.585449
2434,306.561,-0.7005854196705467,7338.903809
2435,306.687,-0.7398165279707034,7339.253906
2436,306.812,-0.7245350121397673,7338.493652
2437,306.939,-0.716426669245071,7335.645508
2438,307.065,-0.7239735092899106,7332.047363
2439,307.191,-0.7086199665985232,7337.901855
2440,307.317,-0.6860639662040093,7338.688477
2441,307.443,-0.652886070717968,7339.287109
2442,307.569,-0.6250045775589783,7337.578613
2443,307.694,-0.6213977394151664,7339.313477
2444,307.821,-0.6162719599579374,7339.16748
2445,307.946,-0.6262200927644119,7337.251953
2446,308.073,-0.6414321967212901,7338.375977
2447,308.199,-0.6598193335793651,7335.92627
2448,308.325,-0.6833424230070649,7336.072754
2449,308.45,-0.6910706420180401,7338.210449
2450,308.577,-0.6619239837124646,7337.131836
2451,308.703,-0.6623323026716941,7339.959473
2452,308.829,-0.651124561940318,7342.35791
2453,308.955,-0.6339395118377532,7337.660156
2454,309.081,-0.6456192381213577,7337.845215
2455,309.207,-0.6536066936578292,7339.300781
2456,309.332,-0.6478546387171097,7341.386719
2457,309.459,-0.6748205902628291,7339.82666
2458,309.585,-0.6906957603765499,7337.844238
2459,309.711,-0.7053793728653174,7338.03418
2460,309.836,-0.74183470148334,7339.268066
2461,309.963,-0.7563252921668292,7336.987305
2462,310.089,-0.7924256782833174,7339.434082
2463,310.214,-0.8154317106047767,7337.443359
2464,310.34,-0.8341208486426377,7339.106934
2465,310.466,-0.8397858305971841,7337.650879
2466,310.593,-0.8077667025334607,7337.711914
2467,310.718,-0.7997120462935547,7338.722168
2468,310.844,-0.781858832130748,7338.409668
2469,310.97,-0.7442734340596092,7337.535156
2470,311.096,-0.7415729980486375,7340.40332
2471,311.222,-0.7106058021812429,7338.902344
2472,311.349,-0.7298580512361497,7337.702637
2473,311.474,-0.7211733389349513,7336.90625
2474,311.6,-0.7422206046979769,7340.074707
2475,311.726,-0.7572438574120307,7338.38623
2476,311.852,-0.7742435822572661,7341.296875
2477,311.978,-0.8076426282963155,7339.085938
2478,312.104,-0.8355743288283961,7336.514648
2479,312.23,-0.835192757675203,7336.108398
2480,312.357,-0.8247772234088784,7335.057617
2481,312.482,-0.8240238349594974,7337.354492
2482,312.608,-0.7632583967132883,7336.061523
2483,312.734,-0.7561090043196137,7335.359375
2484,312.86,-0.7378935696166142,7336.530762
2485,312.986,-0.7377633195316214,7335.735352
2486,313.112,-0.7531817960397568,7339.924805
2487,313.239,-0.7562512612991652,7337.224609
2488,313.364,-0.7923779612795151,7336.876953
2489,313.49,-0.8085195628779936,7336.932617
2490,313.616,-0.8230995475721067,7336.891113
2491,313.742,-0.8866880675897518,7335.941895
2492,313.869,-0.872332604389876,7336.717773
2493,313.994,-0.8654006905633544,7334.238281
2494,314.12,-0.8519506218593229,7336.391113
2495,314.246,-0.8422141565342858,7332.955078
2496,314.372,-0.7957478790309204,7337.837891
2497,314.498,-0.8124087655125956,7337.106934
2498,314.625,-0.8078859695276588,7335.614258
2499,314.75,-0.8156953969194036,7337.160645
2500,314.876,-0.8230578957055411,7334.969238
2501,315.002,-0.8419357805779054,7335.72998
2502,315.128,-0.8878951334147915,7335.306641
2503,315.254,-0.916458743188509,7337.078125
2504,315.38,-0.920558424054328,7337.526367
2505,315.506,-0.9299184507168117,7334.716797
2506,315.632,-0.9538043774404124,7338.098145
2507,315.758,-0.965705781974959,7335.299316
2508,315.884,-0.9501471784070835,7334.908691
2509,316.01,-0.9354309702629174,7335.39502
2510,316.136,-0.919696027469823,7334.680176
2511,316.262,-0.9318421918385897,7334.653809
2512,316.388,-0.9296785741875029,7335.614258
2513,316.514,-0.9163753811930782,7335.835449
2514,316.64,-0.9055031334369046,7337.452148
2515,316.766,-0.900940206598036,7335.756836
2516,316.892,-0.8669845953644104,7333.867676
2517,317.018,-0.8851214660923691,7334.39502
2518,317.144,-0.8590061529414219,7335.258301
2519,317.27,-0.888442988893784,7335.866211
2520,317.396,-0.9019087751428514,7337.510254
2521,317.522,-0.9410315139339529,7333.192871
2522,317.648,-0.9911654480889273,7335.845215
2523,317.774,-0.9909379876079011,7335.812012
2524,317.9,-1.0094271457794555,7335.793457
2525,318.026,-1.0072505662576356,7332.155762
2526,318.152,-0.9756876885686474,7334.010254
2527,318.278,-0.9479079416898426,7336.005859
2528,318.404,-0.939927533926235,7334.177734
2529,318.53,-0.9319353448590526,7333.618652
2530,318.656,-0.9349639638395655,7334.108398
2531,318.782,-0.9632061650895661,7335.136719
2532,318.908,-0.9779846364288695,7335.560059
2533,319.034,-1.0278371218389324,7334.473633
2534,319.16,-1.0696216211381644,7336.437012
2535,319.286,-1.0879266864589159,7333.883789
2536,319.412,-1.1024780912822514,7333.330078
2537,319.538,-1.1114461716343942,7335.10498
2538,319.664,-1.1336887787772199,7336.74707
2539,319.79,-1.1346739251491538,7333.84668
2540,319.916,-1.1500642328180775,7332.643066
2541,320.042,-1.1416167853232093,7334.596191
2542,320.168,-1.1065716359410824,7333.724121
2543,320.294,-1.0756351812683995,7334.237305
2544,320.42,-1.0514643533206707,7337.417969
2545,320.546,-1.0191749005698758,7332.677734
2546,320.672,-0.9954419761775815,7333.646973
2547,320.798,-0.9680897504997685,7335.306641
2548,320.924,-0.9710947910040029,7335.16748
2549,321.05,-1.0037085822194065,7335.852539
2550,321.176,-1.0351408671383826,7337.348145
2551,321.302,-1.0813803136479745,7333.957031
2552,321.428,-1.133998909605976,7336.798828
2553,321.554,-1.1657064117564422,7337.958496
2554,321.68,-1.1571887958988585,7333.55957
2555,321.806,-1.1580821553493499,7332.306152
2556,321.932,-1.1397330455875894,7337.81543
2557,322.058,-1.1220814833514887,7338.060547
2558,322.184,-1.1155914298650849,7334.799805
2559,322.31,-1.1096924353827022,7334.619629
2560,322.436,-1.1085145856894123,7334.613281
2561,322.562,-1.1037461068001173,7334.691406
2562,322.688,-1.1234981793266676,7335.222656
2563,322.814,-1.149822108011313,7336.042969
2564,322.94,-1.173672898663004,7335.146973
2565,323.065,-1.187738224393774,7336.116211
2566,323.192,-1.2161845492703085,7334.609375
2567,323.318,-1.2171814332200919,7332.914551
2568,323.443,-1.2147889190613932,7335.613281
2569,323.57,-1.1901574907027668,7336.549805
2570,323.696,-1.1646069037221227,7338.795898
2571,323.822,-1.167713267905555,7334.915039
2572,323.948,-1.136348786665838,7335.156738
2573,324.074,-1.120296563354726,7335.250488
2574,324.2,-1.1022854007777203,7333.050781
2575,324.325,-1.1163775576599504,7334.802246
2576,324.451,-1.12722044194921,7332.046387
2577,324.578,-1.145226127651936,7334.470215
2578,324.704,-1.180390106617934,7333.870605
2579,324.83,-1.185273893042242,7335.412598
2580,324.956,-1.189852349502629,7332.681152
2581,325.082,-1.2037067401989898,7337.535156
2582,325.207,-1.1859892383322332,7337.152344
2583,325.334,-1.1993771861569325,7332.492188
2584,325.46,-1.2033901533340057,7333.922852
2585,325.585,-1.2065087207458665,7334.550293
2586,325.712,-1.206396316541035,7333.820313
2587,325.837,-1.200812438837846,7330.90625
2588,325.964,-1.198127136781408,7333.496582
2589,326.09,-1.1861716339619666,7331.789551
2590,326.216,-1.154650979042103,7334.71582
2591,326.343,-1.1806772570346697,7333.455566
2592,326.468,-1.181510221323699,7332.550781
2593,326.593,-1.1893727060627293,7333.950684
2594,326.719,-1.2141346873910004,7332.605469
2595,326.845,-1.2431414937582652,7333.388184
2596,326.971,-1.2846015288134374,7332.61377
2597,327.097,-1.3004541924914792,7331.199219
2598,327.224,-1.3304070349169692,7334.312012
2599,327.349,-1.293214738254556,7336.897461
2600,327.476,-1.3061995263638044,7332.960938
2601,327.601,-1.2603795861031892,7332.463867
2602,327.727,-1.2528804858612457,7335.893555
2603,327.854,-1.2700312679051668,7337.984375
2604,327.979,-1.3002522112093473,7335.202148
2605,328.105,-1.3410458641834635,7333.86377
2606,328.232,-1.416542622849478,7333.18457
2607,328.357,-1.3866015721206637,7332.745117
2608,328.483,-1.4344579339825756,7332.756836
2609,328.61,-1.4167293654206963,7329.780762
2610,328.735,-1.4249654239591902,7333.400879
2611,328.862,-1.401366210950514,7332.462402
2612,328.987,-1.4201800335816077,7330.963379
2613,329.113,-1.3395676920908242,7333.584961
2614,329.239,-1.3440788652818754,7336.759766
2615,329.365,-1.3143668598690628,7335.009277
2616,329.491,-1.297101693934755,7333.625488
2617,329.617,-1.2480728015370253,7331.643066
2618,329.744,-1.2786978574633991,7333.253418
2619,329.869,-1.2497254818219183,7334.825195
2620,329.995,-1.2700562048185813,7329.248535
2621,330.121,-1.276305480473712,7335.932617
2622,330.247,-1.3275668352239636,7333.817383
2623,330.373,-1.3618303203896773,7331.898926
2624,330.499,-1.3677485215214238,7332.235352
2625,330.625,-1.4307214839479765,7337.705078
2626,330.751,-1.4207953921527279,7337.9375
2627,330.877,-1.426992749081124,7332.40625
2628,331.003,-1.4224947913293828,7334.312988
2629,331.129,-1.4261363484597105,7334.153809
2630,331.255,-1.420528212306101,7333.078613
2631,331.381,-1.4313928635285644,7335.691406
2632,331.507,-1.448074851365312,7332.434082
2633,331.633,-1.4763047156818148,7333.051758
2634,331.759,-1.4724771161574763,7332.743652
2635,331.885,-1.465038557743039,7332.228027
2636,332.011,-1.4467694322969138,7332.961914
2637,332.137,-1.4714821519979198,7331.109863
2638,332.263,-1.463553704715079,7336.671875
2639,332.389,-1.4866231486328787,7333.59375
2640,332.515,-1.4868567824083705,7333.196289
2641,332.641,-1.485697353241376,7329.994141
2642,332.767,-1.4645794571614628,7328.845215
2643,332.893,-1.4440299647933659,7334.494629
2644,333.019,-1.451767666514843,7333.904785
2645,333.145,-1.428620573831203,7330.410156
2646,333.271,-1.482708698700727,7333.591797
2647,333.397,-1.5318428731480749,7328.808594
2648,333.523,-1.5565583183866984,7326.17334
2649,333.649,-1.5635512534423088,7334.736816
2650,333.775,-1.578520543396384,7333.197754
2651,333.901,-1.5620579265570853,7331.752441
2652,334.027,-1.5481494834080418,7334.523926
2653,334.153,-1.5625596330423464,7328.559082
2654,334.279,-1.515458930102801,7328.659668
2655,334.405,-1.5595115048184809,7332.997559
2656,334.531,-1.5123404762168164,7331.731445
2657,334.657,-1.5039455216143258,7331.390137
2658,334.783,-1.4798613873621214,7332.804199
2659,334.909,-1.5025074281523598,7333.175781
2660,335.035,-1.5289400066368324,7331.141113
2661,335.161,-1.5614417000808836,7332.54248
2662,335.287,-1.601446051533629,7332.232422
2663,335.413,-1.62704198367575,7333.197754
2664,335.539,-1.6549096575132387,7334.432129
2665,335.665,-1.63572558897839,7335.107422
2666,335.791,-1.6499964884415237,7331.510742
2667,335.917,-1.6495516297401842,7332.877441
2668,336.043,-1.6671142346676373,7329.512695
2669,336.169,-1.6527339270478774,7329.489258
2670,336.295,-1.6655641725332724,7328.541016
2671,336.421,-1.6246482470901604,7328.469727
2672,336.547,-1.621563838253821,7333.58252
2673,336.673,-1.6008893684751804,7331.70166
2674,336.799,-1.5988015164009417,7337.23584
2675,336.925,-1.5984412345175578,7330.914063
2676,337.051,-1.6104035665524454,7326.886719
2677,337.177,-1.5775522991696203,7329.568848
2678,337.303,-1.5990578315291195,7332.434082
2679,337.429,-1.6215687331192534,7329.532715
2680,337.555,-1.658885211437589,7333.225586
2681,337.681,-1.6760731152823334,7331.935059
2682,337.807,-1.6684426240882462,7331.706543
2683,337.933,-1.680386661145172,7332.064941
2684,338.059,-1.6846122514361568,7328.993652
2685,338.184,-1.617558746474637,7332.651855
2686,338.311,-1.6326995657422765,7328.807129
2687,338.437,-1.6334259649102731,7331.918945
2688,338.563,-1.631734200450663,7328.814941
2689,338.689,-1.6428435586907173,7329.700684
2690,338.815,-1.706947464083784,7327.075684
2691,338.941,-1.7422136281681189,7332.654785
2692,339.067,-1.7990240417749601,7332.096191
2693,339.193,-1.7859842465470082,7330.066406
2694,339.319,-1.7892592753700154,7330.824219
2695,339.445,-1.7661022170639042,7331.618164
2696,339.571,-1.7524074303544628,7331.789551
2697,339.697,-1.7197973947003988,7329.095215
2698,339.823,-1.745686890197659,7333.179199
2699,339.949,-1.7459500460396982,7330.574219
2700,340.075,-1.7562029573519324,7330.008789
2701,340.201,-1.7531842888663292,7329.615723
2702,340.327,-1.7492943554792364,7331.725586
2703,340.453,-1.7520427965544627,7328.518066
2704,340.579,-1.7853254465260537,7330.290039
2705,340.704,-1.8132105596486077,7328.966309
2706,340.83,-1.8904725425861317,7331.026855
2707,340.957,-1.8658880840159071,7329.587402
2708,341.083,-1.8953157052410574,7334.068359
2709,341.209,-1.8797520604470035,7326.880371
2710,341.335,-1.853721956767329,7329.044922
2711,341.461,-1.8379166228785115,7330.544434
2712,341.586,-1.818022277463016,7331.57959
2713,341.713,-1.82624707380066,7327.946777
2714,341.839,-1.8251261588139962,7329.859863
2715,341.965,-1.8342853289357228,7331.300781
2716,342.09,-1.8542682378169182,7332.688477
2717,342.217,-1.8463143789553935,7332.496094
2718,342.342,-1.8920486806546475,7329.677246
2719,342.468,-1.8658065476141918,7328.043457
2720,342.594,-1.8633858285454146,7332.155762
2721,342.72,-1.9040051303030812,7328.68457
2722,342.847,-1.9082025614329412,7330.855957
2723,342.972,-1.917256957997583,7328.469238
2724,343.098,-1.9742859446837069,7336.170898
2725,343.224,-1.9357689606083597,7331.112305
2726,343.35,-1.9463655371764434,7329.58252
2727,343.476,-1.9122551879501832,7330.09082
2728,343.603,-1.8750283315415779,7330.573242
2729,343.728,-1.8234757053814423,7330.226074
2730,343.854,-1.8397943696543615,7326.824707
2731,343.981,-1.8301704881534322,7330.84375
2732,344.107,-1.89067633436884,7330.09375
2733,344.232,-1.9253722978870882,7329.256348
2734,344.358,-1.967978671708664,7328.554199
2735,344.484,-1.9658479976356429,7332.012695
2736,344.61,-2.03280710233382,7331.267578
2737,344.736,-2.06576620004618,7328.947754
2738,344.862,-2.060350618958473,7328.940918
2739,344.988,-2.051912796909421,7330.300293
2740,345.114,-2.0579226061625375,7334.413086
2741,345.24,-2.0143118885435243,7328.499512
2742,345.366,-2.0161853038214783,7330.639648
2743,345.492,-1.9841095948842284,7329.757813
2744,345.619,-1.96763138820788,7329.366211
2745,345.744,-2.0477627161473526,7330.615234
2746,345.87,-2.046419064543905,7327.776855
2747,345.996,-2.0629079314804764,7327.216797
2748,346.122,-2.0379902944207564,7329.635742
2749,346.248,-2.0458133646590513,7329.219727
2750,346.374,-2.0180526421758374,7331.393555
2751,346.5,-2.042524181206831,7332.280762
2752,346.626,-2.081343183260822,7330.137695
2753,346.752,-2.10068365223061,7331.487793
2754,346.878,-2.181147039846309,7330.962402
2755,347.004,-2.179533961414173,7330.464355
2756,347.13,-2.1932351243944694,7329.704102
2757,347.256,-2.195765287674646,7329.834961
2758,347.382,-2.1889589588701246,7326.135742
2759,347.508,-2.1500546501297193,7327.395996
2760,347.634,-2.1811631119102115,7328.666992
2761,347.76,-2.1376428445767406,7328.194824
2762,347.886,-2.0944991463754654,7326.64209
2763,348.012,-2.1185164850780382,7329.532227
2764,348.138,-2.0760962791147017,7329.737305
2765,348.264,-2.1291606471220184,7330.373535
2766,348.39,-2.1706581362139206,7330.686523
2767,348.517,-2.2046366815582696,7329.813965
2768,348.642,-2.2007312688677225,7330.158691
2769,348.768,-2.212098120136915,7329.744629
2770,348.894,-2.2072596808729683,7331.952637
2771,349.02,-2.21530877055589,7334.186035
2772,349.146,-2.226248879721333,7333.049316
2773,349.272,-2.2224144560560535,7329.855469
2774,349.398,-2.2750827095967794,7330.583496
2775,349.524,-2.269567204333633,7326.022461
2776,349.65,-2.2473329683671572,7331.498047
2777,349.776,-2.2359203228767988,7333.653809
2778,349.902,-2.2089162630695265,7331.00293
2779,350.028,-2.2056242454065136,7329.768066
2780,350.154,-2.218839601087247,7328.138184
2781,350.28,-2.2058473001191525,7328.695801
2782,350.406,-2.2336708777335805,7328.432129
2783,350.532,-2.22524612240047,7329.533691
2784,350.658,-2.271004211452646,7332.410156
2785,350.784,-2.284745632165071,7333.270508
2786,350.91,-2.290131232988743,7332.834473
2787,351.036,-2.3122782236346833,7329.310547
2788,351.162,-2.2923639872660484,7334.29541
2789,351.288,-2.302002398150395,7325.480469
2790,351.414,-2.245448846407715,7331.372559
2791,351.54,-2.2310049134850565,7331.648438
2792,351.666,-2.230678567268023,7330.263672
2793,351.792,-2.214079922218945,7331.191406
2794,351.918,-2.2586714480599044,7326.422852
2795,352.044,-2.248962473400562,7326.837891
2796,352.17,-2.2493522266762556,7326.582031
2797,352.296,-2.260896700171158,7330.09082
2798,352.422,-2.2585916874092247,7329.449219
2799,352.548,-2.26146522971751,7328.275879
2800,352.674,-2.2917261183701383,7326.200195
2801,352.8,-2.2997850359035774,7327.994629
2802,352.926,-2.3111081946683467,7328.300293
2803,353.052,-2.34393065930363,7328.374512
2804,353.178,-2.383956889893753,7329.916992
2805,353.304,-2.40317461946995,7329.376953
2806,353.43,-2.4314154346839643,7326.70166
2807,353.556,-2.4380905397962698,7328.57373
2808,353.682,-2.3963140446141717,7328.15918
2809,353.808,-2.3615551682015385,7328.525879
2810,353.934,-2.352244470284285,7327.185059
2811,354.06,-2.3515828015532856,7327.322266
2812,354.186,-2.414797703370837,7327.662109
2813,354.312,-2.466908683986224,7332.691895
2814,354.437,-2.4923214906161526,7329.955566
2815,354.564,-2.4790681586397776,7326.848633
2816,354.69,-2.46157712081694,7332.148926
2817,354.816,-2.4472033420124006,7328.342773
2818,354.942,-2.431933942317722,7328.270508
2819,355.068,-2.4252676661974126,7328.885742
2820,355.194,-2.4698388591935885,7330.016113
2821,355.319,-2.455217233160144,7332.297852
2822,355.446,-2.48609308222413,7332.142578
2823,355.572,-2.4650802237978913,7332.375
2824,355.698,-2.4725292544113486,7330.719238
2825,355.823,-2.4963175394981465,7331.498047
2826,355.95,-2.494399342098066,7333.134766
2827,356.076,-2.496122210930538,7329.010254
2828,356.202,-2.4677814678057755,7329.648438
2829,356.328,-2.480948701851496,7329.606934
2830,356.454,-2.445254503325168,7329.193359
2831,356.58,-2.4640224753377096,7328.318359
2832,356.706,-2.472403400570488,7327.589355
2833,356.831,-2.525001174818096,7331.46875
2834,356.957,-2.6001889245490575,7329.774414
2835,357.084,-2.613513528760349,7329.085449
2836,357.209,-2.663380444680183,7328.524902
2837,357.335,-2.6910350161115626,7326.199707
2838,357.462,-2.6474689146543304,7333.311523
2839,357.587,-2.6843692852988146,7328.493164
2840,357.714,-2.6673130241984206,7327.34082
2841,357.839,-2.646462761321285,7328.015137
2842,357.966,-2.634839630984058,7326.209473
2843,358.092,-2.571032824970864,7325.614258
2844,358.218,-2.56330685880905,7326.317871
2845,358.343,-2.5923064268156155,7327.62207
2846,358.469,-2.591397357847915,7327.987305
2847,358.596,-2.6412155306573797,7324.507813
2848,358.722,-2.666094292971813,7330.235352
2849,358.848,-2.6722119608557415,7323.461426
2850,358.973,-2.7058183900071517,7329.229492
2851,359.099,-2.6648031988298544,7327.649414
2852,359.226,-2.671105377132528,7327.198242
2853,359.351,-2.723828650121349,7329.34668
2854,359.477,-2.7325234361909847,7326.685547
2855,359.603,-2.7520110867468626,7326.646973
2856,359.729,-2.7353224794599518,7329.12207
2857,359.856,-2.7815639333640387,7328.606934
2858,359.981,-2.7458702288530645,7327.987793
2859,360.107,-2.7016810905591084,7329.304199
2860,360.233,-2.7172728775360375,7327.546875
2861,360.359,-2.706188396593585,7327.666992
2862,360.485,-2.6758175720708555,7328.991699
2863,360.611,-2.6888713519528435,7326.609863
2864,360.737,-2.704429038748114,7328.332031
2865,360.863,-2.759537182034481,7330.820801
2866,360.989,-2.7665773363522486,7327.994629
2867,361.115,-2.830011987598784,7328.576172
2868,361.241,-2.9420256548782726,7328.469727
2869,361.368,-2.9077701847526196,7323.841309
2870,361.493,-2.8939887378310436,7327.272949
2871,361.619,-2.9104002074253215,7328.640137
2872,361.745,-2.873220694789471,7328.216797
2873,361.871,-2.8945307888343064,7329.42041
2874,361.997,-2.8955320589826052,7333.817383
2875,362.123,-2.892164723268574,7327.591309
2876,362.249,-2.9183639408315143,7326.058105
2877,362.375,-2.8387490878693757,7330.305176
2878,362.501,-2.7956200066097385,7327.731934
2879,362.627,-2.7690242772741853,7329.850586
2880,362.753,-2.75682882781035,7324.148926
2881,362.879,-2.7924052299369193,7334.623047
2882,363.005,-2.8415123702536773,7329.509277
2883,363.131,-2.8533673243356756,7328.294922
2884,363.257,-2.870921492869434,7329.407227
2885,363.383,-2.9142312846360623,7328.476563
2886,363.509,-2.896035884997545,7320.959961
2887,363.635,-2.9206539817581496,7328.78418
2888,363.762,-2.952357696717614,7328.414063
2889,363.887,-2.9929031058905435,7327.370117
2890,364.013,-2.984625045823217,7332.192383
2891,364.139,-2.949591378699363,7320.443848
2892,364.265,-2.924969340727707,7328.237793
2893,364.391,-2.8315555880417214,7329.060547
2894,364.517,-2.8280989749394783,7328.04248
2895,364.643,-2.8709282700951566,7330.747559
2896,364.769,-2.9009230698757196,7326.355469
2897,364.895,-2.9755440586918454,7328.57959
2898,365.021,-2.998323494648012,7326.14209
2899,365.147,-3.006471011051177,7327.624512
2900,365.273,-3.0659586380455366,7326.152832
2901,365.399,-3.0616317052648525,7327.930664
2902,365.525,-3.141005716892417,7330.007813
2903,365.651,-3.1002056355889627,7328.649902
2904,365.777,-3.0831757544360636,7329.030273
2905,365.903,-3.2061659855204354,7329.675293
2906,366.029,-3.1691521223145664,7326.808105
2907,366.155,-3.10992168825961,7331.193359
2908,366.281,-3.1241897253700226,7332.042969
2909,366.407,-3.138937429791558,7331.03418
2910,366.534,-2.964924151007106,7329.203613
2911,366.659,-3.0584943889379708,7327.361328
2912,366.785,-2.911632874295573,7329.283691
2913,366.911,-2.997457708736643,7326.637695
2914,367.037,-2.991806681289246,7328.207031
2915,367.163,-3.0565406321360014,7329.705566
2916,367.289,-3.074620566732358,7327.12207
2917,367.415,-3.0723895588472154,7328.634766
2918,367.541,-3.153612477053736,7326.51123
2919,367.667,-3.223901765154806,7327.038086
2920,367.793,-3.0388808888783516,7326.780762
2921,367.919,-3.1814207452949885,7329.029785
2922,368.045,-3.149463305832956,7328.272461
2923,368.171,-3.224002227501557,7326.156738
2924,368.297,-3.1233570793897236,7330.666016
2925,368.423,-3.118891698305869,7327.799316
2926,368.549,-3.152855766223735,7328.104004
2927,368.675,-3.1362142839041107,7326.255371
2928,368.801,-3.084082932765541,7328.909668
2929,368.927,-3.0863234900957246,7328.845215
2930,369.053,-3.2104100881569577,7328.923828
2931,369.179,-3.086389915990364,7325.938965
2932,369.305,-3.358206428793256,7328.77002
2933,369.431,-3.36609404764587,7324.256348
2934,369.557,-3.2305604604962905,7331.879883
2935,369.683,-3.2573842151722556,7330.043945
2936,369.809,-3.1935246695305253,7330.972168
2937,369.935,-3.5240136659024133,7327.989258
2938,370.061,-3.1693173043802902,7328.399414
2939,370.187,-3.30512632023527,7330.177246
2940,370.313,-3.4254068206820767,7324.63916
2941,370.439,-3.4041288843141553,7329.058105
2942,370.565,-3.1984351479798057,7329.983398
2943,370.691,-3.2863060837714166,7327.34082
2944,370.816,-3.2433613198613664,7328.623047
2945,370.942,-3.5323820686523346,7328.148438
2946,371.068,-3.251242129731453,7328.04248
2947,371.194,-3.482484462122051,7330.155273
2948,371.321,-3.3810857157533674,7324.885254
2949,371.447,-3.2523378850165887,7331.724121
2950,371.573,-3.4514608955790695,7325.563477
2951,371.699,-3.7321377969465246,7327.936523
2952,371.825,-3.4483485996553007,7327.932129
2953,371.951,-3.396593786927343,7329.000977
2954,372.076,-3.35966007309581,7327.884766
2955,372.202,-3.226200942960756,7323.42334
2956,372.328,-3.366015754488602,7326.271484
2957,372.454,-3.4108938826553956,7328.577148
2958,372.581,-3.2802791200410084,7328.241699
2959,372.706,-3.726952070983745,7326.810059
2960,372.832,-3.628184172492492,7331.71875
2961,372.959,-3.092143305149083,7326.283203
2962,373.084,-3.4836876473196323,7329.39502
2963,373.21,-3.4911791905267755,7326.725098
2964,373.337,-3.3346671210079157,7329.560059
2965,373.462,-3.602891048683602,7321.201172
2966,373.589,-3.789946265655943,7329.447754
2967,373.715,-3.5762927890697185,7323.331055
2968,373.84,-3.263582555356052,7326.274902
2969,373.966,-3.4266143723325593,7324.395996
2970,374.093,-3.522119573184421,7326.537598
2971,374.218,-3.1469514883787646,7326.993652
2972,374.345,-3.479778271544402,7327.903809
2973,374.471,-3.391784682694663,7328.776367
2974,374.596,-3.7553944996915423,7325.883301
2975,374.722,-3.4226756330915618,7331.310547
2976,374.848,-3.0189231795017117,7327.830078
2977,374.974,-3.607428276238565,7329.17334
2978,375.1,-3.4040079249967103,7328.92041
2979,375.226,-3.565756952401853,7327.65332
2980,375.352,-3.5970542395826954,7327.918457
2981,375.478,-3.5627734626829435,7328.907227
2982,375.604,-3.3710189936136925,7326.047363
2983,375.73,-3.8889339537201884,7328.575684
2984,375.856,-3.12866422248907,7327.315918
2985,375.982,-3.5779496832978843,7327.306641
2986,376.108,-3.581049454426778,7330.345703
2987,376.234,-3.566098157687803,7328.48584
2988,376.361,-3.547726058578289,7327.291016
2989,376.486,-3.5735455353380967,7327.678711
2990,376.612,-3.667818332296673,7329.839355
2991,376.738,-3.0559949481431072,7327.374512
2992,376.864,-3.3630575952127115,7327.275391
2993,376.99,-3.4927775235198126,7325.582031
2994,377.116,-3.274771633562369,7325.040527
2995,377.242,-3.976072791729865,7324.194336
2996,377.368,-3.654800473827597,7326.637695
2997,377.494,-3.6603013208569606,7330.570313
2998,377.62,-3.9419734883795923,7325.637695
2999,377.746,-3.356439934912994,7325.321289
3000,377.872,-3.9861417451472,7326.723633
3001,377.998,-3.7099353982728918,7330.099121
3002,378.124,-3.198121319747542,7329.706543
3003,378.25,-4.020854212964595,7330.066895
3004,378.376,-3.838958404392877,7325.967773
3005,378.502,-4.272971747741669,7326.644043
3006,378.628,-3.690603576857508,7328.046387
3007,378.754,-3.711458161978593,7327.186523
3008,378.88,-3.8049236909882054,7328.65332
3009,379.006,-3.955935664907913,7323.299805
3010,379.132,-3.705934203767731,7326.943359
3011,379.258,-3.9888153771503294,7326.115234
3012,379.384,-3.7405293240474062,7328.505371
3013,379.51,-3.9211345028835214,7326.089844
3014,379.636,-4.101529567022723,7327.599609
3015,379.762,-3.609017082224627,7327.492188
3016,379.888,-4.112578739411276,7325.378418
3017,380.014,-4.087365970808252,7327.35791
3018,380.14,-4.38338725699597,7323.518066
3019,380.266,-4.104351669075793,7326.214844
3020,380.392,-3.6054079216677413,7325.562988
3021,380.518,-3.672565752887636,7326.39209
3022,380.644,-4.16582712467313,7327.625488
3023,380.77,-3.7631070271508147,7326.551758
3024,380.896,-3.7374447941155458,7326.434082
3025,381.022,-3.7260895094056843,7325.484375
3026,381.148,-3.443037260897636,7326.501953
3027,381.274,-3.8567147685430108,7324.571777
3028,381.4,-4.072699374992069,7328.616699
3029,381.526,-3.705616574677586,7325.187988
3030,381.652,-3.886483762400936,7328.721191
3031,381.778,-4.14689688193061,7326.502441
3032,381.904,-4.129515320473703,7330.36084
3033,382.03,-3.8829028394653546,7327.798828
3034,382.156,-4.263877309353367,7326.841309
3035,382.282,-4.564132055400699,7328.856934
3036,382.408,-4.389916272781897,7328.239258
3037,382.534,-4.110036895910544,7325.124023
3038,382.66,-3.3617706024039253,7325.819824
3039,382.786,-4.378392226544133,7327.181641
3040,382.912,-4.018993936892707,7330.049805
3041,383.038,-0.9837391935682472,7326.529297
3042,383.164,-4.317262259233185,7322.64209
3043,383.29,1.1741087334814173,7325.47168
3044,383.416,11.56990016930628,7320.72998
3045,383.542,7.605316848059024,7324.186035
3046,383.668,2.8941478608213647,7328.32959
3047,383.794,5.695768907652647,7327.978516
3048,383.92,5.142456901897118,7329.474121
3049,384.046,3.790974797177694,7325.867188
3050,384.172,4.161803633048243,7327.651855
3051,384.298,4.643019124054302,7326.69873
3052,384.424,4.500284146589985,7327.462891
3053,384.55,4.5109808989099704,7330.738281
3054,384.676,4.469398032722177,7328.617188
3055,384.802,4.504156917137083,7328.612305
3056,384.928,4.465060607716456,7327.042969
3057,385.054,4.5112457467246765,7329.183594
3058,385.18,4.464632378671419,7325.036133
3059,385.306,4.409690498991033,7336.314453
3060,385.432,4.505454362292715,7328.945313
3061,385.558,4.5112540707964275,7328.438965
3062,385.684,4.46892404259649,7324.228027
3063,385.81,4.270928656679837,7326.282227
3064,385.936,4.302845433123149,7323.960449
3065,386.061,4.666898169234893,7328.952637
3066,386.188,4.1546880437770115,7329.08252
3067,386.314,4.611181001209243,7325.856445
3068,386.44,4.350047780509709,7325.524414
3069,386.565,4.41480749246086,7323.874023
3070,386.692,4.360344699050614,7327.324219
3071,386.818,4.6666208378362395,7326.697266
3072,386.944,4.470019554752294,7326.47998
3073,387.07,4.469324429061058,7326.625
3074,387.196,4.477592308498225,7328.768066
3075,387.321,4.34085041144941,7328.338867
3076,387.447,4.295142889314241,7328.307617
3077,387.573,4.181781446291445,7328.821289
3078,387.7,4.1975187884707195,7326.987793
3079,387.825,4.441120455648344,7330.816406
3080,387.952,4.419372993791702,7325.692871
3081,388.078,4.276379215240688,7327.713867
3082,388.204,4.645411042339579,7329.212891
3083,388.33,4.292586533007296,7329.533691
3084,388.456,4.53005779725185,7330.361816
3085,388.582,4.374632416629655,7327.348145
3086,388.707,4.275070583797908,7325.775391
3087,388.833,4.3578058985712795,7325.689453
3088,388.959,4.170210154708677,7325.533691
3089,389.085,4.3180712805223305,7328.569824
3090,389.212,4.073788986395186,7328.465332
3091,389.337,4.21220609331235,7328.531738
3092,389.464,4.175294765226678,7326.385254
3093,389.589,4.076996301339761,7334.061035
3094,389.715,4.08074519116663,7321.143066
3095,389.841,4.229480999388996,7325.239258
3096,389.967,4.17109637630412,7326.975586
3097,390.093,4.353678030225205,7326.256836
3098,390.219,4.233738042117219,7326.509766
3099,390.345,4.218421549799061,7326.052734
3100,390.471,4.116111082062804,7327.378418
3101,390.597,4.035700867851529,7326.137695
3102,390.723,4.245916673597123,7330.845703
3103,390.849,3.952101355917276,7324.402832
3104,390.975,4.128429715120007,7324.0
3105,391.101,3.5993372838986204,7327.858887
3106,391.227,4.033242558319911,7328.85791
3107,391.353,3.925488560006543,7328.122559
3108,391.479,4.124134207236306,7333.840332
3109,391.605,4.009244881702682,7325.77002
3110,391.731,3.6631747027671118,7325.775391
3111,391.857,3.8152169300519323,7329.495605
3112,391.983,3.754395682830771,7326.761719
3113,392.109,3.7215515206622958,7330.949707
3114,392.235,3.8213380103504266,7326.425781
3115,392.361,3.9288906891537527,7325.91748
3116,392.488,4.056498196492031,7323.582031
3117,392.613,4.069395151402221,7327.293945
3118,392.739,3.8872390693821526,7326.873535
3119,392.865,3.781844015748803,7327.603027
3120,392.991,3.972919120381191,7325.999023
3121,393.117,3.7684205089640046,7324.424316
3122,393.243,3.892359258652681,7323.598633
3123,393.369,3.6044956383682387,7324.308105
3124,393.503,3.797421700151212,7324.008789
3125,393.621,3.66756413231412,7324.794434
3126,393.747,3.398139973364697,7324.484375
3127,393.873,3.855200309342635,7326.350586
3128,393.999,3.7936599974629335,7323.403809
3129,394.125,3.9816454813333713,7326.388672
3130,394.251,3.4272633756547823,7325.075684
3131,394.377,3.3882707779571963,7327.291992
3132,394.503,3.920247832334189,7328.95459
3133,394.629,3.5362333473376597,7324.618164
3134,394.755,3.826985895297732,7327.690918
3135,394.881,3.694266788552452,7328.531738
3136,395.007,3.677494122369989,7328.759277
3137,395.133,3.7817377679628015,7327.632813
3138,395.259,3.561806474200154,7325.927246
3139,395.385,3.7307812128175564,7325.636719
3140,395.511,3.3387567347409184,7331.485352
3141,395.637,3.2844273517021265,7329.99707
3142,395.763,3.4626474816714556,7329.723633
3143,395.889,3.792702596761879,7326.787598
3144,396.015,3.48215068294616,7328.08252
3145,396.141,3.3195396421250885,7327.434082
3146,396.267,3.6563381187022816,7327.993652
3147,396.393,3.4709050670340695,7328.480469
3148,396.519,3.350424141141994,7326.979004
3149,396.645,3.420215827116718,7329.204102
3150,396.771,3.481522011972944,7324.962402
3151,396.897,3.480807923516282,7324.516113
3152,397.023,3.5091236622603774,7330.930176
3153,397.149,3.7595708767124947,7326.870605
3154,397.275,3.5978828799133935,7328.65625
3155,397.401,3.430349570534151,7328.391113
3156,397.527,3.468156441863784,7324.845703
3157,397.653,3.286000359040419,7325.946289
3158,397.779,3.610883232524917,7327.79248
3159,397.905,3.2866575010332735,7327.650391
3160,398.031,3.436256673921903,7327.63623
3161,398.157,3.2243287223079884,7332.769043
3162,398.283,3.450728649705097,7327.605957
3163,398.409,3.264734198727,7327.300293
3164,398.535,3.2787512933649574,7326.84375
3165,398.661,3.4204099908396683,7327.749512
3166,398.787,3.3597191558343376,7326.72168
3167,398.913,2.992494679998238,7327.353027
3168,399.039,3.3515311667269567,7323.957031
3169,399.164,3.0674652386089902,7326.977051
3170,399.291,3.173036114466359,7325.58252
3171,399.417,3.274611408923706,7326.700195
3172,399.543,3.2830171177743974,7328.500488
3173,399.669,3.2193245743050776,7326.026855
3174,399.795,3.3776653175762843,7328.186523
3175,399.921,3.06309480320351,7326.534668
3176,400.047,3.167105852003151,7323.69873
3177,400.173,3.159962737252014,7325.890625
3178,400.298,3.3716355865780385,7322.404785
3179,400.425,2.9899984091737095,7328.219727
3180,400.551,2.962779855346828,7324.927246
3181,400.677,3.051018380077435,7323.752441
3182,400.803,3.149122852522641,7329.468262
3183,400.929,3.159478098744107,7324.550781
3184,401.055,3.069601288900609,7325.493652
3185,401.181,3.109258183269518,7324.419434
3186,401.307,3.0992424115281203,7326.654297
3187,401.433,3.124467946927154,7327.044922
3188,401.559,3.1740074621200285,7327.294922
3189,401.685,3.16012943801308,7322.792969
3190,401.811,3.1045909926305786,7327.37793
3191,401.936,3.101878673708752,7329.149902
3192,402.063,3.033651184194206,7327.129883
3193,402.188,2.9647219457573692,7330.785645
3194,402.315,2.962413450219099,7326.795898
3195,402.44,2.927005798979896,7328.585449
3196,402.567,3.1032901381619777,7327.789063
3197,402.693,3.052700476117802,7328.903809
3198,402.819,3.1187509198202954,7328.883789
3199,402.945,3.1031991502285092,7328.34082
3200,403.07,3.0089193598751445,7327.32666
3201,403.196,2.9733334444551964,7322.746094
3202,403.323,2.9429202490448456,7334.554199
3203,403.448,2.8986701686158196,7326.021973
3204,403.575,2.8603935092114785,7326.871582
3205,403.701,2.9204036085481935,7327.970703
3206,403.826,2.935552839645986,7322.944824
3207,403.952,2.952245113291467,7323.132813
3208,404.079,2.913632990750964,7326.44873
3209,404.205,2.891107002145698,7324.932129
3210,404.33,2.8844661577610933,7323.099121
3211,404.456,2.8926224881948652,7325.838867
3212,404.583,2.8968392230347875,7331.182129
3213,404.709,2.874962403296343,7327.018066
3214,404.834,2.83036212956202,7328.079102
3215,404.96,2.7857374145964764,7327.626465
3216,405.086,2.8251689104426676,7326.477051
3217,405.212,2.840002388465372,7327.516602
3218,405.338,2.7752281242922385,7326.401367
3219,405.464,2.8058262325170356,7327.648926
3220,405.59,2.773389953239303,7327.61377
3221,405.716,2.76125471162227,7326.015137
3222,405.842,2.732570687141386,7327.178711
3223,405.968,2.686432333573076,7325.746094
3224,406.094,2.7806442878564317,7327.963867
3225,406.22,2.7791041830926524,7320.525879
3226,406.346,2.7652422872008895,7326.712891
3227,406.472,2.7604259256186467,7324.570313
3228,406.598,2.7630125685852995,7324.373535
3229,406.724,2.690218094292686,7325.964844
3230,406.85,2.733244536053027,7323.197754
3231,406.976,2.663551052703973,7326.553711
3232,407.102,2.755968823769137,7324.34082
3233,407.228,2.7167616947775066,7327.602051
3234,407.354,2.7546255687672776,7322.562012
3235,407.48,2.8094591856566096,7324.127441
3236,407.606,2.6831417116524854,7324.595215
3237,407.732,2.739212374525627,7324.675781
3238,407.858,2.701008312515895,7320.129395
3239,407.984,2.651995450444755,7328.529297
3240,408.11,2.643964912655002,7326.912598
3241,408.258,2.579369602860375,7324.822754
3242,408.362,2.5200975863890873,7325.377441
3243,408.488,2.4907031209642807,7321.245117
3244,408.614,2.4870886743841747,7330.056152
3245,408.74,2.478080631757089,7327.352051
3246,408.866,2.5457593508097482,7327.152344
3247,408.992,2.5181874237524933,7325.414063
3248,409.118,2.548426080652588,7319.152832
3249,409.244,2.5422864641037703,7321.24707
3250,409.37,2.563786374101966,7323.835938
3251,409.497,2.5794831373978306,7325.779297
3252,409.622,2.5845217593873806,7327.604004
3253,409.749,2.592572019642186,7323.439453
3254,409.874,2.5590496085935817,7325.219727
3255,410.0,2.5503802106991285,7324.25
3256,410.126,2.501982858938209,7323.615234
3257,410.252,2.4830036202985415,7323.527832
3258,410.378,2.453344308784619,7324.733398
3259,410.504,2.4990730432079724,7328.588867
3260,410.63,2.5205847273775697,7324.738281
3261,410.756,2.4957959192004386,7326.552246
3262,410.882,2.4653943724550254,7323.066895
3263,411.008,2.438089492684763,7323.65332
3264,411.134,2.4714990719578185,7323.382813
3265,411.261,2.423064235338791,7325.908691
3266,411.386,2.4694364809400624,7324.676758
3267,411.512,2.4362288684027815,7322.379395
3268,411.638,2.4090037138949687,7326.804688
3269,411.764,2.383923203818967,7324.905273
3270,411.89,2.2994602630167877,7324.033203
3271,412.016,2.3278048358962273,7323.202637
3272,412.142,2.351026098816421,7326.643555
3273,412.268,2.3074150158867903,7325.27002
3274,412.394,2.381153446907992,7325.012207
3275,412.52,2.3252253529952487,7325.993652
3276,412.646,2.372705381734154,7323.69873
3277,412.772,2.308913136870147,7321.310059
3278,412.898,2.278868119467878,7325.529297
3279,413.024,2.223702713590159,7324.369629
3280,413.15,2.2823277746025434,7325.046387
3281,413.276,2.2468918163072744,7326.059082
3282,413.402,2.297970806136535,7320.486816
3283,413.528,2.3155442625827134,7325.156738
3284,413.654,2.277473909933382,7325.355469
3285,413.78,2.296013295143772,7324.779785
3286,413.906,2.262803310066373,7321.206055
3287,414.033,2.2359093985228347,7325.42627
3288,414.158,2.1695864446563147,7322.682129
3289,414.284,2.1266855116228025,7322.525879
3290,414.41,2.100453747116858,7326.004883
3291,414.536,2.1522712773042416,7326.984863
3292,414.662,2.119784133334885,7322.650879
3293,414.788,2.1757167817649035,7326.252441
3294,414.914,2.161761761781723,7325.125977
3295,415.04,2.1680780058738574,7324.143555
3296,415.166,2.2015739799557736,7325.119629
3297,415.292,2.153590669607086,7325.863281
3298,415.418,2.1652398309079497,7324.874512
3299,415.544,2.1938334439407754,7323.156738
3300,415.67,2.172296590398842,7324.222168
3301,415.796,2.0978923361364505,7323.790039
3302,415.922,2.1108307245536415,7324.177246
3303,416.048,2.0595318809249035,7323.17334
3304,416.174,2.020027087313143,7321.188477
3305,416.3,2.054415638122181,7326.519043
3306,416.426,2.071735476023207,7324.041504
3307,416.552,2.0843186986462428,7323.924805
3308,416.678,2.0924949123732337,7323.569824
3309,416.804,2.04520122405095,7324.289063
3310,416.93,2.0055435879501915,7324.19873
3311,417.056,1.9567221419022074,7323.003418
3312,417.182,1.9704056522339348,7324.314941
3313,417.307,1.9398558578492529,7322.654785
3314,417.434,1.9312810829081974,7319.742188
3315,417.559,1.9631940073607774,7323.411621
3316,417.685,1.972369379310608,7323.255859
3317,417.812,1.993068339803624,7323.673828
3318,417.937,1.9725976054836705,7319.748535
3319,418.063,1.9558548536174842,7323.17334
3320,418.19,1.9420870078235661,7322.515137
3321,418.316,1.9079686525027684,7323.416992
3322,418.442,1.9014150680604553,7323.555664
3323,418.568,1.8747536913193705,7321.154297
3324,418.694,1.9200291841805883,7319.81543
3325,418.82,1.9070285033176944,7320.391113
3326,418.946,1.9175294666500156,7323.362305
3327,419.071,1.9593890761017292,7324.343262
3328,419.198,1.9397789601718332,7324.407227
3329,419.324,1.92234395759844,7326.492676
3330,419.449,1.935546101281864,7322.733887
3331,419.576,1.930495312937218,7322.683105
3332,419.702,1.9032151925391378,7322.120605
3333,419.828,1.860206812819447,7324.812012
3334,419.954,1.8943818185345962,7326.117676
3335,420.079,1.877270770266526,7322.353516
3336,420.206,1.8822793958058766,7321.251953
3337,420.332,1.8572804109265009,7318.864258
3338,420.457,1.8372880292076048,7323.087891
3339,420.583,1.7768873125360387,7323.720215
3340,420.71,1.7613005962029218,7322.240234
3341,420.835,1.7101327493979543,7324.007324
3342,420.961,1.7252034910273,7321.310547
3343,421.087,1.805663709417887,7324.380859
3344,421.214,1.7744478488611028,7324.649414
3345,421.339,1.8625772703832162,7322.266602
3346,421.465,1.8541128221644725,7322.661621
3347,421.591,1.8419717708882568,7324.531738
3348,421.717,1.832059446458348,7316.795898
3349,421.843,1.7605902294294344,7324.751465
3350,421.969,1.701528441400775,7322.59082
3351,422.096,1.6896736911676213,7318.560547
3352,422.221,1.6345267773602246,7325.080078
3353,422.347,1.6724509593450825,7326.26123
3354,422.473,1.6549734226155415,7319.938477
3355,422.599,1.6518151390118847,7320.021484
3356,422.725,1.6709064758955634,7320.327637
3357,422.851,1.6305459306854158,7319.850098
3358,422.977,1.6489119409428017,7319.005371
3359,423.104,1.6599383633359814,7323.902344
3360,423.23,1.663285104453705,7323.833008
3361,423.355,1.6562648473121635,7322.041992
3362,423.481,1.6337935774688894,7328.727539
3363,423.607,1.6159324825734613,7322.124023
3364,423.733,1.5983420893587028,7323.725586
3365,423.859,1.6404407457231145,7322.378906
3366,423.985,1.6494375548765456,7323.957031
3367,424.111,1.6658647017109702,7323.180176
3368,424.237,1.6365475801014249,7320.860352
3369,424.363,1.664646107683628,7318.927246
3370,424.489,1.6803841611533603,7319.908691
3371,424.616,1.632444150921152,7321.408691
3372,424.741,1.615608247428501,7320.752441
3373,424.867,1.5561949492873322,7320.727539
3374,424.993,1.5860194221450856,7320.049805
3375,425.119,1.5506318351344226,7320.747559
3376,425.245,1.5742473149298981,7324.34082
3377,425.371,1.5632450073013522,7317.674316
3378,425.497,1.5865513862455776,7321.411621
3379,425.623,1.6143702202758132,7320.04834
3380,425.749,1.6126552677537016,7319.092773
3381,425.875,1.6429743459762771,7320.972168
3382,426.001,1.6183816805814424,7319.536621
3383,426.127,1.5532239326164063,7319.288086
3384,426.253,1.5826039497823159,7320.111328
3385,426.379,1.5260583737374682,7320.183105
3386,426.505,1.5249991927625683,7323.149902
3387,426.631,1.5159541951982392,7322.242188
3388,426.757,1.5014924275253285,7320.208984
3389,426.883,1.5256501096192367,7320.783203
3390,427.009,1.490324336106855,7320.038086
3391,427.135,1.487259985164471,7318.999512
3392,427.261,1.4788134991736126,7320.620117
3393,427.387,1.4208078081807263,7323.989258
3394,427.513,1.447115708154875,7320.893066
3395,427.639,1.3569720511709502,7317.515625
3396,427.765,1.3573872753949976,7318.137207
3397,427.891,1.3021155424565443,7318.79248
3398,428.017,1.306069088128918,7319.307129
3399,428.143,1.3430311065689111,7319.097168
3400,428.269,1.3601213320184378,7320.665039
3401,428.395,1.3631612440469483,7319.413574
3402,428.521,1.4131266286145456,7317.300781
3403,428.647,1.3973002246639818,7320.028809
3404,428.773,1.3864541408929674,7321.177246
3405,428.899,1.4056053511792628,7316.294922
3406,429.025,1.3868909778384984,7323.352051
3407,429.151,1.4143231303484027,7319.133789
3408,429.277,1.3542335414936078,7319.209961
3409,429.403,1.3376201537469716,7318.256348
3410,429.529,1.309636442068332,7316.910645
3411,429.655,1.2583164310700052,7320.90625
3412,429.781,1.2656666395408451,7321.097656
3413,429.907,1.2503820331485582,7319.358887
3414,430.033,1.2935050485128528,7319.625
3415,430.159,1.3118172233724654,7319.179688
3416,430.285,1.3465805306006247,7319.322754
3417,430.411,1.321570953231858,7321.818359
3418,430.537,1.322746887911574,7320.583496
3419,430.663,1.3121824858088156,7318.11377
3420,430.789,1.2899635167851615,7318.393066
3421,430.915,1.3140038099504385,7319.125977
3422,431.041,1.2970510996680922,7318.480469
3423,431.167,1.33168716614227,7320.925293
3424,431.293,1.2990179131575863,7320.701172
3425,431.419,1.286418924559986,7317.552246
3426,431.545,1.2148635494860376,7317.416992
3427,431.671,1.2193849982234837,7317.044922
3428,431.797,1.235406842356669,7322.694824
3429,431.923,1.2403878314396592,7319.157715
3430,432.049,1.261266123446544,7318.69873
3431,432.175,1.2784793371310328,7320.687988
3432,432.301,1.2851574272850796,7317.307129
3433,432.427,1.2540799553384352,7318.215332
3434,432.553,1.2429922285739323,7319.071777
3435,432.678,1.1741389415247039,7320.63916
3436,432.805,1.1766434997851085,7319.912598
3437,432.931,1.1808087069709088,7316.685547
3438,433.056,1.1683993150423644,7320.355469
3439,433.182,1.1744143755068308,7317.123535
3440,433.308,1.1746956245386533,7322.974609
3441,433.435,1.1813591605594178,7319.207031
3442,433.56,1.1939187297068106,7317.432617
3443,433.687,1.1912530402191357,7321.643066
3444,433.813,1.1994087441777526,7318.098145
3445,433.939,1.1663404116713012,7322.602051
3446,434.064,1.1121731968758926,7319.155762
3447,434.191,1.067947742226498,7318.055664
3448,434.317,1.0571144570844466,7316.941406
3449,434.443,1.006738609289037,7314.654297
3450,434.569,1.030621756997698,7317.679199
3451,434.694,1.0537614424701423,7319.314453
3452,434.821,1.07737151112155,7320.772949
3453,434.946,1.0995952635892547,7317.774414
3454,435.072,1.1091856758011067,7321.23291
3455,435.199,1.1011041066656173,7314.310547
3456,435.325,1.0853292434203905,7321.244629
3457,435.45,1.072162161433717,7318.338867
3458,435.577,1.0417732148497962,7317.470703
3459,435.703,1.016959527103334,7317.554688
3460,435.828,0.9980280678937665,7316.189941
3461,435.954,1.0101276163194723,7315.505859
3462,436.08,1.0110411229293852,7316.798828
3463,436.207,1.008591073856786,7318.780273
3464,436.332,1.0605105061831515,7320.720215
3465,436.458,1.0126531836950878,7319.723633
3466,436.584,1.077503847411201,7318.07666
3467,436.71,1.0127541799278992,7321.684082
3468,436.836,0.9914525170656014,7315.122559
3469,436.962,0.9836135442741887,7318.445313
3470,437.088,0.9705750934082235,7318.02832
3471,437.228,0.9806684269303766,7317.27832
3472,437.34,1.0152149083128421,7322.823242
3473,437.466,1.0367237421822417,7316.977051
3474,437.592,1.0256355426821413,7317.21875
3475,437.718,1.0058985498977189,7317.748047
3476,437.844,0.9880766628336219,7316.020508
3477,437.97,0.9477110610150625,7321.104492
3478,438.096,0.9301394879444651,7320.854004
3479,438.223,0.9369925265547349,7316.883789
3480,438.348,0.9337347861092323,7317.82959
3481,438.474,0.9438818898131885,7318.431641
3482,438.6,0.9602162861815832,7315.715332
3483,438.726,0.9880285252416318,7321.55957
3484,438.852,0.957772849675977,7318.848145
3485,438.978,0.9405064094487808,7317.634766
3486,439.104,0.9221941920489616,7318.273438
3487,439.23,0.8339498898151467,7317.676758
3488,439.356,0.8668520691330084,7319.211914
3489,439.482,0.8569818231108439,7315.20166
3490,439.608,0.8620843156640826,7314.966309
3491,439.734,0.8741810854353935,7316.51123
3492,439.86,0.8558448895294801,7317.523926
3493,439.986,0.8586711192805205,7317.189941
3494,440.112,0.8591905500177186,7324.879883
3495,440.238,0.8959520005151571,7319.448242
3496,440.373,0.8488686929694768,7317.551758
3497,440.49,0.8614507878184784,7317.379883
3498,440.616,0.9205802024290377,7316.212402
3499,440.742,0.9007749382029308,7318.341309
3500,440.868,0.8759225607708213,7314.603516
3501,440.994,0.9072887185831086,7314.799805
3502,441.12,0.856301459532925,7316.234375
3503,441.249,0.7715604149598501,7315.787598
3504,441.372,0.7896634181789935,7317.20752
3505,441.498,0.7614460622930949,7319.272949
3506,441.624,0.7730580770202824,7313.306641
3507,441.75,0.7955223433726123,7321.284668
3508,441.876,0.7750723057791217,7319.178711
3509,442.002,0.8057911166044621,7319.656738
3510,442.128,0.7741344634955578,7316.328613
3511,442.254,0.7454403066120693,7321.279297
3512,442.38,0.7492274532023584,7315.815918
3513,442.506,0.6778268405171682,7317.046387
3514,442.632,0.7310500562457957,7317.080078
3515,442.758,0.6871745999997577,7319.125977
3516,442.884,0.6727589361933768,7317.643066
3517,443.01,0.6733508197903936,7314.508789
3518,443.136,0.690205352769374,7319.23877
3519,443.262,0.6717373296617124,7318.474609
3520,443.388,0.7078421474863476,7316.083496
3521,443.514,0.7449492233164826,7319.056641
3522,443.64,0.754621695338492,7320.855957
3523,443.766,0.8176496312809772,7319.466797
3524,443.892,0.7840935683365973,7317.54834
3525,444.018,0.7410767875470804,7316.065918
3526,444.144,0.6858908825974279,7317.258789
3527,444.27,0.6640959977630398,7316.674316
3528,444.396,0.6117512451769588,7317.182129
3529,444.522,0.6316526739283136,7317.77832
3530,444.648,0.6096662595479596,7315.0
3531,444.774,0.6154723442088275,7312.962891
3532,444.9,0.6298777633046654,7311.458008
3533,445.026,0.5930741077216382,7320.57959
3534,445.152,0.5938982612934888,7317.168945
3535,445.278,0.5566367688570631,7313.73877
3536,445.404,0.6034128336928397,7316.820313
3537,445.53,0.586989145346828,7313.398926
3538,445.656,0.5747943402036497,7315.033691
3539,445.782,0.5968645647786945,7317.791504
3540,445.908,0.6151545391581974,7315.844727
3541,446.034,0.6304206345565326,7317.354004
3542,446.16,0.6197290350115277,7318.597656
3543,446.286,0.5971087112542326,7316.465332
3544,446.412,0.6123795791809845,7310.225586
3545,446.538,0.5808624834235745,7314.67334
3546,446.664,0.5732058641073509,7315.09082
3547,446.79,0.545318477190071,7317.724609
3548,446.916,0.5603649722419335,7313.719727
3549,447.042,0.5510883186205073,7317.810547
3550,447.168,0.5001878103546972,7318.527832
3551,447.294,0.4772409193091816,7314.63916
3552,447.42,0.44682421927098354,7316.62793
3553,447.574,0.42776745287956325,7317.444336
3554,447.672,0.4343959089813102,7314.968262
3555,447.801,0.41832229433160634,7313.056152
3556,447.924,0.4356246971540575,7318.802734
3557,448.05,0.47786743810447285,7315.814453
3558,448.176,0.49110629335271516,7315.424805
3559,448.302,0.5090503403000988,7316.207031
3560,448.428,0.5175184099987401,7315.836426
3561,448.553,0.49008844916991157,7312.875977
3562,448.679,0.48302119320694326,7320.501465
3563,448.806,0.4726542404529101,7315.30957
3564,448.932,0.4647571384957794,7312.463867
3565,449.058,0.4468640219880176,7314.734863
3566,449.184,0.4328283781324539,7317.040527
3567,449.309,0.4288492601154358,7315.334961
3568,449.436,0.3968085647350358,7315.536133
3569,449.562,0.33869932460923025,7316.402832
3570,449.688,0.36785678352291873,7321.212402
3571,449.813,0.3223768458006803,7315.941406
3572,449.939,0.3507939214195149,7313.609863
3573,450.066,0.3888350997972315,7318.619141
3574,450.192,0.38299713867646656,7316.910156
3575,450.317,0.38419954061953304,7316.329102
3576,450.443,0.44535623824635073,7319.526855
3577,450.57,0.43388999658867244,7314.556641
3578,450.696,0.40804158482686137,7316.100098
3579,450.822,0.36820378699960393,7317.745117
3580,450.947,0.3528189975605132,7315.396973
3581,451.073,0.3303690362383755,7318.058594
3582,451.199,0.27349720695712826,7312.361816
3583,451.325,0.2779329994692581,7318.751465
3584,451.451,0.23910302990506482,7315.41748
3585,451.578,0.23995585588342097,7316.76123
3586,451.703,0.26648875657720955,7315.49707
3587,451.829,0.2953701506280103,7316.969727
3588,451.955,0.2888527972326904,7315.778809
3589,452.081,0.30163926944756464,7315.787109
3590,452.207,0.3184752993453864,7317.38916
3591,452.333,0.30080677728928984,7315.423828
3592,452.459,0.2969538382110357,7311.665527
3593,452.585,0.3275509014505937,7317.189941
3594,452.711,0.30566726622951873,7313.293457
3595,452.837,0.3077574003479931,7313.125977
3596,452.963,0.28592767072126973,7314.521484
3597,453.089,0.32822429491204547,7314.06543
3598,453.215,0.28542699832356627,7312.222656
3599,453.341,0.28530169645994813,7321.166504
3600,453.467,0.22997757917322215,7313.718262
3601,453.593,0.23776534505189567,7312.587402
3602,453.719,0.23746501448174537,7314.866699
3603,453.845,0.21027371247659954,7314.535645
3604,453.971,0.21600576692907306,7312.744141
3605,454.097,0.19177472174068652,7316.008301
3606,454.223,0.20028127324664022,7316.227539
3607,454.4,0.1674164883898446,7313.763672
3608,454.499,0.2499792331801636,7315.59375
3609,454.605,0.18445835019878523,7315.322754
3610,454.727,0.22646824324673065,7310.381348
3611,454.854,0.2126606086957923,7312.775879
3612,454.979,0.1891711155665184,7313.935547
3613,455.105,0.18049620341984796,7316.769043
3614,455.231,0.1803704422902484,7313.979492
3615,455.357,0.15248222945643525,7314.371094
3616,455.483,0.16670241035047031,7319.293945
3617,455.609,0.12071346476006475,7315.477051
3618,455.735,0.15986445413754533,7315.532715
3619,455.861,0.12062476318432742,7313.20752
3620,455.987,0.11461088394886927,7311.425781
3621,456.113,0.11224332813108621,7317.733398
3622,456.239,0.1150134602836497,7309.82959
3623,456.365,0.14800751002566254,7314.916992
3624,456.491,0.08548608338474745,7315.53125
3625,456.617,0.07269628790629284,7315.074707
3626,456.743,0.037028995358009374,7315.824707
3627,456.869,-0.026891364279227704,7317.199219
3628,456.995,-0.1382562980795627,7315.186523
3629,457.121,-0.20829072611041638,7316.150879
3630,457.248,-0.2475355443358911,7315.53418
3631,457.373,-0.24918691075397703,7316.17627
3632,457.499,-0.22976601473636366,7314.636719
3633,457.625,-0.21036836134811984,7314.181152
3634,457.751,-0.18816671581492883,7315.428711
3635,457.877,-0.20031550690254865,7315.95166
3636,458.019,-0.22731954581476507,7313.981445
3637,458.129,-0.22468235408965187,7315.696289
3638,458.27,-0.24764327872287453,7317.931152
3639,458.381,-0.2752163842591023,7315.959473
3640,458.507,-0.28087224315508164,7314.321777
3641,458.633,-0.32275219882384576,7314.580078
3642,458.759,-0.27326677333743216,7315.616211
3643,458.885,-0.28123863342642136,7311.233398
3644,459.011,-0.2561918996751938,7313.543945
3645,459.137,-0.1982071007162666,7315.865723
3646,459.263,-0.19548587270953516,7315.441406
3647,459.389,-0.14694422507845828,7315.810059
3648,459.515,-0.13731281767423142,7314.631836
3649,459.641,-0.14747124876167927,7314.123047
3650,459.767,-0.19157099723799362,7316.428223
3651,459.893,-0.23750500685949,7313.935059
3652,460.019,-0.25407790264992114,7312.963379
3653,460.145,-0.30227098179309037,7313.364258
3654,460.271,-0.28865210151314186,7310.743652
3655,460.397,-0.3120282837539384,7314.802246
3656,460.574,-0.3128464241789876,7311.213379
3657,460.652,-0.28593340422223507,7312.813477
3658,460.775,-0.282627985791884,7312.403809
3659,460.901,-0.2928495988877298,7312.127441
3660,461.052,-0.3175820898824584,7315.283691
3661,461.153,-0.2678068884178904,7314.079102
3662,461.279,-0.3092682260465537,7312.48291
3663,461.405,-0.265935450443243,7314.558594
3664,461.531,-0.27984315982729013,7313.82959
3665,461.657,-0.2726177375765798,7311.5
3666,461.783,-0.2729818150634589,7309.125
3667,461.909,-0.2589931230811203,7311.805664
3668,462.035,-0.2664380473189863,7312.3125
3669,462.161,-0.2936471359665772,7313.313477
3670,462.287,-0.29010232580853806,7314.260742
3671,462.413,-0.32655902101941375,7311.131836
3672,462.539,-0.33722205661133436,7314.972656
3673,462.665,-0.39360721271815263,7314.130371
3674,462.791,-0.3878511745971349,7312.148438
3675,462.917,-0.3669995572866029,7314.592773
3676,463.043,-0.3599395568789511,7312.643066
3677,463.169,-0.36058587967912964,7316.216309
3678,463.295,-0.3762358901806864,7311.947754
3679,463.421,-0.3866810237420717,7313.959473
3680,463.551,-0.4358708735209004,7311.477539
3681,463.673,-0.4404818177890315,7313.873047
3682,463.799,-0.4213439981969114,7317.855469
3683,463.925,-0.42879064723324084,7315.026855
3684,464.05,-0.4024863126701836,7315.02832
3685,464.177,-0.40596458912999694,7314.629883
3686,464.302,-0.4278744248404136,7318.925781
3687,464.429,-0.4534852383435289,7313.534668
3688,464.554,-0.45041259975440806,7315.289063
3689,464.681,-0.48111576704394604,7313.908691
3690,464.807,-0.4951496324519109,7314.071777
3691,464.933,-0.4840569614564323,7312.576172
3692,465.059,-0.47922450817658474,7313.384766
3693,465.185,-0.44552171202605906,7314.316895
3694,465.311,-0.4456334790322961,7312.918945
3695,465.437,-0.43574309834073205,7312.648438
3696,465.563,-0.44940711643899783,7314.092773
3697,465.688,-0.4521914217349942,7316.973633
3698,465.814,-0.4882231363332142,7310.831055
3699,465.941,-0.47478900184433614,7314.080566
3700,466.067,-0.5164750377115616,7311.918945
3701,466.192,-0.4766815555087876,7314.571777
3702,466.318,-0.46999906698379007,7317.572754
3703,466.45,-0.4807849809940101,7310.598145
3704,466.57,-0.4759346252588694,7312.367676
3705,466.696,-0.48218609552122965,7312.389648
3706,466.822,-0.48182079206223666,7312.023926
3707,466.948,-0.469838612515268,7313.966797
3708,467.075,-0.4597813867285657,7313.026367
3709,467.2,-0.45444326138238916,7312.582031
3710,467.327,-0.4678428210421816,7312.705078
3711,467.452,-0.4674665900295102,7312.986328
3712,467.578,-0.48337590492589355,7313.99707
3713,467.704,-0.4953321526834503,7313.835938
3714,467.83,-0.5076221439480315,7313.178223
3715,467.956,-0.5400341445608007,7312.208008
3716,468.17,-0.5605016280862686,7313.039551
3717,468.231,-0.5645485799573086,7311.944824
3718,468.334,-0.5477998723833712,7309.296875
3719,468.46,-0.5560779881099648,7314.835449
3720,468.586,-0.5245292384928554,7313.317871
3721,468.712,-0.537609117304183,7311.333008
3722,468.838,-0.5574145372492249,7310.833984
3723,468.964,-0.582396865413525,7312.539551
3724,469.09,-0.6069535392510964,7315.078613
3725,469.216,-0.6364993009580306,7312.313965
3726,469.342,-0.6541709422404302,7313.348633
3727,469.469,-0.6376102202684112,7311.333496
3728,469.594,-0.6363609583043652,7313.783691
3729,469.72,-0.6244127765557239,7310.983398
3730,469.846,-0.606928804768936,7308.779785
3731,469.972,-0.5797479246145948,7315.063477
3732,470.098,-0.593250140766273,7312.304199
3733,470.224,-0.5968660703401447,7315.282715
3734,470.35,-0.6000165034747442,7312.261719
3735,470.476,-0.6295865287985705,7310.722656
3736,470.602,-0.5960230118390284,7310.821777
3737,470.728,-0.6000385194699234,7309.704102
3738,470.854,-0.5606317794698145,7310.194824
3739,470.989,-0.5420305304590866,7315.064941
3740,471.106,-0.5577869994569913,7314.738281
3741,471.232,-0.5955884833250661,7313.54248
3742,471.358,-0.6008177036668253,7312.98584
3743,471.484,-0.655301462479333,7312.929688
3744,471.669,-0.6677287502998518,7314.335449
3745,471.736,-0.6765297949124047,7310.487305
3746,471.862,-0.675234050967941,7316.62793
3747,471.988,-0.6642546051336699,7313.154297
3748,472.114,-0.6420754676482776,7312.593262
3749,472.24,-0.6760252642112086,7310.054199
3750,472.377,-0.6917875304101564,7309.283691
3751,472.492,-0.7095807057784015,7308.868164
3752,472.618,-0.7591579000874984,7313.853027
3753,472.821,-0.7569290723780199,7312.536133
3754,472.87,-0.7644288527191455,7313.400879
3755,472.996,-0.7291403851554236,7310.117188
3756,473.122,-0.7053496202079224,7314.76709
3757,473.248,-0.6845765399229488,7311.731445
3758,473.374,-0.664523070599008,7310.493652
3759,473.5,-0.682740557785627,7311.023926
3760,473.626,-0.7213176852183345,7311.535156
3761,473.752,-0.7216513415783777,7308.153809
3762,473.878,-0.7356795367696399,7310.052734
3763,474.004,-0.7189438295341338,7309.11377
3764,474.13,-0.68186175432155,7310.519531
3765,474.256,-0.6857655249927812,7313.536621
3766,474.382,-0.6870681711187134,7311.290039
3767,474.508,-0.6973528516892663,7311.285156
3768,474.634,-0.7226586418014386,7311.324219
3769,474.76,-0.7614964820815342,7310.915039
3770,474.886,-0.7648524197107078,7308.518555
3771,475.012,-0.7324455121994974,7307.09375
3772,475.138,-0.7367423288943434,7311.07373
3773,475.264,-0.7138777158126346,7312.709961
3774,475.39,-0.7077629347816936,7312.146973
3775,475.516,-0.7178177801748317,7309.73877
3776,475.642,-0.7640976304859366,7309.964844
3777,475.768,-0.7922726523788151,7313.517578
3778,475.894,-0.8121437249261257,7311.023438
3779,476.02,-0.8077010334117259,7310.409668
3780,476.146,-0.7970655987172699,7311.755859
3781,476.272,-0.8016490427437497,7313.470215
3782,476.398,-0.7650008592060445,7313.617676
3783,476.524,-0.788842181359295,7311.643555
3784,476.65,-0.8094849042930414,7310.743652
3785,476.776,-0.8210335531688185,7313.543945
3786,476.902,-0.8364738384673412,7310.514648
3787,477.028,-0.8498524705936635,7312.743652
3788,477.153,-0.8732788829632365,7308.973145
3789,477.28,-0.8170873158547236,7309.208984
3790,477.406,-0.8193099364914204,7310.129883
3791,477.532,-0.8033064876666287,7310.804199
3792,477.658,-0.7718726856651119,7313.022461
3793,477.784,-0.7986186238953904,7315.439453
3794,477.91,-0.7758533470898782,7313.113281
3795,478.036,-0.764578724352186,7313.47998
3796,478.162,-0.7840427040553567,7308.650879
3797,478.287,-0.7907630543304077,7310.767578
3798,478.414,-0.7797161295018868,7310.926758
3799,478.54,-0.8230940223217923,7309.950195
3800,478.666,-0.8604437942448562,7313.063477
3801,478.791,-0.8475752087256878,7312.195801
3802,478.918,-0.8724905310732679,7313.103027
3803,479.043,-0.8679562506530106,7305.06543
3804,479.169,-0.8757201622014676,7315.888184
3805,479.296,-0.8452121131643507,7310.379395
3806,479.422,-0.8700472177059905,7312.84082
3807,479.548,-0.8838161558762317,7312.279297
3808,479.674,-0.883992161674631,7309.479492
3809,479.799,-0.8686171956129375,7304.999023
3810,479.925,-0.9020996733727887,7309.484863
3811,480.051,-0.8159378916522905,7311.361816
3812,480.178,-0.8339003903535421,7312.228516
3813,480.303,-0.8392083534436453,7308.844238
3814,480.43,-0.8633292964703672,7310.370117
3815,480.556,-0.8538324698086425,7311.979004
3816,480.682,-0.8583751379377175,7311.501465
3817,480.807,-0.8764645728346848,7310.507813
3818,480.933,-0.8664922171070893,7310.106934
3819,481.059,-0.8404096981906238,7311.541016
3820,481.185,-0.8536933023197015,7309.877441
3821,481.311,-0.8876204551936815,7312.09082
3822,481.438,-0.9048906137030744,7309.238281
3823,481.563,-0.9326086970079229,7308.852051
3824,481.689,-0.9392304917441121,7316.162598
3825,481.815,-0.9647041484323666,7309.214355
3826,481.942,-0.9252768960293525,7312.764648
3827,482.067,-0.9135652872538124,7310.103027
3828,482.193,-0.9087548144212191,7309.796875
3829,482.319,-0.9681610777292731,7313.844238
3830,482.445,-0.9686060691566134,7308.492676
3831,482.571,-0.9967134006072335,7309.990234
3832,482.697,-1.0175763093329688,7312.984375
3833,482.823,-0.974272419399639,7312.515137
3834,482.949,-0.9327044037846205,7314.042969
3835,483.075,-0.9193871973342354,7308.166504
3836,483.201,-0.9668919210982299,7310.195313
3837,483.327,-0.9669133981914859,7309.797363
3838,483.453,-0.9590621607880173,7309.665527
3839,483.579,-1.0137623395202457,7309.968262
3840,483.706,-1.0083687644752886,7306.910156
3841,483.831,-1.0045567534344264,7308.078613
3842,483.957,-1.0122084816397445,7308.905762
3843,484.083,-1.024473703499777,7306.722168
3844,484.209,-1.100103014515424,7307.47998
3845,484.335,-1.037845617762621,7307.146484
3846,484.461,-1.0550149192377636,7309.152344
3847,484.587,-1.0335291986876574,7308.200195
3848,484.713,-1.0328508783506245,7308.892578
3849,484.839,-1.017671160799508,7305.932129
3850,484.965,-0.9718790558328612,7313.075195
3851,485.091,-1.040664262323032,7311.165039
3852,485.217,-0.9737232607619916,7311.638672
3853,485.343,-1.0594600645660657,7310.212402
3854,485.469,-0.9570756507063699,7309.351563
3855,485.595,-1.0613792795320591,7309.46582
3856,485.721,-0.9879036241267147,7314.945801
3857,485.847,-0.9706789230216685,7308.483887
3858,485.973,-1.015928465865402,7309.677734
3859,486.099,-1.054368522125671,7310.503906
3860,486.225,-1.0925394318014825,7309.92041
3861,486.351,-1.0130201447155958,7308.89502
3862,486.477,-1.1856325183792078,7311.285156
3863,486.603,-1.050012295065218,7310.012207
3864,486.729,-1.066011799906824,7312.963379
3865,486.855,-1.0580638064813417,7307.260254
3866,486.981,-1.0730896013001967,7307.239746
3867,487.107,-1.0439522305134366,7311.603027
3868,487.233,-1.0633136822835594,7309.174316
3869,487.359,-1.1424194506932293,7309.376465
3870,487.485,-1.1113381465697982,7311.504395
3871,487.611,-1.1357384354011124,7312.297852
3872,487.737,-1.1597510806370093,7309.430176
3873,487.863,-1.1226731123724951,7308.040527
3874,487.989,-1.2355886132651424,7310.416016
3875,488.115,-1.1683141676949875,7310.39502
3876,488.241,-1.2034910074380205,7312.685059
3877,488.367,-1.235750227434127,7306.255371
3878,488.493,-1.1220558021023797,7308.956055
3879,488.619,-1.1062091442648119,7309.771973
3880,488.745,-1.1272177367919392,7307.138184
3881,488.871,-1.153207836566624,7315.89209
3882,488.997,-1.1539473032836616,7307.713867
3883,489.123,-1.198590641171468,7310.044434
3884,489.249,-1.2260782905702061,7308.401367
3885,489.375,-1.2885444696463817,7309.713867
3886,489.501,-1.2335345618860074,7301.841309
3887,489.627,-1.2731946719128189,7308.352539
3888,489.753,-1.1755244200687547,7309.43457
3889,489.879,-1.0363879277173647,7307.361816
3890,490.005,-0.7878741792786849,7312.210938
3891,490.131,-0.3873852698844655,7310.896973
3892,490.257,0.05937445275802395,7306.657715
3893,490.383,0.5832249055911043,7308.910156
3894,490.509,1.1498121840882605,7309.402832
3895,490.635,1.5343297899607955,7308.025879
3896,490.761,1.7877243232367062,7309.619629
3897,490.887,2.0109778478080775,7313.65625
3898,491.013,1.9670665738252253,7309.711426
3899,491.139,1.9707957552789541,7309.536621
3900,491.265,1.9407600108405678,7307.75
3901,491.391,1.8406956945569364,7311.048828
3902,491.517,1.8204700360382609,7306.878906
3903,491.643,1.8079724592529536,7309.413086
3904,491.769,1.8171164960774102,7307.638184
3905,491.895,1.8930292745996629,7307.612305
3906,492.021,1.7716663071731151,7309.770508
3907,492.147,1.7788737739615057,7309.357422
3908,492.273,1.7401215190588217,7304.756836
3909,492.399,1.647149804669233,7309.571289
3910,492.525,1.68001574813761,7307.839355
3911,492.651,1.632145773127866,7307.419434
3912,492.777,1.5572994962953626,7306.640137
3913,492.903,1.5741786543844405,7310.717285
3914,493.029,1.6352731821666964,7310.82373
3915,493.155,1.589214223094396,7308.450684
3916,493.281,1.5996343825665043,7310.915527
3917,493.407,1.55655598311544,7306.344238
3918,493.533,1.6325911794813037,7306.02832
3919,493.659,1.575339357715893,7306.508301
3920,493.785,1.4771978383243793,7308.455566
3921,493.911,1.5062632509530987,7307.747559
3922,494.037,1.4916695187472697,7308.768555
3923,494.162,1.4715129310271764,7302.082031
3924,494.289,1.4651545337651821,7312.932129
3925,494.415,1.5015344524393603,7307.757324
3926,494.54,1.546115342332901,7307.755859
3927,494.667,1.552779440814532,7306.473633
3928,494.793,1.5335011222877784,7307.955078
3929,494.918,1.5543693623664068,7308.509766
3930,495.045,1.5023971535227714,7307.07959
3931,495.171,1.4166504568349803,7307.359863
3932,495.296,1.386135979480763,7307.483398
3933,495.423,1.2918126889845727,7307.961426
3934,495.548,1.3638882958359342,7307.302246
3935,495.675,1.3503225023413574,7307.336914
3936,495.8,1.3985159716113968,7306.665527
3937,495.927,1.3942786446514133,7305.297363
3938,496.052,1.3840354873774057,7304.232422
3939,496.179,1.3785961590904878,7302.997559
3940,496.305,1.3706250166741152,7304.526855
3941,496.43,1.3736145281123024,7304.992188
3942,496.556,1.3183635991384257,7307.613281
3943,496.683,1.3238741944433368,7306.068359
3944,496.809,1.2566534539971224,7306.141113
3945,496.935,1.2286422865710558,7305.083496
3946,497.06,1.2223876562800768,7307.840332
3947,497.186,1.1978816794636067,7305.989746
3948,497.312,1.1844017281630248,7305.177734
3949,497.438,1.2165858802142604,7307.088379
3950,497.565,1.2490471635162796,7298.728027
3951,497.69,1.2502021746804857,7309.857422
3952,497.817,1.2118263804209273,7307.242188
3953,497.942,1.1693189658254377,7303.675781
3954,498.069,1.1782443958131688,7307.445801
3955,498.194,1.1961433043461196,7305.791016
3956,498.32,1.1979669548293261,7304.930176
3957,498.446,1.1856453324663054,7306.744629
3958,498.572,1.1947979366565447,7305.376465
3959,498.699,1.177406981479453,7305.108398
3960,498.824,1.1093775838958573,7305.032227
3961,498.95,1.1250853883128074,7306.35498
3962,499.076,1.0816207971036198,7305.666504
3963,499.202,1.1550335339854843,7307.279785
3964,499.328,1.1009257807869826,7309.280273
3965,499.454,1.1559164269893503,7307.827637
3966,499.58,1.1574745380820184,7308.474609
3967,499.706,1.0755139995755745,7305.350586
3968,499.832,1.060933250366324,7307.583984
3969,499.958,1.0203282095737918,7308.961426
3970,500.084,0.9891254084190086,7311.350098
3971,500.21,1.0277345763171224,7305.992676
3972,500.336,0.9794901376057079,7306.285645
3973,500.462,1.005554848208568,7306.772949
3974,500.588,1.041298730249203,7309.040527
3975,500.714,1.0245281490881006,7305.26123
3976,500.84,1.0151556004644289,7306.682129
3977,500.966,0.9815034067404309,7306.784668
3978,501.092,1.0109538317901907,7305.163086
3979,501.219,0.9855472430770156,7306.164063
3980,501.344,0.9989423857616113,7308.478516
3981,501.47,1.0003278993650702,7303.744141
3982,501.596,1.0096034678722254,7307.37207
3983,501.722,1.0811867844929453,7305.872559
3984,501.848,1.0114347478859453,7305.708496
3985,501.974,1.0707927210026038,7304.48291
3986,502.1,1.0328797002180605,7304.870117
3987,502.226,1.0431362136446247,7305.179688
3988,502.352,1.0568362137801879,7304.250488
3989,502.478,0.9822229008211939,7306.269531
3990,502.604,0.9821409797397789,7306.486328
3991,502.73,0.992102204295019,7305.139648
3992,502.856,0.9863237210923602,7309.653809
3993,502.982,0.9893544481434272,7303.555664
3994,503.108,1.0066718512265915,7306.105469
3995,503.234,0.9832982464989612,7306.095703
3996,503.36,0.9598356689421854,7304.087402
3997,503.486,0.994222669428503,7303.634766
3998,503.612,0.9536865977183302,7307.04248
3999,503.738,0.9606233396578641,7304.513184
4000,503.864,0.9303334548448972,7305.936035
4001,503.99,1.0177207529195178,7307.931152
4002,504.116,0.9770323566963238,7305.339355
4003,504.242,1.0306251626851497,7303.501953
4004,504.368,0.9937094198524474,7305.046387
4005,504.494,0.9909224318446407,7306.241699
4006,504.62,0.971901243687988,7306.963379
4007,504.746,0.9621067686322988,7303.974121
4008,504.872,0.9152964639312098,7306.00293
4009,504.998,0.8640031960546446,7304.259277
4010,505.124,0.8382698231148599,7305.911133
4011,505.25,0.8997497973493512,7307.197266
4012,505.376,0.8777516553581813,7308.852051
4013,505.502,0.8884729310158554,7310.81543
4014,505.628,0.8420844094430545,7301.500488
4015,505.754,0.889145350685477,7303.555664
4016,505.88,0.8554558889445872,7305.429199
4017,506.006,0.8144999749254848,7304.624512
4018,506.132,0.8537635260424625,7306.432129
4019,506.258,0.7805775866363766,7307.511719
4020,506.384,0.8354224492969362,7304.317383
4021,506.51,0.8684149169806055,7304.007813
4022,506.636,0.8940490156209704,7304.394531
4023,506.762,0.9031437806818113,7307.206543
4024,506.888,0.9054589895275728,7303.10498
4025,507.014,0.9012663832324924,7304.179199
4026,507.14,0.8560219891541158,7303.729492
4027,507.266,0.8398609862109042,7305.14502
4028,507.392,0.8280777302575667,7304.638672
4029,507.518,0.7977067478895631,7302.178711
4030,507.644,0.80560160362658,7302.83252
4031,507.77,0.8117815103429286,7303.363281
4032,507.896,0.8486109849280626,7304.349121
4033,508.022,0.8839862684032508,7307.507324
4034,508.148,0.8845230705673577,7304.280273
4035,508.274,0.8792931739140761,7306.911133
4036,508.4,0.9004501398288351,7304.23291
4037,508.526,0.8224480695022954,7303.953125
4038,508.652,0.8109325323165966,7304.865723
4039,508.778,0.8523388098246197,7303.461914
4040,508.904,0.8016582125371448,7307.250977
4041,509.03,0.8136988148652792,7305.660156
4042,509.156,0.8384934594283723,7305.657715
4043,509.282,0.8388769664937652,7303.42627
4044,509.408,0.8147588097565959,7309.879395
4045,509.534,0.7830355014084261,7303.31543
4046,509.66,0.8137485475682013,7308.145996
4047,509.786,0.8078791746143429,7306.333984
4048,509.912,0.8096059459712349,7303.235352
4049,510.038,0.8333908235214482,7303.729004
4050,510.163,0.8111988921184103,7303.692871
4051,510.289,0.8114573063882333,7303.012695
4052,510.416,0.7523248646669518,7304.513672
4053,510.542,0.7387123922507005,7302.695313
4054,510.668,0.6908773241069045,7303.734863
4055,510.794,0.6614774439743213,7307.888184
4056,510.92,0.6611740423017604,7304.169434
4057,511.046,0.6694860725303055,7305.831543
4058,511.172,0.6715325483112076,7303.195313
4059,511.298,0.7169081910401625,7306.593262
4060,511.424,0.682884023961307,7305.708008
4061,511.549,0.7119885396706198,7302.846191
4062,511.675,0.7295396757855196,7306.695313
4063,511.802,0.7344213584026613,7305.07373
4064,511.928,0.7390018800567294,7303.95166
4065,512.054,0.7728066412222104,7303.615234
4066,512.18,0.7676750972748055,7306.442383
4067,512.305,0.7509770434063018,7303.391602
4068,512.432,0.7248826311399279,7300.402832
4069,512.558,0.7395627597355189,7304.12207
4070,512.683,0.6985214965777355,7304.993652
4071,512.81,0.7201411532110338,7308.45459
4072,513.0,0.6942824476537188,7307.804199
4073,513.061,0.705242163223476,7302.218262
4074,513.187,0.6808238415257073,7302.449219
4075,513.313,0.658754646079665,7304.683105
4076,513.439,0.6580427078446796,7302.149414
4077,513.566,0.6687682463884661,7308.476074
4078,513.691,0.6846372705135255,7304.040527
4079,513.817,0.6985602374437858,7304.20459
4080,513.943,0.7111105891861632,7302.048828
4081,514.069,0.6960136450990421,7303.278809
4082,514.195,0.7006119252048764,7299.786621
4083,514.321,0.6649034626947177,7302.522461
4084,514.447,0.6667750199664678,7304.731934
4085,514.573,0.6622148764800183,7302.583496
4086,514.699,0.658216117288416,7303.255859
4087,514.825,0.6930903137412804,7303.450195
4088,514.951,0.7025644652755723,7301.351074
4089,515.077,0.714982252247306,7303.187012
4090,515.204,0.7122290125862302,7304.540527
4091,515.329,0.7010424900224945,7302.193848
4092,515.455,0.6940524105920772,7304.714355
4093,515.581,0.6882629622675491,7303.40332
4094,515.707,0.6737914449440208,7302.630859
4095,515.833,0.6420923197398886,7304.175781
4096,515.959,0.6174466095762771,7304.644531
4097,516.085,0.5806755209138766,7304.337891
4098,516.233,0.5656129265583891,7304.906738
4099,516.337,0.5401889877804404,7304.260742
4100,516.463,0.538860317597926,7302.696289
4101,516.59,0.5491985613431349,7305.179688
4102,516.715,0.58644862874891,7302.223145
4103,516.841,0.6148111410045353,7302.431641
4104,516.967,0.6241799591385623,7305.905762
4105,517.094,0.6325462454671648,7301.86084
4106,517.219,0.5980053708434134,7305.005859
4107,517.345,0.5879543049167676,7302.446777
4108,517.471,0.5477885819103171,7303.128906
4109,517.597,0.5457520701975269,7305.152832
4110,517.723,0.5232111834556442,7300.331055
4111,517.849,0.5272066163364925,7302.921875
4112,517.975,0.5152964789617551,7304.17334
4113,518.101,0.5300752638306406,7304.900391
4114,518.227,0.5409891249069135,7303.637695
4115,518.353,0.5697284325873345,7305.636719
4116,518.479,0.563214435628117,7302.845703
4117,518.605,0.5547340215162682,7303.616699
4118,518.753,0.5438296357742709,7301.467285
4119,518.857,0.5173245937148603,7302.237305
4120,518.983,0.4980753294984791,7304.536133
4121,519.109,0.47050266646113564,7297.291992
4122,519.235,0.4815254346677995,7301.776367
4123,519.361,0.5004719330579701,7303.366699
4124,519.487,0.5372381959051087,7301.946289
4125,519.613,0.5344807656689985,7299.570801
4126,519.739,0.540051174569591,7297.449219
4127,519.865,0.5262001964000284,7302.726074
4128,519.991,0.5322656704755726,7302.094238
4129,520.117,0.5151091726228527,7301.438965
4130,520.243,0.5338898651438574,7304.504395
4131,520.369,0.5446594959547149,7300.577148
4132,520.495,0.5295698406362386,7299.186035
4133,520.621,0.55568037286833,7301.146484
4134,520.747,0.532679899289078,7301.05127
4135,520.873,0.5568740006858565,7302.808105
4136,520.999,0.5558845135983108,7299.862793
4137,521.125,0.5750723769276832,7304.078613
4138,521.251,0.5637859807538833,7302.144531
4139,521.377,0.5741924112568096,7301.838379
4140,521.503,0.534584534726056,7299.760742
4141,521.629,0.5108097366164882,7299.723145
4142,521.755,0.4745924696899982,7299.014648
4143,521.881,0.44795910364931024,7300.217285
4144,522.007,0.4148084246410876,7300.719727
4145,522.133,0.40007167115656167,7300.046875
4146,522.259,0.3848473606899571,7300.131348
4147,522.385,0.42967816564567496,7306.516113
4148,522.511,0.4361719681676202,7302.663574
4149,522.637,0.4661944501088134,7302.246582
4150,522.763,0.4568125964529281,7301.468262
4151,522.889,0.4546006882661621,7301.247559
4152,523.015,0.43735447151540136,7300.180664
4153,523.141,0.40938925001163595,7302.230957
4154,523.267,0.4145375511813865,7301.937012
4155,523.393,0.40234411291180394,7301.526855
4156,523.519,0.38994280427535105,7299.972656
4157,523.645,0.39814028577172605,7301.535645
4158,523.771,0.40547799905977894,7300.745117
4159,523.897,0.4272726139790215,7299.995117
4160,524.023,0.42313805048752834,7302.305664
4161,524.149,0.4336449999927589,7297.088379
4162,524.275,0.4354611057704172,7302.398438
4163,524.401,0.42240754151513193,7303.578613
4164,524.527,0.4197093425831519,7301.365723
4165,524.653,0.40808637550089794,7301.520996
4166,524.779,0.42217946798409595,7301.374023
4167,524.905,0.41444118791323337,7303.387695
4168,525.031,0.41076466676857915,7300.456055
4169,525.157,0.42345770413052514,7298.624023
4170,525.283,0.4323669193762625,7301.357422
4171,525.409,0.4356237805928232,7300.206055
4172,525.535,0.42350835047944296,7302.14209
4173,525.661,0.42816708810118614,7298.484375
4174,525.787,0.42025904245528845,7301.169922
4175,525.913,0.3880439196217266,7301.42627
4176,526.039,0.3670645175925014,7301.104492
4177,526.165,0.33917944824528706,7300.014648
4178,526.291,0.31055150852014657,7299.693359
4179,526.417,0.2838904344711388,7304.337402
4180,526.542,0.2699606399708878,7301.939941
4181,526.668,0.27843899343366607,7300.57666
4182,526.795,0.2840176918456629,7299.772461
4183,526.921,0.29231250882830406,7299.719727
4184,527.046,0.32080696321794183,7299.022461
4185,527.173,0.315173999010277,7299.182129
4186,527.299,0.3321707827089196,7299.630371
4187,527.425,0.3354832310238106,7299.993652
4188,527.55,0.3297929914675039,7301.890625
4189,527.676,0.3229129772342974,7304.324707
4190,527.802,0.3095060066193899,7303.768066
4191,527.928,0.3034851375537695,7300.186035
4192,528.054,0.2954103406666234,7302.058105
4193,528.181,0.27252580934201626,7302.224609
4194,528.307,0.2735783099815785,7305.452148
4195,528.432,0.2695837404016527,7301.931152
4196,528.558,0.2739767716693304,7300.878418
4197,528.685,0.26696017673755407,7300.498047
4198,528.81,0.2568942919760455,7299.37207
4199,528.936,0.2640658018896122,7300.254883
4200,529.063,0.2697512729696635,7298.330078
4201,529.188,0.27843110069851257,7300.469238
4202,529.315,0.28261948003733894,7300.827148
4203,529.44,0.30673821338236884,7301.12207
4204,529.566,0.280656170231553,7297.962891
4205,529.692,0.24808126697639568,7298.493652
4206,529.818,0.20095404623080051,7302.224609
4207,529.944,0.14944124958900842,7300.716309
4208,530.071,0.12201029029714132,7298.867188
4209,530.196,0.11649758972891423,7302.391113
4210,530.323,0.13733070296982486,7300.355957
4211,530.449,0.17110860351220358,7299.578125
4212,530.574,0.20427129617402387,7300.04834
4213,530.7,0.23536076214295884,7300.028809
4214,530.827,0.24006709821852532,7301.252441
4215,530.952,0.22657191526146947,7299.76416
4216,531.078,0.23664748206485572,7300.067871
4217,531.204,0.22455152168250914,7299.070801
4218,531.33,0.2183381831834034,7298.679199
4219,531.456,0.18788933399245242,7301.788086
4220,531.582,0.18350739655074705,7301.608887
4221,531.708,0.18716270941523944,7297.740234
4222,531.834,0.1804328160160219,7296.977051
4223,531.96,0.1830894045149227,7299.353516
4224,532.086,0.19829011662531154,7296.701172
4225,532.212,0.22924108006664765,7297.749512
4226,532.338,0.241086605433892,7299.603027
4227,532.464,0.24053406337447894,7299.827637
4228,532.59,0.20009625721686783,7297.450684
4229,532.716,0.1791030225151773,7300.110352
4230,532.842,0.1269016805927484,7296.27002
4231,532.968,0.07290394051702737,7300.730469
4232,533.094,0.06778406398298509,7298.15332
4233,533.22,0.08250897148183695,7299.602051
4234,533.346,0.09621674094954094,7297.54834
4235,533.472,0.1422776529506363,7294.718262
4236,533.598,0.1759893839533379,7294.556152
4237,533.724,0.18849657522250657,7297.733398
4238,533.85,0.19728651891762922,7299.044434
4239,533.976,0.2061568661789941,7299.050781
4240,534.102,0.18533552946109527,7298.233887
4241,534.228,0.18495120341169569,7301.234375
4242,534.354,0.2003705493403891,7299.072754
4243,534.48,0.1916314100516442,7298.291504
4244,534.606,0.20331739820104022,7298.689941
4245,534.732,0.22230417843907843,7300.165039
4246,534.858,0.21020728047538484,7299.049316
4247,534.984,0.23262516594153465,7296.676758
4248,535.11,0.23228753872841026,7298.374023
4249,535.236,0.20148161890389452,7297.562012
4250,535.362,0.20141742997427883,7299.666016
4251,535.488,0.16206197357810195,7298.359375
4252,535.614,0.1038698907262572,7298.818848
4253,535.74,0.056284121276956804,7297.384766
4254,535.866,0.05311733350122226,7298.603027
4255,535.992,0.029834150891519244,7304.804199
4256,536.118,0.029016235354383062,7296.509277
4257,536.244,0.0810913408437045,7298.295898
4258,536.37,0.10707484353898111,7298.522949
4259,536.497,0.11626840396031261,7301.712891
4260,536.622,0.1327503339246462,7296.370605
4261,536.748,0.14084106773034413,7296.202148
4262,536.874,0.10957729361791205,7297.904785
4263,537.0,0.08968545579904237,7298.466309
4264,537.126,0.06000093274520957,7301.59668
4265,537.252,0.061887269070471866,7298.618652
4266,537.378,0.04460357096211007,7296.537598
4267,537.504,0.054832936783674895,7298.513184
4268,537.63,0.046801620675254056,7296.675293
4269,537.756,0.04014280661248146,7302.796875
4270,537.882,0.037984889365306286,7297.723633
4271,538.008,0.03365725729999868,7299.686035
4272,538.134,0.028763175774246693,7298.352539
4273,538.26,0.03183714256173738,7300.989258
4274,538.386,0.05116117882694576,7294.984863
4275,538.513,0.057715405395692636,7300.675781
4276,538.638,0.08077028301156403,7299.846191
4277,538.764,0.09210906076264472,7298.297852
4278,538.89,0.09854710314615721,7300.03418
4279,539.016,0.09331396995809928,7299.024902
4280,539.142,0.06947642341424519,7301.616699
4281,539.268,0.05269940977273238,7298.742676
4282,539.394,0.043564003915777354,7297.690918
4283,539.52,0.03366662896510201,7301.332031
4284,539.646,0.04636158378257482,7296.576172
4285,539.772,0.029350697796881348,7298.708496
4286,539.898,0.03555505388705889,7298.796387
4287,540.024,0.008459858265317123,7294.144043
4288,540.15,0.012233279466791046,7300.342773
4289,540.276,0.012763404550089296,7300.172852
4290,540.402,0.00047876547056694216,7298.512207
4291,540.528,-0.009636405540595364,7299.187988
4292,540.654,-0.004696672238571219,7296.271973
4293,540.78,-0.0010033339859654036,7297.79541
4294,540.905,-0.01706955459984586,7294.506348
4295,541.032,0.002442864428073531,7298.380371
4296,541.158,0.017106751755013954,7297.76709
4297,541.284,0.02571466731454751,7297.304199
4298,541.41,0.024472486312328855,7292.853516
4299,541.536,0.024382181207615115,7294.404785
4300,541.662,0.007854416977139338,7299.044434
4301,541.788,-0.021902486154795682,7300.754883
4302,541.914,-0.03643303292146726,7295.848145
4303,542.04,-0.04780286588187345,7302.278809
4304,542.166,-0.03435806689644816,7298.212891
4305,542.292,-0.02535083772369166,7297.798828
4306,542.418,-0.007645125701180716,7296.201172
4307,542.544,0.008164712727980108,7298.70166
4308,542.669,-0.02476333415905536,7298.045898
4309,542.796,-0.030525688060428453,7299.125
4310,542.921,-0.05132454221670192,7298.07959
4311,543.048,-0.04839421741041475,7296.604004
4312,543.173,-0.04274344794714749,7299.193359
4313,543.3,-0.004307550999312445,7297.519531
4314,543.425,0.01375196034403122,7298.040527
4315,543.552,0.041904556492089046,7297.724121
4316,543.678,0.024318077805545006,7303.043945
4317,543.804,-0.0002049502280664098,7298.586426
4318,543.929,-0.0334979538683545,7297.311523
4319,544.055,-0.08658374613907761,7299.54541
4320,544.181,-0.10137478062824574,7298.108398
4321,544.308,-0.11144568668728558,7294.192871
4322,544.433,-0.08793924777505308,7297.008789
4323,544.559,-0.06549367587739834,7298.20752
4324,544.685,-0.030129418722968527,7299.325684
4325,544.811,-0.009206766555349298,7300.410156
4326,544.937,0.005016837778427184,7291.240723
4327,545.063,0.007470132861184891,7297.215332
4328,545.189,0.002506242626470493,7298.432129
4329,545.315,-0.01706265428543495,7297.932617
4330,545.442,-0.04519557166533211,7297.17041
4331,545.568,-0.06690886781038312,7297.320313
4332,545.693,-0.06923731070592004,7296.421387
4333,545.819,-0.06706986121321074,7298.766113
4334,545.945,-0.05422685853114467,7300.723145
4335,546.071,-0.036019390631988356,7302.389648
4336,546.197,-0.013175141124431338,7300.396484
4337,546.323,-0.007197955729794659,7298.269043
4338,546.449,-0.013204161919253136,7299.645996
4339,546.575,-0.028352750845831318,7300.874023
4340,546.701,-0.05939732888698234,7291.419434
4341,546.827,-0.09139851716540484,7296.424805
4342,546.953,-0.1133731755722975,7296.416992
4343,547.079,-0.1424551549060532,7298.185547
4344,547.205,-0.1580135089413328,7293.745117
4345,547.331,-0.17912084193957262,7297.541992
4346,547.457,-0.18877877856338332,7297.817383
4347,547.583,-0.18766407789464257,7300.082031
4348,547.709,-0.18245983134455984,7297.100098
4349,547.835,-0.16439290289097364,7294.674316
4350,547.961,-0.13769445077376236,7298.183594
4351,548.087,-0.11201888370914419,7297.367676
4352,548.213,-0.0870242313654606,7295.724609
4353,548.339,-0.07590035552213947,7296.453613
4354,548.465,-0.06862034431995623,7294.496582
4355,548.591,-0.0638060073997902,7296.706055
4356,548.717,-0.08285077410821116,7296.70459
4357,548.843,-0.09834219470285854,7299.889648
4358,548.969,-0.1215541201260757,7299.487305
4359,549.095,-0.13964104426837282,7295.161133
4360,549.221,-0.1578196211760568,7296.706055
4361,549.347,-0.15928219140437713,7294.032715
4362,549.473,-0.15923444176312268,7299.185547
4363,549.599,-0.15288659649570163,7296.500488
4364,549.725,-0.12844718852421003,7301.221191
4365,549.851,-0.1107081935072207,7298.065918
4366,549.977,-0.09260932636279214,7294.358887
4367,550.103,-0.06117275886465012,7300.477539
4368,550.229,-0.04946795886168049,7298.137207
4369,550.355,-0.03329780177736408,7298.737793
4370,550.481,-0.037015914560548355,7295.563965
4371,550.607,-0.04445629090034028,7298.046875
4372,550.733,-0.061953662173652696,7293.844727
4373,550.859,-0.08085709535950199,7295.851563
4374,550.985,-0.10210429472810652,7296.756348
4375,551.111,-0.1141239104246412,7297.959473
4376,551.237,-0.1239187262554603,7297.874512
4377,551.363,-0.12195662123653002,7304.935547
4378,551.489,-0.12994720970669515,7296.898926
4379,551.615,-0.1248502304738369,7295.13916
4380,551.741,-0.1292798560267337,7294.405273
4381,551.867,-0.12881648725063116,7296.132813
4382,551.993,-0.12511719605250526,7300.382813
4383,552.119,-0.11984411305991531,7296.342773
4384,552.245,-0.12005420166356287,7295.733887
4385,552.371,-0.10675479472944424,7294.168457
4386,552.497,-0.12094114690476096,7295.63916
4387,552.623,-0.13298056521519627,7299.086426
4388,552.749,-0.15777996151690904,7296.480469
4389,552.875,-0.1736087417703854,7294.53418
4390,553.001,-0.18372205713272682,7298.869629
4391,553.127,-0.18595129649324016,7292.080566
4392,553.253,-0.17037444415743197,7296.218262
4393,553.379,-0.1589990828784857,7298.606445
4394,553.505,-0.14227413030135688,7297.966797
4395,553.631,-0.137624347901061,7292.640625
4396,553.757,-0.13840135874923787,7297.830078
4397,553.883,-0.15256262152960776,7297.345703
4398,554.009,-0.1683812527563452,7296.818359
4399,554.135,-0.1839673736690191,7297.576172
4400,554.261,-0.2108401074731258,7295.461426
4401,554.387,-0.23310015019054514,7295.949707
4402,554.513,-0.23262819589809325,7297.066406
4403,554.639,-0.22598156937235098,7300.392578
4404,554.765,-0.20141879896804069,7298.906738
4405,554.891,-0.17848873046511607,7293.316406
4406,555.017,-0.1375878490713785,7295.139648
4407,555.143,-0.12073013177671993,7296.149902
4408,555.269,-0.11675566977043206,7295.38623
4409,555.395,-0.12441122560513279,7301.462891
4410,555.521,-0.13774528949948234,7289.182129
4411,555.647,-0.157223450154276,7297.012207
4412,555.773,-0.16443519910140517,7296.47998
4413,555.899,-0.16213597479781416,7294.360352
4414,556.025,-0.15973039858914984,7295.555176
4415,556.151,-0.14844385183496897,7293.402344
4416,556.276,-0.1324719651464319,7295.11377
4417,556.403,-0.12697260066340654,7294.220215
4418,556.529,-0.1234352809377669,7294.380371
4419,556.655,-0.1262465813824459,7293.362305
4420,556.781,-0.13223096452689703,7299.498047
4421,556.907,-0.14615621138159252,7297.099121
4422,557.033,-0.1420403645286654,7296.12207
4423,557.158,-0.13338356721846015,7301.72168
4424,557.285,-0.12026303815128929,7296.838379
4425,557.411,-0.09894782992658806,7298.241699
4426,557.537,-0.08656668798982269,7296.647949
4427,557.663,-0.08060814576570623,7295.825195
4428,557.788,-0.0778422191010317,7299.188965
4429,557.929,-0.08532170764437824,7299.327637
4430,558.041,-0.08463235607345075,7297.981934
4431,558.166,-0.08858327259440107,7297.790527
4432,558.292,-0.08856344903097572,7294.437988
4433,558.419,-0.08805932073450246,7297.621582
4434,558.545,-0.11000033074795099,7298.772461
4435,558.67,-0.133117779706151,7297.350586
4436,558.796,-0.15391568321621937,7298.126465
4437,558.923,-0.17510789254134443,7299.902832
4438,559.048,-0.17762259632148916,7296.087891
4439,559.174,-0.16766595219639185,7294.371582
4440,559.3,-0.14976628983042892,7296.759277
4441,559.426,-0.13756481656508185,7294.648438
4442,559.553,-0.1289371123776068,7297.971191
4443,559.678,-0.13744276531934635,7297.482422
4444,559.805,-0.15127981288578213,7296.626465
4445,559.93,-0.15893729921026317,7297.120605
4446,560.057,-0.1564801715558185,7296.073242
4447,560.183,-0.1591586070128021,7297.097168
4448,560.308,-0.16018134732884629,7294.841797
4449,560.434,-0.1660022967308278,7293.529297
4450,560.56,-0.1804446087014214,7296.62207
4451,560.686,-0.2061991257003743,7294.930664
4452,560.812,-0.2297387069407517,7295.654785
4453,560.938,-0.2408520214602739,7294.926758
4454,561.064,-0.23654111765197056,7295.335938
4455,561.19,-0.21766198461933425,7298.208008
4456,561.316,-0.18677268575783143,7297.983398
4457,561.442,-0.15855346002349768,7295.820801
4458,561.568,-0.1439039180201697,7294.060059
4459,561.694,-0.13748066427821182,7296.626953
4460,561.82,-0.14334339047227798,7297.574219
4461,561.946,-0.1603745333890996,7295.118652
4462,562.072,-0.17639445207981835,7297.795898
4463,562.198,-0.18374459144657843,7296.068359
4464,562.324,-0.19098291631598752,7295.255859
4465,562.45,-0.18896357921344437,7296.137207
4466,562.576,-0.19141880388767804,7299.164063
4467,562.702,-0.1985101666675718,7299.577148
4468,562.828,-0.1986304570694118,7297.632324
4469,562.954,-0.2020399420801258,7295.564453
4470,563.08,-0.1960021206171465,7296.708496
4471,563.206,-0.18501782437471478,7297.0
4472,563.332,-0.17052732240628873,7291.117188
4473,563.458,-0.16480809963766932,7294.982422
4474,563.584,-0.1607281479640058,7296.318359
4475,563.71,-0.1642412681694992,7297.433105
4476,563.836,-0.1663005733922394,7296.199219
4477,563.963,-0.17449315960169998,7296.406738
4478,564.088,-0.1661923135552344,7294.700684
4479,564.214,-0.16291992060046512,7296.236816
4480,564.34,-0.16018350339650722,7295.12207
4481,564.466,-0.15777590847543327,7295.118652
4482,564.592,-0.1648256674712416,7297.01709
4483,564.718,-0.17684160571158622,7295.590332
4484,564.844,-0.19386013811726732,7296.056641
4485,564.97,-0.2017634697980806,7293.798828
4486,565.096,-0.20335988502392077,7294.219238
4487,565.222,-0.1975875739776405,7295.967285
4488,565.348,-0.18474126129128451,7294.446289
4489,565.474,-0.16314727523219397,7292.685547
4490,565.6,-0.14394556607778655,7292.709961
4491,565.726,-0.13314642095818557,7293.039063
4492,565.852,-0.12699569959902346,7297.661133
4493,565.978,-0.13362544304406268,7295.70166
4494,566.104,-0.14417550367102028,7291.689941
4495,566.23,-0.15478204299551296,7295.614258
4496,566.356,-0.16201846340354012,7295.1875
4497,566.482,-0.17209584537443645,7293.834961
4498,566.608,-0.17894052759578266,7293.889648
4499,566.734,-0.1907282259985103,7293.550293
4500,566.86,-0.20683484065354715,7294.933594
4501,566.986,-0.22524725811917118,7287.560059
4502,567.112,-0.23534593538492551,7296.59375
4503,567.238,-0.23739188068356076,7293.366699
4504,567.364,-0.2318299156318367,7293.558594
4505,567.49,-0.21370066837783971,7294.504883
4506,567.616,-0.19572787894824845,7289.38623
4507,567.742,-0.17677446398718583,7295.317871
4508,567.868,-0.18853080236278744,7294.311523
4509,567.994,-0.2304443646790039,7295.202637
4510,568.12,-0.258494368433832,7293.917969
4511,568.246,-0.301930103823847,7293.53125
4512,568.372,-0.2874399093457759,7292.286621
4513,568.498,-0.26953933932263974,7292.864746
4514,568.624,-0.2440082910068642,7292.723633
4515,568.75,-0.23306441009319653,7291.757813
4516,568.876,-0.2334602603015935,7290.970215
4517,569.002,-0.24214226438939532,7297.682129
4518,569.128,-0.2509156385057187,7292.945313
4519,569.254,-0.2624523923173464,7292.565918
4520,569.38,-0.2691540682300787,7292.349609
4521,569.506,-0.26779222986440293,7296.764648
4522,569.632,-0.2626646190803976,7294.152344
4523,569.758,-0.25845292229959665,7294.367188
4524,569.884,-0.25380661307117225,7290.754883
4525,570.01,-0.2488686984838781,7293.197266
4526,570.136,-0.2426591115962976,7295.864746
4527,570.262,-0.23044752775332336,7295.201172
4528,570.388,-0.21595969995622108,7292.388184
4529,570.514,-0.2047913962580826,7292.269531
4530,570.64,-0.2023789002889416,7294.669922
4531,570.766,-0.21556823567660172,7290.47168
4532,570.892,-0.24418529317926146,7290.674316
4533,571.018,-0.27380349418944333,7292.945801
4534,571.144,-0.30062095162643293,7289.702148
4535,571.269,-0.3110157321563791,7288.341309
4536,571.396,-0.3030619049643369,7293.336426
4537,571.522,-0.2829171059163404,7297.026367
4538,571.648,-0.25833838448114615,7293.17627
4539,571.774,-0.22861673821978548,7295.15918
4540,571.9,-0.2117935750316929,7292.580078
4541,572.026,-0.19991999146651385,7294.118164
4542,572.152,-0.1874044633046118,7291.554688
4543,572.278,-0.1800140711837708,7292.255371
4544,572.404,-0.17831107091684503,7294.80957
4545,572.529,-0.17536310608487402,7291.685059
4546,572.656,-0.177590221595191,7294.11377
4547,572.782,-0.18173991634422168,7295.870605
4548,572.908,-0.17856450748741642,7292.114746
4549,573.034,-0.18292269028750113,7290.530273
4550,573.16,-0.1858640557772257,7292.841309
4551,573.286,-0.19396346220828797,7296.542969
4552,573.412,-0.20622567630283045,7289.817871
4553,573.538,-0.23290758731359895,7293.670898
4554,573.664,-0.25769774216660635,7292.271973
4555,573.79,-0.2815693931739836,7294.125977
4556,573.916,-0.2945641386227368,7293.105957
4557,574.041,-0.29810020574898544,7295.39209
4558,574.168,-0.285054726107423,7293.52832
4559,574.293,-0.2696489892701658,7292.810059
4560,574.42,-0.2602564920345128,7297.212402
4561,574.546,-0.25432122495634957,7297.371582
4562,574.672,-0.25784696444720956,7293.976074
4563,574.798,-0.2658309034050319,7293.916504
4564,574.923,-0.2735653707249425,7292.080566
4565,575.05,-0.2706688405607617,7295.789551
4566,575.175,-0.2643582250991511,7295.942383
4567,575.302,-0.24756447277308577,7294.481445
4568,575.428,-0.22706458755581524,7293.224609
4569,575.553,-0.20352181555986787,7294.256348
4570,575.679,-0.1805400605959209,7294.044922
4571,575.806,-0.16297771911718703,7291.544922
4572,575.932,-0.14749862182119639,7290.632813
4573,576.057,-0.14125556547924703,7290.72168
4574,576.184,-0.1448106476078841,7293.5
4575,576.309,-0.15594411223123641,7294.509766
4576,576.435,-0.17460964783272218,7292.300781
4577,576.561,-0.18677641544867213,7295.341797
4578,576.687,-0.19672843155988937,7293.306152
4579,576.813,-0.19990145604945134,7295.87207
4580,576.939,-0.19275328058554222,7297.052246
4581,577.065,-0.1916441718801964,7296.626953
4582,577.191,-0.18604737146961509,7290.120117
4583,577.318,-0.1880851750512557,7293.556641
4584,577.443,-0.19667182004059053,7294.313477
4585,577.569,-0.20834442325118693,7291.501465
4586,577.695,-0.21861908817904255,7292.404297
4587,577.821,-0.22548112452066416,7293.227539
4588,577.947,-0.22699796891844382,7291.634277
4589,578.073,-0.22405043088719792,7292.39502
4590,578.199,-0.21228368029837769,7293.269531
4591,578.325,-0.20300347110967795,7291.685059
4592,578.451,-0.1944753613579942,7296.577148
4593,578.577,-0.18761690303158096,7291.027832
4594,578.703,-0.18392378840152862,7291.891602
4595,578.829,-0.18183528338175425,7291.945313
4596,578.956,-0.18893442908518546,7291.453125
4597,579.081,-0.1997488382240236,7289.100098
4598,579.207,-0.2172460206826934,7291.891602
4599,579.333,-0.23820251613712662,7293.094727
4600,579.459,-0.25148674412520733,7292.411621
4601,579.585,-0.26082332326048324,7293.722656
4602,579.711,-0.25506373220016565,7291.619141
4603,579.837,-0.25111633020727736,7291.63916
4604,579.963,-0.24256319788544814,7292.895996
4605,580.089,-0.23865337606755477,7293.018555
4606,580.215,-0.24442034035302743,7293.09082
4607,580.341,-0.26138433142406736,7289.640625
4608,580.467,-0.27306486451196904,7293.0625
4609,580.593,-0.2847651306815033,7291.475098
4610,580.719,-0.28186522566493905,7289.848633
4611,580.845,-0.2712804136965834,7294.092773
4612,580.971,-0.25841261655366,7287.255859
4613,581.097,-0.24724454889545378,7291.112305
4614,581.223,-0.24318665260930908,7291.005859
4615,581.349,-0.24339873030776776,7292.400391
4616,581.475,-0.24742219699829904,7288.580078
4617,581.601,-0.25119445862062884,7289.507324
4618,581.727,-0.24547536712444099,7290.943359
4619,581.853,-0.23238699692959458,7290.750977
4620,581.979,-0.2155800493772201,7289.729004
4621,582.105,-0.2026071356718831,7291.77832
4622,582.231,-0.19860124768641094,7291.19873
4623,582.357,-0.20103035807028924,7289.408691
4624,582.483,-0.2124534652208508,7291.5625
4625,582.609,-0.22331958642367236,7290.513184
4626,582.735,-0.23319650468686504,7286.897461
4627,582.861,-0.2393318515128609,7289.66748
4628,582.987,-0.24351209493337372,7289.966309
4629,583.113,-0.2545168284885399,7293.760742
4630,583.239,-0.2748277685279191,7291.677734
4631,583.365,-0.2939346807334373,7290.901855
4632,583.491,-0.3089747376303215,7292.833984
4633,583.617,-0.31478161148073414,7292.530273
4634,583.743,-0.3067304443496476,7292.233887
4635,583.869,-0.28494958149580024,7289.834961
4636,583.995,-0.25909779105218533,7289.818848
4637,584.121,-0.22801221205121097,7290.669922
4638,584.247,-0.20712691002555073,7290.10791
4639,584.373,-0.20378886318559777,7289.527344
4640,584.499,-0.21314193129058764,7287.496094
4641,584.625,-0.23857842542401775,7291.240723
4642,584.751,-0.2738758257510036,7288.998535
4643,584.877,-0.3073173686065521,7289.029785
4644,585.003,-0.3311711447819223,7291.259766
4645,585.129,-0.3487765067072815,7288.086426
4646,585.255,-0.3489200827677697,7292.245117
4647,585.381,-0.3386700689451968,7290.026855
4648,585.507,-0.32694173950952804,7288.859863
4649,585.633,-0.31293378800366883,7289.774902
4650,585.759,-0.30438611403513754,7293.861816
4651,585.885,-0.2979999972394268,7295.20459
4652,586.011,-0.29997694169753614,7287.415039
4653,586.137,-0.30384035533891757,7288.915039
4654,586.263,-0.3054228447951609,7290.720215
4655,586.389,-0.3139260881396633,7294.728027
4656,586.515,-0.31471292971416887,7292.027344
4657,586.641,-0.3123152176637084,7288.15918
4658,586.767,-0.3041405731342314,7288.664063
4659,586.893,-0.28617986966858144,7287.61377
4660,587.019,-0.2701482072177052,7285.987793
4661,587.145,-0.25872370158725805,7293.149414
4662,587.271,-0.25816499246006536,7290.75
4663,587.481,-0.27343016442658996,7290.555176
4664,587.53,-0.29203775376567503,7292.421875
4665,587.649,-0.3172478790912755,7289.644531
4666,587.775,-0.33343926579948924,7287.748047
4667,587.901,-0.3406219804646891,7292.282715
4668,588.027,-0.3375218360734921,7289.658691
4669,588.153,-0.333985710507047,7292.23291
4670,588.279,-0.3269300121940387,7287.650879
4671,588.405,-0.3275742313108117,7289.273438
4672,588.531,-0.3257524998735009,7288.742188
4673,588.656,-0.3254834526639247,7291.575195
4674,588.782,-0.3180516386260034,7290.42627
4675,588.909,-0.30067949771463326,7284.841797
4676,589.035,-0.2751387431412386,7288.049316
4677,589.161,-0.2486466711041585,7288.384766
4678,589.287,-0.22953925626160387,7291.079102
4679,589.412,-0.22152063181266204,7292.919434
4680,589.538,-0.22914001287618035,7286.39209
4681,589.665,-0.23780295255605816,7291.497559
4682,589.791,-0.2472635020820591,7290.78125
4683,589.916,-0.25070316080097504,7288.689941
4684,590.043,-0.24321047174624874,7286.108398
4685,590.168,-0.23487890732691022,7291.250977
4686,590.295,-0.2228608106284423,7288.556152
4687,590.42,-0.22474322840355346,7289.085938
4688,590.547,-0.24812303035833613,7290.749512
4689,590.672,-0.2596882490179576,7284.18457
4690,590.798,-0.2810309073957037,7288.634766
4691,590.924,-0.2566022096414593,7289.999512
4692,591.05,-0.23032446132557233,7285.828125
4693,591.176,-0.20911939207701807,7289.444336
4694,591.303,-0.18869341435423892,7284.950684
4695,591.428,-0.19761720228554497,7287.143066
4696,591.554,-0.21724158855878337,7289.022461
4697,591.68,-0.24131829754468528,7287.962402
4698,591.807,-0.26639706592668444,7292.804688
4699,591.932,-0.2862224875717758,7292.125
4700,592.058,-0.2934647390375427,7290.446777
4701,592.185,-0.29203293668189356,7289.60498
4702,592.31,-0.2848229785216018,7285.669922
4703,592.436,-0.2698387122777819,7291.597168
4704,592.562,-0.2652094218889298,7289.37207
4705,592.688,-0.26033105446423055,7287.441895
4706,592.814,-0.2627742448236072,7287.797852
4707,592.94,-0.2669092000575265,7288.563477
4708,593.066,-0.2751463276094043,7284.421875
4709,593.192,-0.2769898557326393,7285.772461
4710,593.318,-0.27857348660594233,7288.415039
4711,593.444,-0.2693831401266553,7290.249512
4712,593.57,-0.25373389921242095,7287.415039
4713,593.696,-0.23462094693302155,7286.514648
4714,593.822,-0.21758372761299266,7287.388672
4715,593.948,-0.20562163584433638,7288.466309
4716,594.074,-0.19500559635335213,7288.49707
4717,594.2,-0.19787835746760196,7288.885254
4718,594.326,-0.210194375016926,7288.968262
4719,594.452,-0.23442422158937193,7288.96875
4720,594.578,-0.2552929938229825,7286.640137
4721,594.704,-0.2811048598177563,7287.361816
4722,594.83,-0.29148234566237535,7290.448242
4723,594.956,-0.29230556600112484,7288.914551
4724,595.082,-0.27662129099088495,7290.027832
4725,595.208,-0.2500500687390782,7286.298828
4726,595.334,-0.2179774013962853,7291.740723
4727,595.46,-0.1925847765977778,7285.999512
4728,595.586,-0.17445579155243238,7287.689941
4729,595.712,-0.16831293901501154,7288.649414
4730,595.838,-0.1750816911002001,7288.916992
4731,595.964,-0.18722586191372054,7288.969238
4732,596.09,-0.20401924644358416,7286.749512
4733,596.216,-0.22030782943611454,7288.302246
4734,596.342,-0.23568005623340618,7288.197754
4735,596.468,-0.24892808322703103,7288.05957
4736,596.594,-0.2575972660259297,7286.744141
4737,596.72,-0.26219292222887197,7286.661621
4738,596.846,-0.25444254829155893,7287.641602
4739,596.972,-0.24284513921990736,7286.923828
4740,597.098,-0.24273817218334517,7281.759277
4741,597.224,-0.23958055716083612,7287.801758
4742,597.35,-0.24430807918499828,7288.833984
4743,597.476,-0.2389922349011877,7288.11377
4744,597.602,-0.23492293507692588,7286.680176
4745,597.728,-0.2260356503117811,7289.697754
4746,597.854,-0.21255361242093285,7287.612793
4747,597.98,-0.19269905091487047,7289.199219
4748,598.106,-0.1817696491815994,7283.53125
4749,598.232,-0.18713029254217495,7290.333984
4750,598.358,-0.18365834437768197,7286.972168
4751,598.484,-0.19769418260250304,7287.359863
4752,598.61,-0.2063578990576352,7286.463379
4753,598.736,-0.2105469558222475,7286.214355
4754,598.862,-0.20716611236614513,7290.434082
4755,598.988,-0.2026111988281425,7286.810059
4756,599.114,-0.1946255492847917,7287.390625
4757,599.24,-0.18671121732805465,7287.816406
4758,599.366,-0.18136447940384032,7287.45752
4759,599.492,-0.18073562565063647,7288.085449
4760,599.618,-0.18561592425984164,7289.059082
4761,599.744,-0.19903818595693235,7285.916016
4762,599.87,-0.213731198282217,7286.187012
4763,599.996,-0.21948528424803432,7289.393555
4764,600.122,-0.24261342480321982,7289.618652
4765,600.248,-0.2529979830153413,7287.302246
4766,600.374,-0.2402175482630834,7288.531738
4767,600.5,-0.21990221407711194,7292.382813
4768,600.626,-0.20238741306839822,7289.369629
4769,600.752,-0.18125640638163815,7287.941406
4770,600.878,-0.1661503704809073,7287.888672
4771,601.004,-0.16369065930489743,7290.578125
4772,601.13,-0.17195585955266698,7292.321289
4773,601.256,-0.19059691320197056,7289.401855
4774,601.382,-0.21210736029422125,7291.057617
4775,601.508,-0.2434757032458807,7290.318848
4776,601.634,-0.26486450135822315,7291.701172
4777,601.76,-0.2834427651617579,7283.505859
4778,601.886,-0.30160422412722904,7291.614258
4779,602.012,-0.30548899599413865,7289.414551
4780,602.138,-0.2994180865512829,7291.422363
4781,602.264,-0.2872731604462153,7288.51709
4782,602.39,-0.3073697236446661,7286.419434
4783,602.516,-0.2535315348480956,7288.837891
4784,602.642,-0.23793661626391643,7290.559082
4785,602.768,-0.22936841295952226,7287.591797
4786,602.894,-0.2158903485225077,7294.111816
4787,603.02,-0.2089674903770478,7290.198242
4788,603.146,-0.20788735660406293,7289.447266
4789,603.272,-0.21305563363542987,7290.199707
4790,603.397,-0.21918939419643974,7287.371094
4791,603.524,-0.22905294114057165,7288.970215
4792,603.65,-0.23295610823183185,7289.944336
4793,603.776,-0.23051346465415692,7289.564453
4794,603.902,-0.2275112667185023,7286.469727
4795,604.028,-0.21942535517425277,7287.975098
4796,604.154,-0.2090591869319201,7287.981445
4797,604.28,-0.20683452301174785,7285.71582
4798,604.405,-0.2081608696648786,7287.21582
4799,604.531,-0.20824718839422043,7287.21582
4800,604.658,-0.2081754864725483,7284.571289
4801,604.784,-0.20509405900350416,7285.749023
4802,604.91,-0.20199371862601112,7287.92041
4803,605.036,-0.20627041950758324,7286.964844
4804,605.162,-0.20670310803321348,7288.36377
4805,605.287,-0.2131159753343353,7285.916016
4806,605.414,-0.21889785029232714,7286.9375
4807,605.54,-0.22251825734698125,7288.436523
4808,605.666,-0.22712998135676865,7282.349121
4809,605.791,-0.22982646873326118,7289.46875
4810,605.918,-0.2331717035095793,7283.215332
4811,606.044,-0.23860391839096523,7285.244629
4812,606.17,-0.24588204673371497,7287.474121
4813,606.296,-0.24076576813049888,7287.48877
4814,606.422,-0.23249596056752858,7289.651855
4815,606.547,-0.215303199757176,7288.525879
4816,606.673,-0.1971929181134258,7286.02832
4817,606.799,-0.17812407949483813,7286.133789
4818,606.926,-0.16791129475005306,7292.758789
4819,607.052,-0.1675477786342015,7287.190918
4820,607.177,-0.17441723072640064,7286.171387
4821,607.304,-0.18149061490696003,7285.999023
4822,607.43,-0.19013470926017476,7286.775391
4823,607.555,-0.1923450918129566,7287.220215
4824,607.681,-0.18947617587442933,7290.366699
4825,607.807,-0.18398004874278176,7287.296387
4826,607.934,-0.1705196044036069,7283.947266
4827,608.059,-0.15955755416615486,7278.225098
4828,608.185,-0.14630811937278954,7285.287598
4829,608.311,-0.13712457319784602,7286.940918
4830,608.437,-0.12635582083962688,7288.388672
4831,608.563,-0.12320418523442427,7287.685547
4832,608.689,-0.12349034129541896,7279.738281
4833,608.815,-0.1335439249977029,7287.010254
4834,608.941,-0.14435229020189463,7286.190918
4835,609.067,-0.16321693990969566,7287.445313
4836,609.193,-0.17953087462087564,7285.942383
4837,609.319,-0.19415226524631693,7286.978027
4838,609.445,-0.2006719748509007,7286.138184
4839,609.571,-0.20234748636613112,7285.470215
4840,609.697,-0.19914604112438325,7287.561035
4841,609.823,-0.19874710579038932,7288.04834
4842,609.949,-0.19467092112096118,7285.119629
4843,610.075,-0.19526435297189482,7290.162598
4844,610.201,-0.20091605977513535,7287.91748
4845,610.327,-0.21349660999603928,7289.071289
4846,610.453,-0.22571506808834246,7289.359863
4847,610.58,-0.24756073079922133,7288.760254
4848,610.705,-0.26283500762080325,7286.804199
4849,610.831,-0.2810430305258192,7290.091797
4850,610.957,-0.2939824281601641,7286.028809
4851,611.083,-0.30257506690397784,7283.945313
4852,611.209,-0.2927148440920193,7286.083008
4853,611.335,-0.2906847703016313,7287.835449
4854,611.461,-0.2733305894373856,7289.251465
4855,611.587,-0.28631101363766953,7289.476563
4856,611.713,-0.2860009373127416,7289.264648
4857,611.839,-0.2846743732409954,7287.134766
4858,611.965,-0.2806799006271641,7286.660156
4859,612.091,-0.24887568271607932,7287.603516
4860,612.217,-0.2264280316154185,7286.227051
4861,612.343,-0.20386002290462044,7286.450684
4862,612.469,-0.19209640882610987,7287.915527
4863,612.595,-0.2026951007276907,7286.52832
4864,612.721,-0.21904244861600003,7287.339844
4865,612.847,-0.24031971530418966,7285.945313
4866,612.973,-0.2550063957313396,7287.547852
4867,613.1,-0.26499519279003003,7289.051758
4868,613.227,-0.258122039790618,7284.232422
4869,613.351,-0.24374710632175645,7287.720215
4870,613.477,-0.22608296336474212,7291.373535
4871,613.603,-0.20933052576484754,7287.44873
4872,613.729,-0.1941084000043442,7287.474609
4873,613.855,-0.19788349112043088,7291.01123
4874,613.981,-0.20622554463514667,7292.11377
4875,614.107,-0.2217069428962729,7286.036621
4876,614.233,-0.2326162798728137,7287.825195
4877,614.359,-0.2480477311712478,7285.552734
4878,614.485,-0.2496653344221276,7286.548828
4879,614.611,-0.24639849897202992,7286.782227
4880,614.737,-0.2319483370747911,7283.838867
4881,614.863,-0.21592346361520023,7287.251465
4882,614.989,-0.19478540337068692,7287.67041
4883,615.115,-0.17633625773484488,7286.48291
4884,615.241,-0.1716285948452054,7291.687988
4885,615.367,-0.18085658386419853,7284.573242
4886,615.493,-0.20377801379260269,7288.605469
4887,615.619,-0.24222928535074068,7285.611816
4888,615.745,-0.27925627140909043,7287.61377
4889,615.871,-0.3119572480427371,7289.454102
4890,615.997,-0.3303995436253499,7288.138184
4891,616.123,-0.3319255967561813,7284.966309
4892,616.249,-0.3137338307728265,7286.78418
4893,616.375,-0.2966927777234664,7289.253418
4894,616.501,-0.3080635103398076,7287.174316
4895,616.627,-0.2982576768578338,7288.112305
4896,616.753,-0.2979018403013317,7287.524414
4897,616.879,-0.26094245915810177,7288.928223
4898,617.005,-0.2194943483427725,7283.40625
4899,617.131,-0.1904685888151308,7289.971191
4900,617.257,-0.1817195813501087,7287.666016
4901,617.383,-0.21875861679139522,7286.726563
4902,617.509,-0.24752003810529655,7282.053223
4903,617.635,-0.2837879051783499,7289.680664
4904,617.764,-0.2894559351942062,7288.024902
4905,617.887,-0.2645457272946737,7288.11377
4906,618.013,-0.25302557677733695,7286.680176
4907,618.139,-0.24167256902699982,7284.083984
4908,618.265,-0.24402288124526036,7286.153809
4909,618.391,-0.2564296810135988,7287.834473
4910,618.517,-0.2716484256986567,7288.62207
4911,618.643,-0.28319782618150685,7286.808105
4912,618.769,-0.27989043427835286,7292.119141
4913,618.895,-0.26286332073399,7285.91748
4914,619.021,-0.2412021534848114,7285.999023
4915,619.147,-0.21531122653632873,7284.696289
4916,619.273,-0.1978479736302821,7288.178223
4917,619.399,-0.18579601532237394,7286.210938
4918,619.524,-0.18271667518421342,7285.250488
4919,619.651,-0.18933958902635772,7287.193848
4920,619.777,-0.19730114049123013,7285.136719
4921,619.903,-0.204667142557453,7288.272461
4922,620.029,-0.21723111443134405,7284.191406
4923,620.155,-0.2258973470881153,7285.584961
4924,620.281,-0.2293171545395386,7283.726074
4925,620.407,-0.22060480011187414,7288.368652
4926,620.533,-0.2075774882909975,7283.630859
4927,620.659,-0.19254043546640429,7285.664063
4928,620.784,-0.18177954249544184,7286.695313
4929,620.911,-0.17555188480929088,7286.775391
4930,621.036,-0.1851155976936221,7287.449707
4931,621.163,-0.2080600965459488,7285.567871
4932,621.289,-0.22892130817995984,7284.34668
4933,621.415,-0.25010771215995287,7285.106934
4934,621.54,-0.2547451989886589,7282.474121
4935,621.667,-0.25625162708363897,7283.170898
4936,621.793,-0.2526388536786826,7286.364746
4937,621.919,-0.24876716159846754,7289.342285
4938,622.045,-0.2439107485245409,7286.162598
4939,622.17,-0.24039670276414707,7287.714355
4940,622.296,-0.2356196815169288,7284.05127
4941,622.423,-0.23126926603220416,7284.807617
4942,622.548,-0.22983814334817126,7285.330566
4943,622.674,-0.22640413733047013,7285.305176
4944,622.8,-0.2325422842021,7282.266113
4945,622.927,-0.23964914572427384,7290.862305
4946,623.052,-0.24730762854121974,7285.425781
4947,623.178,-0.25210109404606046,7287.412598
4948,623.304,-0.2569904896886041,7284.445313
4949,623.43,-0.2617302755426617,7285.784668
4950,623.556,-0.26660553072193033,7281.576172
4951,623.682,-0.2702650671692492,7286.786133
4952,623.808,-0.2727521771068433,7287.081543
4953,623.934,-0.2668656880190802,7288.643555
4954,624.06,-0.25234802725335687,7290.775879
4955,624.186,-0.23223864247576118,7289.706055
4956,624.312,-0.21030472983125978,7286.35791
4957,624.438,-0.18965744481152583,7286.856445
4958,624.564,-0.17528632355082274,7289.727539
4959,624.69,-0.17301466603378865,7286.71875
4960,624.816,-0.1826945619387679,7285.135254
4961,624.942,-0.19714885825218834,7287.162598
4962,625.068,-0.2053955843397988,7287.772949
4963,625.194,-0.2083119336455324,7284.972168
4964,625.32,-0.20017327678435923,7288.897949
4965,625.446,-0.19006527135568804,7284.861816
4966,625.572,-0.18357988171550352,7285.583008
4967,625.698,-0.1794572866511917,7284.074707
4968,625.824,-0.18697330651152938,7289.699707
4969,625.95,-0.1964525008798952,7283.368164
4970,626.076,-0.2088998249415572,7283.742188
4971,626.202,-0.20867112761828757,7285.717773
4972,626.328,-0.20779772690373705,7283.051758
4973,626.455,-0.20576616911109843,7285.633789
4974,626.58,-0.2023544115138219,7286.685059
4975,626.706,-0.20475580254642645,7287.298828
4976,626.832,-0.21101774877414564,7285.440918
4977,626.958,-0.22094994769560009,7287.668945
4978,627.084,-0.2284722391964345,7290.010254
4979,627.21,-0.24117977580800756,7287.070801
4980,627.336,-0.24556549358682508,7286.329102
4981,627.462,-0.2491669243406992,7285.799316
4982,627.588,-0.2541940225025736,7284.776367
4983,627.714,-0.25288468535222147,7287.532227
4984,627.84,-0.2513681220436192,7280.894531
4985,627.966,-0.2394127530280931,7284.462402
4986,628.093,-0.22583082737741966,7284.560547
4987,628.218,-0.20446009686428607,7282.789063
4988,628.344,-0.18151065835732672,7286.171875
4989,628.47,-0.16350541371774802,7281.540527
4990,628.596,-0.15633400425292984,7285.720215
4991,628.722,-0.15837334103416015,7287.450195
4992,628.848,-0.17445090915451947,7289.408203
4993,628.974,-0.1979505231010451,7285.271484
4994,629.1,-0.21787049180003176,7286.594238
4995,629.226,-0.237005385901231,7284.463379
4996,629.352,-0.24925167411012994,7281.69873
4997,629.478,-0.2463899400594205,7290.813477
4998,629.604,-0.24120293041765622,7285.57959
4999,629.73,-0.23191301158635247,7287.107422
5000,629.856,-0.22126810293171884,7285.691406
5001,629.982,-0.21036539758309453,7288.160645
5002,630.108,-0.19841560377670067,7285.574707
5003,630.234,-0.18357420394666793,7291.074219
5004,630.36,-0.1717839264848533,7286.359375
5005,630.486,-0.1706417466309654,7286.105469
5006,630.612,-0.18065001299128725,7284.64502
5007,630.738,-0.2016443763213952,7283.412598
5008,630.864,-0.22602114361854056,7288.555176
5009,630.99,-0.24970291291564392,7288.830078
5010,631.116,-0.26362517513719635,7287.693359
5011,631.242,-0.26008038351007534,7286.920898
5012,631.368,-0.23781306290646148,7282.772949
5013,631.494,-0.2115242522627172,7285.241211
5014,631.62,-0.18661076843378416,7284.022461
5015,631.746,-0.16161247679247767,7283.721191
5016,631.872,-0.15245136359030378,7285.559082
5017,631.998,-0.15462560673379006,7282.493164
5018,632.124,-0.1604000382874905,7286.505859
5019,632.25,-0.17318013737636115,7286.863281
5020,632.376,-0.1815353512819706,7283.862793
5021,632.502,-0.19110016452612322,7282.090332
5022,632.628,-0.19674934115474327,7287.156738
5023,632.754,-0.20395901324894017,7282.94873
5024,632.88,-0.2046131388008669,7285.220703
5025,633.006,-0.1988250312801204,7284.696289
5026,633.132,-0.19205228606177643,7283.02002
5027,633.258,-0.17535850455174487,7285.990234
5028,633.384,-0.15637600014991615,7283.195801
5029,633.51,-0.1494249880636573,7283.499512
5030,633.636,-0.14470074387154078,7284.753418
5031,633.762,-0.15700036615870921,7283.250488
5032,633.888,-0.17423683959559186,7281.582031
5033,634.014,-0.19512201584125036,7280.98584
5034,634.14,-0.2097232125467471,7283.582031
5035,634.266,-0.21093883585205334,7284.606445
5036,634.392,-0.19756192056991928,7286.580078
5037,634.518,-0.17856701389037874,7284.43457
5038,634.644,-0.16126166388288013,7286.52002
5039,634.77,-0.1502849818491517,7284.217773
5040,634.896,-0.15917620898529913,7285.025391
5041,635.022,-0.1825036549687779,7282.971191
5042,635.148,-0.21501287197887184,7285.098633
5043,635.274,-0.24149887128199649,7283.461426
5044,635.399,-0.2563851689273816,7285.663086
5045,635.526,-0.2579927912669268,7284.801758
5046,635.652,-0.24184016343045456,7287.191895
5047,635.778,-0.21627267910801196,7282.259766
5048,635.903,-0.18661243206379394,7283.365234
5049,636.029,-0.15810646315425408,7280.868164
5050,636.155,-0.13127867828510562,7285.663574
5051,636.282,-0.11758940142879609,7281.766602
5052,636.408,-0.11522494748362608,7284.703613
5053,636.533,-0.12385765537600077,7285.421387
5054,636.659,-0.1405282839450827,7283.947754
5055,636.786,-0.1629307692378317,7283.582031
5056,636.912,-0.18684203003692837,7283.643555
5057,637.038,-0.2083812309444776,7285.395996
5058,637.163,-0.21921218104706336,7276.734863
5059,637.29,-0.21557485816787167,7283.664063
5060,637.416,-0.2000050240075145,7283.106445
5061,637.541,-0.17673875916509954,7284.338867
5062,637.668,-0.15288596309338826,7281.59375
5063,637.793,-0.13698466855191332,7286.786133
5064,637.919,-0.1349374403926885,7284.469727
5065,638.046,-0.1453249716969042,7284.056641
5066,638.172,-0.1621959105302905,7283.360352
5067,638.297,-0.1797062982694997,7285.191895
5068,638.423,-0.1925705424928417,7286.487793
5069,638.549,-0.19303191141856738,7286.67334
5070,638.675,-0.18764413041171923,7284.472168
5071,638.802,-0.17208939583380176,7285.638184
5072,638.928,-0.15563266061959458,7283.146973
5073,639.053,-0.14875593701877463,7281.824219
5074,639.179,-0.1497140461431506,7287.001465
5075,639.305,-0.16102527154092788,7283.943359
5076,639.431,-0.18066300614353045,7285.780273
5077,639.557,-0.19681854095542065,7285.661621
5078,639.684,-0.20619830221411792,7281.940918
5079,639.809,-0.2059158018339146,7285.854004
5080,639.935,-0.19284377537238578,7284.753418
5081,640.061,-0.17183505071471522,7286.500977
5082,640.187,-0.15356024483514963,7282.806152
5083,640.313,-0.135789723574041,7283.969238
5084,640.439,-0.13047269348871043,7278.064453
5085,640.565,-0.12990064065183415,7284.686523
5086,640.691,-0.13705061158173645,7282.943848
5087,640.818,-0.14717676148561298,7284.080566
5088,640.943,-0.15539797929694363,7286.229004
5089,641.069,-0.1542107645431342,7283.392578
5090,641.195,-0.1490200345376343,7279.005371
5091,641.321,-0.1397548867778313,7283.583496
5092,641.447,-0.12632549096513207,7285.051758
5093,641.573,-0.1209364643247437,7287.054688
5094,641.699,-0.12120365936523514,7284.34082
5095,641.825,-0.12952916989341726,7283.993652
5096,641.951,-0.1408925471961738,7280.102539
5097,642.077,-0.1547203365360487,7284.976563
5098,642.203,-0.16730613438088107,7284.580078
5099,642.329,-0.1787522110862428,7283.640137
5100,642.455,-0.18935727897461024,7282.457031
5101,642.581,-0.20110231335652776,7282.965332
5102,642.707,-0.20879196957460672,7282.772949
5103,642.833,-0.217890135533347,7282.913086
5104,642.973,-0.22143033660909975,7283.664063
5105,643.085,-0.21833555841392324,7284.802246
5106,643.211,-0.21277985139867894,7282.353516
5107,643.337,-0.20832557300113902,7284.450195
5108,643.463,-0.2069490494706147,7276.956055
5109,643.589,-0.2122607175672781,7281.08252
5110,643.715,-0.22069758963477706,7279.811523
5111,643.841,-0.22750342268722185,7277.318359
5112,643.967,-0.2283012156239446,7278.663086
5113,644.093,-0.22808201873646713,7279.995605
5114,644.219,-0.22023335159691923,7282.195313
5115,644.345,-0.21376040152678866,7277.535156
5116,644.471,-0.2084213202235959,7283.746582
5117,644.597,-0.20829350130272217,7282.378906
5118,644.723,-0.20471242249331265,7278.272949
5119,644.849,-0.20259960121176,7282.161621
5120,644.975,-0.1922665497165852,7281.67041
5121,645.101,-0.18164749750833067,7281.890137
5122,645.227,-0.17157707154084081,7280.331055
5123,645.354,-0.16936424398432304,7282.419434
5124,645.479,-0.1696418852455371,7280.119141
5125,645.605,-0.17974951057774516,7282.085938
5126,645.731,-0.18722613397172488,7281.557129
5127,645.857,-0.1886875460945791,7284.164551
5128,645.983,-0.18285120315416925,7283.858887
5129,646.109,-0.16953430080368712,7283.710938
5130,646.235,-0.15428997316528018,7285.36084
5131,646.361,-0.13858583152350315,7281.554199
5132,646.487,-0.1292854507499731,7282.084961
5133,646.613,-0.12277465904880411,7284.217773
5134,646.739,-0.11157432632005605,7283.733398
5135,646.865,-0.10723560958321011,7284.568359
5136,646.991,-0.10709878916412356,7282.728516
5137,647.117,-0.11697996340277501,7282.05957
5138,647.243,-0.1368797212844298,7282.026855
5139,647.369,-0.16078173836344423,7284.555664
5140,647.495,-0.1840878947014763,7282.480469
5141,647.621,-0.20379231671606185,7282.093262
5142,647.747,-0.20813354403015774,7283.80957
5143,647.873,-0.20860950821205643,7282.696289
5144,647.999,-0.20684986162967253,7282.919922
5145,648.125,-0.2096057263344875,7281.244141
5146,648.251,-0.22690267325588936,7285.479492
5147,648.377,-0.23724734740748452,7282.390137
5148,648.503,-0.25163632550370874,7280.27832
5149,648.629,-0.2506236250278032,7280.699707
5150,648.755,-0.24170131205255468,7282.615234
5151,648.886,-0.23096824071158079,7280.870117
5152,649.007,-0.2209214227578932,7283.167969
5153,649.133,-0.21653141149200367,7283.972168
5154,649.259,-0.21573806226330283,7280.830566
5155,649.385,-0.22083546706881513,7280.689941
5156,649.511,-0.2249693760722566,7282.086426
5157,649.637,-0.22703865624778688,7282.365723
5158,649.763,-0.224052677702392,7288.669922
5159,649.889,-0.21904397847358245,7282.526855
5160,650.015,-0.21317652892958958,7279.945313
5161,650.141,-0.20674479672332496,7279.912598
5162,650.267,-0.20745630309161245,7285.169922
5163,650.393,-0.20726052542771417,7284.700684
5164,650.519,-0.2125792702142151,7280.398438
5165,650.645,-0.2232854632558109,7282.224121
5166,650.77,-0.23455455061347805,7282.60498
5167,650.896,-0.24013781648994184,7284.838867
5168,651.023,-0.2378195608329544,7282.299316
5169,651.149,-0.22771849353409068,7277.617676
5170,651.274,-0.209620710711818,7281.313965
5171,651.401,-0.1932102282863037,7282.643066
5172,651.527,-0.17697605050614115,7278.040039
5173,651.653,-0.1730021662929163,7280.998535
5174,651.779,-0.17541295947524194,7285.148438
5175,651.905,-0.1760647439583788,7280.420898
5176,652.031,-0.1809064213754089,7281.416504
5177,652.157,-0.17914136002813263,7283.697754
5178,652.283,-0.17677225266585317,7283.03125
5179,652.408,-0.1686653480093478,7284.435547
5180,652.535,-0.16465048727686005,7282.838867
5181,652.66,-0.15624523253443695,7285.162598
5182,652.786,-0.15002965539180332,7283.885742
5183,652.913,-0.14311585151359785,7281.110352
5184,653.063,-0.13435512421007942,7281.14209
5185,653.165,-0.11999817262754096,7283.365234
5186,653.29,-0.10885190861326456,7283.726563
5187,653.417,-0.09767123630929546,7284.828613
5188,653.542,-0.09025523744695227,7286.36084
5189,653.668,-0.09371762232909968,7282.61377
5190,653.795,-0.10786865486090536,7285.178711
5191,653.921,-0.12895029513255368,7284.0
5192,654.046,-0.15685642048349577,7283.562988
5193,654.172,-0.19580323610896433,7285.554688
5194,654.298,-0.2136487111422596,7285.933594
5195,654.424,-0.23325453675041233,7283.212891
5196,654.55,-0.24664706777845974,7280.868164
5197,654.676,-0.24538134470327821,7284.280273
5198,654.802,-0.2442214909493993,7282.638184
5199,654.928,-0.2309037036628882,7284.57666
5200,655.054,-0.1980096076124689,7280.365234
5201,655.18,-0.1611997881669513,7286.935059
5202,655.306,-0.12906105679410226,7279.021973
5203,655.432,-0.08774818592406027,7283.106934
5204,655.558,-0.11768542236758779,7281.219238
5205,655.684,-0.14425402082954547,7281.280273
5206,655.81,-0.17510718807682815,7283.206543
5207,655.936,-0.20778905416636437,7284.63916
5208,656.062,-0.1905723282522163,7282.771484
5209,656.188,-0.1681035135689598,7281.866211
5210,656.314,-0.13204646234124512,7283.88916
5211,656.44,-0.12310035167827932,7284.467773
5212,656.566,-0.13794798119470542,7286.01123
5213,656.692,-0.14399016933551523,7282.036621
5214,656.818,-0.15840913210784544,7282.640625
5215,656.944,-0.15950706572137913,7283.555176
5216,657.07,-0.15910581719493946,7280.444336
5217,657.196,-0.1576615924244814,7279.681641
5218,657.322,-0.15377741689848248,7281.566406
5219,657.448,-0.15730208391612635,7281.449219
5220,657.574,-0.16559330616705814,7282.002441
5221,657.7,-0.17677685624388204,7285.194824
5222,657.826,-0.19283244913709896,7281.011719
5223,657.952,-0.2034568696451784,7279.326172
5224,658.078,-0.20801826427580908,7284.864746
5225,658.204,-0.20545584985628482,7282.314453
5226,658.33,-0.18929793618458127,7283.029785
5227,658.456,-0.16559559632214255,7281.584961
5228,658.582,-0.13992871315689318,7282.374512
5229,658.708,-0.12091848028984917,7281.448242
5230,658.834,-0.10362572755434087,7282.058105
5231,658.96,-0.10943998632076742,7281.306152
5232,659.086,-0.13155529123688495,7281.494141
5233,659.212,-0.15858290453977603,7279.803711
5234,659.338,-0.18529029281776332,7279.066895
5235,659.464,-0.20699897287134814,7278.738281
5236,659.59,-0.20518907046376572,7282.693848
5237,659.716,-0.18779237837161042,7283.481934
5238,659.842,-0.16984471423789646,7283.271973
5239,659.968,-0.14748809134998056,7278.901855
5240,660.094,-0.14131627644166656,7285.949707
5241,660.22,-0.14658794895989075,7281.277832
5242,660.346,-0.14652914896079514,7282.38623
5243,660.472,-0.15464828142864193,7285.669922
5244,660.598,-0.15390087129942667,7281.755371
5245,660.724,-0.13808753561142978,7283.875
5246,660.85,-0.13526734644201907,7282.120605
5247,660.976,-0.1304255393190458,7282.833496
5248,661.102,-0.1392658441467966,7282.665527
5249,661.228,-0.15558036669739558,7279.783691
5250,661.354,-0.16522549283806878,7277.629883
5251,661.48,-0.17329842371172258,7282.142578
5252,661.606,-0.17424250992691134,7281.969727
5253,661.732,-0.17139122081833147,7282.097168
5254,661.858,-0.15822795841936,7283.148926
5255,661.984,-0.14538665873348042,7281.259766
5256,662.11,-0.1398713657922098,7280.753906
5257,662.236,-0.1381062422443611,7282.472168
5258,662.362,-0.14296181126707388,7281.418945
5259,662.488,-0.1492785805867331,7282.941895
5260,662.614,-0.1644190553093466,7276.490723
5261,662.74,-0.1825720713711834,7278.658203
5262,662.866,-0.19200946769671046,7281.178711
5263,662.992,-0.2023949611704292,7281.533691
5264,663.118,-0.2017425398831423,7281.247559
5265,663.244,-0.20199897622574564,7281.258301
5266,663.37,-0.1905837508300547,7280.425293
5267,663.496,-0.1860952663773415,7283.168945
5268,663.622,-0.19079783921732676,7280.804199
5269,663.748,-0.1984699353662744,7280.835938
5270,663.874,-0.20670367495115355,7280.897949
5271,664.0,-0.22369397145374534,7282.662598
5272,664.126,-0.22628063321730096,7279.580566
5273,664.252,-0.22312662526226318,7279.168457
5274,664.378,-0.20767040460228317,7281.868164
5275,664.504,-0.18613789461641708,7279.697266
5276,664.63,-0.16360527952913947,7279.484863
5277,664.756,-0.1341194628482778,7279.00293
5278,664.882,-0.11265755728112051,7280.535645
5279,665.008,-0.09521931930720416,7280.197754
5280,665.134,-0.08772439686410023,7282.000977
5281,665.26,-0.09226894782989516,7283.213379
5282,665.386,-0.11342443177005716,7275.938965
5283,665.512,-0.14042410096066704,7282.641113
5284,665.638,-0.15876364291744907,7281.057617
5285,665.764,-0.16420433859455666,7280.924316
5286,665.89,-0.15289424534782428,7278.162109
5287,666.016,-0.13505985483876393,7278.449707
5288,666.142,-0.10513685221739492,7279.199707
5289,666.268,-0.0796371398640953,7282.052246
5290,666.394,-0.06263725342682158,7281.558105
5291,666.52,-0.057254334846435835,7280.038086
5292,666.646,-0.062459811351166315,7280.216797
5293,666.772,-0.08402533864987866,7284.052734
5294,666.897,-0.10973098679600196,7282.219727
5295,667.024,-0.13927792712127457,7281.30957
5296,667.149,-0.1571684740170298,7281.665527
5297,667.276,-0.1721114765423416,7285.779785
5298,667.402,-0.16719697995375557,7279.734375
5299,667.527,-0.16294699767391221,7279.892578
5300,667.654,-0.1501985589679926,7282.222168
5301,667.78,-0.1454065844165615,7279.48291
5302,667.906,-0.15075516139655212,7282.438965
5303,668.032,-0.15626720135944527,7284.546387
5304,668.157,-0.16068487701353307,7279.914551
5305,668.283,-0.16506791438368465,7283.139648
5306,668.409,-0.16030469046256524,7278.81543
5307,668.536,-0.14890138368897216,7279.94043
5308,668.662,-0.1328041746409481,7284.432617
5309,668.788,-0.10741688378289127,7279.730469
5310,668.914,-0.0843176921961417,7280.615234
5311,669.039,-0.07448705690857703,7279.5
5312,669.165,-0.0711850743630448,7279.661133
5313,669.291,-0.0734387298959533,7274.158691
5314,669.417,-0.08434004533256442,7279.613281
5315,669.543,-0.09680398934959686,7281.890137
5316,669.669,-0.09815665744279978,7280.001953
5317,669.795,-0.09096698970642904,7280.985352
5318,669.921,-0.08583702372139262,7285.952637
5319,670.047,-0.08774798464330691,7278.429688
5320,670.173,-0.08870827071789723,7282.994141
5321,670.299,-0.10370119174226539,7280.418457
5322,670.425,-0.11231738648696883,7284.695801
5323,670.551,-0.13424091884000425,7282.089355
5324,670.677,-0.14113401722633934,7279.338379
5325,670.803,-0.13045205962353373,7281.845703
5326,670.929,-0.1244180469844701,7279.058105
5327,671.055,-0.11104507374399467,7280.643555
5328,671.181,-0.08293765362801162,7281.333496
5329,671.307,-0.0760957541599143,7279.06543
5330,671.433,-0.06594236728114566,7282.702148
5331,671.559,-0.06347141526954811,7280.924316
5332,671.686,-0.06216187039956778,7280.033691
5333,671.811,-0.07773064347301638,7281.469727
5334,671.937,-0.0765756230277215,7282.456543
5335,672.063,-0.08742728708515349,7282.166504
5336,672.189,-0.08541403438684196,7277.755859
5337,672.315,-0.0844706543119934,7280.396484
5338,672.441,-0.09696242610909936,7282.308105
5339,672.567,-0.08450061298157345,7284.759277
5340,672.693,-0.07223071997847269,7278.784668
5341,672.819,-0.06644028887603629,7281.14502
5342,672.945,-0.08055185738160281,7280.169922
5343,673.071,-0.08207597422365091,7282.279785
5344,673.197,-0.08857686595873197,7278.469727
5345,673.323,-0.1093895672039301,7281.646973
5346,673.449,-0.11733599410965212,7280.619629
5347,673.575,-0.11075454200665819,7279.728027
5348,673.701,-0.08818217254254102,7279.20166
5349,673.828,-0.0822106458707708,7281.845703
5350,673.953,-0.04386912346517683,7279.086914
5351,674.079,-0.037431451490895926,7275.98584
5352,674.206,-0.030339754906039882,7279.560547
5353,674.331,-0.036618968260631136,7280.319336
5354,674.457,-0.053962552929964894,7278.538574
5355,674.583,-0.07144158358426025,7279.296875
5356,674.709,-0.0954015902443706,7280.922852
5357,674.835,-0.11955556321283214,7281.25293
5358,674.961,-0.13652179913274057,7278.144043
5359,675.087,-0.1485648728470007,7277.568359
5360,675.213,-0.15029188026569998,7279.124512
5361,675.339,-0.14246340635162016,7280.918457
5362,675.465,-0.1295461114563695,7281.334961
5363,675.591,-0.09933634866393286,7281.177734
5364,675.717,-0.09760384825275292,7278.438965
5365,675.843,-0.10291583800516793,7279.262207
5366,675.969,-0.12196125166685494,7283.533691
5367,676.095,-0.14886694382176666,7279.174805
5368,676.221,-0.17512828189653745,7281.589355
5369,676.347,-0.16469866154510243,7279.929688
5370,676.473,-0.16653687279732285,7284.925293
5371,676.599,-0.1482493206902798,7279.339355
5372,676.725,-0.13986690399142973,7280.277832
5373,676.851,-0.11082810639377397,7281.037109
5374,676.977,-0.08999355171775626,7281.012207
5375,677.103,-0.07527141443964497,7278.557617
5376,677.229,-0.06192964911593005,7278.439941
5377,677.355,-0.059341197479103415,7279.146484
5378,677.481,-0.04817174340990123,7276.626465
5379,677.607,-0.047360542349680075,7281.599609
5380,677.733,-0.04837934789418917,7283.435547
5381,677.859,-0.058738620036840376,7279.367188
5382,677.985,-0.05872735561916694,7280.946289
5383,678.111,-0.04909648250829878,7281.844238
5384,678.237,-0.036935751144372655,7280.071289
5385,678.363,-0.03650137750901061,7279.724121
5386,678.489,-0.02334545108019475,7282.397949
5387,678.615,-0.011856915621978584,7281.918945
5388,678.741,0.006823522741301455,7283.420898
5389,678.867,0.018781905414348894,7284.621582
5390,678.993,0.041578927509135756,7282.01416
5391,679.119,0.02977446072351741,7280.45166
5392,679.245,0.023357464169683487,7280.977051
5393,679.371,0.012800543227547659,7281.621094
5394,679.497,-0.004597324435557505,7278.662109
5395,679.623,-0.024310603714357525,7284.064941
5396,679.749,-0.018666116143423582,7280.085938
5397,679.875,-0.02945735556811973,7280.365234
5398,680.001,-0.01432252437643661,7279.905273
5399,680.127,-0.028238954857505993,7278.297363
5400,680.253,-0.029177624290483935,7278.179199
5401,680.379,-0.04269674591410319,7278.672852
5402,680.505,-0.05150122472910466,7279.224121
5403,680.631,-0.05202350563153338,7277.869141
5404,680.757,-0.049314529159005326,7279.010254
5405,680.883,-0.037975639652286536,7279.071777
5406,681.009,-0.028572203401814024,7280.279785
5407,681.135,-0.039444159165208624,7278.23291
5408,681.261,-0.05991044748209283,7276.847656
5409,681.387,-0.07987454585105132,7277.147949
5410,681.513,-0.10870141704645259,7277.145508
5411,681.639,-0.11576293225981266,7279.698242
5412,681.764,-0.11887848948844423,7278.091309
5413,681.891,-0.09547875013634773,7278.583496
5414,682.017,-0.07467428144920497,7278.445313
5415,682.142,-0.05292235882867517,7278.147461
5416,682.269,-0.04060272603041755,7280.200684
5417,682.395,-0.03773067454246165,7279.166504
5418,682.521,-0.033037600568940645,7278.947266
5419,682.647,-0.0328881413347797,7280.124512
5420,682.773,-0.02810843009097505,7279.538574
5421,682.899,-0.04720508752471532,7279.310059
5422,683.025,-0.05090138849592579,7279.228516
5423,683.15,-0.07792413636148972,7282.505371
5424,683.277,-0.09920513585197825,7279.037109
5425,683.403,-0.12967678060259735,7279.478516
5426,683.529,-0.1354489353477776,7280.641113
5427,683.655,-0.1220041362055598,7278.533691
5428,683.78,-0.09573162349710625,7276.427246
5429,683.906,-0.06888441984427189,7281.59375
5430,684.033,-0.05091276576816773,7277.646484
5431,684.159,-0.027582459569297703,7280.873047
5432,684.285,-0.031829006778009844,7282.950684
5433,684.411,-0.025737420671920537,7282.748535
5434,684.536,-0.02992395934192946,7278.729004
5435,684.663,-0.016233869404364828,7278.283691
5436,684.789,-0.013103023787835913,7275.095703
5437,684.914,0.0052801212877717895,7279.184082
5438,685.04,-0.0023569104151601856,7277.129883
5439,685.167,-0.018672196333287743,7278.064453
5440,685.292,-0.03322722544520158,7278.071289
5441,685.418,-0.05034622920196061,7278.928711
5442,685.545,-0.052635022442987504,7276.169922
5443,685.67,-0.04482262747906312,7279.811523
5444,685.796,-0.00965084173554523,7278.896484
5445,685.923,0.016030703350024576,7276.854492
5446,686.048,0.04919981145529389,7282.473145
5447,686.174,0.07486593293095223,7280.495117
5448,686.3,0.09928080023131575,7280.64209
5449,686.426,0.11659892296883946,7280.45459
5450,686.552,0.11991464854369205,7282.08252
5451,686.678,0.13901967074470056,7278.945313
5452,686.804,0.15513069696973505,7279.92041
5453,686.931,0.16436708266907937,7280.092773
5454,687.056,0.1647519015958541,7277.234863
5455,687.182,0.17979909001370445,7274.60498
5456,687.308,0.18535046088845208,7284.125
5457,687.434,0.1873146389388405,7279.591309
5458,687.561,0.18891957393892822,7279.730469
5459,687.686,0.19126485754621617,7280.675293
5460,687.812,0.19107634409838142,7280.952148
5461,687.938,0.19319455983314465,7279.071289
5462,688.064,0.19501411234877025,7277.731934
5463,688.19,0.20694657211773376,7277.755371
5464,688.316,0.215458362306424,7275.07959
5465,688.442,0.21292378682371066,7271.606445
5466,688.568,0.213033331592067,7276.099609
5467,688.694,0.21377337195996482,7280.17041
5468,688.82,0.20069102109735115,7281.071289
5469,688.946,0.20087593293722414,7274.858398
5470,689.072,0.21531552139899005,7278.143066
5471,689.198,0.24304017571391354,7278.368652
5472,689.325,0.2656192474709196,7276.431641
5473,689.45,0.30134057108224827,7280.960938
5474,689.576,0.3086875158771983,7276.411133
5475,689.702,0.315079257841213,7280.170898
5476,689.828,0.3013553506777981,7276.209961
5477,689.954,0.2856198905604484,7277.342285
5478,690.08,0.2622577663822065,7275.702637
5479,690.206,0.24685023556025115,7281.26709
5480,690.332,0.2612256676394072,7278.20166
5481,690.459,0.2564375628344179,7276.823242
5482,690.584,0.2703734025635007,7279.465332
5483,690.71,0.2635581599654699,7283.155762
5484,690.836,0.25898639340924573,7278.958496
5485,690.962,0.22978863359817941,7276.097168
5486,691.088,0.22491753326365033,7275.069824
5487,691.214,0.22274968713605492,7280.739258
5488,691.34,0.22299299911027956,7281.036133
5489,691.466,0.2516973014079627,7277.763184
5490,691.592,0.2698427252545876,7279.147461
5491,691.718,0.2777266223662489,7278.464355
5492,691.844,0.2808969411021124,7277.185059
5493,691.97,0.25831527279782085,7277.075684
5494,692.096,0.23863165200831785,7277.346191
5495,692.222,0.21486428653481993,7278.29248
5496,692.348,0.21223370808324535,7279.440918
5497,692.474,0.2244792809916997,7288.391113
5498,692.6,0.24563784206580927,7279.426758
5499,692.726,0.28369220904855713,7277.67334
5500,692.852,0.31155656713333363,7276.473145
5501,692.978,0.3256796575160323,7277.461426
5502,693.104,0.3439852703594984,7281.084961
5503,693.23,0.3331840827918619,7279.869629
5504,693.356,0.2993619424130317,7277.536133
5505,693.482,0.24062394448075233,7280.788086
5506,693.608,0.1654778811864677,7280.710938
5507,693.734,0.09673301350551061,7282.8125
5508,693.86,0.026287363407452143,7278.985352
5509,693.986,-0.025339380595991366,7280.808105
5510,694.112,-0.044582325130249935,7280.494141
5511,694.238,-0.05630676038712434,7276.050781
5512,694.364,-0.04303562334921305,7278.104492
5513,694.49,-0.0347796200072291,7279.037109
5514,694.616,-0.01715002578683787,7279.990234
5515,694.742,-0.01796405281176749,7276.244141
5516,694.868,-0.023313797731238293,7283.038574
5517,694.994,-0.01648538015147495,7278.341309
5518,695.12,-0.004066784033409692,7279.898438
5519,695.246,-0.0013529150248334852,7274.887207
5520,695.372,0.00039754215370070773,7282.581055
5521,695.498,0.0022978797347155775,7280.405273
5522,695.624,0.003394005577740382,7279.675293
5523,695.75,0.006680439553732519,7277.629883
5524,695.876,0.01108049537123719,7280.416992
5525,696.002,0.0022836988630095447,7281.235352
5526,696.128,-0.007505377104037817,7282.228027
5527,696.254,-0.031173307759576992,7277.736816
5528,696.38,-0.03299976894413591,7280.505859
5529,696.506,-0.0312214471437887,7282.706055
5530,696.633,-0.017182306813471906,7274.246094
5531,696.758,-0.0008535775046143871,7279.094238
5532,696.884,0.007536969565359752,7278.817383
5533,697.01,-0.0001745845733661735,7279.788574
5534,697.136,-0.013800431896029924,7281.637695
5535,697.262,-0.037952626821487125,7278.681152
5536,697.388,-0.055520227414297345,7277.515137
5537,697.514,-0.06192828964205712,7277.922363
5538,697.64,-0.0552725191314523,7279.211914
5539,697.766,-0.04068689033931,7279.376465
5540,697.891,-0.033521790784492383,7278.680664
5541,698.018,-0.015157819556836465,7277.455078
5542,698.144,-0.023450962773357006,7276.535645
5543,698.27,-0.037685148741780514,7281.325195
5544,698.396,-0.03334323119824882,7278.318359
5545,698.522,-0.03283371905190404,7279.151855
5546,698.648,-0.01007893055920133,7274.856934
5547,698.773,0.018917984003724783,7275.546875
5548,698.9,0.044890789642386776,7281.964844
5549,699.026,0.0575560180604921,7280.040527
5550,699.152,0.06589569871255412,7280.400391
5551,699.278,0.05420662741562495,7278.104492
5552,699.404,0.03879121181165052,7280.366699
5553,699.53,0.015539060202296144,7283.396973
5554,699.656,-0.008333527366526301,7275.546875
5555,699.782,-0.026057665617618065,7278.426758
5556,699.908,-0.04570126177890182,7277.734863
5557,700.033,-0.04249681886992537,7273.666016
5558,700.159,-0.047496690086030136,7278.48291
5559,700.286,-0.034715644637779514,7279.313477
5560,700.411,-0.015995518908601833,7276.546875
5561,700.538,-0.004877890534671981,7279.224121
5562,700.663,0.01647506225906356,7272.865723
5563,700.789,0.029935856524548846,7278.431641
5564,700.915,0.03315582005142386,7276.874023
5565,701.042,0.034411859703937335,7275.914551
5566,701.167,0.027000588501466305,7278.162109
5567,701.294,0.013212623018757917,7278.727051
5568,701.419,-0.0036180121628058923,7277.184082
5569,701.545,-0.011526404370906868,7278.456055
5570,701.671,-0.023237348081376178,7275.688965
5571,701.797,-0.022694618971058424,7279.373535
5572,701.923,-0.022222956776260117,7279.29541
5573,702.049,-0.02271378297217821,7275.82666
5574,702.175,-0.017279319834466296,7276.734863
5575,702.301,-0.01687186048464607,7277.73877
5576,702.427,-0.018650653018882,7278.64209
5577,702.554,-0.012142014941531217,7278.736328
5578,702.679,-0.007614442300164767,7276.242188
5579,702.805,-0.006564118676964956,7279.896484
5580,702.931,-0.007839019543211955,7277.285156
5581,703.057,-0.020465238778286664,7278.65332
5582,703.183,-0.023815510491676073,7276.186035
5583,703.309,-0.025139041299826487,7276.962891
5584,703.435,-0.019847088250190516,7278.624512
5585,703.561,-8.058594359640547e-05,7273.655273
5586,703.687,0.023029816124497737,7281.376953
5587,703.813,0.03731368041938611,7275.659668
5588,703.939,0.04338787469951836,7280.374512
5589,704.065,0.041587210666493415,7276.825684
5590,704.191,0.022187732326562026,7277.913574
5591,704.317,-0.0012478546487934693,7276.404785
5592,704.443,-0.014080272279314162,7277.484375
5593,704.569,-0.021047248193821422,7279.48877
5594,704.695,-0.01855777633440166,7279.292969
5595,704.821,-0.011231824646487396,7274.550781
5596,704.947,0.00015021625051136323,7275.10791
5597,705.073,0.014389154984363885,7275.466797
5598,705.201,0.0253645024185755,7274.929688
5599,705.325,0.038212105437859835,7271.38916
5600,705.451,0.04942061539293375,7273.806641
5601,705.577,0.05981392713405004,7274.271484
5602,705.703,0.060373666958364734,7278.492188
5603,705.829,0.05338327901640521,7278.184082
5604,705.955,0.034821156668449406,7274.898438
5605,706.081,-0.002322303926193727,7276.497559
5606,706.207,-0.04016409692461752,7275.465332
5607,706.333,-0.08001427758995595,7278.285645
5608,706.459,-0.10542122182821537,7278.411621
5609,706.585,-0.1081887276203183,7275.145996
5610,706.711,-0.09995048655972985,7274.552246
5611,706.837,-0.071581823120099,7273.913086
5612,706.963,-0.037984974989689106,7276.218262
5613,707.089,-0.003131422214706218,7277.794434
5614,707.215,0.014971597680303667,7277.801758
5615,707.341,0.02966798756238305,7274.828613
5616,707.467,0.038414673238703255,7274.77002
5617,707.593,0.03113384810183293,7272.908691
5618,707.719,0.030478950027503424,7272.210449
5619,707.845,0.025623751627914637,7273.377441
5620,707.971,0.020944100360540032,7274.194824
5621,708.097,0.023082782637134033,7271.568359
5622,708.223,0.01864452836748334,7272.645996
5623,708.349,0.010549647164106259,7276.303223
5624,708.475,-0.0020957694562999977,7273.639648
5625,708.601,-0.014810665098687073,7274.744141
5626,708.727,-0.029348189226758543,7274.325195
5627,708.853,-0.04258474969549345,7277.229004
5628,708.979,-0.0361722129319188,7273.333008
5629,709.105,-0.020754568199934015,7272.886719
5630,709.231,-0.008029110482661386,7272.942383
5631,709.357,0.01421165798528901,7276.009766
5632,709.483,0.024766908160366332,7278.734375
5633,709.609,0.028214534296565626,7274.773926
5634,709.735,0.021552962790017408,7274.522461
5635,709.861,-0.0008374463089729018,7275.936523
5636,709.987,-0.01495363179033129,7276.48877
5637,710.113,-0.03289155389382661,7273.890625
5638,710.239,-0.049632445740062564,7277.819336
5639,710.365,-0.059273469683251805,7274.966797
5640,710.491,-0.05517462800425054,7275.260742
5641,710.617,-0.05309756830833662,7279.054199
5642,710.743,-0.044165895694203317,7277.794434
5643,710.869,-0.040231290056252714,7277.847656
5644,710.995,-0.0408349678413175,7276.768555
5645,711.121,-0.05323394740594996,7275.59082
5646,711.247,-0.05876595383175957,7275.958008
5647,711.373,-0.07290169804226014,7275.597168
5648,711.499,-0.06092192950154227,7273.913574
5649,711.625,-0.05451316648649508,7277.263184
5650,711.751,-0.025153585213523795,7277.828613
5651,711.877,-0.0017835217349851378,7282.695313
5652,712.003,0.02205179864114817,7278.293945
5653,712.129,0.03317941855386401,7276.018066
5654,712.255,0.03758344533816106,7274.674805
5655,712.381,0.03462187110496035,7276.123047
5656,712.507,0.027557505753015646,7280.717285
5657,712.633,0.01731284350557811,7276.241211
5658,712.759,0.012951561126657487,7276.741699
5659,712.885,0.009546500290064229,7277.570313
5660,713.011,0.015443122257836287,7279.773926
5661,713.137,0.014211077196677323,7277.019531
5662,713.263,0.01600079353742708,7277.128906
5663,713.389,0.01394856666716077,7277.959473
5664,713.515,0.009800333942056441,7276.216309
5665,713.641,0.0038479795709511293,7277.280273
5666,713.767,0.0015658253213371434,7273.694824
5667,713.893,-0.01137122908662789,7275.183594
5668,714.019,-0.018852396830273406,7274.083984
5669,714.145,-0.025366577498256625,7279.894043
5670,714.271,-0.020439032415728753,7274.385254
5671,714.397,-0.010434566173199565,7275.544922
5672,714.523,0.011393450352173479,7272.974121
5673,714.648,0.03889412008269775,7275.365234
5674,714.775,0.06866964673617787,7278.085938
5675,714.901,0.0883748425671028,7274.940918
5676,715.027,0.09908323460134431,7277.209473
5677,715.152,0.09758074684015874,7275.226074
5678,715.279,0.0834671079722949,7274.161133
5679,715.404,0.06560165456249004,7274.941895
5680,715.531,0.04005659004078888,7275.78125
5681,715.657,0.01879245407573169,7276.54541
5682,715.783,0.0007383142402853162,7275.372559
5683,715.909,-0.013673073265248718,7278.678711
5684,716.035,-0.024827216817251935,7279.540039
5685,716.16,-0.029368207285864856,7275.158203
5686,716.287,-0.026143092700242503,7277.073242
5687,716.413,-0.01991814366557309,7273.714844
5688,716.538,-0.0019447294971765415,7274.392578
5689,716.664,0.016798060531915023,7276.132324
5690,716.79,0.03922788728858417,7275.104004
5691,716.916,0.05519265012081148,7276.245605
5692,717.042,0.070383585531278,7275.852539
5693,717.168,0.0734515604763544,7271.264648
5694,717.294,0.06741320693694725,7275.826172
5695,717.42,0.051751079662810576,7277.071289
5696,717.546,0.03748740707561054,7276.958496
5697,717.672,0.023410401294520503,7278.631348
5698,717.798,0.015015190087342818,7275.595215
5699,717.924,0.014740151051153536,7275.466797
5700,718.05,0.01656035670384987,7276.130859
5701,718.176,0.024517770489701655,7279.656738
5702,718.302,0.030821248248436496,7278.715332
5703,718.428,0.039377446483963525,7274.293945
5704,718.554,0.04360935644219335,7277.013672
5705,718.68,0.04346796488234769,7275.601074
5706,718.806,0.03679223060021719,7275.389648
5707,718.932,0.025535233113875247,7273.794434
5708,719.058,0.012415129823919442,7276.26709
5709,719.184,-0.003731397425461487,7277.706055
5710,719.31,-0.01631453106168336,7273.132813
5711,719.436,-0.026507047942448774,7269.478027
5712,719.563,-0.030712365466202193,7271.254883
5713,719.688,-0.0346836564102334,7277.87207
5714,719.814,-0.03549996416160085,7275.991211
5715,719.94,-0.03691261293243796,7273.749512
5716,720.066,-0.03573460856511005,7272.854004
5717,720.192,-0.03468103681724423,7276.018555
5718,720.318,-0.030442783344777277,7275.464844
5719,720.444,-0.025268217970584744,7276.578125
5720,720.57,-0.01864792581466292,7275.793457
5721,720.696,-0.011404143158239037,7274.237305
5722,720.822,-0.010386730015263341,7277.123535
5723,720.948,-0.013122117010686133,7276.681641
5724,721.074,-0.015333884296073153,7275.766602
5725,721.2,-0.015231337626457144,7278.785156
5726,721.327,-0.010059811955612815,7273.054199
5727,721.452,-0.0037734605188996595,7274.29834
5728,721.578,0.0021067428400861794,7272.446777
5729,721.704,0.0005870418254362432,7274.973633
5730,721.83,-0.00693363863579056,7274.489258
5731,721.956,-0.0225568658545771,7274.568359
5732,722.082,-0.03782195465499112,7276.574219
5733,722.208,-0.044014064310940314,7276.243164
5734,722.334,-0.04146181107777566,7273.994141
5735,722.46,-0.030677545153097965,7277.157227
5736,722.586,-0.015062700170629703,7274.164551
5737,722.712,0.0020093743809332008,7274.935547
5738,722.838,0.012393704373363084,7273.807129
5739,722.964,0.017280753354830272,7270.928223
5740,723.09,0.020182956157640805,7274.081055
5741,723.216,0.01263297540594468,7274.245605
5742,723.342,0.008246014951991901,7272.915527
5743,723.468,0.0023248916857529014,7272.891113
5744,723.594,-0.00504001188676725,7275.630859
5745,723.72,-0.011708070276677878,7272.425293
5746,723.846,-0.020386894947612064,7273.829102
5747,723.972,-0.022316895193763026,7274.795898
5748,724.098,-0.020169374884632347,7272.156738
5749,724.224,-0.010709979784805274,7277.077148
5750,724.35,0.002182909949560631,7272.142578
5751,724.476,0.015503740193851841,7273.858398
5752,724.602,0.027308368229438683,7274.907227
5753,724.728,0.029919013003288072,7278.370605
5754,724.854,0.027054344140899148,7274.382813
5755,724.981,0.022860666740154554,7275.68457
5756,725.106,0.015297987893353591,7271.949219
5757,725.232,0.017138450858332484,7270.456055
5758,725.358,0.01861766572420133,7277.87207
5759,725.484,0.02342759202360395,7276.240723
5760,725.61,0.03810993007189226,7276.544434
5761,725.736,0.05052650876455775,7274.666016
5762,725.862,0.061375951189046846,7276.292969
5763,725.988,0.06727510844715329,7271.224609
5764,726.114,0.06776088568350366,7273.57959
5765,726.24,0.055777731124720405,7275.191895
5766,726.366,0.03801438136703681,7272.336426
5767,726.492,0.014188868310293106,7271.437988
5768,726.618,-0.008577252312242467,7274.719238
5769,726.744,-0.02979364272924495,7273.745605
5770,726.87,-0.0395126856359185,7271.175781
5771,726.996,-0.03921610796173244,7271.262695
5772,727.122,-0.033697759766619546,7277.74707
5773,727.248,-0.019759376261183244,7272.414551
5774,727.374,-0.00597092633695309,7272.666504
5775,727.5,0.0047013356485911565,7271.950195
5776,727.626,0.010179744266527244,7272.250488
5777,727.752,0.00848550006583752,7269.882324
5778,727.878,0.0025014448480912103,7273.555664
5779,728.004,-0.0049931337403208475,7275.022461
5780,728.13,-0.011157627300069944,7273.692383
5781,728.256,-0.012724473518214936,7273.442383
5782,728.382,-0.012330668206228065,7273.273438
5783,728.508,-0.014251142384784275,7273.192871
5784,728.634,-0.008175317777408793,7274.716797
5785,728.76,-0.003241443575332046,7275.361328
5786,728.885,0.0009560155617130963,7278.616699
5787,729.012,0.007618119702019562,7273.696777
5788,729.138,0.01941881572667201,7272.777832
5789,729.264,0.02755059821125118,7270.840332
5790,729.39,0.0342019314961784,7272.71875
5791,729.516,0.03995626497595948,7270.510742
5792,729.641,0.044178092691574584,7272.671387
5793,729.768,0.04704259270202174,7273.942383
5794,729.894,0.05068297415014391,7272.222656
5795,730.02,0.04766259963555583,7275.777832
5796,730.146,0.04139156417267056,7273.791016
5797,730.272,0.031786651058587294,7273.217285
5798,730.398,0.015463560302742378,7273.196289
5799,730.524,0.0034535145793178974,7272.747559
5800,730.65,-0.005405985705942342,7274.751953
5801,730.776,-0.005191503066684793,7274.478516
5802,730.901,0.0029104220438682118,7273.471191
5803,731.028,0.008415714059729967,7272.456543
5804,731.153,0.011918121561419588,7275.10791
5805,731.279,0.011228203691209243,7276.212891
5806,731.405,0.008710521892313604,7273.475586
5807,731.531,0.006678345903764482,7273.47168
5808,731.657,0.009613406822823831,7272.763672
5809,731.784,0.025863243662149576,7270.98584
5810,731.909,0.045177923787870874,7267.695801
5811,732.035,0.06002307546328601,7268.933105
5812,732.161,0.06942792820378625,7266.202148
5813,732.287,0.06882234720680011,7264.516113
5814,732.413,0.05548409202367289,7266.282715
5815,732.539,0.03549421150527547,7264.182617
5816,732.666,0.017985551934191855,7262.660645
5817,732.791,0.0006533123901896373,7262.577637
5818,732.917,-0.008163326329564725,7260.728027
5819,733.044,-0.00732774292445722,7259.596191
5820,733.193,0.0012477865537686738,7262.32373
5821,733.295,0.010003304177969215,7260.503906
5822,733.421,0.020892489963585396,7259.503418
5823,733.547,0.03244486682666508,7257.282715
5824,733.673,0.036285147669067694,7258.446777
5825,733.799,0.037003512078666666,7261.141602
5826,733.925,0.036671071921865014,7260.09375
5827,734.051,0.036143494108566175,7261.250977
5828,734.177,0.04399031644642405,7261.810547
5829,734.303,0.053472882250022634,7256.181641
5830,734.43,0.05620057463478578,7260.450195
5831,734.556,0.05470087308535236,7260.893066
5832,734.681,0.04125736189195224,7255.67334
5833,734.807,0.016290774664842925,7256.901367
5834,734.933,-0.01193790450919645,7258.794434
5835,735.059,-0.036624432292398944,7259.785156
5836,735.185,-0.04537273911040545,7259.349609
5837,735.311,-0.036526405387884806,7258.316895
5838,735.437,-0.012442209375713807,7257.123535
5839,735.563,0.017158926135696223,7259.791016
5840,735.689,0.043508784260904876,7260.28418
5841,735.815,0.06043232691844202,7258.852539
5842,735.941,0.06448357095864743,7253.983887
5843,736.067,0.0546916306986806,7255.655273
5844,736.193,0.0416116489253372,7258.129395
5845,736.319,0.022069447351605893,7259.179688
5846,736.445,0.008053165678017052,7260.768066
5847,736.571,-0.0062290223084023565,7256.660156
5848,736.697,-0.01956565524814915,7255.40332
5849,736.823,-0.032022588467722095,7257.522949
5850,736.949,-0.040834587356236525,7255.651855
5851,737.075,-0.04373046330170056,7258.087891
5852,737.201,-0.042493103135938314,7261.41748
5853,737.327,-0.02903492255896046,7258.656738
5854,737.453,-0.01133001428502548,7256.176758
5855,737.579,0.008146550445632818,7256.727051
5856,737.705,0.020297863625653414,7259.463867
5857,737.831,0.024680822280383912,7254.412109
5858,737.957,0.021292940003976538,7256.120605
5859,738.083,0.01373715375724581,7255.510742
5860,738.209,0.007597176136527166,7258.525391
5861,738.335,0.005340093014439936,7257.454102
5862,738.461,0.011916948326085407,7255.696777
5863,738.587,0.02337306262094297,7255.099121
5864,738.713,0.0367211308103833,7255.209961
5865,738.839,0.04734950397977636,7255.648926
5866,738.965,0.05468312912327646,7252.441895
5867,739.091,0.06006496282715735,7252.420898
5868,739.217,0.06333424244397932,7254.434082
5869,739.343,0.062436912749330636,7254.554688
5870,739.469,0.062113061317529514,7256.348145
5871,739.595,0.05752471432617973,7255.829102
5872,739.721,0.04956994241339852,7256.457031
5873,739.847,0.043514074320534224,7252.458496
5874,739.973,0.031951555188250776,7254.933105
5875,740.099,0.028290758148681483,7251.556152
5876,740.225,0.028459403360668017,7248.167969
5877,740.351,0.031428085299591346,7253.392578
5878,740.477,0.03465224879073648,7254.607422
5879,740.603,0.037433710352543004,7251.740234
5880,740.729,0.04128896774567455,7254.004883
5881,740.855,0.043867356482007985,7251.066895
5882,740.981,0.052947602148032215,7253.256348
5883,741.107,0.06224992543961179,7255.959961
5884,741.233,0.07534930444594437,7256.132813
5885,741.359,0.08965454401324653,7248.491699
5886,741.485,0.09467679110343917,7255.640625
5887,741.611,0.0939120505113764,7253.972168
5888,741.737,0.08060164974595654,7254.058105
5889,741.863,0.06179630443063631,7258.30127
5890,741.989,0.04367359460337074,7255.398926
5891,742.115,0.02692544023592426,7253.5625
5892,742.241,0.019246144792135808,7255.708496
5893,742.367,0.020991435007566003,7259.345215
5894,742.493,0.025764557334356706,7260.521484
5895,742.619,0.032178823029212676,7258.526367
5896,742.745,0.03600090571673892,7258.087891
5897,742.871,0.0380437372706979,7259.346191
5898,742.997,0.03742946883296924,7256.808594
5899,743.123,0.04294789097350522,7259.796387
5900,743.249,0.05206114670333411,7257.693848
5901,743.375,0.06496571738906164,7260.010254
5902,743.5,0.0765653555029462,7253.858887
5903,743.627,0.08315013660100293,7254.539063
5904,743.753,0.07934305945014325,7255.856934
5905,743.879,0.06447654150454193,7254.626465
5906,744.005,0.04530611808457987,7254.409668
5907,744.131,0.020957774864966364,7254.520508
5908,744.257,0.0003413581652801179,7255.456543
5909,744.383,-0.02183162239980358,7253.160645
5910,744.508,-0.03716517817144574,7256.153809
5911,744.635,-0.048104958735412484,7255.624023
5912,744.761,-0.0511124193806439,7253.14209
5913,744.887,-0.03948489411405282,7257.341309
5914,745.013,-0.02241867633388132,7259.334961
5915,745.139,-0.0008777056418988114,7255.011719
5916,745.265,0.014242567778609102,7256.450195
5917,745.391,0.022569993352293892,7258.297852
5918,745.517,0.020052131817738014,7252.084473
5919,745.642,0.012641403629725666,7259.028809
5920,745.769,0.0013497251369590886,7254.30127
5921,745.895,-0.004331192528577579,7255.565918
5922,746.021,-0.0027542376003063273,7258.513672
5923,746.146,-0.00042123975832869656,7251.936523
5924,746.272,0.005164870566774915,7255.820313
5925,746.398,0.005974912134552526,7255.237305
5926,746.524,0.001428965663420256,7254.058105
5927,746.65,-0.0062632892159606565,7257.330566
5928,746.777,-0.014041632800841737,7255.350586
5929,746.903,-0.02120902545178424,7253.432617
5930,747.028,-0.027196873281428457,7256.340332
5931,747.154,-0.03051477900176579,7256.065918
5932,747.281,-0.03223870105117852,7257.062012
5933,747.407,-0.02785069306155847,7257.892578
5934,747.532,-0.015498225863142584,7255.575684
5935,747.658,0.0027644237549184197,7256.560059
5936,747.784,0.028459467917352817,7259.206543
5937,747.91,0.05432877379074928,7256.507324
5938,748.036,0.07818833554147152,7257.907715
5939,748.162,0.09190296740248963,7255.924316
5940,748.288,0.09289169348160226,7256.724121
5941,748.414,0.08717717389031851,7255.157715
5942,748.54,0.07266426638809524,7257.85498
5943,748.666,0.05398046709666702,7253.788574
5944,748.792,0.034222276269480746,7255.100586
5945,748.918,0.015535731644342146,7255.652344
5946,749.044,-0.002352289086179278,7254.504883
5947,749.17,-0.01448746892856945,7250.406738
5948,749.296,-0.01769718141093953,7253.910156
5949,749.422,-0.011128621891294111,7257.080566
5950,749.548,0.007172518325277511,7256.781738
5951,749.674,0.03172487776797442,7256.501465
5952,749.8,0.055678424085723745,7254.038574
5953,749.926,0.07106165308185311,7255.991211
5954,750.052,0.07273843813092251,7255.707031
5955,750.178,0.059759082880228444,7257.914551
5956,750.304,0.031735625836898866,7254.812988
5957,750.431,-0.002535637399294076,7252.893555
5958,750.556,-0.04161676363056461,7256.393555
5959,750.682,-0.0730291467072016,7256.753906
5960,750.808,-0.09562582112544266,7254.932129
5961,750.934,-0.10159310632578877,7254.603027
5962,751.06,-0.09426265931341926,7253.589844
5963,751.186,-0.07349841413768467,7255.788086
5964,751.312,-0.03586797953182452,7256.119141
5965,751.438,0.0037889602903955367,7255.01709
5966,751.564,0.04116312483100705,7254.563477
5967,751.69,0.06626602403062419,7254.439453
5968,751.817,0.07252472265386992,7254.980469
5969,751.942,0.06828153319253245,7255.398926
5970,752.068,0.05052720482819774,7254.192871
5971,752.194,0.03356613475486767,7255.529785
5972,752.32,0.02347301220897605,7257.210449
5973,752.446,0.02694695927043275,7255.925781
5974,752.572,0.0359550763329699,7255.12207
5975,752.698,0.043220692624667476,7255.929199
5976,752.824,0.0505697194375332,7251.737305
5977,752.951,0.05250902310840594,7255.141602
5978,753.076,0.04582932986975586,7252.455078
5979,753.202,0.039667868379369906,7254.796875
5980,753.328,0.03061285936183686,7252.729492
5981,753.454,0.02007001388362329,7254.748535
5982,753.58,0.011311020603779426,7255.506836
5983,753.706,0.0042099515160275835,7257.110352
5984,753.832,-0.0011494578122506825,7252.977051
5985,753.958,-0.0038284566905465345,7252.407227
5986,754.084,-0.0006926599230731949,7256.21875
5987,754.21,0.0009301428134497019,7256.788574
5988,754.336,0.0054000269471669304,7254.324707
5989,754.462,0.006476205068702937,7252.146973
5990,754.588,-0.00022280229293378934,7254.490723
5991,754.714,-0.006935816491928989,7251.744141
5992,754.84,-0.013570162033797536,7253.168945
5993,754.966,-0.021632226923794903,7252.8125
5994,755.092,-0.02045982459241374,7255.041992
5995,755.218,-0.015149316646050107,7254.742188
5996,755.344,-0.006174141492415784,7254.304688
5997,755.471,0.00443784740380527,7250.856934
5998,755.596,0.014743946739137308,7251.434082
5999,755.722,0.019686380099781308,7250.472656
6000,755.848,0.016163243883396364,7253.033691
6001,755.974,0.005813150029871033,7252.310059
6002,756.1,-0.007648812021645341,7249.548828
6003,756.226,-0.024084091993952072,7251.627441
6004,756.352,-0.038487194358604315,7249.458984
6005,756.478,-0.04538787309261519,7250.593262
6006,756.604,-0.046164886439543515,7248.570801
6007,756.73,-0.04005901312776599,7253.325684
6008,756.856,-0.03000550381421993,7250.089355
6009,756.982,-0.019032846704706275,7252.256348
6010,757.108,-0.014578011027059253,7251.091309
6011,757.234,-0.008071119402296245,7251.469727
6012,757.36,-0.008180970623645893,7251.934082
6013,757.486,-0.0037985817425172015,7251.324707
6014,757.612,0.003659681789038612,7248.40332
6015,757.738,0.01176835043428523,7247.063477
6016,757.864,0.02110751751614709,7249.374023
6017,757.99,0.03183987355147169,7249.34668
6018,758.116,0.04060620837211181,7248.071289
6019,758.242,0.043639075971119316,7247.35791
6020,758.368,0.048132925205364524,7253.677246
6021,758.494,0.052580575159678684,7245.465332
6022,758.62,0.054482618654342535,7249.753418
6023,758.746,0.056335775131792276,7246.422363
6024,758.901,0.05723677390862593,7245.793945
6025,758.998,0.05741451987792385,7246.327148
6026,759.124,0.05208981869740985,7246.63916
6027,759.25,0.042965591114857295,7248.4375
6028,759.375,0.03698352597111638,7246.176758
6029,759.502,0.030051245018791122,7248.48291
6030,759.628,0.02834817163862768,7246.946289
6031,759.754,0.028485132997023595,7247.552246
6032,759.88,0.034093033300160114,7246.094727
6033,760.006,0.034821177796707396,7247.522461
6034,760.132,0.03253522527467087,7248.812988
6035,760.258,0.02691031954429646,7247.306641
6036,760.384,0.010722820026085758,7247.944824
6037,760.509,-0.014748115834171464,7243.529785
6038,760.636,-0.04061411057307511,7247.277832
6039,760.762,-0.06504181866184154,7244.910156
6040,760.888,-0.08238905973484426,7250.287109
6041,761.014,-0.08478752406270483,7242.101074
6042,761.14,-0.07884659158629044,7243.837402
6043,761.265,-0.05785934452363429,7245.285156
6044,761.391,-0.037613203711268715,7245.23584
6045,761.518,-0.018587890808190916,7244.656738
6046,761.643,-0.01716593702012816,7239.257813
6047,761.769,-0.018571070112500344,7246.010254
6048,761.895,-0.027994734941972094,7245.393555
6049,762.022,-0.03583699574375802,7243.96582
6050,762.147,-0.033184916321140824,7242.892578
6051,762.273,-0.023140982508814762,7245.619141
6052,762.4,-0.004192629098148762,7240.759766
6053,762.525,0.019859574426239934,7242.220703
6054,762.652,0.04398233483764614,7241.46875
6055,762.778,0.06397127562161543,7242.561035
6056,762.903,0.07092827363112858,7242.10498
6057,763.03,0.07421669938565349,7243.860352
6058,763.155,0.07051982272531031,7240.774902
6059,763.281,0.053775752934984815,7240.063965
6060,763.408,0.03280854489639701,7241.26709
6061,763.533,0.00845119108657049,7238.36084
6062,763.659,-0.011842574503886344,7241.041016
6063,763.785,-0.03283845375433174,7238.522949
6064,763.911,-0.03852332364932919,7239.677246
6065,764.037,-0.03433022355784373,7238.046387
6066,764.163,-0.023153978485439604,7240.812012
6067,764.289,-0.005320413059379643,7242.380859
6068,764.415,0.011472847328361227,7239.084473
6069,764.541,0.023143721728028074,7238.220215
6070,764.667,0.026854768854114846,7241.304199
6071,764.793,0.026617776108077792,7235.012207
6072,764.919,0.022148563008402608,7237.420898
6073,765.045,0.012468334570031962,7236.375
6074,765.171,0.009822113415913667,7238.737793
6075,765.298,0.010421675472086962,7239.567871
6076,765.423,0.009646847546736413,7234.258789
6077,765.549,0.008123386651409971,7243.049316
6078,765.675,0.006569930297072796,7232.821777
6079,765.801,0.0035020846002730643,7234.785645
6080,765.927,0.0005409860126953915,7233.21875
6081,766.053,0.0030151514219770516,7233.252441
6082,766.179,0.007184327270688409,7234.025391
6083,766.305,0.013396114849239638,7233.995117
6084,766.431,0.017704872661126417,7234.646484
6085,766.557,0.016441726860462913,7232.480469
6086,766.683,0.01044116789900621,7235.592773
6087,766.809,0.0018189472171067506,7237.47998
6088,766.935,-0.0035217741298425287,7225.674316
6089,767.061,-0.004285851957382849,7231.22168
6090,767.187,0.0013137369600812433,7229.87207
6091,767.313,0.011508810068262073,7232.922363
6092,767.439,0.02830328900584293,7230.432129
6093,767.565,0.040473313947853806,7229.103516
6094,767.691,0.045315384476132536,7231.637695
6095,767.817,0.041765835676630454,7232.149902
6096,767.943,0.02899126796766825,7231.571289
6097,768.069,0.014340207451933117,7228.84668
6098,768.195,0.0019658556490463382,7226.989746
6099,768.321,-0.0037792883520958616,7233.59668
6100,768.447,0.0015809797547985075,7231.865723
6101,768.573,0.007042127256207022,7229.533691
6102,768.699,0.016404524424643428,7228.348145
6103,768.825,0.018875519037530843,7231.491699
6104,768.951,0.017728508531742956,7232.338867
6105,769.077,0.015225189067011079,7230.792969
6106,769.203,0.014924401818726327,7231.210449
6107,769.329,0.013196059652376572,7228.947266
6108,769.455,0.01779552483963309,7231.979004
6109,769.581,0.02573655964018986,7231.740723
6110,769.707,0.030373058571606288,7227.839844
6111,769.833,0.0377852423860476,7227.57959
6112,769.959,0.04841762055609754,7230.358887
6113,770.085,0.05357472733464207,7230.000977
6114,770.211,0.05901128643507123,7226.532715
6115,770.337,0.06039513834317308,7229.447266
6116,770.463,0.05264581258301211,7228.708984
6117,770.589,0.03738718613674646,7228.754883
6118,770.715,0.01618997057930136,7223.679199
6119,770.841,-0.006435994992280083,7224.29541
6120,770.967,-0.01852364015209432,7225.958008
6121,771.093,-0.0270327603002693,7225.536621
6122,771.219,-0.020272229213302243,7225.995605
6123,771.345,-0.0028856912339550234,7224.913574
6124,771.471,0.018085316124446332,7223.473145
6125,771.597,0.04209950087536364,7227.826172
6126,771.723,0.05327488968915155,7223.699219
6127,771.849,0.06406695340689478,7226.619141
6128,771.975,0.07557833703031154,7226.20166
6129,772.101,0.07943672526197029,7227.106445
6130,772.227,0.07747185457900724,7224.946777
6131,772.353,0.0690129229834127,7224.416016
6132,772.479,0.05498187709738909,7224.407227
6133,772.605,0.03701624606476957,7224.548828
6134,772.731,0.015611536668799405,7223.833984
6135,772.857,0.00050190934967816,7228.277832
6136,772.983,-0.01371618108116366,7222.504395
6137,773.109,-0.021612587579742045,7222.871582
6138,773.235,-0.02822834977185581,7224.234375
6139,773.361,-0.0375254996490935,7221.893555
6140,773.487,-0.0451311924550683,7222.242188
6141,773.613,-0.054044125332380795,7219.541504
6142,773.739,-0.05764858073039146,7223.689453
6143,773.865,-0.0511442098244335,7222.845215
6144,773.991,-0.034605392609295106,7216.202637
6145,774.117,-0.016547545234913114,7217.23877
6146,774.243,0.0038209024655380397,7217.362305
6147,774.369,0.023886738631385733,7221.360352
6148,774.495,0.031249008953722828,7220.736328
6149,774.621,0.029825362425389943,7224.23877
6150,774.747,0.020938827215428887,7220.216309
6151,774.873,0.003722902539955532,7220.850586
6152,774.999,-0.014489199300172317,7220.188965
6153,775.125,-0.03283273993520891,7220.022949
6154,775.251,-0.04359441028943299,7223.366211
6155,775.377,-0.04616614984994893,7221.498535
6156,775.503,-0.04405694709732001,7224.15918
6157,775.629,-0.03442749315231838,7220.893066
6158,775.755,-0.02606116329355364,7219.969727
6159,775.88,-0.01624587086856413,7215.12207
6160,776.006,-0.011146821356655668,7224.355957
6161,776.133,-0.007062060411707051,7219.692383
6162,776.259,-0.0015186932834469716,7219.257813
6163,776.384,-0.001577211669714955,7217.473145
6164,776.511,-0.004144306876347251,7217.776367
6165,776.637,-0.015245733571632924,7218.092773
6166,776.763,-0.03326279428236939,7220.619141
6167,776.889,-0.05821617820925449,7218.151855
6168,777.015,-0.07772852309164202,7216.941406
6169,777.14,-0.08666215481364022,7216.512695
6170,777.267,-0.08314573698923412,7217.092285
6171,777.393,-0.06496545858462043,7215.04834
6172,777.518,-0.041851134963585626,7218.477539
6173,777.644,-0.014279164531947065,7217.795898
6174,777.771,-0.0020092209097516108,7217.770996
6175,777.897,0.005725774499808256,7215.047852
6176,778.022,0.011714645863963442,7216.785645
6177,778.148,0.007117151269709207,7216.135254
6178,778.275,0.025805691089794233,7215.78418
6179,778.4,0.029434851717789597,7215.565918
6180,778.526,0.028977661533500166,7213.911133
6181,778.652,0.02351139786358316,7215.869141
6182,778.778,0.0008905987113706092,7215.81543
6183,778.904,-0.010639882265500371,7214.757324
6184,779.03,-0.030248241493977163,7215.63623
6185,779.157,-0.031086928855679485,7216.794434
6186,779.283,-0.009182230319859541,7218.54541
6187,779.408,0.0057143951721039,7214.852051
6188,779.534,0.03208754127459733,7213.980957
6189,779.66,0.02632273174592993,7213.406738
6190,779.786,0.023901358228928193,7215.625488
6191,779.912,0.004458482845343808,7212.824707
6192,780.038,0.006435046941270229,7214.319824
6193,780.165,8.708767280437752e-05,7214.526367
6194,780.29,-0.009683307862488697,7214.474609
6195,780.417,-0.020190819715730536,7214.033203
6196,780.542,-0.045215551501680704,7212.021484
6197,780.668,-0.059020047939115895,7211.775879
6198,780.794,-0.06950566152913353,7210.882813
6199,780.92,-0.06472876524136346,7211.474121
6200,781.046,-0.05341392845793328,7208.453613
6201,781.172,-0.035190032781599254,7214.350098
6202,781.298,-0.015256057703689416,7213.707031
6203,781.424,-0.002850239139966499,7211.553223
6204,781.55,0.006652929653049778,7210.061523
6205,781.676,0.007637028200549527,7213.630859
6206,781.802,0.010016990334837054,7212.408203
6207,781.929,0.010835622192147693,7211.418945
6208,782.054,0.01746280299708687,7212.348633
6209,782.18,0.025027608907278114,7213.003418
6210,782.306,0.03069884796686584,7212.133789
6211,782.432,0.032766787710294294,7212.068359
6212,782.558,0.029213552995064365,7210.549805
6213,782.684,0.011727684789623589,7210.810059
6214,782.81,-0.012650054439961084,7209.730469
6215,782.936,-0.035703030083642326,7207.850586
6216,783.062,-0.05534640009070355,7201.59082
6217,783.188,-0.06199501155588677,7210.967773
6218,783.314,-0.05420337683234943,7210.202148
6219,783.44,-0.023705650096313854,7210.408203
6220,783.566,0.0033931981761639,7210.931641
6221,783.692,0.036838790443591805,7213.234375
6222,783.818,0.04975427540011959,7207.80127
6223,783.944,0.0456944218527749,7211.706055
6224,784.07,0.03772169384967612,7206.564941
6225,784.196,0.02439431441203427,7210.154297
6226,784.322,0.020433602296179403,7211.193848
6227,784.448,0.017204173708010778,7209.930176
6228,784.574,0.015161391910045677,7207.998047
6229,784.7,0.020152479116780857,7204.870605
6230,784.826,0.02432254488524128,7203.480957
6231,784.952,0.02774540414035393,7205.392578
6232,785.078,0.02577343010800502,7206.888672
6233,785.204,0.019691242509474897,7206.914551
6234,785.33,0.009752013657756547,7208.703613
6235,785.456,0.006792563911397898,7201.628906
6236,785.582,6.676280335214297e-05,7208.099121
6237,785.708,-0.005667420932244833,7207.053223
6238,785.834,-0.013134598499155777,7206.491699
6239,785.96,-0.02403988247607036,7205.896484
6240,786.086,-0.04070444527602612,7197.675781
6241,786.212,-0.06116466570149265,7208.436035
6242,786.338,-0.08271278153023945,7207.333984
6243,786.464,-0.1028526601293994,7204.940918
6244,786.591,-0.115561372852384,7210.000977
6245,786.716,-0.09702686742443037,7211.036621
6246,786.842,-0.07810134497932934,7206.960449
6247,786.968,-0.05312445283757163,7206.735352
6248,787.094,-0.025437777772024796,7207.387207
6249,787.22,-0.01922250012837795,7211.21875
6250,787.346,-0.03221215013747286,7209.147461
6251,787.472,-0.04720251822742427,7206.637207
6252,787.598,-0.07726227024333349,7206.294922
6253,787.724,-0.0845560161433869,7204.519043
6254,787.85,-0.07810750627949864,7209.350586
6255,787.976,-0.07512282725277174,7203.077148
6256,788.102,-0.06649264323114924,7205.330078
6257,788.228,-0.06221214975605873,7207.177734
6258,788.354,-0.05645380520197299,7204.268555
6259,788.48,-0.048774580354378184,7207.839355
6260,788.606,-0.03932636207853663,7205.211426
6261,788.732,-0.0227844731667168,7206.491699
6262,788.858,-0.0020263759733215756,7204.870117
6263,788.984,0.0168601970154333,7205.270508
6264,789.11,0.027371883932780682,7204.591309
6265,789.236,0.026195389479444404,7202.543457
6266,789.362,0.0102385825419811,7202.055664
6267,789.488,-0.01752872767331968,7209.747559
6268,789.614,-0.053785725880224435,7204.029785
6269,789.74,-0.08766381458249227,7202.698242
6270,789.866,-0.11187309588094979,7204.89502
6271,789.992,-0.12385916284608389,7205.805664
6272,790.118,-0.10854374084429881,7210.480957
6273,790.244,-0.08329065969787099,7207.131836
6274,790.37,-0.05366773236621723,7203.876465
6275,790.496,-0.01410018009569908,7208.12207
6276,790.622,-0.007985072035771288,7210.370605
6277,790.748,0.001666466043056107,7206.36377
6278,790.874,0.005137471540369616,7205.387695
6279,790.999,0.015994763741595593,7205.868164
6280,791.126,0.02128807967159666,7204.788086
6281,791.252,0.022457337754576725,7209.481934
6282,791.377,0.018324917591968058,7203.606445
6283,791.504,0.004797967178755293,7204.177246
6284,791.63,-0.018096827919813818,7203.675293
6285,791.756,-0.044129454737984485,7209.07666
6286,791.882,-0.06638662403218007,7207.286133
6287,792.008,-0.08188430885979026,7203.780273
6288,792.134,-0.07989230159576884,7205.541504
6289,792.26,-0.0643077636458115,7206.179688
6290,792.386,-0.03494360303884859,7205.150391
6291,792.511,-0.003960225607478927,7204.97168
6292,792.638,0.019451609789231945,7204.083496
6293,792.764,0.035600883782906205,7204.553711
6294,792.889,0.03747355964632213,7205.285645
6295,793.016,0.029667619222651636,7208.117676
6296,793.142,0.018579126370706682,7204.258301
6297,793.267,0.010273734880220887,7204.431152
6298,793.393,0.005396033000662603,7205.469727
6299,793.519,0.0051231491787528125,7201.55957
6300,793.646,0.0066526569652777985,7201.883301
6301,793.771,0.007358942324733433,7202.397949
6302,793.898,0.0060914914134014295,7202.551758
6303,794.023,0.003693535191833552,7200.75
6304,794.149,0.003000439385081899,7199.65918
6305,794.276,0.0014248208060067893,7203.12207
6306,794.401,-0.000780423485222833,7203.067383
6307,794.527,-0.011505096215414975,7202.992676
6308,794.653,-0.02575094784057554,7201.853516
6309,794.78,-0.04906980476597324,7201.878418
6310,794.905,-0.07482995227092105,7203.243652
6311,795.031,-0.09539263330630868,7202.620605
6312,795.158,-0.10530509563060905,7203.19043
6313,795.283,-0.10510160114579223,7198.641113
6314,795.41,-0.09121142251201679,7202.523438
6315,795.535,-0.07407434222865175,7202.128418
6316,795.661,-0.059626133934730416,7203.372559
6317,795.787,-0.04628771895801508,7203.296875
6318,795.914,-0.04067988172440731,7200.316406
6319,796.039,-0.036041100413344046,7202.79541
6320,796.166,-0.03748079917009069,7202.938965
6321,796.292,-0.0294750018368531,7201.240723
6322,796.417,-0.01701062653384957,7203.171387
6323,796.543,-0.006791161084580539,7198.766602
6324,796.669,0.004225221730556048,7203.365723
6325,796.795,0.012284424934412216,7202.54834
6326,796.921,0.011708994565267774,7199.116699
6327,797.047,0.0023387457757299366,7199.462402
6328,797.173,-0.006182510556179641,7201.050781
6329,797.299,-0.01626392224935394,7201.804688
6330,797.425,-0.026688672599872565,7200.407227
6331,797.551,-0.03130201556587892,7199.37207
6332,797.677,-0.040101881066130586,7205.518555
6333,797.803,-0.04171633055549697,7203.737305
6334,797.929,-0.041159196288870124,7204.009277
6335,798.055,-0.03788170945772598,7205.961914
6336,798.181,-0.03227787006187147,7203.705078
6337,798.307,-0.020242911481868017,7202.976074
6338,798.433,0.00014175255640419955,7202.989258
6339,798.559,0.016426990567699487,7204.618652
6340,798.685,0.03217563466308693,7201.318848
6341,798.811,0.04345145184715242,7201.495605
6342,798.937,0.037863191442049436,7205.075195
6343,799.063,0.01897009601769189,7201.539551
6344,799.19,-0.007340082520085394,7200.143066
6345,799.315,-0.039818928165253065,7197.821777
6346,799.441,-0.07624172148417967,7205.33252
6347,799.567,-0.09865559472351154,7201.362793
6348,799.693,-0.1085291084234981,7202.131836
6349,799.819,-0.10675170352241894,7201.761719
6350,799.945,-0.08610016377769059,7202.281738
6351,800.071,-0.056810554696568275,7205.432129
6352,800.197,-0.028264075209433255,7201.930664
6353,800.323,-0.008077305609870019,7204.87207
6354,800.449,6.780000974865491e-05,7202.183105
6355,800.575,-0.009750037483387838,7204.061035
6356,800.701,-0.03394681913070183,7204.854492
6357,800.827,-0.06526782328943383,7201.955566
6358,800.953,-0.09497630708399553,7203.913574
6359,801.079,-0.120436728439128,7197.683105
6360,801.205,-0.12653219393193052,7201.6875
6361,801.331,-0.12062602696375765,7202.601074
6362,801.457,-0.10647352089436361,7203.142578
6363,801.586,-0.07870332296986084,7203.376465
6364,801.709,-0.053748335855738384,7197.686523
6365,801.835,-0.027983878394065298,7202.477539
6366,801.961,-0.009099072383240295,7201.580566
6367,802.087,0.005789029810829678,7201.786621
6368,802.213,0.01043120630148827,7199.030762
6369,802.339,0.008021165726123245,7205.32959
6370,802.465,-0.002852493902994979,7200.897949
6371,802.591,-0.014191505783586768,7200.746582
6372,802.717,-0.028028386659793195,7202.054199
6373,802.843,-0.03536018822513972,7200.741211
6374,802.969,-0.0363040489556554,7197.891602
6375,803.095,-0.03694210868888602,7198.003906
6376,803.221,-0.03979040924859145,7199.759766
6377,803.347,-0.034238666471035156,7198.555176
6378,803.473,-0.04170445213653952,7201.753418
6379,803.599,-0.051302949446484454,7201.19043
6380,803.725,-0.06499321868758687,7200.449707
6381,803.851,-0.0793818146221997,7198.07373
6382,803.977,-0.0894348192971346,7197.463867
6383,804.103,-0.08936233179420963,7200.924805
6384,804.229,-0.08132051355238261,7198.351563
6385,804.355,-0.07125327919143687,7198.050781
6386,804.481,-0.06295173956270327,7199.419922
6387,804.607,-0.06691107952462935,7194.769531
6388,804.733,-0.08100809239027487,7197.612793
6389,804.859,-0.10691298934960196,7197.953125
6390,804.985,-0.13751501121798845,7199.484375
6391,805.111,-0.1670793588882042,7195.318359
6392,805.237,-0.1869454203835559,7197.633301
6393,805.363,-0.18634595980297333,7197.606445
6394,805.489,-0.17405264010165167,7198.104004
6395,805.615,-0.14897823144468722,7197.914063
6396,805.741,-0.11710656367229491,7198.030762
6397,805.867,-0.08833092542485199,7201.664063
6398,805.993,-0.06632562921619156,7196.989746
6399,806.119,-0.044837907984083096,7196.074707
6400,806.245,-0.026905411784973285,7200.524414
6401,806.371,-0.02109603494807549,7199.308105
6402,806.497,-0.019479539678444298,7198.108887
6403,806.623,-0.027038040463340497,7197.115234
6404,806.749,-0.0461707905266261,7195.065918
6405,806.875,-0.07684405677970083,7199.0
6406,807.001,-0.11007250142672988,7197.081055
6407,807.127,-0.1305092000167448,7196.035156
6408,807.253,-0.13678912139103075,7197.016113
6409,807.379,-0.12216199035441196,7197.024414
6410,807.505,-0.0915820585524889,7196.248535
6411,807.631,-0.06575033520880916,7195.1875
6412,807.802,-0.04744357028645571,7197.856445
6413,807.882,-0.0563385082309065,7197.261719
6414,808.009,-0.06681725688331384,7198.949219
6415,808.135,-0.08883476076687054,7201.09082
6416,808.261,-0.08781941578141032,7196.721191
6417,808.386,-0.08612033012649045,7195.636719
6418,808.594,-0.07286562311821629,7197.997559
6419,808.639,-0.06646036283195708,7196.554688
6420,808.765,-0.05710105387862783,7201.92334
6421,808.891,-0.06077188889698971,7196.603516
6422,809.017,-0.06335953520945185,7194.94873
6423,809.143,-0.07813074060746011,7197.199219
6424,809.268,-0.08640617396634064,7196.268066
6425,809.395,-0.096564117489519,7197.569824
6426,809.52,-0.10028305570428699,7195.341309
6427,809.695,-0.10500680339974039,7195.584961
6428,809.773,-0.10205262128578027,7194.539551
6429,809.912,-0.09622955756175673,7196.929688
6430,810.024,-0.08898693644546282,7194.324707
6431,810.172,-0.08094253512489658,7194.696289
6432,810.276,-0.07672322705076164,7195.26123
6433,810.402,-0.0784896357860484,7196.141113
6434,810.529,-0.08292427851672884,7197.017578
6435,810.654,-0.08058945047724232,7195.785156
6436,810.783,-0.08443129542855139,7193.6875
6437,810.907,-0.08414085453258037,7195.303223
6438,811.032,-0.08595285518653382,7193.748535
6439,811.158,-0.08451324475172582,7194.30957
6440,811.284,-0.08789648464579503,7194.05127
6441,811.411,-0.09376739742581937,7195.563965
6442,811.536,-0.09696824508917876,7191.775879
6443,811.662,-0.08927576344466025,7195.265137
6444,811.789,-0.08054011372287821,7194.623047
6445,811.914,-0.06599018398514112,7192.97998
6446,812.04,-0.053207294735142935,7193.171875
6447,812.167,-0.04659285259357864,7194.408203
6448,812.292,-0.048543225647232686,7194.793945
6449,812.418,-0.06550177835026331,7193.661133
6450,812.544,-0.08196666397200242,7193.63623
6451,812.67,-0.09901453523150984,7192.554688
6452,812.796,-0.105700714454561,7194.136719
6453,812.922,-0.10031009949029207,7190.881836
6454,813.048,-0.09212256296197249,7192.229492
6455,813.174,-0.07563198969441298,7192.270996
6456,813.3,-0.06179248864453421,7191.594238
6457,813.426,-0.05574717878265118,7197.019043
6458,813.552,-0.05152350368945836,7194.353516
6459,813.678,-0.04569102614189559,7192.278809
6460,813.804,-0.03611726223644052,7196.269043
6461,813.93,-0.019931167145113875,7194.104492
6462,814.056,-0.0041874379952900635,7190.796875
6463,814.182,0.013054272443580962,7192.499512
6464,814.308,0.023470633885533585,7191.984863
6465,814.434,0.02880931191475387,7194.113281
6466,814.56,0.019254480153268392,7193.654297
6467,814.686,0.006180077484454484,7190.625488
6468,814.812,-0.012519679776852002,7193.26123
6469,814.938,-0.027980840481025636,7193.488281
6470,815.064,-0.04468302133029814,7192.032715
6471,815.19,-0.05559674232593914,7195.40332
6472,815.316,-0.06276050735942773,7191.53125
6473,815.442,-0.06720849740393244,7191.441895
6474,815.568,-0.06260502933686161,7189.186523
6475,815.694,-0.053393738895719224,7188.841797
6476,815.82,-0.038655157203754474,7193.871582
6477,815.946,-0.011726735761785208,7190.57666
6478,816.072,0.005766601580014816,7190.990234
6479,816.198,0.013229466176390129,7190.969238
6480,816.324,0.013009101516244513,7191.078613
6481,816.45,-0.007482435994630769,7190.424316
6482,816.576,-0.030975579997606747,7192.177734
6483,816.702,-0.05733154768827528,7190.902832
6484,816.828,-0.053807519245792114,7189.118164
6485,816.954,-0.04846522735209888,7192.210449
6486,817.08,-0.03545855199336522,7188.337402
6487,817.206,-0.02182732213295753,7191.392578
6488,817.332,-0.016788372182066472,7188.570313
6489,817.458,-0.010198815846836982,7191.744141
6490,817.584,-0.014446902998583765,7192.619141
6491,817.71,-0.022076677081719807,7190.428711
6492,817.836,-0.03237380854732846,7191.285156
6493,817.962,-0.040972817285560514,7189.239746
6494,818.088,-0.05445137491174931,7189.437988
6495,818.214,-0.07179624136825292,7190.262207
6496,818.34,-0.0791966074274558,7190.502441
6497,818.466,-0.07851841481279764,7189.680664
6498,818.592,-0.07093429277351473,7187.474609
6499,818.718,-0.06293009271712008,7189.581055
6500,818.844,-0.04994503945777292,7189.880371
6501,818.97,-0.038125687346949155,7188.415527
6502,819.096,-0.036321342018391004,7189.020508
6503,819.222,-0.037154234790212556,7192.64209
6504,819.348,-0.03844247875842261,7191.32666
6505,819.474,-0.0366728086556735,7187.938477
6506,819.6,-0.03504955311905419,7193.314453
6507,819.726,-0.029030258311558855,7189.494629
6508,819.852,-0.02405652397926311,7186.080078
6509,819.978,-0.03298407195417566,7187.678223
6510,820.104,-0.03777566267891233,7187.691406
6511,820.23,-0.06804131992829214,7190.213379
6512,820.356,-0.0875983091599006,7191.043457
6513,820.482,-0.10302180890208311,7189.719238
6514,820.61,-0.10573282935689689,7187.819824
6515,820.734,-0.09404909816272503,7187.618164
6516,820.86,-0.07220427080182104,7186.245605
6517,820.986,-0.048936849491411305,7194.473145
6518,821.112,-0.02434634762671432,7188.146973
6519,821.238,-0.015538433181724999,7188.040039
6520,821.364,-0.014672258854391034,7187.955078
6521,821.49,-0.03326273282907673,7188.327148
6522,821.616,-0.051935134736661163,7187.523926
6523,821.742,-0.07271740126043726,7187.495605
6524,821.868,-0.08806606652048271,7189.78125
6525,821.994,-0.08573303776889346,7190.669922
6526,822.12,-0.08005363708690742,7187.959961
6527,822.246,-0.07342808247476353,7187.366211
6528,822.372,-0.06922078151547705,7186.292969
6529,822.498,-0.0691572922485749,7186.806152
6530,822.624,-0.06897122236680607,7185.154297
6531,822.75,-0.07031759577365357,7187.98584
6532,822.876,-0.06026006282578039,7186.592285
6533,823.002,-0.05915737671464475,7188.259277
6534,823.128,-0.04818500375502882,7187.720703
6535,823.254,-0.044258663739774606,7183.891113
6536,823.379,-0.0394202988521069,7184.577637
6537,823.506,-0.041192145736363525,7185.373047
6538,823.632,-0.04369290371164848,7187.177734
6539,823.758,-0.04402096963644746,7186.808105
6540,823.883,-0.04322397618402507,7188.948242
6541,824.01,-0.036890083393963935,7190.753418
6542,824.136,-0.027618733506482147,7188.75
6543,824.262,-0.012604298156149754,7186.438965
6544,824.387,0.002308465686732114,7185.615723
6545,824.513,0.0047625399659574665,7187.742188
6546,824.64,0.002793238369454351,7188.60791
6547,824.766,-0.017874874606123938,7186.041504
6548,824.892,-0.044231272322485214,7190.382813
6549,825.018,-0.07127028311333908,7184.580078
6550,825.143,-0.09752255155184136,7187.986328
6551,825.269,-0.08626761938090835,7185.774902
6552,825.395,-0.07821730834511172,7185.606934
6553,825.521,-0.05813050055987127,7189.222656
6554,825.648,-0.032746453510248984,7191.602051
6555,825.774,-0.016300517692968166,7186.574707
6556,825.899,-0.004950200759797602,7187.075195
6557,826.025,-0.00022922732982461018,7189.741699
6558,826.151,0.0022577121665978755,7182.901855
6559,826.277,0.009896426566512384,7188.595215
6560,826.404,0.012623233815136262,7184.42334
6561,826.529,0.013308507861696985,7188.158203
6562,826.655,0.009099442034467007,7184.222168
6563,826.781,-0.004233455014856274,7186.161133
6564,826.907,-0.017520781846680822,7182.464844
6565,827.033,-0.02791982325730808,7186.042969
6566,827.159,-0.035287834842184826,7186.613281
6567,827.286,-0.031799925052709316,7182.210938
6568,827.411,-0.015211833849095833,7187.935547
6569,827.537,-0.0009426817973253698,7184.134766
6570,827.663,0.010214288267334401,7184.936523
6571,827.789,0.013529841178151425,7187.166992
6572,827.915,0.00887386819247633,7182.748535
6573,828.041,-0.0021186394470684754,7184.500977
6574,828.167,-0.012532385586549968,7186.431641
6575,828.293,-0.01860960596626592,7185.425781
6576,828.419,-0.011408824664234759,7184.211914
6577,828.545,-0.0027607883810975846,7181.183594
6578,828.671,0.004548021789666494,7184.45459
6579,828.797,0.008650729367314505,7183.144043
6580,828.923,-0.0007612817930648399,7184.321777
6581,829.049,-0.012686771397498083,7186.666992
6582,829.175,-0.024992541158497257,7181.363281
6583,829.301,-0.040240613087576864,7181.550781
6584,829.427,-0.0408074338621295,7184.692383
6585,829.553,-0.03961126025342622,7182.916504
6586,829.679,-0.03757052734148477,7184.027832
6587,829.805,-0.04640321053363912,7183.219238
6588,829.931,-0.05111949532899181,7182.867188
6589,830.057,-0.04848258580111001,7183.532227
6590,830.183,-0.04405712256009501,7183.90332
6591,830.309,-0.02576392061097844,7183.01123
6592,830.435,-0.002563244979783554,7185.620605
6593,830.561,0.006947948890205846,7185.258301
6594,830.687,0.020772280923951756,7185.12793
6595,830.813,0.021731973548596826,7181.867188
6596,830.939,0.022079467732033897,7187.687012
6597,831.065,0.018453047651444014,7182.873535
6598,831.191,0.02787117482523453,7183.264648
6599,831.317,0.029138922417756362,7184.558105
6600,831.443,0.03652526104949533,7182.856934
6601,831.569,0.01975659570575672,7185.376953
6602,831.695,0.014248769953456114,7184.149414
6603,831.821,0.00460025244531465,7184.547852
6604,831.947,-0.00020111260413209335,7182.958008
6605,832.073,-0.006923129871453334,7187.625488
6606,832.199,-0.0074813715136995895,7184.763184
6607,832.325,-0.00797225178753983,7183.879395
6608,832.451,-0.026155347585562514,7180.626465
6609,832.577,-0.02862799526373722,7182.682129
6610,832.703,-0.025829750708221976,7183.292969
6611,832.829,-0.01283661270769966,7187.592773
6612,832.955,0.006873675943730274,7183.662109
6613,833.081,0.02203913530647726,7185.157715
6614,833.207,0.039499869951585276,7181.512207
6615,833.333,0.04524093719459406,7182.268555
6616,833.459,0.04416384260602103,7183.286621
6617,833.585,0.03936184982639285,7182.798828
6618,833.711,0.031701659344061085,7182.911133
6619,833.837,0.023941078377798963,7180.669922
6620,833.963,0.027514292166245922,7187.112793
6621,834.089,0.029329538567765132,7184.520508
6622,834.215,0.03301858576565568,7183.121582
6623,834.341,0.034195258902656164,7185.185547
6624,834.467,0.03638217697681448,7184.583008
6625,834.593,0.030552246305497723,7183.220703
6626,834.719,0.02651805803976668,7182.383301
6627,834.845,0.009473688986668543,7180.791992
6628,834.972,-0.016322935795269316,7184.556152
6629,835.097,-0.0261150077722847,7185.601074
6630,835.223,-0.0370678124841588,7181.793945
6631,835.349,-0.03237564088508746,7182.631348
6632,835.475,-0.0047508891522870175,7180.257813
6633,835.601,0.026708400859403184,7179.847656
6634,835.727,0.07346883843507188,7181.523926
6635,835.853,0.10346144984933205,7182.117676
6636,835.979,0.10507493874240988,7182.657715
6637,836.105,0.11501100670548667,7181.409668
6638,836.231,0.11335519965739274,7181.989746
6639,836.357,0.12763551437663384,7183.074219
6640,836.483,0.1306531299237315,7180.780273
6641,836.609,0.1343220163399231,7186.064453
6642,836.735,0.13228356607698885,7184.038574
6643,836.861,0.12135032031553442,7179.798828
6644,836.987,0.10510171822287975,7179.019531
6645,837.113,0.07892758180031952,7180.688965
6646,837.239,0.06054951305684637,7179.038086
6647,837.365,0.04683867687503976,7180.585449
6648,837.491,0.048764066856015864,7183.053223
6649,837.617,0.059282750375008256,7180.175293
6650,837.743,0.07534854724416198,7181.628418
6651,837.869,0.0791896114112035,7177.934082
6652,837.995,0.08845808856328542,7181.111328
6653,838.121,0.08207038752888676,7180.736328
6654,838.248,0.0761422743707318,7179.414551
6655,838.373,0.05846517340059954,7181.304688
6656,838.499,0.042779321053484004,7182.739746
6657,838.625,0.035528923947104246,7180.526855
6658,838.751,0.03631398884590274,7180.496094
6659,838.877,0.0379261043139174,7180.417969
6660,839.003,0.04133557166082487,7175.378906
6661,839.129,0.040901163919450256,7184.358887
6662,839.254,0.029756187997843877,7181.221191
6663,839.381,0.022014234321740826,7180.04541
6664,839.507,0.007981135837054986,7178.986816
6665,839.633,0.0013239418718654587,7181.17041
6666,839.759,0.0008714648023866277,7179.833008
6667,839.885,0.014297551923144339,7179.777344
6668,840.011,0.02427733084756348,7178.965332
6669,840.136,0.035294852551177966,7179.527344
6670,840.262,0.042820641562547015,7177.126465
6671,840.389,0.041694432949044784,7178.015137
6672,840.515,0.03669907266409386,7178.557129
6673,840.641,0.03852520227576335,7176.283203
6674,840.766,0.04152192935243933,7179.989258
6675,840.892,0.054975252895533504,7179.646973
6676,841.018,0.06368294892902907,7178.240723
6677,841.144,0.07298259607585716,7178.45166
6678,841.27,0.07471936935918454,7178.557617
6679,841.396,0.0675478265985652,7176.245605
6680,841.523,0.0641541023593682,7179.468262
6681,841.649,0.05585085225243843,7178.87207
6682,841.775,0.043776369905739576,7182.283203
6683,841.9,0.04436669209804933,7178.37793
6684,842.026,0.039507582694785055,7177.555176
6685,842.152,0.04422311908347364,7178.414063
6686,842.278,0.0479134134682863,7177.816406
6687,842.404,0.060506872295834714,7177.322754
6688,842.53,0.06813557168716361,7178.953613
6689,842.656,0.07740258652925432,7179.19873
6690,842.783,0.08447182359656444,7178.036133
6691,842.908,0.08115762644555068,7180.226074
6692,843.034,0.07836957022581345,7182.894043
6693,843.16,0.06616288397229454,7178.398438
6694,843.286,0.05554299947107732,7178.947266
6695,843.413,0.04839796455322111,7178.876465
6696,843.538,0.041053375004851046,7179.855469
6697,843.664,0.04458327878573834,7179.616699
6698,843.79,0.03444463563139134,7183.744141
6699,843.916,0.0278750206809305,7181.992676
6700,844.042,0.019805697440643668,7178.972656
6701,844.168,0.0115282337574897,7175.233887
6702,844.295,0.012827681065860408,7181.657715
6703,844.42,0.020180136657593824,7179.002441
6704,844.546,0.03779501967176073,7178.207031
6705,844.672,0.06020869701002528,7180.662598
6706,844.798,0.07781588801903007,7178.165527
6707,844.924,0.09058974557818035,7176.120117
6708,845.05,0.09318616455796305,7177.306641
6709,845.176,0.09360463138060852,7179.21875
6710,845.302,0.08974234565221871,7176.373535
6711,845.428,0.09040188434832731,7176.635254
6712,845.554,0.09445647683693614,7175.82959
6713,845.68,0.09696334018032045,7177.471191
6714,845.806,0.09831071569406352,7176.150391
6715,845.932,0.09506010170416593,7178.934082
6716,846.058,0.08516914209906973,7176.223145
6717,846.184,0.0741271385782627,7173.937012
6718,846.31,0.0588168865288426,7177.229492
6719,846.436,0.0627499115293772,7177.818848
6720,846.562,0.06693736007433713,7178.192871
6721,846.689,0.07507727364224621,7177.473633
6722,846.814,0.0854583096119229,7177.58252
6723,846.94,0.09705262421831416,7174.027344
6724,847.066,0.10603030830527119,7176.548828
6725,847.192,0.11222836067454393,7176.066406
6726,847.318,0.11991552375806888,7173.691895
6727,847.444,0.13318808698324403,7173.683594
6728,847.57,0.14273495869567063,7175.081055
6729,847.696,0.15110202352175778,7177.952148
6730,847.822,0.1536739777556046,7172.560059
6731,847.948,0.14898029847972558,7173.900391
6732,848.074,0.13372763861601408,7173.29248
6733,848.2,0.11683745538604957,7172.189453
6734,848.326,0.09427570909153798,7171.29834
6735,848.452,0.07441354020189404,7174.766113
6736,848.578,0.051852865701853636,7172.339355
6737,848.704,0.03261757287158903,7172.018066
6738,848.83,0.020837905281316786,7170.112305
6739,848.956,0.016697039958715666,7170.789551
6740,849.082,0.018639513571395074,7168.616699
6741,849.208,0.03151859881501775,7173.169434
6742,849.334,0.054075107512343665,7172.557129
6743,849.46,0.0801205994319159,7173.14502
6744,849.586,0.10904569901532842,7175.541992
6745,849.712,0.1268360949578049,7172.535645
6746,849.838,0.13530205624509561,7171.726074
6747,849.964,0.12441784785305245,7171.829102
6748,850.09,0.08939450913267043,7170.995117
6749,850.216,0.05626699900901006,7171.106445
6750,850.342,0.024446385957626642,7174.571777
6751,850.468,0.01325213982173279,7170.523926
6752,850.594,0.037028737672697085,7173.634766
6753,850.72,0.06313612260138539,7175.294434
6754,850.846,0.09471099820351069,7171.114746
6755,850.972,0.11893490970707876,7170.136719
6756,851.098,0.11051976591445209,7169.594727
6757,851.224,0.08107661124653097,7170.294922
6758,851.35,0.0425512378339705,7170.89209
6759,851.476,0.004264429230911151,7164.682129
6760,851.602,-0.022462915949822693,7170.622559
6761,851.728,-0.027276158149319992,7169.737793
6762,851.854,-0.008633255877707035,7173.464355
6763,851.98,0.023851328522985098,7172.101563
6764,852.106,0.06121925866054439,7170.824219
6765,852.232,0.09279424885289646,7168.935059
6766,852.358,0.11585072973522283,7169.112305
6767,852.484,0.1214905150008529,7166.65625
6768,852.61,0.11142897040163084,7166.06543
6769,852.736,0.09744328846101823,7168.103516
6770,852.862,0.0761016531125142,7169.226563
6771,852.988,0.06069345061058571,7170.803711
6772,853.114,0.050104206865103466,7164.623535
6773,853.24,0.04230516686805887,7166.786133
6774,853.366,0.04308295644222689,7167.883301
6775,853.492,0.04712503167655744,7167.710938
6776,853.618,0.052585155622558416,7167.328125
6777,853.744,0.055852446524560145,7171.349609
6778,853.869,0.05333401527199204,7172.022949
6779,853.996,0.049745728915441365,7167.589355
6780,854.122,0.0470900361073786,7168.840332
6781,854.248,0.05061531657558149,7164.300781
6782,854.374,0.059287205940430195,7166.631836
6783,854.5,0.07139886008266662,7170.281738
6784,854.626,0.08636985615353768,7168.155762
6785,854.752,0.10378721691912839,7167.839355
6786,854.878,0.12070645277213206,7167.584961
6787,855.003,0.13322212486975732,7168.163086
6788,855.13,0.14714410761422514,7167.469727
6789,855.256,0.15114769106703282,7163.025391
6790,855.381,0.1451336248972968,7166.536621
6791,855.508,0.13142550492546076,7166.043945
6792,855.634,0.11323822624843002,7164.802246
6793,855.76,0.09002830680816122,7165.835449
6794,855.885,0.06368777061193508,7162.379395
6795,856.012,0.04705022090719609,7165.590332
6796,856.138,0.03306736151844003,7167.342285
6797,856.264,0.029961910972979594,7165.441406
6798,856.39,0.02900832920215038,7166.446289
6799,856.515,0.040156241116704704,7164.019043
6800,856.642,0.05240746013264501,7163.671387
6801,856.767,0.0697548791916516,7163.286621
6802,856.894,0.08544221853870587,7166.297363
6803,857.019,0.09310847067327796,7163.433105
6804,857.145,0.08989795477615356,7169.187012
6805,857.271,0.0650768023751113,7169.354004
6806,857.397,0.03235642587153931,7166.490234
6807,857.523,0.00828651077053858,7164.121582
6808,857.649,-0.021525779455905402,7163.72998
6809,857.775,0.0004795697793289182,7162.066895
6810,857.902,0.025138683709887377,7164.419922
6811,858.027,0.054927673043486634,7165.828613
6812,858.153,0.08686059176225311,7161.308594
6813,858.279,0.0969020021522957,7161.682617
6814,858.405,0.10355200745090291,7168.620117
6815,858.531,0.10069425541990593,7165.729004
6816,858.657,0.0904066003443374,7160.310547
6817,858.783,0.07781622520569613,7166.513184
6818,858.909,0.06785012833035,7170.383301
6819,859.035,0.056271216750549906,7167.842285
6820,859.161,0.04539620902472467,7161.858398
6821,859.287,0.04676203723320647,7164.775391
6822,859.413,0.0434996062649591,7162.533691
6823,859.539,0.04400482342426066,7166.24707
6824,859.665,0.040117865888137615,7161.09668
6825,859.791,0.021490202867187197,7163.288086
6826,859.917,0.013366726373857888,7163.505371
6827,860.043,0.008826910510180107,7164.091309
6828,860.169,0.019875253600247292,7162.463867
6829,860.295,0.03396327666950562,7162.723633
6830,860.421,0.0481079418529739,7163.729004
6831,860.547,0.05964971054845725,7165.119629
6832,860.673,0.06879012311463117,7164.850098
6833,860.799,0.07096687157167667,7164.865234
6834,860.926,0.07192498569524074,7160.456543
6835,861.051,0.06370173532934299,7161.555176
6836,861.177,0.0644599713081437,7162.880859
6837,861.303,0.056028539962707895,7162.741699
6838,861.429,0.05443978980701586,7160.341309
6839,861.555,0.05842475653188202,7160.62793
6840,861.681,0.07151317571718314,7165.155762
6841,861.807,0.09227504939548435,7164.299805
6842,861.933,0.11800646727806531,7156.604004
6843,862.059,0.13264864364856202,7160.79248
6844,862.185,0.13648876483827455,7161.530762
6845,862.311,0.12279921379481405,7162.730469
6846,862.437,0.10377808064573348,7162.5625
6847,862.563,0.07834696040397543,7162.160156
6848,862.689,0.051961875629779046,7159.699707
6849,862.815,0.03330657216514923,7162.60791
6850,862.941,0.022881792317416882,7163.835938
6851,863.067,0.02173804323523531,7160.939453
6852,863.193,0.02549339598928388,7161.945313
6853,863.319,0.03524314914463765,7160.064941
6854,863.445,0.049269629404230394,7159.401855
6855,863.571,0.0643467440044986,7160.595215
6856,863.697,0.06381708927391083,7156.818359
6857,863.823,0.06398885500962964,7160.797363
6858,863.95,0.057643310278993234,7160.848633
6859,864.075,0.05039710696989666,7160.55957
6860,864.201,0.05707308599652387,7158.749512
6861,864.327,0.07173160968307545,7163.405273
6862,864.453,0.07931739546906681,7161.285156
6863,864.579,0.09303340786907516,7160.506348
6864,864.705,0.09422927602869068,7158.753418
6865,864.831,0.08317470659773386,7161.013184
6866,864.957,0.07793084720818277,7163.122559
6867,865.083,0.06289411014236078,7158.792969
6868,865.209,0.057282914152659445,7160.96582
6869,865.335,0.045713117651909115,7158.882813
6870,865.461,0.040160267373532205,7157.715332
6871,865.587,0.027633554266218364,7157.576172
6872,865.713,0.017202277222572688,7159.186523
6873,865.839,0.007036017714286902,7157.605469
6874,865.965,0.006050981343586609,7154.628418
6875,866.091,0.01767297255492659,7159.776855
6876,866.217,0.04584544385678578,7157.944824
6877,866.343,0.06892194922708404,7158.553223
6878,866.469,0.08604833679859689,7155.312012
6879,866.595,0.08279115852589744,7156.12207
6880,866.721,0.04541346660161755,7159.26416
6881,866.847,0.009396289066352294,7158.623535
6882,866.973,-0.03231168327062169,7158.699219
6883,867.099,-0.05749560688921877,7159.336426
6884,867.225,-0.05774750923683103,7160.703125
6885,867.351,-0.03431642322523636,7158.943359
6886,867.477,0.0027896097263081184,7159.114258
6887,867.603,0.04634292141661955,7157.30127
6888,867.729,0.08939435681539158,7158.291504
6889,867.855,0.11667823278544599,7158.266113
6890,867.981,0.13302951516119657,7158.164551
6891,868.107,0.13851425881936105,7156.820313
6892,868.233,0.1271462419410514,7156.04248
6893,868.359,0.11457340865784761,7155.820313
6894,868.485,0.09962493576158281,7157.61377
6895,868.611,0.07764858791176597,7157.625977
6896,868.737,0.04980016846680017,7155.939941
6897,868.863,0.033411617834794426,7153.601563
6898,868.989,0.019562161067543268,7156.39209
6899,869.115,0.019064377188837373,7157.381348
6900,869.241,0.026243371772767934,7157.405273
6901,869.367,0.033093685570406074,7155.452148
6902,869.493,0.046697079783833244,7154.018066
6903,869.619,0.048483232238832046,7160.191406
6904,869.745,0.048065212464523534,7157.253906
6905,869.871,0.037967709335390946,7158.090332
6906,869.997,0.026159507717771657,7157.355469
6907,870.122,0.011209526625072987,7156.070801
6908,870.249,0.0026604110977185252,7157.217285
6909,870.374,-0.0035518174074953795,7157.817871
6910,870.501,0.003364981243825847,7157.037598
6911,870.627,0.01996963859735375,7159.01416
6912,870.753,0.03995507382958284,7154.384277
6913,870.878,0.06250092906473415,7152.921875
6914,871.005,0.07801449973817892,7154.666992
6915,871.131,0.08464951015409473,7156.773438
6916,871.256,0.0789642533674846,7153.875977
6917,871.383,0.06665874951270488,7152.465332
6918,871.508,0.04456699734069385,7154.013184
6919,871.635,0.017881182696207042,7153.38916
6920,871.761,-0.007512425250042181,7155.020508
6921,871.886,-0.025812382434792367,7157.62793
6922,872.013,-0.04139784256763241,7161.92041
6923,872.138,-0.04406761056764842,7155.533691
6924,872.264,-0.03710279356127398,7154.339355
6925,872.39,-0.02520463992188973,7155.501465
6926,872.517,-0.005728682678755569,7154.351074
6927,872.643,0.017994394568223566,7156.834473
6928,872.768,0.040180389416949555,7152.460449
6929,872.894,0.060261507641537086,7154.748535
6930,873.02,0.07655319100271148,7153.602539
6931,873.147,0.0844063252810634,7154.69873
6932,873.272,0.08752544300565175,7147.249512
6933,873.398,0.07883498153577953,7156.978516
6934,873.524,0.06435387522994757,7155.943848
6935,873.65,0.05043469745890241,7155.939453
6936,873.777,0.03879538064938792,7156.399902
6937,873.902,0.03661636660088788,7152.228516
6938,874.028,0.033944563388007665,7150.442383
6939,874.154,0.03252325894887556,7154.970703
6940,874.281,0.023844931177797683,7154.990723
6941,874.406,0.006623847086386756,7152.263184
6942,874.532,-0.01959366034616696,7152.550781
6943,874.658,-0.04206104211067727,7155.266602
6944,874.784,-0.05711945795395644,7155.1875
6945,874.91,-0.05815221976018714,7154.967773
6946,875.036,-0.03305610606371068,7153.87207
6947,875.162,0.0005759743360294156,7151.19043
6948,875.288,0.03610342968902003,7158.742188
6949,875.414,0.06555225298727603,7152.674805
6950,875.54,0.06392625670156923,7155.623047
6951,875.666,0.041849588269874484,7154.069336
6952,875.792,0.0176047226680322,7154.15625
6953,875.918,-0.008815687449216686,7153.294434
6954,876.044,-0.007480641704415165,7152.991699
6955,876.17,0.009274495246774431,7152.527832
6956,876.296,0.03556993275223099,7155.113281
6957,876.422,0.0645625937442988,7153.119629
6958,876.549,0.08849114897781112,7153.777344
6959,876.674,0.09073465196970747,7152.310059
6960,876.8,0.0763195456927623,7153.232422
6961,876.926,0.04945029425981734,7153.510742
6962,877.052,0.02014346376170959,7159.36377
6963,877.178,-0.004145145386027227,7153.488281
6964,877.304,-0.013544153420344393,7154.09082
6965,877.43,-0.01332048129440934,7155.476563
6966,877.556,-0.0051595461869374856,7153.731934
6967,877.682,0.008403785045075121,7153.849609
6968,877.808,0.019391658550095614,7151.021973
6969,877.934,0.021203374951227275,7155.504883
6970,878.06,0.01521853997931885,7153.112793
6971,878.186,0.010129276975766656,7153.867188
6972,878.312,0.005968962934183073,7157.325684
6973,878.438,0.006256599369566214,7156.003906
6974,878.564,0.02085070170193647,7153.588379
6975,878.69,0.037048587931083045,7155.014648
6976,878.816,0.055292363352297084,7153.429199
6977,878.942,0.06605960500147474,7153.679688
6978,879.069,0.06539810764408391,7154.242676
6979,879.194,0.05266995964309793,7159.606445
6980,879.32,0.02744885527921146,7156.772461
6981,879.446,0.007039973889101816,7155.356934
6982,879.572,-0.009761412008541574,7155.989746
6983,879.698,-0.007692761374146799,7151.560547
6984,879.824,0.005302986944005022,7155.333984
6985,879.95,0.033731607573754645,7154.165527
6986,880.076,0.057447147711415014,7154.162109
6987,880.202,0.08156502743108074,7153.161133
6988,880.328,0.09180294846922235,7153.33252
6989,880.454,0.0966803722992102,7154.983887
6990,880.58,0.08953221353903376,7153.896973
6991,880.706,0.08794342390317784,7153.088867
6992,880.832,0.0892880007770742,7157.281738
6993,880.958,0.09255410781262885,7154.651367
6994,881.084,0.10441807260069881,7152.202637
6995,881.21,0.11072385317555601,7155.100586
6996,881.336,0.11699609455104466,7154.141113
6997,881.462,0.11933998126348003,7152.630859
6998,881.588,0.1064905004802829,7151.394531
6999,881.714,0.08922030230715085,7155.999512
7000,881.84,0.07240994835399525,7151.849121
7001,881.966,0.05058135574271938,7154.529297
7002,882.092,0.02854972776915497,7153.772461
7003,882.218,0.017298016225549082,7152.363281
7004,882.344,0.006678115700925642,7154.688477
7005,882.47,0.007151266405881814,7152.571289
7006,882.596,0.008808174954193925,7151.942383
7007,882.723,0.0199187943794863,7150.896484
7008,882.848,0.028165567499572945,7150.533203
7009,882.974,0.03222212602998168,7152.037598
7010,883.1,0.04155157564826092,7147.574219
7011,883.226,0.04569564252736833,7150.716309
7012,883.352,0.05174543680431994,7151.944824
7013,883.478,0.05900491924090272,7153.45752
7014,883.604,0.05726641279409933,7149.163574
7015,883.73,0.053509943123403826,7152.83252
7016,883.856,0.041966942040507424,7156.516113
7017,883.982,0.03287108098119334,7148.754883
7018,884.108,0.01738101498322184,7151.186035
7019,884.234,5.590522442448179e-05,7150.529785
7020,884.36,-0.013957035363425229,7154.449219
7021,884.486,-0.017638703536472226,7150.637207
7022,884.612,-0.020158422179122764,7153.027832
7023,884.738,-0.014949788070769092,7150.774414
7024,884.864,-0.001974914122130854,7151.48291
7025,884.989,0.005414882568942773,7151.626953
7026,885.116,0.015014941277547836,7150.583496
7027,885.242,0.011070853591365424,7150.260254
7028,885.368,0.00022766318269026346,7148.439453
7029,885.494,-0.017124865009841065,7152.187988
7030,885.62,-0.035277851867854454,7151.583984
7031,885.746,-0.05296995184630765,7153.272949
7032,885.871,-0.059653683445971786,7149.390137
7033,885.998,-0.05851356957582482,7151.816895
7034,886.124,-0.03934774366316632,7151.213867
7035,886.249,-0.009545492984400657,7149.847168
7036,886.376,0.025288147094087107,7149.583496
7037,886.502,0.06226403728591015,7151.902344
7038,886.627,0.09008514915455881,7144.370117
7039,886.753,0.10039061115462818,7151.874023
7040,886.88,0.09248355991507931,7150.676758
7041,887.005,0.06649146944464375,7152.540039
7042,887.132,0.039263260203857744,7149.903809
7043,887.258,0.007436990447101707,7150.25293
7044,887.384,-0.008121859002699816,7151.356445
7045,887.509,-0.006380975308110665,7148.726074
7046,887.635,0.01230119506170972,7152.847168
7047,887.762,0.03386778989277169,7152.599609
7048,887.887,0.057663722563576846,7151.763184
7049,888.013,0.07598076749330739,7151.354004
7050,888.139,0.0810935898002181,7151.508301
7051,888.265,0.08252400295937433,7149.310547
7052,888.391,0.07435225547176413,7147.340332
7053,888.517,0.06130621513337021,7152.116211
7054,888.643,0.04487129256876871,7151.106445
7055,888.769,0.03077615307878018,7147.648438
7056,888.896,0.01683573427410128,7145.905273
7057,889.021,0.01296328090525729,7146.344238
7058,889.147,0.015123963660262682,7149.216309
7059,889.274,0.027561568994356748,7150.015625
7060,889.399,0.03661442518744198,7151.749023
7061,889.525,0.04489874038117396,7150.214355
7062,889.651,0.039382304406335965,7152.015625
7063,889.777,0.02324761067572398,7149.14209
7064,889.903,-0.002404235388664267,7150.951172
7065,890.029,-0.026720994227408493,7144.326172
7066,890.156,-0.04246354981656931,7146.286133
7067,890.281,-0.04287313821762155,7150.928223
7068,890.407,-0.023387959423740463,7149.823242
7069,890.533,0.002894524550719352,7150.45166
7070,890.659,0.03126905443148211,7147.619141
7071,890.785,0.05029417611562604,7150.589355
7072,890.911,0.05549645925535389,7147.953125
7073,891.037,0.04461857019706013,7151.792969
7074,891.163,0.026168787671361358,7150.750488
7075,891.289,0.007657577858778388,7145.576172
7076,891.415,-0.005061451707174601,7147.664551
7077,891.541,-0.010030102126514244,7147.495117
7078,891.667,-0.00783854163353194,7147.023926
7079,891.793,-0.000379438599702337,7148.802734
7080,891.919,0.012146670256884278,7149.97168
7081,892.045,0.022862733760303396,7148.410645
7082,892.171,0.040593203555761556,7151.005859
7083,892.297,0.056131070423916594,7147.836426
7084,892.423,0.07159756997036772,7147.149902
7085,892.549,0.08645615851509549,7148.580566
7086,892.675,0.09303077348832724,7146.051758
7087,892.801,0.09061808199474314,7152.371582
7088,892.927,0.08061974706848443,7149.070801
7089,893.053,0.06679868839480936,7146.879395
7090,893.179,0.050264394748626144,7150.118164
7091,893.305,0.04282108801047286,7145.377441
7092,893.431,0.040753168129080856,7149.391602
7093,893.557,0.046055984820788355,7144.355469
7094,893.683,0.05432982476013333,7148.027832
7095,893.809,0.06497439433853616,7150.334473
7096,893.936,0.07646084891736372,7144.98584
7097,894.061,0.07688784169285284,7148.98291
7098,894.187,0.07573951176524846,7151.436523
7099,894.313,0.06879047580522016,7145.030273
7100,894.439,0.055656125963045484,7148.683105
7101,894.565,0.04234937282276997,7148.025879
7102,894.691,0.030366845816709186,7147.439941
7103,894.817,0.022699221672719875,7146.766113
7104,894.943,0.015932819818530758,7148.200684
7105,895.069,0.006001750095118131,7146.634766
7106,895.195,-0.009133053841114352,7146.342285
7107,895.321,-0.02462716652154008,7145.006836
7108,895.447,-0.04157274273021196,7150.419434
7109,895.573,-0.04823588073210382,7145.872559
7110,895.699,-0.04250225643043329,7146.661621
7111,895.825,-0.030206679784828206,7146.297363
7112,895.951,-0.006771226918195725,7147.583984
7113,896.077,0.01960342664017093,7143.089844
7114,896.203,0.034941896189125465,7141.299805
7115,896.329,0.04657564158917445,7145.695313
7116,896.455,0.04773319899751861,7144.766602
7117,896.581,0.04246649827071914,7147.269043
7118,896.707,0.030452145825983372,7145.975098
7119,896.833,0.02226449833049671,7145.302734
7120,896.959,0.00968259990821049,7146.40625
7121,897.085,0.0036361295985099336,7145.932617
7122,897.211,0.0010048174849230768,7147.315918
7123,897.337,0.004093038857766663,7145.276367
7124,897.463,0.022337117344145507,7146.10498
7125,897.589,0.04370572906685388,7148.884277
7126,897.715,0.06433566195522095,7145.306641
7127,897.842,0.08325638153588977,7145.300293
7128,897.967,0.08704121018099087,7147.634766
7129,898.093,0.07965479241542847,7148.243164
7130,898.219,0.05499716964868409,7147.96875
7131,898.345,0.023920977172147456,7150.467285
7132,898.471,-0.0034495011811348157,7145.053711
7133,898.597,-0.018441328586385853,7142.866699
7134,898.723,-0.027313845447425367,7145.279297
7135,898.849,-0.02567349827067216,7146.568848
7136,898.975,-0.013551209634578515,7144.443359
7137,899.101,0.001214523466256807,7143.867676
7138,899.227,0.01920250962172026,7145.012207
7139,899.353,0.03499300696205911,7145.19873
7140,899.479,0.04004515064349726,7142.19043
7141,899.605,0.03499145540139291,7143.985352
7142,899.731,0.02340699775418315,7142.213867
7143,899.857,-0.007926396043657191,7142.038574
7144,899.983,-0.038116951602098964,7142.067871
7145,900.109,-0.06340551091360858,7138.201172
7146,900.235,-0.07669587566823349,7142.300293
7147,900.361,-0.06564999592138848,7138.490723
7148,900.487,-0.04791683869060138,7140.14502
7149,900.613,-0.025287470054946762,7140.973633
7150,900.739,-0.005335465828363357,7140.272949
7151,900.864,0.0054050743366038075,7138.407715
7152,900.991,0.010643357904053125,7145.061523
7153,901.117,0.010440996850184328,7141.605469
7154,901.243,0.004765831466867618,7141.457031
7155,901.368,0.004398546173266622,7137.789063
7156,901.494,0.0037090200264247824,7136.264648
7157,901.621,0.001601094469277221,7138.291016
7158,901.747,0.003620546724141979,7139.77832
7159,901.873,0.00499032383928297,7141.238281
7160,901.999,0.013511780872527152,7141.994629
7161,902.125,0.022467225300329977,7142.680664
7162,902.25,0.034076015485520555,7141.120605
7163,902.377,0.047058701668121324,7140.680664
7164,902.502,0.053150157535605376,7140.851074
7165,902.629,0.06093910930492519,7140.702637
7166,902.754,0.06633945741526837,7137.288574
7167,902.881,0.0625756886452998,7141.054199
7168,903.007,0.05956400430422824,7137.815918
7169,903.133,0.05574529305662546,7138.200195
7170,903.259,0.05239769784379488,7140.337891
7171,903.384,0.04593701407598532,7142.72168
7172,903.51,0.03456389734763129,7137.396973
7173,903.636,0.023313304788330533,7138.869629
7174,903.762,0.011366013519627498,7139.344238
7175,903.888,0.0020632422557039305,7141.724121
7176,904.015,-0.006075015606135505,7138.525879
7177,904.14,-0.007612354910229577,7142.978027
7178,904.266,-0.009233830031404194,7142.633789
7179,904.392,-0.0103574352955777,7142.331055
7180,904.518,-0.011319437428843913,7140.823242
7181,904.644,-0.007151834629392044,7139.354492
7182,904.771,0.0007160208837316108,7142.897949
7183,904.896,0.011530750596909766,7141.63916
7184,905.022,0.028469872842384034,7141.483887
7185,905.148,0.043650788584563366,7140.561035
7186,905.274,0.05676803303255715,7140.03418
7187,905.4,0.059115618725560315,7140.788574
7188,905.526,0.0517229081136545,7142.356934
7189,905.652,0.04223249766157265,7141.408203
7190,905.779,0.028184505457807523,7139.441406
7191,905.904,0.01670973999509122,7140.772949
7192,906.03,0.00960947464624863,7138.236328
7193,906.156,0.002222833353430571,7144.225098
7194,906.282,-0.00451097106863637,7141.678223
7195,906.408,-0.0174352856396714,7141.628906
7196,906.534,-0.027533077638380133,7138.663086
7197,906.66,-0.03111250299274574,7141.703125
7198,906.786,-0.02593652391610393,7134.162109
7199,906.912,-0.008934603801557849,7140.512207
7200,907.038,0.019839608597540477,7139.590332
7201,907.164,0.04137895566038599,7139.782227
7202,907.29,0.05559608016327141,7139.961914
7203,907.416,0.047659011751306046,7139.591797
7204,907.542,0.017783519153512117,7136.265137
7205,907.668,-0.01799866343072828,7137.750977
7206,907.794,-0.05554216591786434,7139.032715
7207,907.92,-0.0866269236546928,7136.510742
7208,908.047,-0.09952690319133417,7138.09375
7209,908.172,-0.10031927697435515,7141.952637
7210,908.298,-0.08505356000409847,7137.910645
7211,908.424,-0.07216472701119818,7136.62793
7212,908.55,-0.04873522885073179,7135.952637
7213,908.676,-0.031627330841147494,7137.683594
7214,908.802,-0.018480942678235336,7139.897949
7215,908.928,-0.017604903763045982,7137.574707
7216,909.054,-0.026023455172986574,7135.124023
7217,909.18,-0.039643005690450664,7139.200195
7218,909.306,-0.05514637325815377,7138.787109
7219,909.432,-0.06387792332602603,7139.398438
7220,909.558,-0.0650542338410824,7134.94043
7221,909.684,-0.04700936895949069,7136.601563
7222,909.81,-0.02666335929329018,7135.925781
7223,909.936,-0.009608818514126248,7138.475098
7224,910.062,0.0009689016586558087,7134.439453
7225,910.188,-0.008865708381467425,7137.8125
7226,910.314,-0.02479269471869649,7137.042969
7227,910.44,-0.04313833719278049,7134.543457
7228,910.566,-0.05997197852834624,7136.207031
7229,910.692,-0.06441533800602402,7132.710938
7230,910.818,-0.05580166319073522,7133.985352
7231,910.944,-0.033824198776517135,7136.361328
7232,911.07,-0.009232422870794708,7136.237793
7233,911.196,0.018853088252627166,7136.921875
7234,911.322,0.04055888284559877,7138.01416
7235,911.448,0.05583018561240205,7134.307617
7236,911.574,0.053928645260618684,7135.755371
7237,911.7,0.04847401882841076,7136.45459
7238,911.826,0.0401723156343831,7136.046387
7239,911.952,0.02551270646312859,7136.290527
7240,912.078,0.01640922316948124,7132.162598
7241,912.204,0.016038234367498135,7138.651367
7242,912.33,0.011277254133460417,7135.825195
7243,912.456,0.010682144762081708,7135.613281
7244,912.582,0.007618957861143657,7132.808594
7245,912.708,-0.006219084025643091,7134.530273
7246,912.834,-0.016680817063246787,7136.75293
7247,912.96,-0.031158073398210997,7133.330078
7248,913.086,-0.030792857941423238,7135.392578
7249,913.212,-0.03748173019452532,7134.763672
7250,913.338,-0.034623185662564095,7135.606445
7251,913.464,-0.025352122423980303,7139.65332
7252,913.59,-0.012430102886573527,7139.199219
7253,913.716,0.004684295984743541,7133.135742
7254,913.842,0.019668048697524122,7135.584961
7255,913.968,0.045471090271061006,7131.492188
7256,914.094,0.05838417821023265,7138.446777
7257,914.22,0.0786764553617755,7136.453125
7258,914.346,0.08002514685540123,7131.007813
7259,914.472,0.07139761109920535,7136.748535
7260,914.598,0.05627191922679234,7131.976074
7261,914.724,0.033925494801372184,7138.289063
7262,914.85,0.00942562796382895,7134.268555
7263,914.976,-0.007233121496515724,7133.407715
7264,915.102,-0.02377980040191734,7133.474609
7265,915.228,-0.03081027592482811,7135.660156
7266,915.354,-0.03018222623207645,7137.936523
7267,915.48,-0.03240121780385052,7135.905762
7268,915.606,-0.03370548705857403,7132.891602
7269,915.732,-0.036320787113993426,7135.175781
7270,915.858,-0.04625800708155875,7131.316895
7271,915.983,-0.05217073336754348,7134.966309
7272,916.11,-0.05337160896570431,7129.945313
7273,916.236,-0.05088948526176193,7128.581055
7274,916.362,-0.041448033753911866,7133.719727
7275,916.488,-0.03300294963258717,7133.354004
7276,916.614,-0.024496370284385113,7135.705566
7277,916.74,-0.021787809638743976,7132.384277
7278,916.866,-0.03100407333050382,7134.32959
7279,916.992,-0.06107319932514193,7131.363281
7280,917.117,-0.06601801983417005,7133.456543
7281,917.243,-0.07176976455636207,7132.728516
7282,917.37,-0.07051929316855665,7129.312012
7283,917.496,-0.05929753835394258,7133.770996
7284,917.622,-0.04409619922772948,7132.44873
7285,917.748,-0.03819571444609762,7133.094238
7286,917.873,-0.038548156756409324,7130.981934
7287,917.999,-0.050503157235110355,7132.286133
7288,918.126,-0.07254891227952125,7132.432129
7289,918.251,-0.10123010772081052,7127.942383
7290,918.377,-0.12662655310906915,7131.000977
7291,918.504,-0.14497563161156402,7130.0625
7292,918.629,-0.14852930206088277,7128.729004
7293,918.755,-0.14363571498862668,7132.244629
7294,918.881,-0.12818502609215712,7133.046387
7295,919.007,-0.10303953385844285,7123.94873
7296,919.133,-0.0756163408950371,7129.560059
7297,919.259,-0.05005055577294783,7128.776367
7298,919.386,-0.02894004684549605,7131.849609
7299,919.511,-0.01820245582442988,7131.73291
7300,919.637,-0.01844211614869642,7129.046875
7301,919.763,-0.02418948276479449,7128.900879
7302,919.889,-0.02741093693826931,7129.624512
7303,920.015,-0.031516208746417015,7130.712891
7304,920.141,-0.03048525681732971,7130.76123
7305,920.267,-0.024598288353024186,7127.523926
7306,920.393,-0.015570806618259457,7130.169434
7307,920.519,-0.02351212686385005,7128.46582
7308,920.645,-0.04590712296869586,7129.211914
7309,920.771,-0.05904772369662284,7128.774902
7310,920.897,-0.077293323166728,7127.878906
7311,921.023,-0.06992170321540954,7131.374512
7312,921.149,-0.05462440218554924,7129.257324
7313,921.275,-0.041812522015031085,7128.683105
7314,921.401,-0.03168578573446485,7128.657227
7315,921.527,-0.03305719661747127,7129.478027
7316,921.653,-0.043462591563492046,7131.68457
7317,921.779,-0.057842271201904265,7126.571289
7318,921.906,-0.06761457996924547,7130.785645
7319,922.031,-0.07152209524123851,7128.44873
7320,922.157,-0.07119108383385861,7130.373535
7321,922.283,-0.06622530392581262,7130.770996
7322,922.409,-0.06441474165437214,7127.632813
7323,922.535,-0.05305272768649176,7136.057129
7324,922.661,-0.04371873052601166,7130.205078
7325,922.787,-0.031000118446296684,7129.62207
7326,922.913,-0.01287193353067633,7128.44043
7327,923.039,-0.0011723666233988226,7135.251953
7328,923.165,-0.000514366731355638,7133.179199
7329,923.291,-0.012877177606814073,7128.372559
7330,923.417,-0.03668086803847833,7128.681641
7331,923.543,-0.06150800189304067,7130.501465
7332,923.669,-0.08165474005386684,7130.674805
7333,923.795,-0.08697005362298309,7137.895996
7334,923.921,-0.07423286729510234,7130.697266
7335,924.047,-0.05866655033056742,7128.460938
7336,924.173,-0.043103881157427644,7129.743164
7337,924.299,-0.03568110604697958,7126.219238
7338,924.426,-0.03783635624710939,7131.006836
7339,924.551,-0.04868259603820655,7126.911133
7340,924.677,-0.06249432796799176,7132.08252
7341,924.803,-0.06994293147817361,7127.878418
7342,924.929,-0.0712525371990799,7128.290527
7343,925.055,-0.06905786314885598,7129.333984
7344,925.181,-0.06094392007790724,7123.054199
7345,925.307,-0.0477776530375697,7127.15332
7346,925.433,-0.031203985000782156,7127.854004
7347,925.559,-0.008655899673045699,7126.32959
7348,925.685,0.009917426572723853,7129.404785
7349,925.811,0.027029221702849215,7124.250977
7350,925.937,0.029697954476056998,7132.086914
7351,926.063,0.023622774445561837,7127.741699
7352,926.189,0.004828091299409049,7128.270996
7353,926.315,-0.01861404576714202,7126.933594
7354,926.441,-0.03829706788781039,7127.09375
7355,926.567,-0.04804740815103314,7129.317383
7356,926.75,-0.046122257205446576,7127.774414
7357,926.82,-0.03919537742958405,7128.708008
7358,926.945,-0.026701508064911457,7128.486816
7359,927.071,-0.013237134122054217,7127.883301
7360,927.197,-0.008335919680512869,7127.782227
7361,927.323,-0.00628176681988762,7131.779297
7362,927.449,-0.0047462656539495425,7127.663086
7363,927.575,-0.0001975919959685738,7125.944824
7364,927.701,0.00482423346395211,7127.177734
7365,927.827,0.011139182596090808,7129.894043
7366,927.953,0.010173207157977116,7122.888184
7367,928.079,-0.002117388537840564,7130.318359
7368,928.205,-0.01905984757234309,7127.171875
7369,928.331,-0.03779341555814028,7127.642578
7370,928.457,-0.05178240974986781,7127.003906
7371,928.583,-0.05706927329010888,7129.602051
7372,928.709,-0.04652637347026019,7129.495605
7373,928.835,-0.029128799672866065,7123.746094
7374,928.961,-0.012722849568098745,7126.23291
7375,929.087,-0.0017479138334842589,7125.07666
7376,929.213,0.0019100700519264777,7129.898926
7377,929.339,-0.004957962135916722,7126.209961
7378,929.465,-0.014748431804976042,7129.490234
7379,929.591,-0.021526778227483605,7126.859375
7380,929.717,-0.024070215054680672,7126.453125
7381,929.843,-0.022127678486476145,7129.691895
7382,929.969,-0.013001891463883393,7125.243652
7383,930.095,-0.0022945528051547424,7125.105957
7384,930.221,0.004912784423167068,7122.391113
7385,930.347,0.001156642863488869,7123.067871
7386,930.473,-0.008430754320756677,7123.550293
7387,930.599,-0.024369975768624444,7129.460938
7388,930.725,-0.03817387951008979,7129.206055
7389,930.851,-0.0456453110758792,7122.512695
7390,930.977,-0.047973001771291865,7126.621582
7391,931.103,-0.03916030381281036,7124.32666
7392,931.229,-0.021356715655047886,7126.398438
7393,931.355,-0.002844201379902546,7119.85791
7394,931.481,0.021966038817939154,7125.78125
7395,931.608,0.04445444737598243,7122.993164
7396,931.733,0.05996700941748216,7125.579102
7397,931.858,0.06624889765632169,7122.977539
7398,931.985,0.059814319370907525,7126.013184
7399,932.111,0.04258844530304067,7120.470703
7400,932.237,0.01646623706681249,7122.224121
7401,932.363,-0.0081575844123896,7122.801758
7402,932.489,-0.028213951139627966,7120.171875
7403,932.615,-0.04249971638591724,7123.840332
7404,932.741,-0.0407329975806488,7127.925293
7405,932.866,-0.03881325032001862,7122.660645
7406,932.993,-0.030551737279810243,7121.518555
7407,933.119,-0.0231073582326434,7121.718262
7408,933.245,-0.011475413215304701,7123.463379
7409,933.37,-0.0034651457783730615,7122.832031
7410,933.496,0.004152670912352313,7119.000977
7411,933.623,0.012968186838446263,7124.86377
7412,933.749,0.015551269186044514,7121.5
7413,933.874,0.0098125041099361,7122.247559
7414,934.0,-0.004569836751966014,7119.808594
7415,934.127,-0.026511489094647248,7126.033203
7416,934.252,-0.047835756558167734,7119.978516
7417,934.379,-0.060839819157996806,7122.073242
7418,934.505,-0.06990763749477913,7121.789063
7419,934.63,-0.06833544151466481,7121.729004
7420,934.756,-0.058901691025537016,7120.517578
7421,934.936,-0.04501018163684216,7123.456543
7422,935.011,-0.027259078870348827,7123.043457
7423,935.134,-0.013788113563999997,7120.990723
7424,935.26,0.003059912704891376,7123.797363
7425,935.387,0.012418369237719782,7119.324707
7426,935.512,0.021168174167117762,7117.675293
7427,935.638,0.0278867902003306,7119.468262
7428,935.764,0.0316186753548134,7119.17627
7429,935.89,0.03244337249690057,7117.196777
7430,936.016,0.02862137847728799,7121.747559
7431,936.142,0.018243415344170275,7116.439941
7432,936.268,0.004606112738317594,7118.479004
7433,936.401,-0.010488977589966985,7119.515625
7434,936.52,-0.03279585023584056,7119.325684
7435,936.646,-0.0478985513357832,7122.016602
7436,936.772,-0.05517471061452058,7123.369141
7437,936.898,-0.05448969288922395,7122.605957
7438,937.025,-0.0388639492696679,7122.753418
7439,937.15,-0.017196981051095794,7122.996582
7440,937.276,0.0025725424726276824,7123.260742
7441,937.402,0.011393006086745209,7123.838867
7442,937.528,0.0064593632927835605,7125.565918
7443,937.654,-0.015729464870400667,7122.315918
7444,937.78,-0.03972359125565155,7121.450684
7445,937.907,-0.06304206581935824,7122.562012
7446,938.032,-0.07359779220868437,7122.502441
7447,938.158,-0.07341411950302947,7124.5625
7448,938.284,-0.05761868123450232,7119.95752
7449,938.41,-0.03145375241874565,7122.653809
7450,938.536,-0.00690368756146718,7124.325195
7451,938.662,0.009303125275917295,7119.362305
7452,938.788,0.015570005707468755,7124.364746
7453,938.914,0.010636245525312352,7124.29834
7454,939.04,-0.006810900494843664,7122.051758
7455,939.166,-0.026123078163097727,7121.907227
7456,939.292,-0.04691488723282909,7124.444824
7457,939.418,-0.05631250881976014,7122.659668
7458,939.544,-0.06284478500226703,7120.036133
7459,939.67,-0.057276035274365256,7123.02002
7460,939.796,-0.04901034729967227,7121.665527
7461,939.922,-0.03647655582456963,7123.068359
7462,940.048,-0.02311793328229644,7122.798828
7463,940.174,-0.010492549760982416,7117.355469
7464,940.3,0.000129081027608933,7125.318848
7465,940.426,0.007513872961505665,7122.581055
7466,940.552,0.012772969227431345,7123.064453
7467,940.678,0.012178335450603605,7125.146484
7468,940.804,0.007333890357573738,7125.568359
7469,940.93,-0.004028841445285217,7123.187012
7470,941.056,-0.015552070314235509,7124.083496
7471,941.182,-0.024268165525736622,7122.622559
7472,941.308,-0.02579064270560389,7124.454102
7473,941.434,-0.01723933974818093,7123.435547
7474,941.56,-0.0022742192632244813,7125.683594
7475,941.705,0.013162839051761419,7122.970215
7476,941.812,0.022211253888557506,7122.347168
7477,941.938,0.022563422030550444,7121.949219
7478,942.064,0.015144767052412945,7128.011719
7479,942.19,0.005554641988110981,7122.681152
7480,942.316,-0.002233985794055416,7124.760254
7481,942.442,-0.0037026092666275915,7125.348145
7482,942.568,0.0057942745389398575,7121.458496
7483,942.694,0.00954133143099255,7125.65625
7484,942.82,0.005566225676255245,7125.35498
7485,942.946,-0.014804756362446055,7123.743164
7486,943.072,-0.043298861290509354,7121.931152
7487,943.198,-0.07234565370448871,7119.91748
7488,943.324,-0.09003848854643444,7125.997559
7489,943.45,-0.08968506122935838,7124.769531
7490,943.576,-0.07908930841175735,7123.986816
7491,943.702,-0.06129570580319071,7124.637695
7492,943.828,-0.041784622464143745,7125.401367
7493,943.954,-0.03133815358319806,7122.599121
7494,944.08,-0.037280459271826646,7127.811523
7495,944.206,-0.04449758524410339,7123.526855
7496,944.332,-0.05383798190784014,7124.375977
7497,944.458,-0.063955092352354,7123.51416
7498,944.584,-0.0675964920867237,7126.292969
7499,944.71,-0.07013071315682473,7124.829102
7500,944.836,-0.07438933853006023,7125.610352
7501,944.962,-0.07703085595878664,7126.911133
7502,945.088,-0.08487841170076633,7128.026855
7503,945.214,-0.08176746343396361,7122.568848
7504,945.34,-0.07742470589691954,7123.360352
7505,945.466,-0.06365877160149475,7125.629395
7506,945.592,-0.043071047157425206,7124.40918
7507,945.718,-0.023033789540857504,7126.375977
7508,945.844,-0.011712635755285571,7128.305664
7509,945.97,-0.0031598138637174023,7124.535645
7510,946.096,-0.0007865932759439302,7125.434082
7511,946.222,-0.0032072676007348475,7124.76709
7512,946.348,-0.013755608329862943,7125.412109
7513,946.474,-0.01516715748295659,7125.39502
7514,946.6,-0.025394291876715804,7124.277832
7515,946.726,-0.033913709666398284,7124.781738
7516,946.852,-0.040008976862575533,7125.670898
7517,946.978,-0.041827741679295045,7123.396973
7518,947.104,-0.03948608499171481,7125.311523
7519,947.23,-0.03584108843674002,7123.089844
7520,947.356,-0.03675765303576796,7123.305664
7521,947.482,-0.042254642786686385,7122.148926
7522,947.608,-0.05557296469028863,7125.370605
7523,947.734,-0.07703296442872923,7125.246582
7524,947.86,-0.08850605887135332,7122.921875
7525,947.986,-0.09619115778298302,7122.399414
7526,948.112,-0.08421581933106871,7124.687988
7527,948.238,-0.06115982478365559,7117.587891
7528,948.364,-0.041227392293474205,7123.415527
7529,948.489,-0.023844221275384707,7122.896973
7530,948.616,-0.02264743897148586,7122.227539
7531,948.742,-0.03462697443152894,7124.01709
7532,948.868,-0.04752272709335417,7122.083496
7533,948.994,-0.0579373700101492,7121.472656
7534,949.119,-0.06208529124868067,7123.455566
7535,949.245,-0.053663690221468746,7120.287598
7536,949.372,-0.04572950694009571,7118.503906
7537,949.497,-0.03260414768452277,7122.195801
7538,949.623,-0.02575090019386182,7123.258789
7539,949.75,-0.018763140649471557,7121.327148
7540,949.876,-0.021190019168473368,7119.109863
7541,950.001,-0.02899374144181092,7123.87207
7542,950.128,-0.03650403425175547,7124.036621
7543,950.254,-0.04881315704950129,7122.581543
7544,950.379,-0.061916116461703835,7121.495117
7545,950.505,-0.06708826394790855,7123.850586
7546,950.632,-0.06894038307410559,7122.666992
7547,950.758,-0.06888549699270434,7123.544922
7548,950.883,-0.06408084642624698,7123.211914
7549,951.01,-0.05788637233883417,7122.871582
7550,951.136,-0.056995613513530566,7125.483398
7551,951.261,-0.06320626547643901,7125.775391
7552,951.388,-0.06852396357972522,7123.308105
7553,951.513,-0.07574638070254891,7123.114746
7554,951.64,-0.08016283753699191,7124.37793
7555,951.766,-0.07649235824601582,7127.092773
7556,951.891,-0.06559214165910926,7122.824707
7557,952.018,-0.050014898254319845,7123.429688
7558,952.144,-0.03083906090895086,7121.881348
7559,952.27,-0.020054997692894084,7120.731934
7560,952.396,-0.012487549993243533,7120.849121
7561,952.521,-0.018457252351302682,7122.015137
7562,952.648,-0.03354460727796378,7122.898926
7563,952.774,-0.04612936261604267,7125.245605
7564,952.9,-0.06633828467288569,7121.760742
7565,953.026,-0.07980517274481021,7124.744141
7566,953.151,-0.08507618988372109,7119.857422
7567,953.277,-0.0875273572172874,7121.233887
7568,953.403,-0.0927942836102429,7122.362305
7569,953.529,-0.10333847101373837,7118.868652
7570,953.656,-0.11276873703442376,7120.024414
7571,953.781,-0.12627646445038856,7120.505859
7572,953.907,-0.13421643921443022,7121.545898
7573,954.033,-0.12936696246637025,7119.952148
7574,954.159,-0.11366599982113362,7122.207031
7575,954.286,-0.09572573742448943,7120.459961
7576,954.411,-0.0792971696993508,7120.820313
7577,954.538,-0.0637658842729271,7121.677246
7578,954.664,-0.05541143797112174,7122.35791
7579,954.789,-0.059156376751152095,7116.835449
7580,954.916,-0.0885298065468016,7118.864258
7581,955.041,-0.1424775827176177,7119.974609
