序号,时间(s),电压,阻抗
1,0.099,-0.4559903752386015,6828.228516
2,0.224,-0.654374370609182,6828.471191
3,0.349,-0.7787156170221861,6827.255859
4,0.474,-0.8540192021900045,6828.716309
5,0.599,-0.8516227219162688,6828.085449
6,0.724,-0.7889940488440921,6827.957031
7,0.849,-0.7044724548967768,6829.145508
8,0.974,-0.6288707827881409,6829.390137
9,1.099,-0.587947425843939,6828.329102
10,1.224,-0.5883389581136726,6829.303223
11,1.349,-0.6213722923521151,6829.488281
12,1.474,-0.6435732138700613,6829.790527
13,1.599,-0.6753166685607908,6829.763184
14,1.724,-0.6767360348835149,6828.512695
15,1.849,-0.6857536855854179,6829.244141
16,1.974,-0.6710531272963727,6828.486816
17,2.099,-0.6917515370511301,6827.295898
18,2.224,-0.7030957539383432,6827.625977
19,2.349,-0.7201085516123884,6827.741211
20,2.474,-0.7110307918994563,6828.600098
21,2.599,-0.6793210254411012,6827.813477
22,2.724,-0.6561638074175886,6827.997559
23,2.849,-0.6271522091879729,6828.35791
24,2.974,-0.6471992070421297,6828.629395
25,3.099,-0.734757376453951,6828.814941
26,3.224,-0.8601724532377611,6828.229004
27,3.35,-1.0022334042660088,6829.475098
28,3.474,-1.11050131888293,6827.928711
29,3.599,-1.1472707802598103,6828.715332
30,3.723,-1.018864309904829,6828.443848
31,3.849,-0.872665669987314,6827.683105
32,3.973,-0.7034084015791812,6827.040039
33,4.099,-0.524754322420441,6826.310547
34,4.223,-0.4711227016007639,6825.765137
35,4.348,-0.4592382970716744,6826.396484
36,4.474,-0.49487858513680055,6826.396973
37,4.599,-0.5572586633506679,6826.667969
38,4.724,-0.6013037971575441,6825.666504
39,4.848,-0.6120432579340566,6825.764648
40,4.973,-0.610239827081935,6826.824707
41,5.099,-0.596840820215132,6825.636719
42,5.224,-0.5872354783313091,6826.153809
43,5.348,-0.5741590625354989,6826.338867
44,5.473,-0.5532930517129788,6826.009766
45,5.599,-0.5554662967736287,6826.795898
46,5.724,-0.5137762024904203,6826.251953
47,5.85,-0.5147816135728426,6825.736816
48,5.973,-0.50013376677019,6825.550293
49,6.099,-0.5036550962262981,6826.410156
50,6.224,-0.5213056534596052,6825.736816
51,6.349,-0.5217644921674385,6825.278809
52,6.473,-0.45270910019366645,6825.550293
53,6.599,-0.4259707438802218,6825.092285
54,6.723,-0.36477648939659946,6824.490234
55,6.849,-0.3566640061019135,6824.763184
56,6.974,-0.36389715050602284,6825.092773
57,7.099,-0.41379622033387725,6825.521484
58,7.224,-0.47675389958006487,6824.948242
59,7.349,-0.5319280078070893,6824.731934
60,7.473,-0.5747035845189918,6825.07666
61,7.598,-0.5737650210011209,6823.67334
62,7.723,-0.5776321835445699,6824.404297
63,7.849,-0.5646376865556513,6821.629395
64,7.974,-0.5717898371901649,6820.901855
65,8.099,-0.6517947406780437,6822.816406
66,8.224,-0.7203432239538483,6822.202637
67,8.349,-0.7958266388198969,6821.786621
68,8.473,-0.8850656507964396,6822.086426
69,8.599,-0.9692507410416544,6821.958496
70,8.723,-0.9987662314199947,6821.602051
71,8.849,-1.0139403699329257,6820.986816
72,8.974,-1.0113195680628713,6820.384766
73,9.098,-1.004457832199335,6821.472168
74,9.225,-0.9846196092259557,6821.444336
75,9.348,-0.9478433211813015,6820.97168
76,9.475,-0.9047209223026309,6821.115234
77,9.598,-0.8845329518086757,6820.87207
78,9.724,-0.853665190405472,6819.626953
79,9.848,-0.8379599491796864,6820.599609
80,9.973,-0.8435493257549636,6820.11377
81,10.099,-0.8508796365340174,6820.657227
82,10.223,-0.8458685441634193,6820.114258
83,10.349,-0.8420680079262972,6822.35791
84,10.473,-0.8118188336178903,6821.542969
85,10.598,-0.7872695366496321,6821.115234
86,10.724,-0.7656243458220499,6821.328613
87,10.848,-0.7549223962166756,6822.27002
88,10.973,-0.7707402407082229,6821.728516
89,11.099,-0.7696144256890143,6821.45752
90,11.223,-0.7722759318421301,6820.326172
91,11.349,-0.7893871412153273,6821.515625
92,11.473,-0.7824993267638708,6821.600586
93,11.599,-0.7930999604354478,6821.571777
94,11.723,-0.8383521334356413,6821.370605
95,11.848,-0.8790057292907474,6821.328613
96,11.973,-0.9021238241055223,6820.785156
97,12.098,-0.9165536280477065,6821.241699
98,12.223,-0.8725713949399627,6821.48584
99,12.348,-0.802740843375073,6821.571777
100,12.473,-0.7402532764942265,6822.057617
101,12.598,-0.6635677269199651,6820.483887
102,12.723,-0.6146555685800223,6821.328613
103,12.848,-0.5983808699516823,6821.786621
104,12.973,-0.5906309361758554,6821.057129
105,13.098,-0.5605129712738942,6821.398926
106,13.223,-0.573516804523817,6821.728516
107,13.348,-0.5530798241113545,6821.187012
108,13.473,-0.5972742032221788,6821.057129
109,13.599,-0.597903503868248,6821.758301
110,13.723,-0.6174776728755701,6820.542969
111,13.848,-0.6294391210615884,6820.699707
112,13.973,-0.5789975832997593,6822.001953
113,14.098,-0.5363152006890907,6821.48584
114,14.223,-0.45908836223970473,6822.299805
115,14.348,-0.4189232183264474,6820.970215
116,14.473,-0.40900328359786364,6820.027344
117,14.599,-0.4969169967045845,6820.998535
118,14.723,-0.6678956169583308,6822.945313
119,14.848,-0.8089088216882946,6822.758789
120,14.973,-0.9638075542154759,6823.702637
121,15.098,-0.9926077621382136,6823.860352
122,15.223,-0.8525768594274166,6824.375488
123,15.348,-0.7299174211333372,6824.861328
124,15.473,-0.5404671812190353,6824.102539
125,15.598,-0.3893760343846978,6820.098145
126,15.723,-0.31157140001340117,6821.728027
127,15.848,-0.25038369533238736,6819.026367
128,15.973,-0.26228089788788617,6820.786133
129,16.098,-0.283859553084619,6819.882813
130,16.223,-0.3069235395229772,6820.970215
131,16.348,-0.34761019569859825,6822.072754
132,16.473,-0.3565791125883696,6821.069824
133,16.598,-0.3735202316570752,6821.486328
134,16.723,-0.3717986636101909,6821.18457
135,16.849,-0.402823791845055,6820.456055
136,16.973,-0.40115136490733555,6820.940918
137,17.098,-0.4338809239059802,6820.341309
138,17.223,-0.452964679394428,6819.697754
139,17.348,-0.4752614736438068,6820.42627
140,17.473,-0.4862596926965229,6819.425781
141,17.599,-0.4923496487614211,6819.339355
142,17.723,-0.5341704016667813,6819.826172
143,17.848,-0.5853466617137786,6819.882813
144,17.973,-0.633359969329556,6819.85498
145,18.098,-0.6936814402098932,6820.183594
146,18.223,-0.7502504996790489,6819.223633
147,18.348,-0.7859601977257743,6819.368164
148,18.473,-0.7779146894176111,6820.040527
149,18.598,-0.7897420360939884,6819.135742
150,18.723,-0.7666836855424117,6820.012207
151,18.848,-0.7346384048294807,6819.281738
152,18.973,-0.6883610656257214,6819.554199
153,19.098,-0.5948025028877254,6818.495117
154,19.223,-0.5304220108638097,6819.796875
155,19.348,-0.43612665464368405,6819.310547
156,19.473,-0.4071831519844918,6820.254883
157,19.597,-0.38416249958633747,6820.225586
158,19.723,-0.4862498281469577,6819.882324
159,19.848,-0.5708446620140425,6819.63916
160,19.973,-0.6835668624852445,6819.194336
161,20.098,-0.7613574064147938,6819.953125
162,20.222,-0.7586740255374632,6820.011719
163,20.349,-0.7381784082679813,6819.981445
164,20.472,-0.662297066341356,6818.824707
165,20.597,-0.6178204875553053,6819.496582
166,20.722,-0.5882195759916738,6819.195801
167,20.848,-0.5738489687253047,6819.40918
168,20.973,-0.5666800568978931,6820.109375
169,21.098,-0.5653885307735794,6818.865234
170,21.223,-0.555376336808143,6820.80957
171,21.349,-0.5524203517701977,6819.467773
172,21.473,-0.5629718711560967,6819.73877
173,21.597,-0.5893621287490313,6819.953125
174,21.722,-0.5907359572439801,6819.651855
175,21.848,-0.6170065744091092,6818.980469
176,21.972,-0.6134870265025575,6820.109375
177,22.098,-0.615934678963123,6819.838379
178,22.222,-0.6413321628816703,6819.838867
179,22.348,-0.6694699923156106,6820.995605
180,22.473,-0.7071778502290232,6820.410156
181,22.598,-0.7536767800930829,6819.595215
182,22.722,-0.7680751570280525,6819.351563
183,22.848,-0.750978264370874,6819.79541
184,22.972,-0.7297208203307666,6819.866699
185,23.097,-0.6998077182826948,6819.165527
186,23.223,-0.6818549030311234,6820.022949
187,23.348,-0.699252210179059,6820.021973
188,23.473,-0.7232158404548488,6819.625
189,23.598,-0.7801504341152119,6819.40918
190,23.723,-0.8102660631259794,6820.421875
191,23.848,-0.7882144741890923,6820.624512
192,23.972,-0.7693465750370055,6820.537598
193,24.097,-0.7394335981503134,6821.75293
194,24.222,-0.7012069309014697,6820.450195
195,24.348,-0.6832182358305854,6819.994141
196,24.473,-0.6870885959029178,6822.452637
197,24.597,-0.7345382675197226,6821.237305
198,24.722,-0.8106454529106343,6820.20752
199,24.848,-0.8812930625175862,6819.23584
200,24.972,-0.9711505334578413,6815.765137
201,25.097,-1.0217278806721293,6814.852539
202,25.223,-1.0581871531862856,6814.523438
203,25.347,-1.0745478050517046,6813.155273
204,25.473,-1.080547892094922,6814.640625
205,25.598,-1.0752131144851589,6814.338867
206,25.723,-1.0686426851997695,6814.367676
207,25.847,-1.0460079738212218,6814.523926
208,25.972,-1.002472971298185,6813.796875
209,26.098,-0.9429401688515102,6814.253418
210,26.222,-0.8598243957181799,6815.794922
211,26.347,-0.7866568147161758,6815.581543
212,26.472,-0.7440550241047261,6815.980957
213,26.597,-0.7288128464291295,6815.066895
214,26.722,-0.7607572792694407,6816.251465
215,26.847,-0.827909527898668,6816.251953
216,26.972,-0.8959162414601944,6815.453613
217,27.097,-0.9607253577889352,6815.367188
218,27.222,-0.9619259396363407,6815.095703
219,27.347,-0.9390244897147346,6815.039063
220,27.472,-0.9091020553165697,6816.464844
221,27.597,-0.870008561444606,6814.338867
222,27.722,-0.8352372755710167,6815.25293
223,27.847,-0.8293998393476042,6814.709961
224,27.972,-0.8415316779306111,6815.279297
225,28.097,-0.8654307837364753,6815.252441
226,28.222,-0.8627714313033898,6815.250488
227,28.347,-0.8622288187629961,6816.010254
228,28.472,-0.8488218606439186,6815.310547
229,28.597,-0.8544066757184055,6815.008789
230,28.722,-0.8829663498530504,6815.194336
231,28.847,-0.9327895739655694,6815.407715
232,28.972,-0.9909660111148855,6816.494141
233,29.098,-1.064431986125113,6816.037109
234,29.222,-1.0739812394187533,6814.852539
235,29.347,-1.0525631576391232,6814.408691
236,29.472,-0.9805685726753297,6814.624023
237,29.597,-0.8995003008307086,6814.466309
238,29.722,-0.8205755236025247,6814.865234
239,29.847,-0.7793605251919606,6814.952637
240,29.972,-0.8065748153681447,6814.224121
241,30.097,-0.9512988440431375,6814.4375
242,30.223,-1.099514657484447,6814.225098
243,30.347,-1.241430255536035,6814.407715
244,30.472,-1.3663427882065566,6814.40918
245,30.597,-1.3344929626696362,6814.679688
246,30.722,-1.2153455379661862,6814.4375
247,30.847,-1.0980611372630231,6815.106934
248,30.972,-0.9345278015983215,6815.378906
249,31.098,-0.8476624707744883,6814.137695
250,31.222,-0.8470338592206563,6815.165039
251,31.347,-0.8653657153962209,6816.165527
252,31.472,-0.8988366530409406,6813.609863
253,31.597,-0.9441973479601412,6813.679688
254,31.722,-0.9096056002974451,6814.708984
255,31.848,-0.8691311637775726,6814.494629
256,31.972,-0.8160406461687117,6815.192871
257,32.097,-0.7946380962705771,6814.407715
258,32.222,-0.7917419973125993,6814.408203
259,32.347,-0.8153618144679146,6814.92334
260,32.472,-0.8325739885541398,6815.62207
261,32.597,-0.8708005788577939,6816.862793
262,32.722,-0.8782980011773122,6815.980957
263,32.847,-0.8750808721614103,6816.408203
264,32.972,-0.8662924132931259,6817.049316
265,33.097,-0.8770852292248045,6817.450684
266,33.222,-0.8783975588250053,6817.048828
267,33.347,-0.8891004393777281,6816.805664
268,33.472,-0.8864522843090573,6816.106934
269,33.597,-0.879862225412928,6814.466797
270,33.722,-0.8640092194349749,6813.865723
271,33.847,-0.85318233174605,6812.865234
272,33.972,-0.8772144090234283,6813.680176
273,34.097,-0.8761501891658648,6813.650879
274,34.222,-0.9163275308843749,6814.408691
275,34.347,-0.9533416085539725,6814.166016
276,34.472,-0.9629067212117738,6814.29248
277,34.597,-0.95134623769905,6815.62207
278,34.722,-0.931651124132705,6815.621094
279,34.847,-0.8931245543777462,6816.193359
280,34.972,-0.8908626110339645,6815.679688
281,35.097,-0.9219039663229864,6815.708496
282,35.222,-0.9567141133184578,6815.921875
283,35.347,-1.0171603207113702,6815.621582
284,35.472,-1.0489195626006684,6816.378418
285,35.597,-1.070508604531397,6815.135742
286,35.722,-1.059044323347273,6816.350586
287,35.847,-1.0098653987659953,6816.649902
288,35.972,-0.9386451848845635,6816.164063
289,36.097,-0.8779750016181697,6815.893555
290,36.222,-0.8287656798046048,6815.40918
291,36.347,-0.7943500211648407,6817.563477
292,36.472,-0.7714344200209733,6815.562988
293,36.597,-0.773336905028216,6817.292969
294,36.722,-0.7552683307027834,6817.077148
295,36.846,-0.75926005100255,6816.836426
296,36.972,-0.7417539347050994,6817.049316
297,37.096,-0.7265849899718793,6816.933594
298,37.221,-0.7336459828322338,6817.04834
299,37.347,-0.7433261960851884,6817.562988
300,37.471,-0.7540056217452212,6817.990234
301,37.597,-0.7603138258449414,6817.904785
302,37.721,-0.763463315777375,6817.048828
303,37.846,-0.7549989175389896,6818.447754
304,37.971,-0.7290403712057033,6817.077148
305,38.096,-0.6770805524600427,6817.749023
306,38.221,-0.6513057586011524,6817.963379
307,38.347,-0.6356698103154013,6819.264648
308,38.471,-0.6500322943707103,6817.53418
309,38.597,-0.7007711618549375,6817.661133
310,38.721,-0.7572196405850838,6817.93457
311,38.847,-0.7988635182175122,6817.505371
312,38.972,-0.8419448640520196,6817.992676
313,39.096,-0.8247112111069229,6818.26416
314,39.222,-0.7996933359382884,6818.234863
315,39.347,-0.761054272632091,6819.235352
316,39.472,-0.7524944700214463,6818.477539
317,39.596,-0.7557146527787633,6817.905762
318,39.721,-0.7632620177466934,6818.176758
319,39.846,-0.7946789661143969,6818.963867
320,39.972,-0.797537054024088,6818.605469
321,40.096,-0.7925784358933045,6817.932129
322,40.222,-0.7864245972767407,6818.631836
323,40.346,-0.755098137114653,6819.507813
324,40.471,-0.7503448090806979,6818.904297
325,40.597,-0.7591106067120745,6818.604492
326,40.721,-0.7675416114100985,6819.634766
327,40.846,-0.7523692274626839,6819.546875
328,40.971,-0.7473446733885979,6819.119629
329,41.097,-0.6962605177764863,6819.060547
330,41.221,-0.6418889516267184,6819.345215
331,41.347,-0.6029900295777613,6818.089355
332,41.471,-0.5715235058303397,6817.632813
333,41.596,-0.5627150772550531,6818.36084
334,41.721,-0.601840866591515,6817.118164
335,41.846,-0.6280432858046929,6816.816895
336,41.971,-0.6846689940169545,6817.303711
337,42.097,-0.7421722595475722,6816.476563
338,42.221,-0.7785733314659595,6817.176758
339,42.346,-0.7991082039417523,6817.662109
340,42.471,-0.7815112809678159,6817.177246
341,42.596,-0.7267349671097836,6816.93457
342,42.721,-0.6571044546170546,6817.206055
343,42.846,-0.6462390763234074,6818.088867
344,42.971,-0.6051700276299641,6817.992188
345,43.096,-0.6133023402785536,6817.476563
346,43.221,-0.6227468303753586,6817.234375
347,43.346,-0.6208452470311955,6816.991699
348,43.471,-0.6118036711263315,6817.447754
349,43.596,-0.6009282685207874,6817.391602
350,43.721,-0.5529871628109143,6817.962891
351,43.846,-0.553013365765549,6817.990234
352,43.971,-0.5472993339958777,6818.418945
353,44.096,-0.5656354256048908,6817.206055
354,44.221,-0.5793126681744266,6817.116699
355,44.346,-0.6013197183234347,6817.26416
356,44.471,-0.6206710199920888,6818.632324
357,44.596,-0.6045266486004645,6818.205566
358,44.721,-0.6261480439671786,6818.905762
359,44.846,-0.6390894645739167,6817.331055
360,44.971,-0.6856612919306998,6818.390137
361,45.096,-0.7062263936817719,6818.790039
362,45.221,-0.7521158553206674,6819.060547
363,45.346,-0.7884578476314776,6818.447266
364,45.471,-0.7909398416209369,6818.875977
365,45.596,-0.7838268767023068,6818.661133
366,45.721,-0.7617872046541946,6818.975586
367,45.846,-0.7296424649660901,6818.36084
368,45.971,-0.7130904179401334,6818.175781
369,46.096,-0.6664529770071957,6819.275391
370,46.221,-0.6332269824721993,6819.702637
371,46.346,-0.639365429927237,6819.818359
372,46.471,-0.6166900012995967,6818.905273
373,46.596,-0.60833923053662,6819.305664
374,46.721,-0.6156916295095076,6819.206543
375,46.846,-0.6189326017976651,6819.147461
376,46.971,-0.6469522583488129,6818.390137
377,47.096,-0.6688926003338067,6819.089355
378,47.221,-0.6764320445836892,6819.420898
379,47.346,-0.656402481152195,6819.362793
380,47.471,-0.6095557925898393,6820.032227
381,47.596,-0.5703872671763754,6819.304199
382,47.721,-0.5443078872915219,6819.907715
383,47.846,-0.5342042663429959,6819.119629
384,47.971,-0.5763017158792443,6819.634766
385,48.097,-0.6296356951631896,6819.391113
386,48.221,-0.7010947069582226,6818.576172
387,48.346,-0.7555291777451719,6818.818359
388,48.471,-0.7818151103324789,6819.333008
389,48.596,-0.7527511617282043,6819.461914
390,48.721,-0.7073004229719135,6820.304199
391,48.846,-0.6811769485731691,6818.946289
392,48.971,-0.624915584761705,6819.945801
393,49.096,-0.6107236014611577,6818.518555
394,49.221,-0.6056340842576052,6818.214844
395,49.346,-0.6302642626301009,6818.273926
396,49.471,-0.6351426917589839,6819.148438
397,49.596,-0.6444440929066693,6818.418945
398,49.721,-0.6090291415815144,6818.390625
399,49.846,-0.5789438671762065,6818.304199
400,49.971,-0.5091803257318545,6818.546387
401,50.096,-0.4777198196347679,6818.605957
402,50.22,-0.43861018961244785,6818.090332
403,50.346,-0.4347818298024378,6818.002441
404,50.471,-0.4143024985538688,6818.692383
405,50.596,-0.39739691789857523,6817.992188
406,50.721,-0.4067487722753631,6818.60498
407,50.846,-0.43297391354291714,6818.177246
408,50.971,-0.48151139925084235,6818.57666
409,51.096,-0.5053702697967237,6818.147461
410,51.221,-0.5601377795111332,6817.576172
411,51.346,-0.5993585795067397,6818.51709
412,51.471,-0.6090530658816453,6818.275391
413,51.596,-0.5739722616775464,6819.73291
414,51.721,-0.5305651311545346,6819.333984
415,51.846,-0.5144245957385165,6818.632324
416,51.971,-0.48593687116583517,6818.916992
417,52.096,-0.493872464696896,6819.216797
418,52.221,-0.49361127612953315,6818.546875
419,52.346,-0.5214855786888325,6817.817871
420,52.471,-0.5166161744279515,6818.362793
421,52.596,-0.5145235923738835,6818.060547
422,52.721,-0.4859108708233447,6818.876953
423,52.846,-0.4555160711840427,6818.302734
424,52.971,-0.4217224508739638,6819.061035
425,53.096,-0.39013405759155406,6818.790039
426,53.221,-0.33909373560425315,6818.846191
427,53.346,-0.2879830790411474,6818.21582
428,53.471,-0.2513770524093041,6819.431152
429,53.596,-0.22922054768484743,6819.431641
430,53.72,-0.23571435563798698,6818.818848
431,53.846,-0.28026012669680445,6818.643555
432,53.97,-0.357654025787742,6818.273926
433,54.095,-0.4284903601342356,6818.644531
434,54.22,-0.4730266064894211,6818.702148
435,54.346,-0.47869705902260845,6819.759766
436,54.47,-0.46011716834292155,6819.585449
437,54.595,-0.426282492992217,6819.004395
438,54.72,-0.36875896184021806,6819.91748
439,54.845,-0.3282684640677732,6819.558594
440,54.971,-0.26993629152370907,6819.616211
441,55.095,-0.2654598234216839,6820.490234
442,55.221,-0.27661824726147,6820.072266
443,55.346,-0.34370744502408723,6820.472168
444,55.471,-0.40642612913618,6820.131348
445,55.595,-0.46470904484705655,6819.80127
446,55.72,-0.5198051034446098,6820.01416
447,55.846,-0.5344904797380916,6820.31543
448,55.97,-0.5324875597312891,6819.800293
449,56.096,-0.4859648304126006,6820.832031
450,56.221,-0.4555025373765326,6821.802246
451,56.345,-0.40769252722391813,6820.713867
452,56.47,-0.34561614247662115,6820.383789
453,56.595,-0.3302700046505617,6819.412598
454,56.72,-0.27153384264248737,6818.217773
455,56.845,-0.2602758218649656,6818.67334
456,56.97,-0.22352001352828782,6818.041016
457,57.095,-0.18649886857840792,6818.67334
458,57.221,-0.16694462905477914,6818.244141
459,57.345,-0.15455115058673874,6817.702148
460,57.47,-0.16746310665619607,6817.974121
461,57.595,-0.22658077153688622,6817.556152
462,57.721,-0.2587031752536459,6814.876465
463,57.845,-0.2978531987669227,6815.031738
464,57.97,-0.3188688303379249,6814.759277
465,58.095,-0.31184184045631086,6815.546387
466,58.22,-0.2723828883854388,6814.730469
467,58.345,-0.23325418247367216,6815.088867
468,58.47,-0.20535923104964382,6815.303711
469,58.595,-0.21366842192961408,6815.57373
470,58.72,-0.2146289156286538,6816.54541
471,58.845,-0.23940248546094234,6815.788574
472,58.971,-0.26789527590234147,6815.729492
473,59.095,-0.2986218072377982,6816.57373
474,59.22,-0.39514883892121805,6815.517578
475,59.345,-0.425968786983689,6815.944336
476,59.471,-0.4592938169271478,6814.816895
477,59.595,-0.5007058603157403,6815.275391
478,59.721,-0.4833620760343988,6815.816406
479,59.845,-0.44189222771048015,6815.234863
480,59.97,-0.374097033980591,6816.361328
481,60.095,-0.2765590327380743,6815.575684
482,60.22,-0.2035529577527419,6817.54541
483,60.345,-0.12611641806966142,6816.45752
484,60.47,-0.09870722732378125,6816.089844
485,60.595,-0.0957727628468757,6815.418945
486,60.72,-0.1484319887032192,6815.088867
487,60.846,-0.2246845250370981,6816.060547
488,60.97,-0.31376097461294866,6815.845703
489,61.095,-0.3915349945333549,6815.361328
490,61.22,-0.47857539561611284,6816.00293
491,61.345,-0.5121195430216006,6815.20459
492,61.47,-0.5166959577352664,6816.215332
493,61.595,-0.4799263184313964,6815.788086
494,61.72,-0.4186567878132542,6815.874512
495,61.845,-0.36147272015228593,6815.818359
496,61.97,-0.291349534732828,6815.875488
497,62.096,-0.24594549345528083,6816.270996
498,62.22,-0.20741115066683788,6817.215332
499,62.345,-0.19990664350959933,6817.158203
500,62.47,-0.1611152056058567,6817.286133
501,62.595,-0.1277307084307344,6817.12793
502,62.72,-0.10959792956303578,6816.100098
503,62.845,-0.07608492503078927,6814.642578
504,62.97,-0.1236700705197268,6813.585449
505,63.095,-0.14485520005513544,6813.904785
506,63.22,-0.1718665948101708,6813.332031
507,63.345,-0.21352999588634838,6813.488281
508,63.47,-0.24886803756622958,6814.118652
509,63.595,-0.23863945916691082,6813.818848
510,63.72,-0.2062456673651018,6812.490234
511,63.845,-0.14776403479124628,6812.848633
512,63.97,-0.10055392812333547,6812.847656
513,64.095,-0.014108210300999648,6812.634277
514,64.22,0.03980030596268262,6813.119629
515,64.345,0.0509949628301246,6813.605957
516,64.471,0.045664876302691296,6812.519531
517,64.595,0.02268081377347642,6813.003906
518,64.721,-0.023550813295917572,6813.275391
519,64.846,-0.05220106505535772,6813.089844
520,64.97,-0.10839842637271475,6812.905762
521,65.095,-0.14043184284442423,6812.904297
522,65.22,-0.14043106520038937,6811.72168
523,65.345,-0.18405852551249272,6812.847168
524,65.47,-0.20739552501011585,6812.519043
525,65.595,-0.22584931274712197,6813.54834
526,65.72,-0.21255572058199476,6812.789551
527,65.845,-0.1815427948488244,6814.516602
528,65.97,-0.14324411491233024,6814.118652
529,66.095,-0.12547645182785985,6812.730957
530,66.22,-0.10617319264643438,6812.546875
531,66.345,-0.10077514610327164,6812.489258
532,66.471,-0.0824172099589863,6812.434082
533,66.595,-0.06849210409070067,6812.673828
534,66.72,-0.03240315515347846,6812.547363
535,66.845,-0.027550621882117245,6812.704102
536,66.97,-0.004927110518681664,6812.702148
537,67.095,-0.0662081096216356,6812.159668
538,67.22,-0.13135779787625063,6811.762207
539,67.345,-0.19393772727255176,6812.675293
540,67.47,-0.28016750025369425,6812.76123
541,67.595,-0.279329149633593,6811.860352
542,67.72,-0.26235411068570985,6812.217285
543,67.845,-0.17833848991757645,6811.57666
544,67.97,-0.05857456329724946,6811.006836
545,68.094,0.042095969767993395,6810.609863
546,68.22,0.13355739443395845,6811.703613
547,68.345,0.19606271713810622,6811.490723
548,68.47,0.2086942288177101,6810.978027
549,68.595,0.22755616872362353,6812.344727
550,68.72,0.2160448398569453,6811.19043
551,68.845,0.23281519063195544,6812.401855
552,68.97,0.23155891795148353,6810.765137
553,69.094,0.25162253558198666,6811.161621
554,69.22,0.27207560610034354,6811.974609
555,69.345,0.2894633987622281,6812.159668
556,69.469,0.2648181932810072,6812.459473
557,69.594,0.25207276505078385,6811.249023
558,69.719,0.19188715719469276,6812.460449
559,69.845,0.13683085963936853,6812.915527
560,69.97,0.03200125770917535,6812.702148
561,70.094,-0.03837079507660268,6813.887695
562,70.219,-0.08056461134337489,6813.672852
563,70.345,-0.09616634468726142,6813.730957
564,70.469,-0.08437695093582846,6813.858398
565,70.594,-0.02962583865057039,6813.916504
566,70.719,0.04645213410643141,6813.79834
567,70.844,0.12464904791945124,6812.674805
568,70.969,0.2003123396939176,6813.615723
569,71.095,0.2554806713963402,6813.741211
570,71.221,0.2420987301727661,6813.79834
571,71.345,0.23172279934983137,6815.283691
572,71.469,0.1791556107402058,6814.770508
573,71.594,0.14811814459699219,6814.498535
574,71.719,0.130802701405476,6813.285645
575,71.844,0.1369005800184556,6811.860352
576,71.969,0.09470686573032484,6811.975586
577,72.094,0.04498370036720828,6810.88916
578,72.221,-0.020780650046116688,6811.249023
579,72.345,-0.11346034347076231,6811.918457
580,72.469,-0.24540724642744619,6811.404785
581,72.594,-0.3478777748156945,6810.008789
582,72.719,-0.39567519360010506,6810.374512
583,72.844,-0.41786315572099797,6811.220703
584,72.969,-0.30076791900388594,6811.947754
585,73.095,-0.2343847064994012,6811.189941
586,73.219,-0.10902740384025908,6811.76123
587,73.345,-0.010939733323196076,6812.159668
588,73.469,0.07393927957133074,6812.432129
589,73.594,0.10515251941943247,6810.92041
590,73.719,0.16948208560105057,6811.462402
591,73.844,0.20748025277431406,6811.19043
592,73.969,0.23454294976348425,6811.345703
593,74.095,0.25093135392344845,6812.859863
594,74.22,0.31543493238484277,6812.88623
595,74.344,0.3177874274636085,6811.73291
596,74.469,0.3112017546259934,6811.918457
597,74.594,0.2613242788324528,6810.978516
598,74.719,0.20099151060847212,6812.15918
599,74.844,0.12802807889334514,6812.19043
600,74.969,0.01310633257359262,6811.219727
601,75.094,-0.08588222847481757,6811.889648
602,75.22,-0.1457724403906066,6812.188477
603,75.344,-0.23876554374869624,6812.31543
604,75.469,-0.29960553836472326,6812.675293
605,75.595,-0.3352264151051083,6811.345215
606,75.719,-0.3246777489663774,6813.286133
607,75.844,-0.3513513608513239,6812.159668
608,75.969,-0.33626939991392396,6813.042969
609,76.094,-0.28921040178293944,6812.858887
610,76.219,-0.27099970394395206,6813.227051
611,76.344,-0.1980840901745644,6812.344727
612,76.469,-0.11003814886045325,6812.800293
613,76.595,-0.10393587295693793,6813.92627
614,76.719,-0.1005117936152528,6812.742676
615,76.844,-0.10354408008525735,6813.343262
616,76.969,-0.057678531013367396,6813.013184
617,77.094,-0.030792455149883616,6812.558105
618,77.219,-0.010888656383373265,6812.558105
619,77.344,0.011188695106556509,6811.830566
620,77.469,-0.015390619655293038,6812.316895
621,77.595,-0.052806139958822135,6812.285645
622,77.719,-0.08935166176995672,6813.526855
623,77.844,-0.1478020372195677,6813.46875
624,77.969,-0.19769560708485664,6813.226563
625,78.094,-0.14285103680981998,6812.014648
626,78.219,-0.1415161880901846,6812.500488
627,78.344,-0.055283690623992826,6811.956055
628,78.469,-0.03485020305277727,6812.440918
629,78.595,-0.06062458394609123,6812.47168
630,78.719,-0.09083149799835893,6812.228027
631,78.844,-0.11310659526397115,6812.258789
632,78.969,-0.16478329983970702,6812.258301
633,79.094,-0.19083330372878743,6811.898438
634,79.219,-0.1907177166023145,6812.655273
635,79.346,-0.1978108041576288,6812.382324
636,79.469,-0.23732823514569515,6811.927246
637,79.594,-0.2822975927725189,6809.777344
638,79.719,-0.2683404760473378,6809.679688
639,79.844,-0.303533471942043,6809.378906
640,79.969,-0.33534217127631916,6809.504395
641,80.094,-0.37530911009948764,6808.894043
642,80.219,-0.3633871675416347,6808.77832
643,80.344,-0.45352251715072467,6809.260742
644,80.469,-0.5152215296741204,6808.77832
645,80.594,-0.6003281014500048,6809.746094
646,80.719,-0.648759313026488,6809.136719
647,80.844,-0.6771307774195013,6809.262207
648,80.969,-0.5966150524709194,6809.89209
649,81.094,-0.48997228714561647,6808.904785
650,81.219,-0.4085780756295626,6808.865234
651,81.344,-0.3469325002407362,6809.291504
652,81.469,-0.32540268462986405,6808.807129
653,81.594,-0.304453451724943,6809.13623
654,81.719,-0.3340989426401384,6809.106445
655,81.844,-0.3737740535733392,6808.40918
656,81.969,-0.3442718472693633,6807.953613
657,82.093,-0.3666189017383867,6809.165039
658,82.219,-0.33805426423259494,6808.594238
659,82.344,-0.33144142139718247,6808.709961
660,82.469,-0.319683780217735,6808.226074
661,82.594,-0.2687811147496306,6808.438477
662,82.719,-0.2820065544285416,6808.865234
663,82.844,-0.29604773794492395,6807.654785
664,82.969,-0.363345561305029,6808.012695
665,83.094,-0.4056112052478222,6808.495605
666,83.219,-0.4250640124386294,6808.709961
667,83.344,-0.47372774753296903,6808.681641
668,83.469,-0.48856377678580426,6808.652832
669,83.594,-0.527972609115654,6808.92334
670,83.719,-0.5696760462434477,6808.439453
671,83.845,-0.6970067828682082,6809.319824
672,83.969,-0.8027923296244093,6809.804199
673,84.094,-0.87887105774364,6809.319824
674,84.219,-0.9323788807336617,6809.533691
675,84.345,-0.8888064105960385,6809.079102
676,84.469,-0.8035594688427106,6808.894043
677,84.593,-0.7445002168291864,6809.377441
678,84.719,-0.645573904285286,6810.958008
679,84.843,-0.6221496182476712,6810.560547
680,84.968,-0.6821493844622382,6811.256836
681,85.094,-0.6990322211480464,6811.80127
682,85.219,-0.8159029165776326,6811.47168
683,85.344,-0.8802624870369811,6812.22998
684,85.469,-0.9621211083746506,6811.530762
685,85.593,-0.9784074305358968,6810.588867
686,85.719,-1.0002727531142108,6811.04541
687,85.844,-0.9597407519364448,6811.714355
688,85.968,-0.957583137502609,6812.043945
689,86.094,-0.9653579357458314,6811.22998
690,86.219,-0.9730046383781246,6811.501465
691,86.344,-0.9684742283387969,6811.713379
692,86.468,-0.9302411312375632,6811.228516
693,86.593,-0.9016274670994843,6810.929199
694,86.719,-0.8326764673734226,6811.870117
695,86.844,-0.776886871470742,6812.314453
696,86.969,-0.7414765513208506,6812.44043
697,87.093,-0.7462376044201667,6812.625488
698,87.219,-0.76671956231716,6812.354492
699,87.344,-0.8225954077490396,6812.538086
700,87.469,-0.8454743132677895,6811.897949
701,87.594,-0.8973645722877375,6812.053223
702,87.719,-0.8850972481159218,6810.812012
703,87.844,-0.9080605170531347,6809.476074
704,87.968,-0.915619014356212,6809.533691
705,88.093,-0.9081482596839108,6809.989258
706,88.218,-0.9057737591312344,6810.316895
707,88.343,-0.8683235265391575,6810.53125
708,88.468,-0.76672342612445,6810.260742
709,88.594,-0.6914983342446284,6810.172363
710,88.719,-0.6414145804936002,6811.414063
711,88.843,-0.6780741535892306,6811.472656
712,88.968,-0.8409320765825566,6812.325195
713,89.093,-1.0516184675097264,6811.871094
714,89.218,-1.2338480471824955,6810.986328
715,89.343,-1.400908911307291,6812.839355
716,89.468,-1.3250915969938226,6812.925781
717,89.594,-1.218279929831593,6812.440918
718,89.72,-1.082972341134454,6813.167969
719,89.843,-0.9476735214342238,6811.897949
720,89.968,-0.9031616636020615,6813.383789
721,90.094,-0.8517208135273752,6812.927246
722,90.218,-0.8756443505703718,6813.138672
723,90.343,-0.8718124409387261,6813.354004
724,90.468,-0.8542008730594348,6813.051758
725,90.593,-0.8733589359297195,6812.111328
726,90.718,-0.8270646639578892,6812.411621
727,90.844,-0.8530041062106477,6812.839355
728,90.968,-0.8419582551869557,6813.138184
729,91.094,-0.8379046354493518,6813.380859
730,91.218,-0.830086879862768,6813.479492
731,91.343,-0.7970200986741126,6813.352051
732,91.468,-0.7713338677609803,6812.993652
733,91.594,-0.7361061666700309,6812.32373
734,91.718,-0.7213228223051992,6813.449707
735,91.843,-0.7547507946339556,6813.566406
736,91.968,-0.7780129373081556,6813.294434
737,92.094,-0.7619866891776627,6813.23584
738,92.218,-0.7588550260629214,6813.537109
739,92.343,-0.7367155446074987,6812.353516
740,92.468,-0.6753232871705674,6813.896484
741,92.593,-0.6533868233261204,6812.905762
742,92.718,-0.6515198901845803,6813.266602
743,92.843,-0.6456786350510634,6813.624512
744,92.968,-0.6555432563969233,6813.809082
745,93.094,-0.661926649485835,6812.692871
746,93.218,-0.6587306328387031,6811.724121
747,93.343,-0.6202062594623905,6812.80957
748,93.468,-0.5989476127267331,6812.994629
749,93.593,-0.5485120544186738,6813.838867
750,93.718,-0.5256532082323379,6813.508301
751,93.843,-0.4994481378885633,6812.634766
752,93.968,-0.46408406579249256,6812.720703
753,94.093,-0.487353619766672,6813.449707
754,94.218,-0.5238909140020599,6813.93457
755,94.343,-0.5616275637602338,6812.90625
756,94.468,-0.6129042605993344,6813.663086
757,94.593,-0.6434705585420438,6814.790039
758,94.718,-0.6765221213349061,6812.936035
759,94.843,-0.6610496182347922,6813.420898
760,94.968,-0.6146703063376664,6812.148438
761,95.093,-0.5641513884234094,6814.148926
762,95.218,-0.5122308780473945,6814.304199
763,95.343,-0.4992082215627671,6813.789551
764,95.469,-0.5117332549348432,6813.759766
765,95.593,-0.5573730957646004,6812.760742
766,95.718,-0.6315010572216564,6811.150879
767,95.843,-0.6930863175868811,6810.152832
768,95.968,-0.7371837099002911,6811.026855
769,96.093,-0.7525704582033189,6811.334961
770,96.218,-0.7477810917641744,6811.848633
771,96.343,-0.7637476748362567,6811.665527
772,96.468,-0.7782217015861634,6811.480469
773,96.593,-0.8066271984535023,6812.179199
774,96.718,-0.8654119190124581,6812.693359
775,96.843,-0.9340139995944149,6812.303223
776,96.968,-1.0046680256209102,6813.546875
777,97.093,-1.044196857687407,6813.0625
778,97.218,-1.0469124708970774,6813.48877
779,97.343,-1.0222456563701086,6812.973633
780,97.469,-0.9446134318603637,6812.702148
781,97.593,-0.8616551834327019,6813.518066
782,97.718,-0.771625472762829,6812.974609
783,97.843,-0.688236775830356,6813.333008
784,97.968,-0.6016441085433575,6812.759766
785,98.093,-0.5425525526941758,6813.60498
786,98.218,-0.5347440632823054,6813.760254
787,98.343,-0.5398415609773797,6814.72998
788,98.468,-0.5464131402062892,6813.915527
789,98.593,-0.52862117335271,6812.70166
790,98.718,-0.5031978209323218,6813.974609
791,98.844,-0.4610303846804982,6814.486328
792,98.968,-0.45071928133408873,6813.187012
793,99.093,-0.4455197702621512,6812.914063
794,99.218,-0.49198403682275704,6812.60498
795,99.343,-0.5733756566687236,6813.788574
796,99.468,-0.6316884809962796,6813.333008
797,99.593,-0.6970152130790155,6813.00293
798,99.718,-0.6711741365026453,6813.149414
799,99.843,-0.6448376603538282,6813.332031
800,99.968,-0.6014638376631776,6812.848145
801,100.093,-0.5738071641021076,6813.303711
802,100.218,-0.5554503295368534,6813.575684
803,100.343,-0.5830838733279888,6813.304199
804,100.469,-0.5858542356623211,6813.39209
805,100.593,-0.647370471584393,6814.244629
806,100.718,-0.65448120791288,6814.303711
807,100.843,-0.7012157534070247,6813.633301
808,100.967,-0.7566501511668436,6813.759766
809,101.092,-0.8034571732424859,6813.575684
810,101.218,-0.8591052585234534,6813.789551
811,101.343,-0.875104404184189,6813.246094
812,101.468,-0.9014914821447493,6813.091309
813,101.593,-0.9129869461480071,6813.033203
814,101.717,-0.9009267735521098,6813.245605
815,101.842,-0.8820205849217,6813.304199
816,101.968,-0.8738659771453434,6813.876953
817,102.092,-0.8454029857217674,6813.672363
818,102.218,-0.8209900873564859,6814.003906
819,102.342,-0.7945061441650377,6813.246094
820,102.468,-0.7563169971934695,6813.031738
821,102.593,-0.7257584683865143,6813.246094
822,102.717,-0.7074401360822391,6813.575684
823,102.843,-0.6531150579252398,6813.516602
824,102.968,-0.6516660221327316,6813.362793
825,103.093,-0.6455877308420727,6814.245117
826,103.218,-0.6428211704553115,6814.670898
827,103.343,-0.655570665942457,6814.158203
828,103.467,-0.7010160593541919,6815.613281
829,103.593,-0.6794490253751652,6814.128906
830,103.717,-0.7135878589718065,6812.304199
831,103.843,-0.6675008533388522,6813.575195
832,103.968,-0.6154728249259127,6812.516602
833,104.093,-0.5682782491586114,6812.546875
834,104.218,-0.5674363808335795,6813.246094
835,104.343,-0.6394123889340825,6813.275391
836,104.467,-0.795870799403364,6812.790527
837,104.592,-0.9434183615197316,6812.945313
838,104.717,-1.087704406915595,6813.458496
839,104.843,-1.0995803691640256,6813.605469
840,104.968,-1.000629361783212,6813.487793
841,105.092,-0.8196950538976282,6813.51709
842,105.218,-0.6661771233220148,6812.760254
843,105.342,-0.5243312362732391,6812.70166
844,105.467,-0.5028756634071653,6812.789551
845,105.592,-0.5062564382064791,6813.487793
846,105.718,-0.5577646309967855,6814.274902
847,105.842,-0.6159866869693855,6813.671387
848,105.967,-0.6524408157543631,6813.788574
849,106.092,-0.6567984855702016,6813.245605
850,106.217,-0.6239744456177566,6813.517578
851,106.342,-0.5549102394942761,6813.216797
852,106.467,-0.5068824968909221,6813.488281
853,106.592,-0.4726214912829736,6813.458496
854,106.717,-0.46065930628962654,6813.643066
855,106.842,-0.4782723473784129,6814.458984
856,106.967,-0.4934988965280586,6813.915527
857,107.092,-0.5653552979145138,6814.915527
858,107.217,-0.5076788196354454,6814.1875
859,107.342,-0.47471456841574855,6813.943359
860,107.468,-0.3750798408110374,6813.916016
861,107.593,-0.29851191636278646,6813.37207
862,107.717,-0.2560515042017726,6813.670898
863,107.843,-0.18150859983845832,6814.399902
864,107.967,-0.17605185416723032,6813.730469
865,108.092,-0.18417480572691486,6814.157715
866,108.217,-0.24949615758802282,6813.12793
867,108.342,-0.31570648917666577,6813.855957
868,108.468,-0.36172676815734356,6814.371582
869,108.592,-0.41674939161501295,6815.157715
870,108.717,-0.37589486941921896,6815.670898
871,108.842,-0.34293283787966583,6814.186523
872,108.967,-0.35105564449490506,6813.671875
873,109.093,-0.3202761126508661,6814.855957
874,109.217,-0.36771589895468515,6815.341309
875,109.342,-0.4189018271841096,6814.85498
876,109.467,-0.5080844309507924,6814.097656
877,109.593,-0.5425608709629132,6813.827148
878,109.717,-0.5861722688460198,6814.856934
879,109.842,-0.5362698785630441,6813.856445
880,109.967,-0.4740192091845188,6814.070313
881,110.092,-0.34148860586965485,6815.098633
882,110.217,-0.23622880419434042,6814.525879
883,110.342,-0.15424503715210727,6815.069824
884,110.468,-0.07742862711535153,6815.524414
885,110.593,-0.06164353735974271,6814.613281
886,110.717,-0.09682675006768414,6815.342285
887,110.842,-0.1553616381748134,6815.282227
888,110.967,-0.2116887084195272,6815.224121
889,111.092,-0.29255065726259616,6815.223633
890,111.217,-0.2915054359230505,6815.407715
891,111.342,-0.2898893380498928,6815.165039
892,111.467,-0.27929018294252245,6814.13623
893,111.592,-0.2588775396156432,6812.467285
894,111.717,-0.2595296103560495,6812.584961
895,111.842,-0.2626353076386474,6812.37207
896,111.968,-0.2888906306872225,6812.672852
897,112.092,-0.3082205288199719,6815.194824
898,112.218,-0.3061845157104745,6813.914551
899,112.342,-0.3062079071330884,6813.885254
900,112.467,-0.2218046757698428,6813.12793
901,112.592,-0.16621702972903685,6813.187012
902,112.718,-0.11413998782205877,6813.672852
903,112.842,-0.07579005194114476,6813.341797
904,112.967,-0.05248918325992674,6813.157715
905,113.092,-0.11990096706415099,6815.458496
906,113.217,-0.14664357889696675,6813.885254
907,113.342,-0.1980213897235304,6813.458496
908,113.467,-0.1979412119099523,6814.186523
909,113.592,-0.17355183240773828,6812.731445
910,113.717,-0.13223448572146532,6812.186523
911,113.842,-0.12418504192247698,6813.1875
912,113.967,-0.10130088182221926,6812.458496
913,114.092,-0.10831512844249185,6812.431152
914,114.217,-0.1138377853983181,6812.944336
915,114.342,-0.13497921968830584,6812.216797
916,114.467,-0.13949724664217086,6812.100586
917,114.592,-0.08881918014443257,6810.489746
918,114.717,-0.037902469792484975,6811.70166
919,114.842,0.0364098257317056,6812.186035
920,114.967,0.13017068480243482,6812.15918
921,115.092,0.20378481742086318,6812.731934
922,115.217,0.23123261234790893,6812.70166
923,115.343,0.29300821642609937,6812.188477
924,115.467,0.25950901045382224,6811.672363
925,115.592,0.2629681039359838,6812.15918
926,115.717,0.2524861390987493,6810.676758
927,115.842,0.2340683304361604,6811.374023
928,115.966,0.22201941207929465,6812.246582
929,116.092,0.1753379861137675,6812.004395
930,116.216,0.10377083380638555,6811.188477
931,116.342,0.05016730893837057,6810.947266
932,116.467,-0.0379964765793173,6812.159668
933,116.592,-0.10178021193360039,6811.828125
934,116.717,-0.1133829725941976,6811.827637
935,116.842,-0.12425525106087107,6810.947266
936,116.967,-0.1031251827905287,6810.760742
937,117.091,-0.02582032909877563,6810.88916
938,117.217,0.052031754380569305,6811.101074
939,117.342,0.13942629956142616,6809.978027
940,117.467,0.16959013398622402,6809.79248
941,117.592,0.17993006218845561,6809.192383
942,117.718,0.14485862523028045,6810.461914
943,117.842,0.10050624823761765,6810.432129
944,117.966,0.03677119045928837,6810.915527
945,118.092,0.006292687217624236,6811.48877
946,118.217,-0.008048043679560987,6810.248047
947,118.342,0.0006653436817584268,6811.953613
948,118.467,-0.02413857093650918,6811.556152
949,118.591,-0.0682100174187907,6810.558594
950,118.717,-0.06653568127483259,6811.828125
951,118.842,-0.06455060341683093,6811.101563
952,118.967,-0.013386142904179422,6809.890137
953,119.092,0.059753648525832266,6808.407715
954,119.217,0.14926558659905828,6806.500977
955,119.342,0.18018902768759487,6806.5
956,119.467,0.1856258062255582,6807.468262
957,119.592,0.1845444573083201,6807.312012
958,119.718,0.13302364114092474,6806.615723
959,119.841,0.0769315407238844,6806.858887
960,119.966,0.068833979754163,6807.313965
961,120.091,0.08429809588730192,6807.739746
962,120.216,0.15124838687293787,6807.981445
963,120.341,0.20541604750813688,6807.980469
964,120.467,0.25590826457292676,6808.620605
965,120.592,0.26340924099983054,6808.679199
966,120.716,0.2452646218896414,6808.708008
967,120.842,0.20946432153034023,6808.794922
968,120.966,0.15304832783517033,6806.895996
969,121.091,0.07621022867934822,6807.892578
970,121.216,0.03174630940845415,6808.28125
971,121.341,-0.006986518299454622,6809.095703
972,121.466,-0.012230541296948567,6808.708496
973,121.592,-0.024125355926800963,6808.679199
974,121.716,-0.017783972889599264,6809.919434
975,121.841,-0.004078679475444226,6808.950684
976,121.966,0.06537310666101227,6808.707031
977,122.091,0.10245925278134993,6810.220215
978,122.216,0.15526079188452824,6810.374023
979,122.341,0.16801916767365316,6808.979492
980,122.466,0.19627651687270148,6809.192383
981,122.591,0.18268458362089368,6809.008789
982,122.716,0.15714350588761908,6808.803711
983,122.841,0.15825031734123235,6808.803711
984,122.966,0.13944903777573747,6808.465332
985,123.091,0.10376105562674402,6809.706055
986,123.216,0.07923178157502773,6808.282227
987,123.341,0.0956576095975896,6809.432617
988,123.466,0.12427980971404912,6809.193848
989,123.591,0.1883505070523126,6807.982422
990,123.716,0.2779730742665677,6808.804199
991,123.841,0.3573257113367162,6808.494629
992,123.966,0.41741531057815257,6808.407227
993,124.092,0.4118523338862299,6808.862793
994,124.216,0.35333304376694336,6809.289551
995,124.341,0.25461820318655737,6809.104492
996,124.466,0.16372331088789113,6809.404785
997,124.591,0.0687656701617031,6810.075195
998,124.716,0.08100241023641795,6810.316406
999,124.841,0.11353241236788444,6809.04541
1000,124.966,0.1977275416370136,6809.347168
1001,125.092,0.3098197820088926,6809.770508
1002,125.216,0.4119822192335491,6808.348633
1003,125.342,0.4660987428941913,6809.171387
1004,125.466,0.4547533980537507,6810.56543
1005,125.591,0.38701626668465383,6809.927246
1006,125.716,0.30549513134212347,6810.161133
1007,125.841,0.19271441263316516,6810.353027
1008,125.966,0.11561662425329312,6810.412109
1009,126.091,0.08168140028291558,6810.354004
1010,126.216,0.09746694154165014,6809.957031
1011,126.341,0.13245653072049787,6810.447754
1012,126.466,0.2331718193442591,6810.052246
1013,126.591,0.2918475912199772,6808.473633
1014,126.716,0.3413894622787696,6808.020508
1015,126.841,0.3750064276519487,6807.566406
1016,126.966,0.3853339475814709,6807.595215
1017,127.091,0.39075726894702445,6806.837891
1018,127.216,0.4143774595732408,6807.652344
1019,127.341,0.41112266977989714,6806.08252
1020,127.466,0.40211845118424844,6807.893555
1021,127.591,0.3919252123999713,6807.263672
1022,127.716,0.39968724599332234,6807.475586
1023,127.841,0.40418210098016616,6807.23291
1024,127.966,0.3799627154094439,6807.20459
1025,128.091,0.41845931843758494,6807.75
1026,128.216,0.4372183080066432,6807.689453
1027,128.341,0.4477459823165032,6808.444824
1028,128.466,0.45141295341480286,6807.322754
1029,128.591,0.4479777654809053,6807.717285
1030,128.716,0.4264098612689073,6807.05127
1031,128.842,0.4076401703115065,6807.90332
1032,128.966,0.3945658691047717,6807.322754
1033,129.091,0.41916665807641595,6807.351074
1034,129.216,0.43785335166961625,6808.017578
1035,129.342,0.5096230791883184,6807.506836
1036,129.466,0.5601041104192074,6807.475586
1037,129.591,0.6051112713168675,6808.445313
1038,129.716,0.6594779054261536,6808.716309
1039,129.841,0.672584081286839,6808.84082
1040,129.966,0.6627014631731577,6808.232422
1041,130.091,0.6308841295389555,6809.053711
1042,130.216,0.5658122993928751,6808.62793
1043,130.341,0.5198404317364786,6808.174805
1044,130.466,0.5044336046931365,6807.844727
1045,130.591,0.5260027563760278,6807.688477
1046,130.715,0.5891226798885107,6808.65918
1047,130.841,0.6390962962753783,6808.658691
1048,130.966,0.6701239369054528,6808.173828
1049,131.091,0.6228280244879631,6808.482422
1050,131.216,0.5188616824434994,6808.540039
1051,131.341,0.3731414741470379,6808.686523
1052,131.466,0.26637976521493617,6808.084961
1053,131.591,0.2161853658846455,6809.14209
1054,131.716,0.2838838951360828,6808.841797
1055,131.841,0.43055395644346833,6808.327637
1056,131.966,0.5938366216617185,6809.539551
1057,132.09,0.766926707065391,6808.570801
1058,132.216,0.8427900034886799,6808.812012
1059,132.34,0.8582509000233581,6808.328613
1060,132.466,0.8458945601478082,6808.628418
1061,132.591,0.7932487122142007,6809.083984
1062,132.716,0.7056738365748041,6808.298828
1063,132.84,0.6296954288180275,6808.327637
1064,132.965,0.5501975931233949,6807.968262
1065,133.09,0.5011722659086666,6809.208984
1066,133.215,0.47182414096883346,6808.628418
1067,133.341,0.49433749807497107,6808.086426
1068,133.465,0.5305167029050069,6809.385254
1069,133.59,0.5912484988909504,6808.813477
1070,133.715,0.6240288134988514,6808.143555
1071,133.84,0.6353191448233356,6809.510254
1072,133.965,0.6121819539608274,6809.20752
1073,134.09,0.5679133100860032,6809.362305
1074,134.216,0.5294477852538045,6810.148438
1075,134.341,0.4847700739063821,6809.663574
1076,134.465,0.5000725408623238,6809.420898
1077,134.59,0.5048037619419711,6807.300781
1078,134.716,0.5536257109909923,6807.998047
1079,134.841,0.6079447927853672,6806.788086
1080,134.966,0.6161296282916415,6807.088379
1081,135.09,0.6183753030494719,6806.846191
1082,135.215,0.6004893415702119,6808.23877
1083,135.341,0.5399796537596669,6807.813965
1084,135.465,0.48238853146745003,6807.241699
1085,135.59,0.4244539560063044,6806.817871
1086,135.715,0.4024863205235822,6806.031738
1087,135.84,0.38546252086946287,6805.791016
1088,135.965,0.3846359640425807,6806.304199
1089,136.09,0.37015794158218374,6805.635254
1090,136.216,0.3276378113571552,6805.57666
1091,136.34,0.22962128525670733,6805.60791
1092,136.465,0.10139077648680792,6805.152832
1093,136.591,-0.013363168830777277,6805.636719
1094,136.716,-0.10046817839071595,6804.727539
1095,136.84,-0.08151364550463074,6804.639648
1096,136.965,-0.0057957930834765595,6804.822266
1097,137.09,0.1435485631340855,6805.09375
1098,137.215,0.29261525512237324,6806.38916
1099,137.34,0.41860945431940605,6805.48291
1100,137.466,0.48997739622198766,6804.51416
1101,137.59,0.5235040002327606,6804.428223
1102,137.715,0.5411702882182822,6804.426758
1103,137.84,0.5004751452812864,6804.126465
1104,137.966,0.465896166292062,6804.273438
1105,138.091,0.4720270579008629,6803.488281
1106,138.215,0.4652327369067312,6804.486328
1107,138.34,0.4685277919184171,6804.727539
1108,138.465,0.44721637429478966,6804.757324
1109,138.591,0.4585689458220038,6805.182617
1110,138.715,0.43769489029699427,6805.724609
1111,138.84,0.3908084196966628,6804.938965
1112,138.965,0.35158896080359425,6804.214355
1113,139.09,0.30517360922124237,6804.668945
1114,139.215,0.30099914611979556,6804.397461
1115,139.341,0.3003664167314335,6804.45752
1116,139.465,0.330241981456112,6804.997559
1117,139.59,0.37677782048228836,6803.884277
1118,139.715,0.3977230082825738,6804.640625
1119,139.84,0.373536883275548,6805.335449
1120,139.965,0.33899539363813175,6803.854492
1121,140.091,0.3060059300530905,6804.156738
1122,140.215,0.2885598140758084,6805.123535
1123,140.34,0.3139402173036221,6805.210449
1124,140.466,0.343786100377474,6804.185547
1125,140.59,0.43607632494036414,6805.365234
1126,140.715,0.5078307286412196,6805.064453
1127,140.841,0.614379014394894,6805.60791
1128,140.965,0.6616384219023768,6805.606934
1129,141.09,0.6738789502751495,6805.123047
1130,141.215,0.6522096113911804,6805.730469
1131,141.34,0.6368485242092263,6805.487305
1132,141.465,0.5486098086171332,6806.45752
1133,141.59,0.498188467651338,6806.604492
1134,141.715,0.49663003773665493,6806.033691
1135,141.84,0.5454519886677965,6806.243164
1136,141.965,0.5993551816064765,6806.609863
1137,142.09,0.6844578185572895,6806.912109
1138,142.215,0.7577453314780391,6806.068848
1139,142.34,0.8162680953349815,6805.855957
1140,142.465,0.8732793096759068,6806.338867
1141,142.59,0.8961580474816028,6806.640625
1142,142.715,0.9117615502397479,6804.740723
1143,142.84,0.9308672105741939,6803.76709
1144,142.965,0.9400600442145326,6803.525391
1145,143.09,0.9298404125027957,6803.070313
1146,143.215,0.8859970543148239,6802.82959
1147,143.34,0.8380610014968306,6801.621094
1148,143.465,0.7837873491343134,6802.316406
1149,143.59,0.7559899129222728,6802.858887
1150,143.715,0.766675746050105,6802.616699
1151,143.84,0.8008340467565784,6802.85791
1152,143.965,0.8370089977426194,6802.559082
1153,144.09,0.8381678798788528,6803.129883
1154,144.215,0.8200804186083785,6803.825195
1155,144.34,0.7775219316361793,6804.037598
1156,144.465,0.7887432954406071,6804.310059
1157,144.59,0.7725378156665201,6804.008301
1158,144.715,0.8188609832922995,6804.096191
1159,144.84,0.8909307170661556,6805.730957
1160,144.965,0.9327384847354891,6805.490234
1161,145.09,0.9420729937452864,6805.218262
1162,145.215,0.9327968542970118,6805.943359
1163,145.34,0.8774029607686756,6805.247559
1164,145.465,0.8250882257740274,6805.944336
1165,145.59,0.8058714302354736,6805.304688
1166,145.715,0.8030899125488768,6806.003418
1167,145.84,0.8484292509698194,6805.818359
1168,145.965,0.9263049219825649,6806.244141
1169,146.09,1.0052066740434287,6805.489258
1170,146.215,1.0354040225985073,6804.793945
1171,146.34,1.0376005090423084,6804.946777
1172,146.465,0.9803122235481141,6804.821777
1173,146.589,0.9138016972740803,6805.458984
1174,146.715,0.8124484046087128,6804.008301
1175,146.84,0.7185504728183133,6805.760742
1176,146.965,0.6383574946861478,6805.731934
1177,147.09,0.5924187855078106,6805.128906
1178,147.215,0.5413092352220937,6805.730957
1179,147.34,0.5138713819807483,6805.034668
1180,147.465,0.5115248905760597,6804.88916
1181,147.59,0.49138022492908756,6804.645508
1182,147.715,0.507620365018015,6804.763672
1183,147.84,0.5204254508216589,6806.21582
1184,147.965,0.5532838279007124,6805.247559
1185,148.09,0.5710017866610734,6805.311523
1186,148.215,0.6114733745659483,6804.616211
1187,148.34,0.6287703330759083,6806.282227
1188,148.465,0.6621721087299023,6806.581543
1189,148.59,0.7001784202011421,6805.48877
1190,148.714,0.739541657370099,6806.882813
1191,148.839,0.7851508275901015,6805.613281
1192,148.964,0.811833750813039,6807.037109
1193,149.089,0.8206668591706487,6806.098145
1194,149.215,0.7820017848646392,6806.582031
1195,149.339,0.7633678828250291,6806.129395
1196,149.464,0.7239662982711538,6805.884277
1197,149.59,0.7109907429316424,6806.155762
1198,149.715,0.7096661058790772,6804.829102
1199,149.84,0.7386672079962937,6807.037598
1200,149.966,0.7756443195316058,6806.581543
1201,150.09,0.8141655324499631,6805.101074
1202,150.215,0.8494230368192668,6805.583984
1203,150.339,0.8409232344055575,6806.552246
1204,150.465,0.8138562756917688,6806.94873
1205,150.589,0.7894396802547872,6806.192383
1206,150.715,0.7759978723850982,6806.191895
1207,150.84,0.7763087641445235,6807.373047
1208,150.964,0.7963829458348007,6807.343262
1209,151.09,0.8301800826155284,6807.373047
1210,151.214,0.8542141970763095,6805.89209
1211,151.34,0.8565245882943908,6804.317871
1212,151.464,0.8504796736837533,6804.133301
1213,151.59,0.7962241626412068,6803.986328
1214,151.714,0.7492883479065443,6805.071777
1215,151.839,0.710717672737695,6804.616699
1216,151.964,0.6988457520328392,6804.044922
1217,152.089,0.7118229873047349,6804.953125
1218,152.215,0.7986917524344616,6804.169922
1219,152.339,0.9123815317369278,6804.045898
1220,152.464,1.045889064851288,6804.742676
1221,152.589,1.1375900541578143,6805.314453
1222,152.715,1.1392637990497616,6805.194336
1223,152.839,1.0225782651186273,6805.436035
1224,152.964,0.8304137554603512,6805.407715
1225,153.09,0.6404938335645268,6806.193848
1226,153.214,0.4451267764949303,6806.345703
1227,153.339,0.379080598934793,6807.77002
1228,153.464,0.45458309296981236,6807.130859
1229,153.59,0.5907302414282745,6806.88916
1230,153.714,0.7399087582343385,6805.738281
1231,153.839,0.8880064371691525,6806.887207
1232,153.964,0.9848367914781259,6806.347168
1233,154.09,0.9758310642786613,6806.556641
1234,154.215,0.9444369125489498,6806.133301
1235,154.34,0.8916137766843877,6806.163574
1236,154.464,0.8397451961430477,6805.681152
1237,154.589,0.8297574663364897,6805.70752
1238,154.714,0.840411464606092,6805.620605
1239,154.839,0.8774450238354878,6804.923828
1240,154.964,0.9321580618614742,6805.892578
1241,155.089,0.9834137197451688,6806.586426
1242,155.214,0.9951499417882658,6806.918945
1243,155.339,0.9952580441550538,6806.044434
1244,155.464,0.9623375777649691,6806.103516
1245,155.589,0.9330058523731876,6805.531738
1246,155.714,0.8889637932528895,6806.258789
1247,155.839,0.857945401637645,6807.283691
1248,155.964,0.8595875865315711,6806.557129
1249,156.089,0.8861104379993401,6806.044922
1250,156.214,0.9082094400391874,6806.345703
1251,156.339,0.9647114077001026,6806.82959
1252,156.464,1.0095912535089364,6805.348145
1253,156.59,1.0631463737839144,6806.132324
1254,156.714,1.1138957767590985,6806.164063
1255,156.839,1.1627033093078998,6805.591309
1256,156.965,1.1441778981695043,6805.952148
1257,157.089,1.1044345146006271,6806.617188
1258,157.214,1.038066826006887,6805.86377
1259,157.339,0.9533912749447999,6805.70752
1260,157.464,0.8489627191686389,6805.70752
1261,157.589,0.8278753218181221,6805.986328
1262,157.715,0.8437610242514096,6806.133789
1263,157.839,0.8639039694190841,6806.588379
1264,157.965,0.9031333567483505,6806.434082
1265,158.089,0.8520449528942753,6805.379883
1266,158.214,0.7659813792625244,6805.620605
1267,158.339,0.699943324554241,6805.927246
1268,158.464,0.6478219509538856,6807.071777
1269,158.589,0.6718328505596372,6805.927734
1270,158.714,0.7737950609378765,6806.954102
1271,158.839,0.8690813412799614,6806.741699
1272,158.964,0.9709514762001041,6805.046875
1273,159.089,1.0435480748492283,6804.439941
1274,159.214,1.0754273615495513,6804.652832
1275,159.339,1.0605054249782546,6804.411133
1276,159.464,1.0407522752573817,6804.799316
1277,159.589,1.0163747370717124,6805.348145
1278,159.714,0.9895815791685488,6805.37793
1279,159.839,0.969575998588728,6805.921387
1280,159.964,0.947888510614625,6804.683105
1281,160.089,0.9150572645279914,6804.834961
1282,160.214,0.9192294387917493,6805.465332
1283,160.339,0.9172692866260873,6805.047852
1284,160.466,0.9395877641897092,6805.348633
1285,160.589,0.9427300028049131,6805.16748
1286,160.714,0.9269390632665189,6805.592773
1287,160.839,0.9226725148884108,6805.049316
1288,160.964,0.9050526790683486,6805.226074
1289,161.089,0.9004226106751241,6805.650391
1290,161.214,0.9194353666369197,6804.711914
1291,161.339,0.9831639305166536,6804.352539
1292,161.464,1.0464935783310843,6805.224609
1293,161.589,1.0936685669645945,6804.89502
1294,161.714,1.0984991523722525,6805.37793
1295,161.839,1.0832027895512257,6805.349121
1296,161.964,1.0337088613760297,6804.923828
1297,162.089,0.9657527903950427,6804.050293
1298,162.214,0.9091154512931999,6804.19873
1299,162.339,0.8921739880842794,6805.620605
1300,162.464,0.9029705765738079,6805.495117
1301,162.589,0.951103377637167,6806.348633
1302,162.715,0.9886727740827156,6806.015137
1303,162.839,1.0079185135075985,6806.859863
1304,162.964,0.9992926463633426,6806.317383
1305,163.089,0.9716074122263226,6806.741211
1306,163.214,0.9249561863244025,6806.287598
1307,163.339,0.9060616071475268,6806.588379
1308,163.464,0.8968176763696534,6805.648438
1309,163.589,0.9019324030783632,6806.646973
1310,163.714,0.9180819994747084,6806.52832
1311,163.839,0.9321833441809733,6806.588379
1312,163.964,0.9132705576662582,6806.771973
1313,164.089,0.9047694857337285,6807.408203
1314,164.214,0.9001491060446706,6806.227539
1315,164.339,0.9358291189984682,6807.043945
1316,164.464,0.9803198442674353,6807.651367
1317,164.589,1.0228256086524725,6807.313965
1318,164.714,1.04456076466856,6807.137207
1319,164.839,1.0252981521548015,6807.166504
1320,164.964,0.9538803968244219,6807.165039
1321,165.089,0.8260164195958766,6807.319336
1322,165.214,0.7107058057465262,6807.408691
1323,165.339,0.6292647693909564,6807.40918
1324,165.464,0.5897652772018972,6808.105469
1325,165.589,0.6176279520021485,6807.049316
1326,165.713,0.654279557197399,6805.926758
1327,165.839,0.7193881542001231,6806.315918
1328,165.964,0.7224911458716025,6806.498535
1329,166.089,0.7287288157747153,6806.954102
1330,166.214,0.7394323364371034,6805.22998
1331,166.339,0.7642931308104935,6806.285645
1332,166.463,0.8248041009833136,6807.072754
1333,166.589,0.932188531926037,6806.043457
1334,166.714,1.022148579495139,6806.830566
1335,166.838,1.0670387517596165,6806.558105
1336,166.963,1.0931976199630211,6806.287598
1337,167.088,1.0375576577114083,6806.557129
1338,167.214,0.9805117940400362,6805.561035
1339,167.338,0.9204622434916986,6806.134766
1340,167.463,0.8653160087045116,6806.770508
1341,167.588,0.8230289835446919,6807.014648
1342,167.713,0.7818196537576313,6806.557129
1343,167.84,0.7575706884058546,6806.559082
1344,167.964,0.7331582085378793,6806.529785
1345,168.089,0.68223518499876,6807.768066
1346,168.214,0.6310679724184203,6807.012695
1347,168.338,0.5435754155596506,6806.682129
1348,168.464,0.48447775977086527,6807.73877
1349,168.589,0.45938532889407624,6807.225586
1350,168.713,0.46044252824025805,6806.983398
1351,168.839,0.4899704217128929,6808.222168
1352,168.964,0.5532189233875999,6806.409668
1353,169.089,0.6275005190814243,6806.256836
1354,169.213,0.7183107520547344,6807.226074
1355,169.339,0.7963682042012873,6806.954102
1356,169.464,0.7879032629220278,6806.923828
1357,169.589,0.7843514619298242,6807.195801
1358,169.713,0.7611120968727275,6807.406738
1359,169.838,0.712335844246515,6807.13623
1360,169.963,0.663963738056565,6807.862793
1361,170.088,0.6440273694144972,6807.166016
1362,170.213,0.6396768142344764,6808.193848
1363,170.339,0.6422378301555084,6807.774414
1364,170.463,0.6527372728138598,6806.983398
1365,170.588,0.6820509967897276,6806.895508
1366,170.714,0.6994061519712921,6807.047363
1367,170.838,0.7137946573503458,6807.283691
1368,170.963,0.7095460009176237,6807.803711
1369,171.089,0.7162348584027376,6808.046387
1370,171.213,0.7039488786046025,6808.046387
1371,171.338,0.7073999763573403,6808.375977
1372,171.463,0.7060396041812556,6808.164551
1373,171.588,0.6864759781785439,6807.650391
1374,171.713,0.6361545162813669,6807.349609
1375,171.838,0.5868827810679194,6808.530762
1376,171.964,0.5440543099429249,6807.892578
1377,172.088,0.48994050353986,6808.22998
1378,172.213,0.5178890666356036,6807.833008
1379,172.338,0.5814565360994384,6808.046387
1380,172.463,0.621191492669563,6808.046387
1381,172.588,0.7064354600697877,6809.102539
1382,172.713,0.750223347596667,6809.681641
1383,172.838,0.806218874113124,6809.044922
1384,172.963,0.8168556742895063,6808.984863
1385,173.088,0.8096292701956617,6808.835938
1386,173.213,0.6932367587041268,6807.714844
1387,173.339,0.4945908133525978,6808.654785
1388,173.463,0.2879895476948139,6809.137207
1389,173.588,0.06330247216520807,6807.625977
1390,173.713,-0.07552278342588296,6805.902344
1391,173.838,-0.06334253169623567,6806.108887
1392,173.964,0.08309141575687128,6806.924805
1393,174.088,0.2738453585617747,6806.835938
1394,174.213,0.5019376756168002,6806.263184
1395,174.338,0.6857670720033884,6806.439941
1396,174.463,0.7050495771601857,6806.321777
1397,174.588,0.6970397305638291,6806.834473
1398,174.713,0.6236791696375642,6807.560547
1399,174.838,0.5622537253667137,6806.439453
1400,174.963,0.494219193295122,6807.378906
1401,175.088,0.49228221037574665,6806.807129
1402,175.213,0.49720125427411394,6807.472656
1403,175.338,0.5409109625647742,6806.894531
1404,175.463,0.5719836559994952,6806.775879
1405,175.588,0.6095860788774784,6807.289063
1406,175.713,0.6396821830379322,6806.806152
1407,175.838,0.5878840826014663,6807.53125
1408,175.963,0.5822755205799652,6808.199219
1409,176.089,0.5213539667447606,6807.077637
1410,176.213,0.44380915113452507,6806.174316
1411,176.338,0.3944579082953,6806.806152
1412,176.463,0.37553515324048825,6807.443848
1413,176.588,0.41409248660648645,6806.864746
1414,176.713,0.44191052705991096,6807.502441
1415,176.838,0.4987891047594257,6807.743652
1416,176.963,0.599930137956489,6807.65625
1417,177.088,0.6374676886884797,6807.201172
1418,177.213,0.7002480141821134,6807.685547
1419,177.338,0.7285607138003639,6807.384277
1420,177.463,0.7383773832976037,6807.685547
1421,177.587,0.7132759075497029,6806.98877
1422,177.713,0.5978937904795001,6807.319336
1423,177.838,0.5246935914106523,6807.897949
1424,177.963,0.45347920687285,6807.260254
1425,178.088,0.41827900682858493,6807.384766
1426,178.213,0.4123002795247334,6807.533203
1427,178.338,0.4355251228022894,6807.319336
1428,178.463,0.446594141703458,6807.017578
1429,178.588,0.4594784459862286,6807.472168
1430,178.713,0.4440845976493405,6807.320801
1431,178.838,0.4341448568048367,6806.98877
1432,178.963,0.4572285645639555,6807.200195
1433,179.088,0.5099478101834714,6807.501953
1434,179.213,0.6110600412757098,6807.171875
1435,179.339,0.7015395221210012,6807.804199
1436,179.463,0.7923926228011294,6808.081055
1437,179.587,0.8604435926958318,6807.04834
1438,179.713,0.8448183729296909,6808.228027
1439,179.838,0.8164510797938004,6808.712891
1440,179.963,0.7475756134516878,6807.260254
1441,180.087,0.679331780890397,6806.959961
1442,180.213,0.6136950223676383,6807.744141
1443,180.338,0.5304848923156282,6808.080566
1444,180.463,0.4889506455251596,6807.172363
1445,180.588,0.4591780351003052,6806.751953
1446,180.713,0.434483088656093,6807.869629
1447,180.837,0.42804927451909897,6808.991211
1448,180.963,0.4641426987763561,6807.507813
1449,181.088,0.46448740433426744,6807.236816
1450,181.212,0.4704521449440602,6807.902344
1451,181.338,0.489972625297654,6807.720703
1452,181.463,0.5485007505575434,6805.447754
1453,181.588,0.5889328458205543,6803.637207
1454,181.714,0.6523365690928603,6805.807129
1455,181.838,0.6987536916320525,6805.206543
1456,181.962,0.746856180910726,6804.936035
1457,182.09,0.7523956056225027,6805.992188
1458,182.212,0.7848506893499848,6806.41748
1459,182.338,0.7591781567062869,6806.687988
1460,182.463,0.7310054663914737,6806.870605
1461,182.587,0.7091662255415986,6805.932129
1462,182.713,0.6789977843412847,6805.20752
1463,182.837,0.6415604176362253,6804.598633
1464,182.962,0.6016808490954552,6804.783691
1465,183.088,0.5100963206667136,6804.29834
1466,183.213,0.4012720215008704,6804.328613
1467,183.337,0.31973103070690323,6803.874023
1468,183.462,0.2759362753797529,6803.844727
1469,183.587,0.2404388496735733,6803.84375
1470,183.713,0.24279206435441467,6805.141113
1471,183.838,0.30098023848559163,6804.781738
1472,183.962,0.3706619452033966,6804.723145
1473,184.088,0.4584256692877126,6803.696289
1474,184.212,0.4789246325548859,6804.116211
1475,184.337,0.4941830446761624,6803.814941
1476,184.463,0.5362220947194328,6804.360352
1477,184.588,0.4930262393361649,6803.029785
1478,184.713,0.4480311111281163,6805.265137
1479,184.837,0.3816828575732596,6804.781738
1480,184.962,0.3013143056592845,6805.114746
1481,185.087,0.2035916637835901,6804.751953
1482,185.212,0.1657139168780803,6805.44873
1483,185.337,0.14286503854167465,6805.990723
1484,185.462,0.1674842254771247,6805.844727
1485,185.587,0.2617143111040959,6805.991211
1486,185.713,0.32348092056540084,6805.508789
1487,185.837,0.42740603409298067,6805.388672
1488,185.962,0.5339983946198148,6805.118652
1489,186.087,0.5869695982162861,6805.721191
1490,186.212,0.6433563654972065,6805.44873
1491,186.337,0.7079221008485638,6805.661133
1492,186.462,0.6705313354691933,6805.390625
1493,186.587,0.6498191763092468,6804.149902
1494,186.712,0.6181974806398035,6804.179199
1495,186.837,0.5257922785349923,6803.514648
1496,186.962,0.4552553489903885,6804.634766
1497,187.087,0.39415732174735413,6803.54834
1498,187.212,0.4023801591186445,6804.179688
1499,187.337,0.3811736800181556,6803.908691
1500,187.462,0.40694982042114114,6805.572266
1501,187.587,0.3997487011859152,6804.061523
1502,187.712,0.4292675255974825,6805.147949
1503,187.837,0.3957007284405213,6803.490723
1504,187.962,0.35508228745519843,6802.158203
1505,188.088,0.333518192912214,6801.851074
1506,188.212,0.3097121271550085,6802.576172
1507,188.337,0.3118064333239714,6802.063965
1508,188.462,0.3758039379350126,6802.546387
1509,188.587,0.42678990272593886,6801.338867
1510,188.712,0.501417979322938,6802.877441
1511,188.837,0.5628090086097979,6802.817871
1512,188.962,0.6461398029288784,6802.424805
1513,189.088,0.6757986407330404,6802.004883
1514,189.212,0.6832542664849096,6802.971191
1515,189.337,0.6566273654689027,6802.518066
1516,189.462,0.629431153821959,6803.089844
1517,189.587,0.593551664725257,6802.395508
1518,189.712,0.5444586255348405,6802.306152
1519,189.837,0.5097982369301101,6801.609863
1520,189.962,0.504679881209953,6801.279785
1521,190.087,0.4896375810935873,6802.246582
1522,190.212,0.4480681228154595,6801.309082
1523,190.337,0.38360441723930044,6801.521484
1524,190.462,0.2855767672426279,6800.979492
1525,190.587,0.23489848036228306,6801.763672
1526,190.712,0.1689927504898819,6801.433105
1527,190.837,0.18909760188353927,6801.704102
1528,190.962,0.2230014293933271,6801.404297
1529,191.087,0.28551909340525117,6800.679199
1530,191.212,0.3424487576039978,6801.339844
1531,191.337,0.39737675158259017,6801.580078
1532,191.463,0.3943396928227047,6801.584961
1533,191.587,0.35734965612276465,6801.550293
1534,191.712,0.3292253354702576,6801.974609
1535,191.837,0.3122461697702857,6801.069336
1536,191.962,0.3065831353085392,6801.161133
1537,192.087,0.3007502339716006,6800.525879
1538,192.212,0.34178672352677614,6800.313477
1539,192.337,0.3864165830736753,6801.64502
1540,192.463,0.3799067039850269,6801.220703
1541,192.587,0.4055397206656804,6801.192871
1542,192.712,0.4409949941168267,6801.067871
1543,192.837,0.4441905665204275,6801.191895
1544,192.962,0.4398373413170357,6801.733887
1545,193.087,0.4639733660032366,6802.12793
1546,193.212,0.47447232870973666,6802.1875
1547,193.337,0.4598287874254886,6802.487793
1548,193.462,0.46340853154481687,6803.030273
1549,193.587,0.43178384679402765,6803.819824
1550,193.711,0.43252044504954246,6802.458496
1551,193.837,0.4037163554386578,6802.099121
1552,193.962,0.4452010140971205,6802.58252
1553,194.087,0.44970836323667346,6802.22168
1554,194.212,0.43756752027463974,6802.30957
1555,194.337,0.43757963287382834,6804.245117
1556,194.463,0.4143385305766938,6803.488281
1557,194.587,0.3894232102689922,6803.973145
1558,194.711,0.3726221574707182,6802.858887
1559,194.837,0.4213169413199051,6805.819824
1560,194.962,0.4550126248305925,6803.523926
1561,195.086,0.5485238091085534,6802.645996
1562,195.212,0.5973820168418795,6801.526855
1563,195.337,0.6247385615664646,6801.133301
1564,195.461,0.6061556026193708,6800.377441
1565,195.587,0.5730234171878822,6801.644043
1566,195.712,0.5304056421630273,6801.313965
1567,195.838,0.5093719234865145,6802.099121
1568,195.962,0.5523814464053991,6801.433105
1569,196.087,0.5554877138279749,6803.007813
1570,196.211,0.546187377082923,6801.585449
1571,196.337,0.5767270327278954,6802.22168
1572,196.461,0.5217569892024292,6802.705078
1573,196.587,0.5042924640760709,6800.349121
1574,196.712,0.44607077902663905,6800.890137
1575,196.837,0.4654221610567833,6800.80127
1576,196.962,0.4551190517861197,6801.285645
1577,197.086,0.42405852822393897,6800.831055
1578,197.211,0.36190521821545635,6801.739258
1579,197.337,0.36787596174153286,6801.556641
1580,197.461,0.28641992743021477,6800.742676
1581,197.586,0.23192348295994106,6801.557617
1582,197.711,0.1707689060703962,6802.221191
1583,197.836,0.22241937460751193,6801.526367
1584,197.961,0.23431188962244717,6801.556641
1585,198.086,0.2773219528834152,6800.529785
1586,198.212,0.2889137161934166,6801.950684
1587,198.337,0.3259781103215591,6801.166016
1588,198.461,0.30042810440106527,6800.654297
1589,198.586,0.14779991060135045,6801.197754
1590,198.712,0.01695297315923312,6800.742676
1591,198.837,-0.12495331802665426,6800.135742
1592,198.961,-0.21042516696970745,6799.22998
1593,199.086,-0.2622000926583169,6799.53125
1594,199.211,-0.2946665218747845,6797.963867
1595,199.336,-0.24385256345302386,6798.445313
1596,199.461,-0.23409390275910885,6797.091797
1597,199.587,-0.169599108623445,6797.540039
1598,199.711,-0.1627025220126428,6797.452637
1599,199.836,-0.14852713806917478,6798.74707
1600,199.961,-0.1461125738034633,6797.935059
1601,200.086,-0.13231071694911833,6798.175293
1602,200.212,-0.2305314538779102,6798.74707
1603,200.336,-0.28663343137497665,6798.780762
1604,200.461,-0.4413298941601109,6798.688477
1605,200.586,-0.5414401911609044,6799.141113
1606,200.711,-0.6161566451392535,6797.935059
1607,200.836,-0.6643833382270294,6798.145996
1608,200.961,-0.5592819414176173,6798.628906
1609,201.086,-0.5053731989185318,6798.115723
1610,201.212,-0.4274094438938021,6798.358398
1611,201.336,-0.379944030623198,6798.930664
1612,201.461,-0.3072403771384746,6798.658203
1613,201.587,-0.36969507404241103,6796.969238
1614,201.711,-0.3110792566514676,6798.057617
1615,201.836,-0.30611957462336126,6797.633301
1616,201.961,-0.2396628859330467,6797.361816
1617,202.086,-0.28466014845143506,6797.39209
1618,202.211,-0.31285821487537646,6797.362793
1619,202.337,-0.3440131537270228,6797.633789
1620,202.461,-0.39408710124292584,6797.33252
1621,202.586,-0.4785227023654623,6797.152344
1622,202.711,-0.4970248299961621,6797.180176
1623,202.836,-0.5602031792267406,6797.333008
1624,202.961,-0.5156265982122519,6798.358398
1625,203.086,-0.44995857491127395,6798.086914
1626,203.211,-0.4326003542780316,6798.811523
1627,203.336,-0.4098887735204516,6797.727539
1628,203.462,-0.3567902822700092,6798.539063
1629,203.588,-0.3796712587858281,6798.781738
1630,203.711,-0.4258995452013667,6797.696289
1631,203.836,-0.5236704905908895,6797.908203
1632,203.961,-0.5236439341768176,6798.662598
1633,204.086,-0.6250284325747452,6797.696777
1634,204.211,-0.6474025971657908,6797.337402
1635,204.336,-0.6331656741302758,6797.277832
1636,204.461,-0.6724199777505182,6795.554199
1637,204.587,-0.7156956777936427,6795.131348
1638,204.711,-0.6890164501837014,6795.074219
1639,204.836,-0.6964414666633142,6795.706543
1640,204.961,-0.7001131645371761,6795.916016
1641,205.086,-0.6384928896457277,6796.700684
1642,205.211,-0.6265298008498097,6795.85498
1643,205.336,-0.6251578669349895,6794.861816
1644,205.461,-0.7440804209916065,6795.796387
1645,205.587,-0.8155088530054795,6795.978027
1646,205.711,-0.955212360777418,6795.949707
1647,205.836,-1.0261968888783815,6796.249512
1648,205.961,-0.9837439748571752,6796.731445
1649,206.086,-0.9610986000284955,6796.702637
1650,206.211,-0.8483939442836647,6796.008789
1651,206.337,-0.7679435526293759,6795.255371
1652,206.461,-0.7035683023156847,6796.731445
1653,206.586,-0.6987307910316933,6795.830566
1654,206.711,-0.7524567064342275,6795.437012
1655,206.836,-0.7705998655631165,6795.979004
1656,206.962,-0.7917613846160488,6796.643066
1657,207.086,-0.788368084562984,6796.674316
1658,207.212,-0.7948629490380791,6796.19043
1659,207.336,-0.777686131704045,6797.695801
1660,207.461,-0.7791905861928188,6797.969238
1661,207.586,-0.7289199920817322,6797.516113
1662,207.711,-0.7696526284233779,6798.45166
1663,207.836,-0.772362683921106,6797.243652
1664,207.962,-0.7928910290416492,6797.697754
1665,208.086,-0.7642762391680452,6797.154785
1666,208.211,-0.7896110902718759,6797.727051
1667,208.336,-0.8160034478787339,6797.456055
1668,208.461,-0.8069471952412266,6796.73291
1669,208.586,-0.81052355498886,6797.396484
1670,208.711,-0.785127335086446,6798.268555
1671,208.836,-0.8213885862091499,6797.520508
1672,208.961,-0.7677755988589547,6798.663574
1673,209.086,-0.7460525935776291,6799.293457
1674,209.211,-0.7259040870170591,6799.146484
1675,209.336,-0.7508101204886252,6799.900391
1676,209.461,-0.7728607793616777,6798.39209
1677,209.586,-0.8057367696993538,6798.664063
1678,209.711,-0.8232118112618683,6797.910156
1679,209.836,-0.8028507618629128,6797.820313
1680,209.961,-0.763325985568506,6798.062988
1681,210.086,-0.7513573414991577,6798.181641
1682,210.211,-0.7388569560578687,6798.574219
1683,210.336,-0.7498719423104294,6798.331543
1684,210.461,-0.8247985693807165,6800.382324
1685,210.586,-0.8733235580716087,6799.540039
1686,210.711,-0.9371619447867661,6799.421875
1687,210.836,-0.9904786800488754,6798.904297
1688,210.961,-0.9512458176845301,6799.481445
1689,211.086,-0.9341734919244008,6799.025879
1690,211.211,-0.8962495794773138,6800.535645
1691,211.336,-0.8779936378758408,6799.572266
1692,211.461,-0.8758441916827678,6799.751465
1693,211.586,-0.9517849976684394,6799.39209
1694,211.711,-1.0027615066947297,6800.173828
1695,211.836,-1.038039840880364,6800.598633
1696,211.961,-1.0201815009353699,6799.572266
1697,212.086,-0.9659934430238193,6800.508301
1698,212.211,-0.887974299287742,6799.483887
1699,212.336,-0.8138370143856521,6800.480469
1700,212.461,-0.7985984500320877,6800.297363
1701,212.585,-0.7832921222643761,6798.789063
1702,212.71,-0.7883967750298547,6796.46582
1703,212.836,-0.7799015590959306,6797.458984
1704,212.96,-0.7842080791110974,6796.494629
1705,213.086,-0.7630662232695584,6797.189453
1706,213.211,-0.7747346464161226,6797.641602
1707,213.335,-0.7963491433838645,6798.39502
1708,213.461,-0.8319380350345011,6798.907227
1709,213.585,-0.8618361379524855,6797.342285
1710,213.71,-0.8926584529743355,6796.80127
1711,213.836,-0.885483494964238,6797.400391
1712,213.961,-0.8880393491883788,6797.791016
1713,214.085,-0.8734748484737206,6797.671875
1714,214.211,-0.8721181573591424,6797.158691
1715,214.336,-0.8865312206709921,6797.944336
1716,214.461,-0.9239277062668189,6797.611816
1717,214.586,-0.9072527598988857,6796.675781
1718,214.71,-0.904201515271139,6796.494629
1719,214.836,-0.8579498206153262,6796.73584
1720,214.961,-0.7942718675362033,6796.705078
1721,215.086,-0.7497382127459606,6796.91748
1722,215.211,-0.7295744194932979,6795.983398
1723,215.335,-0.7267925427281773,6796.677246
1724,215.46,-0.7554564254381055,6797.34082
1725,215.585,-0.8148903729570337,6797.069824
1726,215.711,-0.8228954240955321,6797.21875
1727,215.836,-0.8562232476790675,6798.275391
1728,215.96,-0.8224164203443733,6799.361816
1729,216.085,-0.8041330151461394,6798.730957
1730,216.211,-0.7557905552465766,6798.277832
1731,216.336,-0.7379179536494385,6798.817871
1732,216.461,-0.7273596594272702,6798.848633
1733,216.585,-0.743195295939581,6798.125
1734,216.71,-0.7632525987453292,6799.572266
1735,216.836,-0.8191813094065133,6798.516602
1736,216.961,-0.8988746969765318,6798.335449
1737,217.085,-0.988401291570923,6799.785156
1738,217.21,-1.0667378866946973,6798.789063
1739,217.335,-1.1160880949411136,6797.824219
1740,217.461,-1.10005751683081,6799.05957
1741,217.586,-1.0499955326470425,6798.757813
1742,217.71,-0.9845455290651184,6799.42334
1743,217.835,-0.91117225290113,6799.696289
1744,217.96,-0.8374647982804558,6799.724609
1745,218.085,-0.8274703662789529,6801.780273
1746,218.211,-0.8307976174394169,6800.933105
1747,218.335,-0.8721175994145739,6801.025879
1748,218.46,-0.9079245208181556,6800.177734
1749,218.585,-0.9136886290667415,6800.178223
1750,218.71,-0.917678866126881,6800.419434
1751,218.836,-0.895468335576188,6800.873047
1752,218.96,-0.8821651499740852,6800.390137
1753,219.085,-0.876045027897068,6799.877441
1754,219.211,-0.8767235144536125,6800.117676
1755,219.335,-0.9017403874924067,6800.176758
1756,219.46,-0.9330071804145016,6800.720703
1757,219.585,-0.9673334742078589,6800.631348
1758,219.71,-1.0200592877796286,6800.299805
1759,219.835,-1.0603118412004162,6800.512695
1760,219.961,-1.114901836593295,6800.0
1761,220.085,-1.1005533650603172,6799.788574
1762,220.21,-1.0906757199029342,6798.339844
1763,220.335,-1.0117186460591245,6797.133789
1764,220.46,-0.9606702309479536,6796.769531
1765,220.585,-0.8678400738248108,6796.980469
1766,220.71,-0.8398488730169403,6798.245117
1767,220.835,-0.8377947317835602,6798.306641
1768,220.96,-0.8518438442484588,6797.402832
1769,221.085,-0.9103283873322887,6797.733398
1770,221.21,-0.9648927993490697,6798.037109
1771,221.335,-0.9845683349955797,6798.370117
1772,221.46,-0.973134756788543,6799.90625
1773,221.585,-0.9602296963417998,6798.52002
1774,221.71,-0.9681216411520965,6799.12207
1775,221.835,-0.9654529814202414,6799.152344
1776,221.96,-1.0018423972154495,6799.42334
1777,222.085,-1.0994781473106818,6798.307617
1778,222.21,-1.2080327522412666,6797.370117
1779,222.335,-1.3288192463303319,6797.523438
1780,222.46,-1.3366852289728401,6797.009766
1781,222.585,-1.2769205520030817,6797.040527
1782,222.71,-1.2277307369718786,6797.223633
1783,222.835,-1.1620421610875604,6796.859375
1784,222.96,-1.0960826537527475,6797.79248
1785,223.085,-1.088441681346919,6797.282227
1786,223.21,-1.0646746943863032,6796.77002
1787,223.335,-1.0609181002526462,6797.069824
1788,223.46,-1.0396473362993712,6797.462891
1789,223.585,-0.9916045573612322,6797.25293
1790,223.71,-0.9740169806435885,6796.97998
1791,223.835,-0.9653824673628147,6797.162598
1792,223.96,-0.9761455019954064,6798.24707
1793,224.085,-1.0225319345535657,6797.463379
1794,224.21,-1.083001181213023,6798.427246
1795,224.335,-1.1588869173439007,6798.42627
1796,224.46,-1.188273429860725,6798.822266
1797,224.585,-1.1962348234096203,6797.463379
1798,224.71,-1.1732457766630304,6797.462891
1799,224.835,-1.1281382884760982,6798.368652
1800,224.96,-1.08839481251084,6797.40332
1801,225.085,-1.0771307475875784,6799.547363
1802,225.21,-1.083550663569681,6798.157227
1803,225.335,-1.097663393455642,6798.581543
1804,225.46,-1.1536410262219174,6797.915039
1805,225.585,-1.1921938838551205,6798.429199
1806,225.71,-1.2198868309304594,6797.885254
1807,225.835,-1.2453305532092573,6797.945313
1808,225.959,-1.2632699221672345,6797.374023
1809,226.085,-1.3107410166979487,6797.916992
1810,226.21,-1.3185321802897807,6798.24707
1811,226.335,-1.3413983333621629,6797.675781
1812,226.46,-1.3502219622856058,6798.851563
1813,226.585,-1.3206542772261582,6797.102539
1814,226.71,-1.3128814180315154,6796.891113
1815,226.835,-1.3404992237180222,6799.877441
1816,226.96,-1.395903525381477,6799.817871
1817,227.085,-1.4953531722231768,6800.541504
1818,227.21,-1.6275081102583595,6800.271484
1819,227.335,-1.732788802205073,6800.966309
1820,227.46,-1.796056806077665,6799.998535
1821,227.585,-1.7791099870119313,6799.757813
1822,227.71,-1.6954844584114754,6800.030273
1823,227.835,-1.5698154128395512,6800.120117
1824,227.96,-1.4225827928653692,6800.180176
1825,228.085,-1.3014873357564276,6800.603027
1826,228.21,-1.1992810862793937,6800.876953
1827,228.335,-1.1886570653554052,6799.366211
1828,228.46,-1.1716003537965547,6800.575195
1829,228.585,-1.1926755444313408,6798.702637
1830,228.71,-1.2249018784216639,6798.460449
1831,228.835,-1.2462937878089666,6799.574707
1832,228.959,-1.2702590110875889,6799.786621
1833,229.084,-1.2800410333443215,6799.064941
1834,229.21,-1.29641632116397,6799.063477
1835,229.335,-1.3287755827656302,6799.393066
1836,229.459,-1.3724382764092131,6799.334961
1837,229.585,-1.3891985208273248,6798.673828
1838,229.71,-1.4330182711527093,6800.059082
1839,229.835,-1.4467445007602684,6799.211914
1840,229.96,-1.446335207511019,6799.544434
1841,230.084,-1.45093143053007,6799.425781
1842,230.21,-1.4617540936582163,6799.877441
1843,230.334,-1.461792502782942,6799.576172
1844,230.459,-1.4678509586476631,6798.368652
1845,230.585,-1.4624955559941566,6799.123047
1846,230.709,-1.4457718059894586,6800.358398
1847,230.834,-1.3975374288429967,6799.305176
1848,230.96,-1.3471873247767445,6799.815918
1849,231.085,-1.298148148233614,6800.059082
1850,231.21,-1.2820303332280538,6798.432617
1851,231.335,-1.2312184834144988,6799.062012
1852,231.459,-1.1948047138926066,6798.910645
1853,231.585,-1.1339613780832485,6797.827148
1854,231.71,-1.1081454513278983,6798.337402
1855,231.835,-1.0297688950625539,6799.788574
1856,231.96,-1.0249769257986072,6800.180664
1857,232.084,-1.0118634888979539,6799.576172
1858,232.209,-1.0730832803656465,6799.334473
1859,232.334,-1.1478286828881648,6800.417969
1860,232.459,-1.2119800031899952,6799.634766
1861,232.584,-1.2712027509725277,6799.605957
1862,232.71,-1.2804269621980908,6800.601074
1863,232.835,-1.2671892354601637,6799.57666
1864,232.959,-1.1873950970083882,6800.147949
1865,233.084,-1.136985917634543,6799.152832
1866,233.21,-1.068839494239542,6800.571289
1867,233.335,-1.0134013651461131,6800.631836
1868,233.459,-0.9833122177117015,6800.02832
1869,233.585,-0.9825110704005919,6799.905762
1870,233.709,-0.9593814145910489,6800.483398
1871,233.834,-0.9719572116088536,6800.36084
1872,233.959,-0.943707720074984,6801.26709
1873,234.085,-0.9455783384420278,6801.508301
1874,234.209,-0.9546805767142168,6801.506348
1875,234.335,-0.9731423587198701,6801.237305
1876,234.46,-0.9970074890656545,6801.507813
1877,234.584,-1.025745501111194,6800.994141
1878,234.709,-1.07118985820762,6801.839355
1879,234.834,-1.0699272056760452,6801.328613
1880,234.96,-1.0343157779725827,6801.630371
1881,235.084,-0.9993111001834225,6802.415039
1882,235.209,-0.9700331249991669,6802.536133
1883,235.334,-0.9473315913593577,6801.358887
1884,235.46,-0.9686943561459435,6802.112793
1885,235.584,-1.0311595336846715,6802.626465
1886,235.71,-1.101755631741383,6802.235352
1887,235.835,-1.164996522494873,6801.599609
1888,235.959,-1.1939933255755897,6801.572266
1889,236.084,-1.1740183114645153,6802.294434
1890,236.209,-1.1423240933806529,6803.262695
1891,236.334,-1.0710504838093315,6801.058594
1892,236.459,-1.0348873636903104,6799.51709
1893,236.584,-0.9810145788727269,6799.757813
1894,236.709,-0.9527701644126699,6799.303223
1895,236.834,-0.941975948802851,6800.482422
1896,236.959,-0.9251799685804158,6798.821777
1897,237.084,-0.9660498854346254,6798.940918
1898,237.209,-1.0076980352197533,6798.821777
1899,237.334,-1.044249596471599,6798.337402
1900,237.459,-1.1693480299801142,6798.368164
1901,237.584,-1.251162211286534,6798.581543
1902,237.71,-1.3012938846931887,6799.726563
1903,237.834,-1.28614746802265,6799.788086
1904,237.959,-1.1627380456935243,6799.092773
1905,238.084,-1.0235612844814248,6799.877441
1906,238.209,-0.8831147524257061,6799.275879
1907,238.334,-0.7863920074350375,6799.181641
1908,238.459,-0.7790696519526613,6799.84668
1909,238.584,-0.8244254836539509,6799.817871
1910,238.709,-0.8659907586115592,6799.244141
1911,238.834,-0.9541478821889339,6799.817871
1912,238.959,-0.9654816781569239,6799.393555
1913,239.084,-0.9614997369062863,6799.364746
1914,239.209,-0.9363699687314068,6799.605469
1915,239.334,-0.8930093728986415,6799.516113
1916,239.459,-0.8510632454209229,6799.515137
1917,239.584,-0.8070867474471254,6799.515137
1918,239.709,-0.815495861985398,6799.456055
1919,239.834,-0.8223553906391591,6800.242676
1920,239.959,-0.8505136736150646,6800.754883
1921,240.084,-0.8518860460947633,6800.422852
1922,240.209,-0.8746457534507551,6799.092285
1923,240.334,-0.8750984992588364,6800.240723
1924,240.459,-0.8565732706898941,6799.847168
1925,240.584,-0.8580400959189247,6799.605469
1926,240.709,-0.8540050592301256,6799.365234
1927,240.834,-0.8549878477930517,6799.334961
1928,240.959,-0.8494078310112647,6799.605469
1929,241.084,-0.8670590207697904,6799.245117
1930,241.209,-0.8410351947096893,6799.455078
1931,241.334,-0.822114303854929,6798.432129
1932,241.458,-0.7649055815057857,6799.366211
1933,241.584,-0.7398113761101585,6798.855469
1934,241.709,-0.7030738103305142,6799.366211
1935,241.833,-0.6741288889689662,6798.885254
1936,241.958,-0.6695921296464348,6799.667969
1937,242.084,-0.661116727678378,6799.819336
1938,242.208,-0.6768151925679879,6800.996094
1939,242.334,-0.7148947513449448,6799.064453
1940,242.459,-0.7644205994012645,6799.459961
1941,242.583,-0.8245706998218051,6800.121094
1942,242.709,-0.8938817967884453,6799.94043
1943,242.834,-0.9486974593174234,6799.97168
1944,242.959,-0.9754783650909531,6799.910645
1945,243.083,-0.9514488087554226,6799.430176
1946,243.209,-0.9268734462432459,6800.032715
1947,243.334,-0.8710178302107981,6797.828613
1948,243.459,-0.8607544001654027,6796.652344
1949,243.583,-0.844987458994961,6795.658203
1950,243.709,-0.8540263800566161,6794.783203
1951,243.833,-0.8591533987891091,6793.427734
1952,243.958,-0.8722740385097548,6792.494141
1953,244.084,-0.8604573583671539,6793.51709
1954,244.209,-0.8507393582193871,6794.091797
1955,244.333,-0.8417489605750551,6793.277344
1956,244.459,-0.8481458205298545,6793.336914
1957,244.584,-0.8635924780303929,6793.848633
1958,244.709,-0.9039111937547513,6794.120117
1959,244.833,-0.9192899091026774,6792.553223
1960,244.959,-0.936505576465501,6794.180176
1961,245.083,-0.9306939586134344,6794.629395
1962,245.209,-0.8992926768922564,6793.667969
1963,245.334,-0.8498115253134215,6793.636719
1964,245.459,-0.8095903174417741,6793.186523
1965,245.584,-0.7815219717646584,6793.214844
1966,245.709,-0.7718170952583983,6793.275391
1967,245.834,-0.7799959680431162,6793.214844
1968,245.959,-0.805579900052769,6793.514648
1969,246.083,-0.8203855626122916,6793.303711
1970,246.208,-0.8189840543259015,6793.786133
1971,246.333,-0.805437335305865,6792.404297
1972,246.459,-0.8215468477060186,6793.547852
1973,246.583,-0.855859620330922,6793.09375
1974,246.709,-0.9088441417433009,6793.757324
1975,246.834,-0.9659494083581004,6793.727051
1976,246.958,-1.0267191241199913,6793.485352
1977,247.083,-1.0592352837635546,6793.879395
1978,247.208,-1.0652814153721208,6795.23291
1979,247.334,-1.0449440584617473,6794.419922
1980,247.458,-1.006769334567575,6795.443848
1981,247.584,-0.9612342458228185,6794.721191
1982,247.708,-0.943432197390392,6794.601074
1983,247.833,-0.9282983241136332,6794.120117
1984,247.958,-0.9386881660840499,6795.203613
1985,248.083,-0.9428014609354832,6794.178223
1986,248.209,-0.9282055626939167,6795.231445
1987,248.333,-0.8908392220580056,6795.413574
1988,248.459,-0.8308097840972587,6795.143555
1989,248.584,-0.7902342926940652,6795.443359
1990,248.708,-0.7521623853750592,6794.631348
1991,248.834,-0.7538980076242152,6793.907715
1992,248.958,-0.7674137743596413,6794.509277
1993,249.083,-0.7824044712581528,6793.967773
1994,249.209,-0.7949880399881003,6793.997559
1995,249.333,-0.7603321482459455,6794.420898
1996,249.458,-0.7282969904989322,6794.78418
1997,249.585,-0.671403964297073,6794.452637
1998,249.708,-0.6481410889515751,6794.38916
1999,249.834,-0.6447197347531213,6795.202148
2000,249.958,-0.6646004126143844,6794.841797
2001,250.083,-0.7000362962896286,6793.907715
2002,250.209,-0.7292156008485047,6795.596191
2003,250.333,-0.7502713615534087,6794.449707
2004,250.459,-0.7558566189840703,6794.571777
2005,250.583,-0.7479223393508274,6795.806152
2006,250.708,-0.7553456013757667,6795.083496
2007,250.833,-0.7704530083671332,6795.083008
2008,250.959,-0.7768960280315391,6795.143066
2009,251.083,-0.770833130808685,6795.325684
2010,251.209,-0.7329265746968552,6794.661133
2011,251.333,-0.6883485889676862,6795.534668
2012,251.458,-0.6460840848684295,6795.446289
2013,251.583,-0.6125118513232032,6795.808105
2014,251.708,-0.6161414260088716,6796.381836
2015,251.833,-0.6451772519426142,6796.259766
2016,251.958,-0.7016459504631721,6795.627441
2017,252.083,-0.7943338829299259,6795.475586
2018,252.208,-0.8597719736395741,6796.109863
2019,252.333,-0.9174067318058525,6795.627441
2020,252.458,-0.9374111464368245,6792.945801
2021,252.583,-0.9204971430272253,6792.313965
2022,252.708,-0.8662502488757282,6792.553711
2023,252.833,-0.7870926583963925,6792.043457
2024,252.958,-0.7258461903657634,6791.832031
2025,253.083,-0.6726667375742414,6791.954102
2026,253.208,-0.6664111660120676,6793.307617
2027,253.333,-0.6917587141329337,6792.162109
2028,253.458,-0.7302369077321179,6791.650879
2029,253.584,-0.7581613781338753,6791.920898
2030,253.708,-0.7726967699849725,6791.739258
2031,253.833,-0.7441044865643944,6791.049805
2032,253.958,-0.7039488581874075,6791.620605
2033,254.084,-0.6848282035951905,6791.078613
2034,254.208,-0.6799631690526253,6791.290039
2035,254.333,-0.7177493480173727,6791.591309
2036,254.458,-0.7800887201278953,6792.584961
2037,254.583,-0.8475297836106023,6791.349609
2038,254.708,-0.902788796802251,6792.074219
2039,254.833,-0.9220218893616418,6792.012695
2040,254.959,-0.8715566603597761,6792.283203
2041,255.083,-0.7870085752180447,6791.772461
2042,255.208,-0.6981277757601715,6792.190918
2043,255.333,-0.6063191236556367,6791.500488
2044,255.458,-0.5717839135187245,6791.831055
2045,255.583,-0.55448652060929,6791.830566
2046,255.708,-0.6000970082056282,6791.049316
2047,255.833,-0.629687874657863,6791.140137
2048,255.958,-0.6591194061880932,6792.102051
2049,256.083,-0.6612017578467655,6791.350098
2050,256.208,-0.6329853678575604,6790.837402
2051,256.333,-0.611662315891111,6790.867676
2052,256.458,-0.5911740326146018,6791.348633
2053,256.583,-0.6050417880171141,6791.290039
2054,256.708,-0.6518747325447798,6791.500977
2055,256.834,-0.7476032831235809,6791.500488
2056,256.958,-0.8489199378310633,6791.801758
2057,257.083,-0.9522783684616815,6791.83252
2058,257.208,-1.0385249599353554,6791.832031
2059,257.333,-1.056170811953435,6791.501953
2060,257.458,-1.0175580753643165,6791.59082
2061,257.583,-0.9237067982324935,6791.981934
2062,257.708,-0.8206723089294008,6791.832031
2063,257.833,-0.7132065027136953,6792.915527
2064,257.957,-0.6551424607552846,6790.899902
2065,258.083,-0.6360646709620057,6790.958984
2066,258.208,-0.683228028958371,6791.652832
2067,258.333,-0.7381151348116682,6792.735352
2068,258.458,-0.8149646955871093,6792.374512
2069,258.583,-0.8776118410973567,6792.164063
2070,258.708,-0.95841296630706,6792.49707
2071,258.833,-0.9809402734844019,6793.250488
2072,258.958,-0.9830795304608828,6792.856934
2073,259.083,-0.9752934051863223,6793.368164
2074,259.207,-0.9124581880666227,6793.819824
2075,259.333,-0.8372372807190555,6793.489746
2076,259.457,-0.7719837664077206,6791.685059
2077,259.582,-0.7566578786788392,6786.749512
2078,259.707,-0.7713751896703208,6787.108887
2079,259.833,-0.8125562317509114,6787.078125
2080,259.958,-0.8639322589984053,6786.62793
2081,260.083,-0.8431273823808225,6787.53125
2082,260.208,-0.8516939504730527,6786.898438
2083,260.332,-0.8444486866837264,6787.648438
2084,260.458,-0.8305797605343697,6789.062988
2085,260.583,-0.8800072953609613,6789.514648
2086,260.708,-0.9292207340318509,6788.82373
2087,260.833,-0.9736131431041668,6788.161621
2088,260.958,-1.0149338109799835,6789.544922
2089,261.083,-1.0377975872563407,6790.296875
2090,261.208,-1.037074119622607,6790.026855
2091,261.333,-1.0232224160461503,6790.207031
2092,261.458,-0.988650591658283,6790.959473
2093,261.583,-0.9514770931319162,6792.073242
2094,261.707,-0.9556111692485783,6791.079102
2095,261.833,-0.905071489025151,6791.199707
2096,261.957,-0.9011193903084649,6790.989746
2097,262.083,-0.8545989712691353,6792.073242
2098,262.207,-0.8683987157549935,6790.688965
2099,262.332,-0.8724981765436137,6791.47168
2100,262.458,-0.889348796839124,6791.711914
2101,262.583,-0.9525404928778453,6790.899902
2102,262.708,-0.9354871404631054,6791.259277
2103,262.833,-0.9387595398281556,6791.140137
2104,262.957,-0.8989410385947026,6791.982422
2105,263.082,-0.8576495962691979,6791.200195
2106,263.207,-0.821199365259524,6791.561035
2107,263.332,-0.8202541742096356,6791.140625
2108,263.457,-0.8160965410416117,6791.350586
2109,263.582,-0.7980389444031359,6791.110352
2110,263.707,-0.7543477850588763,6790.688477
2111,263.832,-0.7067134668113024,6790.538086
2112,263.957,-0.7056555203677332,6791.652832
2113,264.082,-0.7147370952273766,6790.719238
2114,264.207,-0.8164889212902867,6790.447266
2115,264.332,-1.0242017893515363,6790.20752
2116,264.457,-1.2527267849982948,6790.929688
2117,264.583,-1.4079687190124648,6790.41748
2118,264.708,-1.4980929488177472,6790.146973
2119,264.832,-1.3585346968677106,6789.666016
2120,264.957,-1.0929422402005322,6790.598633
2121,265.082,-0.8418727731287247,6790.329102
2122,265.207,-0.6694498824471504,6790.147461
2123,265.333,-0.6357666375533495,6790.329102
2124,265.457,-0.6564306079015867,6790.117676
2125,265.582,-0.7513524893958751,6791.05127
2126,265.707,-0.8064551213539525,6790.599609
2127,265.832,-0.7856649755126682,6790.869141
2128,265.957,-0.7806974129803129,6791.141113
2129,266.082,-0.7416993126757552,6791.020996
2130,266.207,-0.6467767409256213,6791.020508
2131,266.332,-0.5763930763430863,6791.564453
2132,266.457,-0.5483249678777156,6790.599609
2133,266.582,-0.4947712042503687,6791.232422
2134,266.707,-0.5171142752432732,6791.202637
2135,266.832,-0.5837362045975447,6789.639648
2136,266.957,-0.7016216024760396,6786.78125
2137,267.082,-0.7445515389103999,6786.329102
2138,267.207,-0.8320768226016213,6786.057617
2139,267.332,-0.916392965924312,6786.058105
2140,267.457,-0.93308146070139,6786.659668
2141,267.582,-0.9627332428697941,6786.056641
2142,267.707,-0.9357012397047186,6786.960449
2143,267.832,-0.9337716652668304,6786.480469
2144,267.957,-0.865254708992193,6786.659668
2145,268.082,-0.8422904342978732,6786.478516
2146,268.207,-0.7947184149064729,6786.268555
2147,268.332,-0.7957761445560189,6786.027344
2148,268.457,-0.7671382251918961,6786.268066
2149,268.582,-0.7619147060935205,6785.546387
2150,268.707,-0.7577442848758331,6785.936523
2151,268.832,-0.7127518501700185,6783.80127
2152,268.957,-0.6495708264472794,6784.674805
2153,269.082,-0.6168327205864947,6784.70459
2154,269.207,-0.5668395557282012,6784.674805
2155,269.332,-0.5883624740072191,6784.674805
2156,269.457,-0.6614447548633157,6784.223633
2157,269.582,-0.743381028712128,6784.674805
2158,269.707,-0.852970241917902,6785.15625
2159,269.832,-0.8790667858292891,6786.147461
2160,269.957,-0.8333579158534646,6785.517578
2161,270.082,-0.6768468978433844,6784.886719
2162,270.207,-0.5149147906355194,6784.345215
2163,270.332,-0.3416902520781527,6785.335938
2164,270.457,-0.2610737198959575,6785.395508
2165,270.582,-0.355418189833216,6785.606445
2166,270.707,-0.4733915383624975,6785.876465
2167,270.832,-0.5979895902404722,6785.846191
2168,270.957,-0.7079635737243283,6786.115723
2169,271.082,-0.7645205984246164,6786.087891
2170,271.207,-0.7005106348996561,6785.847656
2171,271.332,-0.6132651305537655,6785.876465
2172,271.457,-0.5131009713135475,6785.999512
2173,271.582,-0.43947343772484754,6786.206055
2174,271.707,-0.40479066774068706,6785.577637
2175,271.832,-0.4434241993473375,6785.546387
2176,271.957,-0.4886302231252839,6786.357422
2177,272.082,-0.5531912629186492,6786.02832
2178,272.207,-0.6185756450972754,6786.539063
2179,272.332,-0.6243019607100633,6787.289063
2180,272.457,-0.6070522081823603,6786.931641
2181,272.582,-0.5373382964229754,6787.20166
2182,272.707,-0.4921062710024604,6787.53125
2183,272.832,-0.46764013803354093,6786.478516
2184,272.957,-0.4516421755971216,6786.989746
2185,273.082,-0.4141942194523961,6787.290039
2186,273.207,-0.42597248475888255,6787.02002
2187,273.331,-0.4545207323366257,6786.75
2188,273.457,-0.49466643741150085,6787.77002
2189,273.582,-0.5416000706591908,6786.026855
2190,273.707,-0.6109478515709175,6787.681641
2191,273.832,-0.6242761963524117,6788.072266
2192,273.957,-0.6155030263755978,6787.681152
2193,274.082,-0.5535214877591442,6788.584961
2194,274.207,-0.4889850291862287,6788.434082
2195,274.332,-0.4479757671856139,6788.375488
2196,274.457,-0.5480593356622806,6786.270508
2197,274.581,-0.6632205710222722,6786.210449
2198,274.707,-0.74135271907199,6784.674805
2199,274.832,-0.751953273018369,6784.498047
2200,274.957,-0.9675087224076899,6784.915039
2201,275.082,-1.2668232968224142,6785.007324
2202,275.207,-2.0427755196925528,6783.56543
2203,275.332,-2.7473097798282966,6785.06543
2204,275.456,-3.444825578868314,6784.193359
2205,275.581,-3.628949847080981,6785.335938
2206,275.707,-3.3516035353743976,6785.155273
2207,275.832,-2.7450760352010293,6785.337402
2208,275.957,-2.03666703193029,6785.575195
2209,276.082,-1.4212555960424873,6785.63623
2210,276.207,-0.9851721022784936,6785.546387
2211,276.332,-0.8657017877036466,6785.846191
2212,276.456,-0.7612858864585593,6785.816895
2213,276.582,-0.8020572335045891,6786.027344
2214,276.707,-0.807583874200596,6785.54834
2215,276.831,-0.8485809154361259,6786.087891
2216,276.957,-0.7484318155192271,6785.816895
2217,277.081,-0.7663284711573399,6785.247559
2218,277.206,-0.654568041855204,6785.998047
2219,277.331,-0.6603189208004889,6785.998047
2220,277.457,-0.5928825427817913,6785.998047
2221,277.582,-0.6108160259402697,6786.479492
2222,277.706,-0.5929898504360237,6786.719727
2223,277.832,-0.6035222171983786,6787.230469
2224,277.956,-0.626242635416507,6785.63916
2225,278.081,-0.5879599826236321,6786.537598
2226,278.206,-0.5115987078516033,6785.786621
2227,278.331,-0.43360703633486697,6785.966797
2228,278.456,-0.28208571308083585,6786.057129
2229,278.582,-0.1990047701621991,6785.276855
2230,278.706,-0.10390222308719423,6785.275879
2231,278.832,-0.003194033105231705,6785.968262
2232,278.956,-0.02020090348607196,6785.668457
2233,279.082,-0.03484804226377052,6785.96875
2234,279.206,-0.059328004748662726,6785.008301
2235,279.331,-0.05419561815381765,6785.246094
2236,279.457,-0.12960532894762483,6785.216309
2237,279.582,-0.15300757338203827,6784.584961
2238,279.706,-0.19953772863548008,6784.254883
2239,279.831,-0.22899045212679164,6784.525879
2240,279.957,-0.23450527557603515,6784.374512
2241,280.081,-0.2511232549196033,6785.668945
2242,280.206,-0.21416372535656406,6784.794922
2243,280.331,-0.19932800803157905,6784.826172
2244,280.456,-0.20503645453418445,6785.1875
2245,280.581,-0.1486210531558806,6784.617188
2246,280.706,-0.2297711367911455,6784.256836
2247,280.831,-0.26826935624383264,6784.707031
2248,280.956,-0.3122678247598691,6784.91748
2249,281.082,-0.37959652503785085,6785.758301
2250,281.207,-0.4000576226631753,6785.609863
2251,281.331,-0.3142874795800594,6784.67627
2252,281.456,-0.28581294179485334,6785.337402
2253,281.581,-0.12445512555933073,6784.919922
2254,281.706,-0.00258986762374825,6786.27002
2255,281.831,0.17854969136701615,6786.240723
2256,281.956,0.20332597814324152,6785.939941
2257,282.081,0.2606856252947482,6786.481445
2258,282.207,0.1917959913261966,6786.12207
2259,282.331,0.1637374334520352,6783.687988
2260,282.456,0.13996434724829304,6782.605469
2261,282.582,0.09160573529432435,6782.515137
2262,282.706,0.12135144458004841,6783.59668
2263,282.831,0.222659589286424,6783.805664
2264,282.956,0.2874643789394206,6783.595215
2265,283.081,0.32467880192393767,6784.316406
2266,283.207,0.352205273958017,6783.054199
2267,283.331,0.3861409627756471,6783.296875
2268,283.456,0.2850213045412245,6782.724609
2269,283.581,0.24715879276949687,6783.895996
2270,283.706,0.14666753204054245,6783.354004
2271,283.831,0.10606594188553205,6782.665039
2272,283.956,0.1684020769983671,6782.635254
2273,284.081,0.2064555813196735,6784.405273
2274,284.206,0.3283319621415745,6784.52832
2275,284.331,0.41397428989426543,6784.015625
2276,284.456,0.43857706553048126,6783.386719
2277,284.581,0.49362341352630207,6784.527832
2278,284.706,0.4030548319167827,6783.6875
2279,284.831,0.33106931788541716,6784.978027
2280,284.956,0.373157475033731,6784.618164
2281,285.081,0.2939848296276223,6784.94873
2282,285.206,0.3110328344233581,6783.745605
2283,285.331,0.34102359109455577,6783.807617
2284,285.456,0.38583875855715827,6784.467773
2285,285.581,0.4631903400601972,6784.796875
2286,285.706,0.4435178935435089,6784.316895
2287,285.831,0.37030674779991674,6785.490234
2288,285.956,0.24347356407023155,6784.288086
2289,286.081,0.1332422714807019,6785.040039
2290,286.206,-0.060993539518394584,6784.949219
2291,286.331,-0.14878065395712664,6785.249512
2292,286.456,-0.23769071909064346,6785.790039
2293,286.581,-0.13160076001912138,6785.969727
2294,286.706,-0.05455116307049537,6785.72998
2295,286.831,0.17003964058968712,6785.249512
2296,286.956,0.25564782970462496,6785.911621
2297,287.081,0.3367701403516219,6785.879395
2298,287.206,0.4003909294389093,6785.820313
2299,287.331,0.3412250035862318,6786.061035
2300,287.456,0.27158987319020333,6786.391602
2301,287.581,0.2111202960893487,6786.09082
2302,287.706,0.18971483933182048,6786.271973
2303,287.831,0.19935045110918592,6786.812012
2304,287.956,0.2060011634390287,6785.640625
2305,288.081,0.31032406122612183,6786.121094
2306,288.206,0.3705294687286817,6786.03125
2307,288.331,0.4238313200855248,6785.850098
2308,288.456,0.4308368824076061,6786.03125
2309,288.581,0.3905324779425573,6786.272461
2310,288.706,0.4013581618873595,6786.54248
2311,288.831,0.3795694375535156,6787.053711
2312,288.956,0.3404418102044661,6787.203125
2313,289.081,0.40281955276000236,6787.202637
2314,289.206,0.4394074591772512,6787.385254
2315,289.331,0.5374874327840995,6787.416016
2316,289.456,0.5853545967685899,6785.911621
2317,289.581,0.6281534628839655,6784.078125
2318,289.706,0.676773546561984,6783.387207
2319,289.831,0.6783146807035713,6784.138184
2320,289.956,0.7201872330191404,6783.447754
2321,290.081,0.7252047263641843,6783.745117
2322,290.206,0.742609144774589,6783.117188
2323,290.331,0.7535768574697731,6783.958496
2324,290.456,0.7419333230590143,6785.157715
2325,290.58,0.7869457927076899,6784.498047
2326,290.706,0.8252645988476282,6784.917969
2327,290.831,0.8636173265734005,6784.979492
2328,290.956,0.8510972591674503,6784.649414
2329,291.08,0.7482601501925514,6784.88623
2330,291.206,0.6206480224078554,6784.347168
2331,291.33,0.3963596718719704,6785.099121
2332,291.455,0.2664434128032299,6785.518555
2333,291.581,0.1439116173327634,6784.979004
2334,291.706,0.18161809454022754,6784.586426
2335,291.831,0.2772953711670641,6785.067871
2336,291.955,0.4341563943383999,6784.796875
2337,292.081,0.5865315878344154,6783.808105
2338,292.206,0.6731290597743842,6784.136719
2339,292.33,0.6707251205354551,6784.677246
2340,292.455,0.6278380271885146,6785.097656
2341,292.581,0.5582096742785292,6785.09668
2342,292.706,0.49956920311366687,6784.646973
2343,292.83,0.480295280782306,6784.856445
2344,292.956,0.5354820651189675,6784.737793
2345,293.081,0.6193222840423664,6783.625977
2346,293.206,0.7046754499290374,6784.978516
2347,293.331,0.7479959361931066,6784.465332
2348,293.455,0.7688318275379847,6783.625977
2349,293.581,0.7108145063602571,6784.678711
2350,293.706,0.6601016336736941,6784.076172
2351,293.831,0.5922332145131952,6784.317383
2352,293.956,0.530513893495405,6784.586426
2353,294.081,0.5050825552878866,6783.085938
2354,294.206,0.5883588242226896,6784.225586
2355,294.331,0.6662090109315384,6783.235352
2356,294.456,0.791472966042727,6781.945801
2357,294.581,0.8675877414885452,6783.95752
2358,294.705,0.8901246524040995,6783.59668
2359,294.83,0.8715922742177583,6785.188477
2360,294.956,0.8635861785810195,6784.466797
2361,295.081,0.8299826879774586,6784.017578
2362,295.205,0.8023343271384417,6784.498047
2363,295.331,0.8045964963875567,6784.286621
2364,295.455,0.8082491446186335,6784.226563
2365,295.581,0.8709148820556705,6784.437988
2366,295.705,0.929734925384274,6784.979004
2367,295.83,0.9798498401980249,6784.888184
2368,295.955,1.064506150551339,6784.347168
2369,296.081,1.0570234976074795,6784.828613
2370,296.205,1.0602337746952961,6784.858398
2371,296.33,1.0178971368871186,6786.36084
2372,296.455,0.9105711257353758,6785.700684
2373,296.581,0.8527646081239908,6786.934082
2374,296.705,0.7848947155435885,6786.241211
2375,296.83,0.7810135912384399,6786.212891
2376,296.955,0.7949908717651314,6785.429199
2377,297.08,0.87215614117057,6785.308594
2378,297.205,0.893729260281443,6784.558594
2379,297.33,0.8992924108448702,6782.396484
2380,297.456,0.9076070897300249,6781.556152
2381,297.58,0.8797853109878018,6781.64502
2382,297.705,0.8264224331989244,6781.73584
2383,297.83,0.8330474916055461,6784.168457
2384,297.955,0.8604949575167194,6783.416992
2385,298.08,0.9257471759237138,6784.166992
2386,298.205,1.0120862842373055,6783.658203
2387,298.33,1.0739515382464297,6784.046875
2388,298.455,1.1153106299686901,6784.347168
2389,298.58,1.1215063120837037,6784.348633
2390,298.705,1.1283906015009144,6784.588379
2391,298.83,1.1064642515903813,6784.137695
2392,298.955,1.044372963742039,6784.617188
2393,299.08,1.0076595113607316,6784.290039
2394,299.205,0.9677851860782457,6784.588379
2395,299.33,0.973987109226743,6784.858398
2396,299.455,1.018241696372388,6784.587402
2397,299.581,1.0625679255826963,6785.280273
2398,299.705,1.093614090115898,6785.098145
2399,299.83,1.1206007495871821,6785.399902
2400,299.955,1.1204727266878791,6786.062012
2401,300.08,1.0789099370141484,6787.383789
2402,300.205,1.0511519516802272,6787.083984
2403,300.33,1.013821194139,6787.263184
2404,300.456,1.0197199335075116,6787.743652
2405,300.58,1.0456678290182098,6787.623047
2406,300.705,1.076664944893745,6787.022949
2407,300.83,1.209064805484452,6786.842285
2408,300.956,1.2743032192265464,6788.255371
2409,301.08,1.3216400862023603,6786.993164
2410,301.205,1.3001813370555968,6787.773438
2411,301.33,1.1420588144541488,6787.743652
2412,301.455,0.9007358090836634,6787.956055
2413,301.58,0.7159236318470766,6786.814453
2414,301.705,0.5474952165118422,6787.985352
2415,301.83,0.5472491379370175,6787.563477
2416,301.956,0.7057190084024212,6787.022949
2417,302.08,0.8907585218355379,6786.782227
2418,302.205,1.1343073384762883,6786.962402
2419,302.33,1.2711404344271369,6787.263184
2420,302.455,1.2551763545414278,6788.43457
2421,302.58,1.2264078010035826,6788.405273
2422,302.705,1.1557324543070053,6788.82666
2423,302.83,1.092476565981924,6788.376465
2424,302.955,1.0775338621156407,6789.880371
2425,303.08,1.0680660793940506,6789.398926
2426,303.205,1.1133760957530225,6789.097168
2427,303.33,1.1441200512534417,6789.398926
2428,303.455,1.183103835836135,6790.030762
2429,303.58,1.201439264686309,6790.120605
2430,303.705,1.2023426570157172,6789.338867
2431,303.83,1.1706258278191835,6790.75293
2432,303.955,1.1383781338545351,6790.783203
2433,304.08,1.1146996194071208,6791.656738
2434,304.204,1.0925010251882679,6791.175293
2435,304.331,1.1094838111755199,6790.873535
2436,304.455,1.129671522828593,6790.993652
2437,304.58,1.13381748038632,6790.933594
2438,304.705,1.1358563544249611,6790.633789
2439,304.83,1.1198378901740325,6790.422363
2440,304.955,1.1054310547999995,6787.89502
2441,305.079,1.0606709644232204,6788.67627
2442,305.205,1.0476444823392863,6789.097656
2443,305.33,1.0553809218483303,6788.947266
2444,305.455,1.073065680078027,6789.638672
2445,305.58,1.087017773628776,6789.759766
2446,305.705,1.0912974940146967,6789.428711
2447,305.83,1.1138106440886921,6789.879395
2448,305.955,1.125281663544618,6789.547852
2449,306.079,1.1092181542413133,6789.488281
2450,306.205,1.11191592973813,6789.637695
2451,306.331,1.0796071427230327,6788.195801
2452,306.455,1.0273589611273266,6790.451172
2453,306.58,0.9524099415147029,6788.946777
2454,306.704,0.9171470605581185,6787.203613
2455,306.83,0.8893675866076953,6787.593262
2456,306.954,0.9468110012474751,6788.196289
2457,307.08,1.0360257239444768,6787.322754
2458,307.204,1.1360292079521621,6787.956055
2459,307.33,1.221872833121553,6787.083008
2460,307.455,1.2393672951914696,6788.044434
2461,307.58,1.1798918185299456,6788.705078
2462,307.705,1.079628464696412,6787.234375
2463,307.83,0.9838660475532964,6787.984863
2464,307.954,0.9010852452982174,6787.084473
2465,308.079,0.9082045105319031,6786.272461
2466,308.205,0.9411683219472612,6786.45166
2467,308.33,1.0074545662652175,6786.03125
2468,308.455,1.0798749002402284,6787.263672
2469,308.579,1.1271732390231366,6787.233887
2470,308.705,1.1737280078368155,6787.174805
2471,308.83,1.1850664266598576,6787.325684
2472,308.954,1.203476238726213,6787.684082
2473,309.079,1.2308227418905635,6786.332031
2474,309.204,1.252384550930384,6786.241211
2475,309.329,1.2544011826606642,6786.241211
2476,309.454,1.2594545956033063,6786.481445
2477,309.579,1.2397062282140592,6786.240723
2478,309.705,1.1940496776059724,6786.001953
2479,309.829,1.1532791436819319,6786.001953
2480,309.954,1.1254722289324974,6787.412109
2481,310.079,1.1073185930528833,6786.932129
2482,310.205,1.095033598355022,6787.442871
2483,310.33,1.0829870566409034,6786.993164
2484,310.455,1.068454405374452,6787.354492
2485,310.58,1.0222819405463772,6786.420898
2486,310.705,0.9662350566940561,6786.692383
2487,310.83,0.9063394629580742,6787.293457
2488,310.954,0.884319863274414,6786.422363
2489,311.081,0.8907853228127749,6786.874023
2490,311.205,0.9252316201169376,6786.872559
2491,311.329,0.9943287056098328,6786.09082
2492,311.454,1.07112584562394,6786.722656
2493,311.579,1.1207305661972375,6786.962402
2494,311.705,1.128387373298391,6787.56543
2495,311.829,1.107160828535122,6787.743652
2496,311.955,1.0539754663471406,6787.294434
2497,312.08,1.0120267645350836,6787.324707
2498,312.204,0.9766668060734344,6786.723633
2499,312.329,0.9720217893956612,6787.535156
2500,312.454,1.00290766079615,6784.769043
2501,312.58,1.0372274444688283,6783.478027
2502,312.705,1.0625670288152667,6783.417969
2503,312.829,1.0812781266324154,6783.506348
2504,312.955,1.0726620685874722,6783.958008
2505,313.08,1.055453484039526,6783.507813
2506,313.205,1.031791499807908,6783.477051
2507,313.329,1.011522220070612,6784.018555
2508,313.454,1.0023119799702316,6783.087891
2509,313.579,1.0166750480230256,6783.568359
2510,313.704,1.0418001396699867,6782.125977
2511,313.829,1.0641921772782208,6781.614746
2512,313.954,1.0907897516985847,6781.675781
2513,314.079,1.106839932740894,6781.345215
2514,314.204,1.0988591647447263,6780.836426
2515,314.329,1.0914706578743294,6782.516113
2516,314.454,1.0649186453042983,6781.524414
2517,314.579,1.0377174635748114,6781.797363
2518,314.704,1.0051499379948927,6782.425781
2519,314.83,0.9933943429995585,6782.816406
2520,314.954,0.994291641462464,6781.767578
2521,315.08,1.0104416988122165,6782.815918
2522,315.204,1.0175361971239265,6783.508789
2523,315.33,1.0377325677830058,6781.796387
2524,315.454,1.0662192073942276,6782.696777
2525,315.579,1.0712462653975892,6782.966797
2526,315.704,1.077651071699475,6783.929199
2527,315.829,1.0707940873699457,6784.287109
2528,315.954,1.0673056054986487,6781.344727
2529,316.079,1.0384510579827084,6780.655273
2530,316.204,1.0037801105613482,6780.445801
2531,316.329,0.9553433840713321,6781.556641
2532,316.455,0.9082906015057292,6781.555176
2533,316.579,0.8700446645187827,6780.564941
2534,316.704,0.8352157548227819,6780.806641
2535,316.829,0.8402556746991846,6781.555664
2536,316.954,0.8852028444920623,6781.825195
2537,317.079,0.956678803451107,6781.977051
2538,317.204,1.023990715413325,6782.306152
2539,317.329,1.0788944719548013,6782.09668
2540,317.455,1.0896962486796506,6781.136719
2541,317.579,1.0627725925856808,6781.975586
2542,317.704,1.0107055812896317,6782.787109
2543,317.829,0.941686855529226,6783.35791
2544,317.954,0.8919966131928541,6783.659668
2545,318.079,0.8527291710803993,6783.537598
2546,318.204,0.8346872989395775,6782.307129
2547,318.329,0.8280703818353523,6782.755859
2548,318.454,0.8588733723857699,6782.847656
2549,318.579,0.8895786498408972,6781.825195
2550,318.704,0.9241124281442586,6782.186035
2551,318.829,0.9505066630198767,6782.216309
2552,318.954,0.9732580356567061,6782.696777
2553,319.079,0.9883478876727293,6783.057617
2554,319.204,0.9868787589319133,6783.028809
2555,319.329,0.9743022343022167,6783.720215
2556,319.454,0.9469787998975038,6783.808594
2557,319.579,0.9097004818028644,6784.138672
2558,319.704,0.8575419579621002,6784.588379
2559,319.83,0.8289472821829675,6785.461426
2560,319.954,0.8220072191920945,6784.318359
2561,320.078,0.8406978034650207,6784.349609
2562,320.204,0.8651753805932617,6784.588379
2563,320.329,0.9154438448363105,6782.218262
2564,320.454,0.9477391550232075,6781.797363
2565,320.579,0.9835175557420971,6780.655273
2566,320.704,0.9823157395003729,6780.98584
2567,320.83,0.9754748285454417,6780.533203
2568,320.954,0.9352781561689248,6780.535645
2569,321.078,0.9034956714698096,6781.044922
2570,321.204,0.8588124505863675,6781.556641
2571,321.329,0.8331205334933475,6781.525879
2572,321.454,0.8330449201105344,6782.518555
2573,321.579,0.7929964061531766,6782.006348
2574,321.704,0.8198033007029747,6783.027344
2575,321.829,0.8110089469219577,6782.245605
2576,321.954,0.8081522187499418,6782.426758
2577,322.079,0.8533089529585627,6781.766602
2578,322.203,0.8913424824036125,6781.226563
2579,322.329,0.9302029879674312,6782.937988
2580,322.453,0.9950039772989935,6784.108398
2581,322.579,1.0256881448534096,6782.666504
2582,322.704,1.0277288857023836,6783.325684
2583,322.829,1.0435637730107674,6782.727051
2584,322.953,0.987977841447777,6782.698242
2585,323.078,0.9711307957184329,6782.816895
2586,323.204,0.9351017073693739,6783.928223
2587,323.329,0.9258533341237113,6783.387207
2588,323.454,0.9333850468064439,6783.056152
2589,323.578,0.9793264558052908,6782.906738
2590,323.704,1.026377942708861,6783.385742
2591,323.829,1.1124677075237395,6782.517578
2592,323.954,1.1466655019180436,6782.907715
2593,324.079,1.1787594818171783,6783.539063
2594,324.203,1.1803761936731003,6784.16748
2595,324.329,1.1725504986704451,6783.898438
2596,324.453,1.0972809919023856,6784.558105
2597,324.579,1.0439099568145624,6784.407715
2598,324.703,1.010318702680864,6783.838379
2599,324.829,0.9366738049349908,6784.017578
2600,324.954,0.9462040884904854,6781.82666
2601,325.078,0.925405467254891,6782.637207
2602,325.204,0.9416093239270643,6783.746094
2603,325.329,0.9332408315167632,6783.085938
2604,325.453,0.9220358627121756,6783.056152
2605,325.579,0.8713555942382654,6782.789063
2606,325.704,0.8162705039992854,6783.326172
2607,325.829,0.7947731106071529,6782.847168
2608,325.954,0.8233234014897081,6782.635742
2609,326.078,0.8747799706864343,6783.59668
2610,326.203,0.912678559564112,6781.886719
2611,326.328,0.9702343356458873,6783.057617
2612,326.454,0.9719193752361818,6783.988281
2613,326.579,0.9113245384181152,6784.469238
2614,326.703,0.8103261532423655,6784.287109
2615,326.828,0.7484992070746422,6783.867188
2616,326.953,0.6790703343276289,6784.769531
2617,327.078,0.6319354990432042,6783.928223
2618,327.204,0.6185915417195699,6784.498047
2619,327.328,0.6304407239527176,6784.258789
2620,327.454,0.6700888815757079,6784.52832
2621,327.579,0.6765170026853049,6785.400391
2622,327.703,0.6473671799845339,6784.228027
2623,327.828,0.6050508140464113,6785.249512
2624,327.953,0.5645183796074996,6785.910645
2625,328.078,0.5176681748724857,6785.851563
2626,328.204,0.507389097727583,6785.398926
2627,328.328,0.5323390097090075,6785.61084
2628,328.453,0.5621844267006049,6785.400391
2629,328.579,0.5971395470463222,6785.128906
2630,328.704,0.5966459675533294,6784.860352
2631,328.828,0.5361756690162183,6782.907715
2632,328.953,0.5195110384569855,6783.087402
2633,329.078,0.46385669102166016,6782.067383
2634,329.204,0.3914556472320491,6782.876465
2635,329.328,0.3540378881846546,6781.194824
2636,329.453,0.3809005157778509,6781.196289
2637,329.578,0.415692909302798,6781.916504
2638,329.703,0.4799230255561049,6781.494629
2639,329.828,0.48391116749763174,6781.405273
2640,329.954,0.5317545100235387,6781.944336
2641,330.079,0.5500756120252249,6781.675781
2642,330.203,0.5640839592611895,6780.925781
2643,330.329,0.5873758117972299,6780.714844
2644,330.453,0.5598119895008702,6781.165527
2645,330.578,0.5554612408111662,6781.64502
2646,330.703,0.5168563882327628,6781.34668
2647,330.828,0.5211473692988332,6780.924805
2648,330.953,0.4832677564652127,6783.716797
2649,331.078,0.47503371361887736,6783.416016
2650,331.203,0.4878057138572615,6784.351074
2651,331.328,0.47964691023247447,6784.37793
2652,331.453,0.49504580720686175,6785.008789
2653,331.578,0.44263582756734726,6784.889648
2654,331.703,0.4371420630008896,6784.349121
2655,331.828,0.3664656217357073,6784.619629
2656,331.953,0.34263072827168606,6784.769043
2657,332.078,0.3267672968749268,6785.61084
2658,332.203,0.30107032572564213,6784.677734
2659,332.328,0.3086138148590848,6785.550293
2660,332.453,0.24579726579935615,6785.098145
2661,332.578,0.22603176978162712,6785.040039
2662,332.703,0.23527097138498515,6783.896973
2663,332.828,0.2236076971027878,6784.858887
2664,332.953,0.24639843196830385,6784.378906
2665,333.078,0.3084246753260189,6783.17627
2666,333.203,0.3277544394285342,6783.057617
2667,333.328,0.29265353896419205,6781.976074
2668,333.453,0.22121377057156238,6783.657227
2669,333.578,0.06949327274625662,6783.866211
2670,333.703,-0.0616790609485622,6783.778809
2671,333.828,-0.14476954794821129,6783.59668
2672,333.953,-0.14238335247455688,6783.387695
2673,334.078,-0.04765780075836281,6782.847168
2674,334.203,0.0906679343672871,6782.966309
2675,334.328,0.2139555714413928,6782.90625
2676,334.453,0.3029545790697371,6783.628418
2677,334.578,0.3288720911075982,6783.147461
2678,334.703,0.357781814929623,6783.205566
2679,334.828,0.3404035151378366,6782.217285
2680,334.953,0.32772878266535194,6783.117188
2681,335.078,0.31493234436836803,6782.1875
2682,335.203,0.26206464557388226,6783.146484
2683,335.328,0.22599866449221218,6783.41748
2684,335.453,0.19663880059440997,6782.666992
2685,335.578,0.16692931265354538,6782.845215
2686,335.703,0.19748594695060534,6783.327148
2687,335.828,0.21476591098285583,6783.147949
2688,335.953,0.2454528416445256,6783.59668
2689,336.078,0.278652674538729,6784.798828
2690,336.203,0.2839097295444869,6783.59668
2691,336.328,0.23829183895332903,6784.617188
2692,336.453,0.18747744188446397,6782.546387
2693,336.578,0.14513816960513737,6784.649414
2694,336.703,0.1192451872289911,6784.437988
2695,336.828,0.12567224430217097,6784.167969
2696,336.953,0.13902133422147897,6777.6875
2697,337.078,0.1686264316855056,6776.66748
2698,337.203,0.1921180093416963,6776.9375
2699,337.328,0.1959172976988868,6776.935547
2700,337.453,0.18869491511656297,6776.006836
2701,337.578,0.1809038979346728,6777.17627
2702,337.703,0.1466475934860637,6777.087891
2703,337.828,0.14472389397224913,6776.666992
2704,337.953,0.16957418718162584,6776.368164
2705,338.078,0.21070494747070445,6776.187988
2706,338.203,0.25599034257090064,6776.216797
2707,338.327,0.2563659213006643,6777.716309
2708,338.453,0.23104086616506173,6776.726563
2709,338.578,0.1219781994640915,6776.967285
2710,338.703,-0.002128204200755945,6777.534668
2711,338.828,-0.08053962203533833,6778.765137
2712,338.953,-0.1400480973443684,6777.475586
2713,339.078,-0.08905717733017493,6777.178223
2714,339.203,0.020457948910659877,6777.443848
2715,339.328,0.1607165804358262,6777.595703
2716,339.453,0.3040006998995894,6778.134766
2717,339.578,0.4143235855275872,6777.056641
2718,339.702,0.44263206507517183,6777.837402
2719,339.828,0.4662702484524985,6777.175293
2720,339.953,0.4396867415987681,6777.745605
2721,340.078,0.4407972148240568,6777.025879
2722,340.203,0.46995773010570296,6776.217773
2723,340.327,0.5221720429802463,6776.217773
2724,340.452,0.5306994254387839,6776.187988
2725,340.577,0.5527214829525993,6776.425781
2726,340.703,0.5342577212371978,6775.468262
2727,340.828,0.5133646688251412,6775.559082
2728,340.952,0.4522288361278959,6775.587891
2729,341.078,0.42358716732899615,6775.527832
2730,341.203,0.3801880836471162,6776.15625
2731,341.327,0.41085420976529813,6776.486328
2732,341.452,0.42016406351517877,6776.457031
2733,341.578,0.4823999925503605,6776.516113
2734,341.702,0.555145770308336,6776.276367
2735,341.828,0.6158988086440594,6776.696777
2736,341.953,0.6558380945741051,6776.516602
2737,342.078,0.6596854701167448,6776.849121
2738,342.203,0.6655049981541268,6776.696777
2739,342.327,0.6338920189475228,6776.698242
2740,342.453,0.6174591836379019,6776.09668
2741,342.578,0.6113820401205877,6776.24707
2742,342.702,0.6300667368605438,6776.547363
2743,342.828,0.6693442533433458,6776.638672
2744,342.952,0.7113252389767245,6776.246582
2745,343.078,0.7583197459516444,6775.977539
2746,343.203,0.8088615547938948,6776.516113
2747,343.327,0.8060585288718116,6775.827637
2748,343.453,0.7459046873595983,6775.767578
2749,343.577,0.7031012164189606,6776.12793
2750,343.702,0.55831046801078,6776.966309
2751,343.828,0.4364240659026322,6776.755859
2752,343.952,0.3392469831050983,6776.726563
2753,344.078,0.2754260815240433,6777.657227
2754,344.202,0.37579844584679034,6776.998047
2755,344.327,0.4844595092782579,6777.205566
2756,344.452,0.6160796051348748,6776.427246
2757,344.578,0.741364281168134,6776.158203
2758,344.702,0.8098624851118685,6776.187988
2759,344.827,0.8371310404694945,6776.877441
2760,344.952,0.8269121042309545,6777.205078
2761,345.077,0.8166458092859373,6776.457031
2762,345.202,0.8087803290553756,6778.315918
2763,345.327,0.8086906500166375,6777.686523
2764,345.452,0.8110758929725589,6777.866211
2765,345.577,0.8071837686092563,6778.555176
2766,345.703,0.768992346475085,6779.455078
2767,345.828,0.7239629696732303,6779.21582
2768,345.952,0.6879629333578986,6779.966797
2769,346.077,0.6606431102609791,6779.48584
2770,346.202,0.6597559868024434,6779.035645
2771,346.327,0.6822690580877823,6776.549805
2772,346.453,0.6986663510183021,6775.677246
2773,346.577,0.6890362773654377,6775.946777
2774,346.702,0.6690262735038732,6775.648438
2775,346.829,0.5874407819592186,6775.947754
2776,346.952,0.5209450974354316,6776.216797
2777,347.077,0.4594594622741054,6776.305664
2778,347.202,0.4450380325573015,6776.457031
2779,347.327,0.43753311058973715,6776.038086
2780,347.452,0.4570856202126534,6775.556641
2781,347.578,0.46583096170974214,6775.796875
2782,347.702,0.47426639817595995,6774.719238
2783,347.827,0.445558294316315,6775.169434
2784,347.952,0.43453530948735725,6776.008301
2785,348.077,0.4784810560376474,6775.438965
2786,348.203,0.4925296852670532,6775.497559
2787,348.327,0.5166636644503364,6775.707031
2788,348.452,0.5303919240946131,6775.977051
2789,348.577,0.522749321060667,6775.677246
2790,348.702,0.5291499342255619,6775.70752
2791,348.827,0.5066817512153017,6775.288086
2792,348.952,0.5530291270530262,6774.778809
2793,349.077,0.577679164182148,6775.736328
2794,349.202,0.6162454131165488,6775.017578
2795,349.327,0.6548150994763069,6775.019043
2796,349.452,0.6767373147140757,6776.458008
2797,349.577,0.6891726383665112,6776.158691
2798,349.702,0.6599842117563475,6775.917969
2799,349.827,0.5810995268912853,6775.169434
2800,349.952,0.4561472352855838,6774.509766
2801,350.077,0.3143760508994865,6774.509766
2802,350.203,0.1487561700255391,6775.259277
2803,350.327,0.0199469296953047,6775.229492
2804,350.452,-0.06356974421374356,6775.94873
2805,350.577,-0.04183550929378952,6775.257813
2806,350.702,0.04423791917528491,6775.316895
2807,350.827,0.19668249738891475,6775.557617
2808,350.953,0.3450743074321279,6775.468262
2809,351.077,0.49659601526503844,6775.767578
2810,351.202,0.5807956086410179,6775.91748
2811,351.327,0.6474967844718905,6774.928223
2812,351.452,0.6608419345049331,6775.556641
2813,351.577,0.6621652405432265,6775.168457
2814,351.702,0.6298283315634539,6775.289063
2815,351.827,0.6158557140409885,6774.988281
2816,351.952,0.6247107157554221,6774.000488
2817,352.077,0.6218877303959865,6775.678223
2818,352.202,0.6178558720038027,6774.749023
2819,352.327,0.5974405112149757,6774.899414
2820,352.452,0.5691580093044033,6774.928711
2821,352.577,0.5233053271913488,6774.659668
2822,352.702,0.4649250424093663,6774.421875
2823,352.827,0.43646234198670353,6774.512207
2824,352.952,0.4064580004176526,6773.972168
2825,353.077,0.388721390013166,6774.060059
2826,353.202,0.394863008173933,6774.030762
2827,353.327,0.45360223152349316,6774.631348
2828,353.452,0.4767322051414781,6774.719238
2829,353.577,0.5183125557364571,6774.959473
2830,353.702,0.5485691704463109,6774.270996
2831,353.827,0.5220028723642448,6774.510254
2832,353.952,0.4877917103289064,6774.659668
2833,354.077,0.40927165068364696,6774.509277
2834,354.202,0.34298352834688206,6774.601563
2835,354.327,0.2807023333675322,6773.611816
2836,354.452,0.2742712569796131,6772.863281
2837,354.577,0.3432994197651768,6771.366211
2838,354.702,0.40614526139221485,6770.259766
2839,354.827,0.4568596780180042,6770.139648
2840,354.952,0.43092824380537664,6770.317871
2841,355.077,0.3046398153837465,6770.406738
2842,355.202,0.09502269564223503,6770.167969
2843,355.326,-0.06179349079555965,6770.108398
2844,355.452,-0.2380482455847148,6770.556641
2845,355.577,-0.27579561416505405,6770.288574
2846,355.702,-0.11055749301474908,6769.957031
2847,355.826,0.05895758288579832,6770.197754
2848,355.952,0.2624503077790611,6769.332031
2849,356.077,0.44727609232400967,6768.940918
2850,356.202,0.4919284350125582,6769.600586
2851,356.327,0.49881362131859047,6769.779785
2852,356.451,0.473107718868661,6769.779785
2853,356.577,0.44431751056380936,6770.16748
2854,356.702,0.42153120170830727,6769.929199
2855,356.827,0.4449275800073312,6770.196289
2856,356.952,0.5036661154875282,6770.348145
2857,357.077,0.527671704225298,6770.348145
2858,357.202,0.5275869213948201,6770.885742
2859,357.327,0.489979120965198,6771.007813
2860,357.451,0.4631495200766633,6770.826172
2861,357.576,0.4151293801887316,6770.588379
2862,357.702,0.3747628880419127,6770.885742
2863,357.826,0.36054834281790915,6770.977539
2864,357.951,0.3845701120487138,6771.695801
2865,358.077,0.37273774678067995,6771.154297
2866,358.201,0.38546687841761523,6771.54541
2867,358.327,0.37648556462434934,6771.275879
2868,358.451,0.3922859704932433,6771.725098
2869,358.577,0.3961712328120045,6771.664063
2870,358.702,0.40450690983851423,6771.603027
2871,358.826,0.4067092365732033,6770.976563
2872,358.951,0.39938005934746523,6770.915039
2873,359.077,0.36872805944532716,6771.244629
2874,359.201,0.327817986891924,6771.663086
2875,359.326,0.2698613478176337,6771.394531
2876,359.451,0.24422377125470537,6771.093262
2877,359.578,0.2051532450760184,6770.885254
2878,359.701,0.20942110567402714,6771.004883
2879,359.826,0.2464862956240075,6770.916016
2880,359.951,0.26265077796878733,6771.45459
2881,360.076,0.2279911416379183,6770.914551
2882,360.201,0.16862577768165726,6771.007324
2883,360.326,0.05540146248674757,6771.902832
2884,360.451,-0.05023577218866448,6771.844727
2885,360.577,-0.12783726912677829,6772.291016
2886,360.701,-0.16972194811794597,6772.230469
2887,360.826,-0.10115078854499847,6771.90332
2888,360.951,-0.008681731259193953,6772.141602
2889,361.076,0.10839863785265758,6773.100098
2890,361.201,0.1943075187335821,6772.861328
2891,361.326,0.25399611901002045,6772.562012
2892,361.451,0.2813781103856557,6772.53418
2893,361.576,0.27476660857676327,6771.155762
2894,361.701,0.25062900141084193,6771.54248
2895,361.826,0.20882986758858624,6771.962402
2896,361.951,0.18989201722900065,6772.201172
2897,362.076,0.15002219818730264,6772.591797
2898,362.202,0.10281226129312682,6772.112793
2899,362.326,0.08101612431735003,6773.340332
2900,362.451,0.05214547874035551,6772.202637
2901,362.577,0.073772463238605,6772.293945
2902,362.701,0.116629572821119,6772.292969
2903,362.826,0.18225006302763858,6770.793945
2904,362.951,0.21418195622265906,6770.258301
2905,363.076,0.25362474364504,6770.496582
2906,363.201,0.28191444427298973,6771.303223
2907,363.326,0.28025087812236626,6771.302246
2908,363.451,0.27485140820411247,6771.122559
2909,363.577,0.2651110827031027,6771.063477
2910,363.701,0.2671769894559551,6770.583496
2911,363.826,0.24652312178034738,6771.333008
2912,363.952,0.23478181015026905,6771.39209
2913,364.076,0.2302044532651396,6771.062988
2914,364.201,0.2566245520208102,6771.094727
2915,364.326,0.2903714781133035,6771.272949
2916,364.451,0.30432171850040224,6770.375
2917,364.576,0.3415120982223729,6772.080566
2918,364.701,0.3596147478797318,6771.54248
2919,364.826,0.3521626511826777,6770.555664
2920,364.951,0.3506385856938652,6771.571777
2921,365.076,0.3251721331279117,6771.513184
2922,365.201,0.26342135240236325,6771.424316
2923,365.326,0.19118314574160175,6772.05127
2924,365.451,0.09113779733545384,6771.84082
2925,365.576,-0.006785829599836841,6771.600586
2926,365.701,-0.08754201101354607,6771.541992
2927,365.826,-0.12061735293194578,6772.021973
2928,365.952,-0.04258764431395511,6771.782715
2929,366.076,0.06469318563753731,6772.081543
2930,366.201,0.20586572992602858,6771.333008
2931,366.326,0.3313542635712854,6771.272949
2932,366.451,0.3884517485473748,6771.333984
2933,366.576,0.4002641235357186,6771.69043
2934,366.701,0.36888888010381726,6771.8125
2935,366.826,0.28520013232179436,6770.913574
2936,366.951,0.23099918229424163,6770.73291
2937,367.076,0.19544806400977102,6771.661133
2938,367.201,0.20941785170259758,6771.542969
2939,367.327,0.24021987260244337,6771.362305
2940,367.451,0.26735409967695156,6771.542969
2941,367.576,0.31716847178609564,6771.182129
2942,367.701,0.3479297170622717,6771.333008
2943,367.826,0.35732702929520194,6771.093262
2944,367.951,0.32862360905742505,6771.601074
2945,368.076,0.2925152120745024,6771.421387
2946,368.201,0.23927539353791819,6771.211914
2947,368.327,0.19749314521826905,6771.661133
2948,368.451,0.1931006839729856,6772.080566
2949,368.576,0.2075180545825232,6771.782227
2950,368.701,0.24024416798665668,6772.438965
2951,368.826,0.27934561044559847,6772.11084
2952,368.951,0.2914978920366572,6772.47168
2953,369.075,0.28786903440449,6772.79834
2954,369.2,0.2713651300415306,6771.870605
2955,369.326,0.23635161459737294,6772.350098
2956,369.451,0.20204021481891643,6772.55957
2957,369.576,0.1769909856353606,6772.144043
2958,369.7,0.1787785465746286,6773.21875
2959,369.826,0.16860861944357808,6772.770508
2960,369.95,0.2033919159761217,6772.290527
2961,370.076,0.21489114502612944,6772.711426
2962,370.2,0.21287544686929347,6773.878418
2963,370.326,0.15859300750736585,6773.668945
2964,370.45,0.06445675238232101,6773.668945
2965,370.575,-0.06385609519093778,6774.119629
2966,370.701,-0.1755575515745531,6775.344238
2967,370.825,-0.2823023057687554,6774.360352
2968,370.95,-0.34401036978344574,6774.327148
2969,371.075,-0.2823722381576361,6771.362305
2970,371.2,-0.2051947698973433,6771.601074
2971,371.325,-0.10933011516963285,6772.050781
2972,371.451,-0.05079387146053546,6771.900391
2973,371.576,-0.03842750943455487,6771.601563
2974,371.7,-0.0649865512393316,6771.392578
2975,371.826,-0.11059097960890674,6772.350098
2976,371.95,-0.15941709075919464,6772.588867
2977,372.076,-0.16569987889948948,6772.589844
2978,372.2,-0.17883244584168825,6773.308105
2979,372.325,-0.15380788899327483,6772.799805
2980,372.451,-0.12998043841018012,6773.845215
2981,372.576,-0.11161866521299009,6773.396484
2982,372.701,-0.11364958012624017,6772.500977
2983,372.826,-0.10346647495879108,6773.431152
2984,372.95,-0.08924183798614302,6772.648438
2985,373.075,-0.11401606960969327,6773.669922
2986,373.201,-0.10582063764702555,6773.699219
2987,373.325,-0.11104036789558816,6774.29541
2988,373.45,-0.14329569835541353,6774.71582
2989,373.575,-0.17701393957588166,6773.789063
2990,373.7,-0.2031462232794348,6773.606934
2991,373.826,-0.20698377460077344,6774.98584
2992,373.95,-0.19813364568011843,6773.815918
2993,374.076,-0.1467686858686201,6774.026367
2994,374.2,-0.07947005772934979,6773.519043
2995,374.325,-0.011482449139842364,6773.99707
2996,374.45,0.03575543800440709,6773.757813
2997,374.576,0.10721257511503555,6774.026367
2998,374.701,0.1362550914353124,6773.547852
2999,374.825,0.1447945674670826,6773.909668
3000,374.95,0.1512538355855902,6772.85791
3001,375.075,0.1393308013446773,6772.081543
3002,375.2,0.1333480601476482,6773.425781
3003,375.326,0.1234509852951095,6772.229004
3004,375.45,0.11791396092737384,6771.960938
3005,375.575,0.06581777052250251,6772.467773
3006,375.7,0.018823655121614536,6771.990234
3007,375.825,-0.05109109280817711,6772.558594
3008,375.951,-0.10000788940606373,6772.649414
3009,376.076,-0.1317874887227299,6772.40918
3010,376.2,-0.09619458712860533,6772.438477
3011,376.325,0.04271496143112677,6771.959473
3012,376.451,0.17048583085704955,6771.98877
3013,376.575,0.3414826847105254,6772.169434
3014,376.7,0.45712281937900207,6773.098633
3015,376.826,0.4893865075483036,6772.677734
3016,376.95,0.4601065709543211,6773.098633
3017,377.076,0.4155011277270805,6772.649414
3018,377.2,0.33661096809737273,6772.948242
3019,377.325,0.26974343105323517,6773.547852
3020,377.45,0.23305580284653155,6773.57666
3021,377.576,0.22260814231095297,6774.355957
3022,377.7,0.2631995855593845,6773.308105
3023,377.825,0.2874528339093625,6773.665039
3024,377.95,0.3183153370436317,6773.578125
3025,378.075,0.334243220637755,6773.577148
3026,378.2,0.32525374316065986,6773.489258
3027,378.325,0.3161880691760249,6774.20752
3028,378.45,0.30735326096396776,6774.207031
3029,378.575,0.3035065789669384,6774.955078
3030,378.7,0.30786537396188096,6774.447266
3031,378.825,0.31875623822871935,6774.206055
3032,378.95,0.33476969414956,6772.022461
3033,379.075,0.3154331490689997,6771.631836
3034,379.2,0.2632127260594137,6771.123047
3035,379.325,0.22570326933619836,6770.941895
3036,379.451,0.1961420649629034,6771.181152
3037,379.575,0.14810780884052338,6771.602051
3038,379.7,0.12602405492364954,6771.362305
3039,379.825,0.13924991720063298,6771.959473
3040,379.95,0.1592927198942164,6771.421387
3041,380.075,0.1834114118720387,6771.719727
3042,380.2,0.19830350325525367,6771.720215
3043,380.325,0.21162210185684374,6771.094727
3044,380.451,0.19303533206254975,6771.75
3045,380.575,0.1894068500411848,6771.333008
3046,380.7,0.16837877372942028,6772.438477
3047,380.825,0.13997808319322133,6771.690918
3048,380.95,0.1453684054117231,6772.379395
3049,381.075,0.13442260886437854,6772.619141
3050,381.2,0.12233426344697844,6772.91748
3051,381.325,0.09884952510708488,6772.947754
3052,381.45,0.03941889661567997,6772.918457
3053,381.575,-0.043308585913376475,6772.677246
3054,381.7,-0.09599550922844717,6772.200195
3055,381.825,-0.14165721673949805,6771.212402
3056,381.95,-0.11467421021652395,6772.287109
3057,382.075,-0.040254115858775204,6772.019531
3058,382.2,0.03305427511501175,6771.09082
3059,382.325,0.1227163405431212,6771.690918
3060,382.45,0.16863585690743574,6772.169922
3061,382.575,0.16807315546254958,6771.632324
3062,382.7,0.1404610489318709,6772.437988
3063,382.826,0.11966340862228236,6771.958984
3064,382.95,0.11365135381243231,6772.379395
3065,383.075,0.11425780341269165,6773.097656
3066,383.2,0.14176264813383826,6772.618652
3067,383.325,0.16763759760343774,6772.080566
3068,383.45,0.19995860115073527,6772.648926
3069,383.575,0.20100834865236888,6771.870605
3070,383.7,0.2105160697135473,6772.169922
3071,383.825,0.21711174204608574,6772.619141
3072,383.95,0.2510996381353382,6772.589844
3073,384.075,0.2984256369282551,6772.947754
3074,384.2,0.3453350025590065,6772.858887
3075,384.325,0.396641369508524,6772.111816
3076,384.449,0.4143455394244791,6772.467773
3077,384.575,0.4081906965567417,6771.779297
3078,384.7,0.3602858523666326,6772.19873
3079,384.825,0.3144796219994538,6772.052734
3080,384.949,0.25557119207847556,6772.321777
3081,385.075,0.23344772339747796,6772.620117
3082,385.2,0.24470619828351042,6772.918945
3083,385.325,0.26640203365208953,6774.084961
3084,385.449,0.29972721182054873,6772.858398
3085,385.575,0.34018569993552394,6774.29541
3086,385.7,0.3495487114624159,6773.128418
3087,385.825,0.3547490416699144,6773.908203
3088,385.949,0.35791064671988304,6772.740723
3089,386.075,0.3391918759599744,6772.379395
3090,386.199,0.320102489098384,6773.010254
3091,386.325,0.30043606615743673,6773.519043
3092,386.449,0.28258527206099526,6773.038574
3093,386.575,0.25067530193111015,6773.039551
3094,386.7,0.21382562100456057,6771.90332
3095,386.825,0.20075692817277255,6772.650391
3096,386.95,0.20502763118171854,6771.093262
3097,387.075,0.249266496214275,6769.626465
3098,387.2,0.2925753689674097,6767.115234
3099,387.324,0.34623596077733515,6768.041992
3100,387.449,0.38165287912446083,6768.491211
3101,387.575,0.40270463080047925,6769.535156
3102,387.699,0.3938650278824603,6769.925781
3103,387.824,0.35942928124511037,6768.52002
3104,387.95,0.3243936501466424,6769.027344
3105,388.074,0.2914342466465129,6768.70166
3106,388.2,0.2467605952745348,6768.463379
3107,388.324,0.19589016721825234,6769.925781
3108,388.449,0.15550346523295017,6769.208984
3109,388.574,0.1202565513586733,6769.507324
3110,388.699,0.12291998833752903,6769.387695
3111,388.825,0.13012659463743784,6770.43457
3112,388.95,0.1946897152117002,6770.224609
3113,389.074,0.2376656997642119,6770.135254
3114,389.199,0.298796973423973,6769.447754
3115,389.324,0.34002128709058416,6769.627441
3116,389.449,0.3477188088232156,6769.359375
3117,389.574,0.3323641910146651,6769.627441
3118,389.699,0.31314693202482075,6770.97168
3119,389.824,0.2692933873810773,6770.106445
3120,389.95,0.2576302536053035,6769.716797
3121,390.074,0.24860418160359143,6769.955566
3122,390.199,0.2841121146943135,6770.283691
3123,390.324,0.29916971987570407,6770.883789
3124,390.449,0.31866263162824604,6770.01416
3125,390.574,0.31058141898632646,6769.447754
3126,390.699,0.29660893003950467,6769.177734
3127,390.824,0.2883183033258136,6770.67334
3128,390.949,0.2884563552748105,6769.147949
3129,391.074,0.31884838709117314,6770.405273
3130,391.199,0.32174637409054346,6769.447754
3131,391.324,0.34150362278777785,6770.07666
3132,391.449,0.3489773125254899,6770.106934
3133,391.574,0.33664844750837014,6770.07666
3134,391.699,0.3189478855627485,6770.974609
3135,391.824,0.2739500806222324,6771.244629
3136,391.949,0.26667732960769086,6771.722168
3137,392.074,0.2664476614483615,6770.794922
3138,392.199,0.2859584572508583,6770.527344
3139,392.324,0.2965121881176896,6771.483398
3140,392.449,0.32743685165682285,6770.735352
3141,392.575,0.3357965363459129,6771.423828
3142,392.699,0.3568482539676891,6770.70459
3143,392.824,0.35995455255845105,6770.856445
3144,392.949,0.3509925422155959,6772.382324
3145,393.074,0.3500988878925931,6771.663086
3146,393.199,0.34406588756557505,6771.364746
3147,393.324,0.3320670099179395,6771.541992
3148,393.449,0.33130144689155194,6771.664063
3149,393.574,0.34300565293390933,6772.382813
3150,393.699,0.374181019423569,6771.843262
3151,393.824,0.3833934683705719,6772.381836
3152,393.949,0.4124935776998685,6772.024414
3153,394.074,0.42825269960064166,6772.024414
3154,394.199,0.4166674851269093,6771.843262
3155,394.324,0.3934747361635791,6771.423828
3156,394.449,0.3646779274822564,6772.113281
3157,394.574,0.33634703927204723,6772.411621
3158,394.699,0.3052438738936441,6771.785156
3159,394.824,0.30681221823167576,6773.34082
3160,394.949,0.3219576988027416,6772.802734
3161,395.074,0.3356139773738563,6773.490723
3162,395.199,0.3599064765595501,6773.669922
3163,395.324,0.36223781770138896,6774.6875
3164,395.449,0.34970510011603534,6774.629883
3165,395.574,0.32676877303431623,6775.527832
3166,395.699,0.2996943816034615,6774.088867
3167,395.824,0.2733622526088077,6772.443848
3168,395.949,0.2656461648269499,6771.096191
3169,396.074,0.27149672061151,6772.473145
3170,396.199,0.28691310685393717,6771.755371
3171,396.324,0.2806002325930549,6772.113281
3172,396.449,0.28167437683475777,6772.384766
3173,396.574,0.259938645685018,6772.442871
3174,396.699,0.24491811835423807,6772.415039
3175,396.824,0.22817014595515595,6772.111816
3176,396.949,0.21424422260627682,6771.932617
3177,397.074,0.21857858253258344,6771.036621
3178,397.199,0.2138938701379607,6772.17334
3179,397.324,0.18009811133632925,6773.070801
3180,397.449,0.13206063194164755,6772.473145
3181,397.574,0.07510116764685747,6773.488281
3182,397.699,0.03863414239941121,6772.562988
3183,397.824,0.006135543274586342,6772.532227
3184,397.949,0.020782688615424063,6773.759766
3185,398.074,0.05211222910590974,6774.567871
3186,398.199,0.10688578533417531,6773.910645
3187,398.324,0.14630043944539506,6774.477051
3188,398.449,0.16585235509823942,6774.95752
3189,398.574,0.18347067820598892,6774.088867
3190,398.699,0.1828189164251588,6773.491211
3191,398.824,0.177804461007132,6772.562988
3192,398.949,0.17774617416845395,6772.832031
3193,399.074,0.1562748037753556,6772.771973
3194,399.199,0.17572435193627758,6772.681641
3195,399.324,0.18066079438107518,6773.549805
3196,399.449,0.19519603705351846,6772.353027
3197,399.574,0.18570585604606493,6772.830078
3198,399.699,0.18778618021802973,6773.489746
3199,399.824,0.16219094457351002,6772.231445
3200,399.949,0.1314460650427211,6773.549805
3201,400.074,0.08846420788352899,6773.579102
3202,400.199,0.036195818843899864,6773.519531
3203,400.324,0.019642320877493607,6772.231934
3204,400.449,0.025740170301714268,6773.550293
3205,400.573,0.047218997158358755,6774.087402
3206,400.699,0.09128940040908161,6773.012207
3207,400.824,0.14025887872506088,6772.621094
3208,400.949,0.17723488719858102,6773.250977
3209,401.073,0.20721565023306124,6772.592773
3210,401.199,0.21241953968801233,6772.59375
3211,401.324,0.20992822085235285,6772.5625
3212,401.449,0.19902615432306056,6771.60498
3213,401.573,0.18923237236746013,6772.652344
3214,401.699,0.18697475796992302,6773.549805
3215,401.824,0.21835593619541374,6772.742676
3216,401.949,0.2727395288441941,6771.456055
3217,402.073,0.2995150141684154,6770.976563
3218,402.199,0.33175041880155165,6771.607422
3219,402.324,0.2897137755691136,6771.005371
3220,402.449,0.14080557745776554,6770.947754
3221,402.573,-0.12319389383902717,6771.455566
3222,402.699,-0.28829539627304146,6771.484863
3223,402.824,-0.47913762591697434,6771.665527
3224,402.948,-0.49583585092464283,6772.324219
3225,403.073,-0.3610471135998664,6771.846191
3226,403.199,-0.1535523691617877,6771.396973
3227,403.323,0.05460806396368842,6772.084961
3228,403.449,0.2629544031509425,6770.768066
3229,403.574,0.34440347334235566,6770.258301
3230,403.699,0.3252652355535339,6769.569336
3231,403.823,0.297458851194453,6768.43457
3232,403.949,0.2306165093324734,6768.223145
3233,404.074,0.19718616578460968,6768.463867
3234,404.198,0.2140139077096462,6769.481934
3235,404.324,0.21687886725936784,6770.317871
3236,404.448,0.2558021315573743,6768.25293
3237,404.573,0.2869013921281781,6768.283203
3238,404.698,0.33452603073215936,6769.507324
3239,404.824,0.36928052561860736,6769.958984
3240,404.948,0.4039951424287855,6769.269531
3241,405.073,0.42698569219990595,6769.001953
3242,405.198,0.4091552817939011,6768.103516
3243,405.323,0.3914732653220342,6767.894043
3244,405.448,0.35989045801497194,6767.835449
3245,405.573,0.29359065466650663,6767.744629
3246,405.698,0.2637253772339811,6767.805664
3247,405.823,0.22313206840587513,6770.046875
3248,405.948,0.21656514201132293,6769.330566
3249,406.073,0.20291011329264064,6770.138184
3250,406.198,0.20377192068851663,6769.061523
3251,406.323,0.18540535059785518,6769.987793
3252,406.45,0.19009607514081933,6769.837891
3253,406.573,0.16875375217166183,6770.108398
3254,406.698,0.16919957067583688,6769.419434
3255,406.823,0.1935947402224277,6769.269043
3256,406.948,0.21073241924291217,6768.911621
3257,407.074,0.23056719167476175,6770.197754
3258,407.199,0.24983295998701954,6769.330566
3259,407.323,0.20795120808610493,6770.079102
3260,407.448,0.15048892335025016,6770.37793
3261,407.573,0.0056466410313141535,6772.112793
3262,407.698,-0.20496244829515822,6770.885742
3263,407.824,-0.4333669040023785,6770.676758
3264,407.948,-0.595114867444969,6770.675781
3265,408.073,-0.7115889652309173,6771.813477
3266,408.198,-0.6539915695388285,6770.378906
3267,408.323,-0.46302204397986224,6770.916992
3268,408.448,-0.28438276244873645,6771.334961
3269,408.573,-0.0849615516999599,6771.18457
3270,408.698,0.04774426540255203,6771.275391
3271,408.823,0.07424475895816295,6770.317871
3272,408.948,0.08767207159524704,6771.334473
3273,409.073,0.043535645557746035,6769.898438
3274,409.198,-0.00488493389918981,6769.749023
3275,409.323,-0.023648611121794078,6769.960449
3276,409.448,-0.027516441047055726,6769.80957
3277,409.573,-0.04139295251638802,6770.70752
3278,409.698,-0.02735827280916402,6769.780273
3279,409.823,-0.04270529469844957,6770.737305
3280,409.948,-0.033446279053591176,6771.516602
3281,410.074,-0.05950301129967276,6770.347168
3282,410.198,-0.07059598246408474,6770.527344
3283,410.323,-0.06333384223331745,6771.095703
3284,410.448,-0.06951720367073894,6770.737793
3285,410.573,-0.06477027657186987,6771.187012
3286,410.699,-0.0684790493854261,6770.708008
3287,410.823,-0.07471863250473616,6771.157227
3288,410.948,-0.12043189061672156,6770.917969
3289,411.073,-0.16314204482836325,6771.637207
3290,411.198,-0.18624421554627776,6771.366211
3291,411.323,-0.19847826778932307,6771.337402
3292,411.448,-0.1901009914517001,6771.815918
3293,411.574,-0.20282333926501328,6770.677734
3294,411.698,-0.20397088250052361,6770.290527
3295,411.823,-0.2258807216972837,6769.482422
3296,411.948,-0.25476368366022023,6767.537598
3297,412.073,-0.2683758215024313,6769.660645
3298,412.198,-0.24137875587476326,6770.07959
3299,412.323,-0.20090792121794532,6769.540527
3300,412.448,-0.1563975850382121,6770.079102
3301,412.573,-0.09350010545757771,6770.258789
3302,412.698,-0.06879732716384739,6768.822266
3303,412.823,-0.053341960952266315,6769.65918
3304,412.948,-0.06025875690654025,6770.258789
3305,413.073,-0.0771069997233179,6769.300781
3306,413.198,-0.06553668474718996,6770.229492
3307,413.323,-0.06260723595411538,6771.606934
3308,413.448,-0.034883786711284455,6770.288086
3309,413.573,-0.016812415257167822,6770.348145
3310,413.698,0.003635526946018339,6769.989258
3311,413.823,0.0037599572386523127,6770.558594
3312,413.948,0.03077077625157735,6770.200195
3313,414.073,0.03827039327272719,6770.347656
3314,414.198,0.059197487280502295,6769.242188
3315,414.323,0.05844457351933139,6767.62793
3316,414.448,0.054897956464760415,6768.105469
3317,414.573,-0.006944432833033566,6768.822754
3318,414.698,-0.059802318037970335,6769.121582
3319,414.823,-0.10317378134323621,6769.180176
3320,414.948,-0.13525374603428655,6771.125
3321,415.073,-0.16886976047261174,6770.677734
3322,415.198,-0.1818809409267634,6770.438477
3323,415.323,-0.17660384759861023,6770.018555
3324,415.448,-0.16219843975559026,6768.943359
3325,415.573,-0.16162970781629818,6768.343262
3326,415.698,-0.13353010964591655,6769.810059
3327,415.823,-0.09019084010346613,6770.528809
3328,415.948,-0.04995701761899624,6769.838867
3329,416.073,-0.03544361329535829,6770.288574
3330,416.198,0.0032204076307714748,6767.387695
3331,416.323,0.03626767289964393,6766.72998
3332,416.448,0.025051352335562327,6766.162109
3333,416.572,0.02480513348696472,6766.192383
3334,416.698,0.015514725904662829,6766.641113
3335,416.823,0.008527946793935119,6767.148438
3336,416.948,0.019492684053977645,6766.370605
3337,417.073,0.05671531860450026,6766.819824
3338,417.197,0.07872851597739362,6767.895508
3339,417.322,0.10472850647761198,6767.566895
3340,417.447,0.1285349427802053,6769.750488
3341,417.573,0.12398329170350972,6768.942871
3342,417.697,0.10245921707686248,6768.703125
3343,417.822,0.08042638659873595,6768.315918
3344,417.948,0.041589832033136376,6769.660645
3345,418.073,0.046805649584743245,6767.478516
3346,418.198,0.022855937559245476,6764.372559
3347,418.322,0.025942416709611723,6764.28125
3348,418.447,0.08148172141367512,6764.909668
3349,418.573,0.1060907852341191,6764.789551
3350,418.697,0.14026329120809988,6764.163574
3351,418.822,0.12693118993267027,6764.460938
3352,418.948,0.09250420548696067,6763.475098
3353,419.072,0.016796577804127796,6764.789063
3354,419.198,-0.08341288038920876,6763.475586
3355,419.323,-0.16882762252773717,6764.459961
3356,419.447,-0.26955061484744747,6763.53418
3357,419.573,-0.2868989957012054,6763.327148
3358,419.698,-0.20429118129750193,6762.579102
3359,419.823,-0.08628276747353934,6762.69873
3360,419.947,0.016160191420097603,6761.355957
3361,420.072,0.11831351108779217,6761.68457
3362,420.197,0.16135340240727974,6762.370605
3363,420.322,0.10129783784856278,6762.370605
3364,420.447,0.04170554562575582,6761.328125
3365,420.572,-0.036508580208792295,6761.89209
3366,420.697,-0.07015197952148838,6761.653809
3367,420.823,-0.10436026059407104,6761.117188
3368,420.947,-0.08906029555830818,6760.640625
3369,421.072,-0.052697016726532916,6761.864746
3370,421.197,0.01058402692499113,6761.32666
3371,421.323,0.02023085565689622,6762.043457
3372,421.448,0.06606789128981591,6761.058594
3373,421.572,0.08187908045746237,6760.878906
3374,421.697,0.09366791652949046,6761.356445
3375,421.822,0.10302501830051987,6761.834473
3376,421.947,0.10559072736045258,6761.595215
3377,422.072,0.09349746811873519,6761.654297
3378,422.197,0.13036970716607874,6761.030762
3379,422.323,0.12034541002623655,6761.327148
3380,422.447,0.1621280950645886,6761.26709
3381,422.573,0.17321041696214554,6761.535645
3382,422.697,0.13984394858260069,6759.59668
3383,422.822,0.07119904830918301,6761.208008
3384,422.947,-3.792735105643852e-05,6761.058105
3385,423.073,-0.05849346327169019,6761.32666
3386,423.198,-0.07410163511556407,6761.058594
3387,423.322,-0.009029230450277898,6761.02832
3388,423.447,0.06694179218884334,6762.01416
3389,423.573,0.17209991509214673,6761.98291
3390,423.697,0.25710020939864336,6761.208008
3391,423.822,0.33747725240346604,6761.685547
3392,423.947,0.34600749098405115,6761.595215
3393,424.072,0.320599130509325,6761.237793
3394,424.198,0.22420652053259735,6762.431152
3395,424.322,0.1294119641256284,6762.043945
3396,424.448,-0.01616664491777595,6762.074219
3397,424.572,-0.12293908814343006,6762.133301
3398,424.697,-0.139258224133849,6762.311035
3399,424.822,-0.04766399540146033,6762.132813
3400,424.947,0.14644868713259462,6763.359375
3401,425.072,0.3367142388810049,6761.744629
3402,425.197,0.518580743709533,6762.222168
3403,425.322,0.6078342311839918,6761.956055
3404,425.447,0.6393511974206894,6762.104004
3405,425.572,0.6321306875366699,6763.088379
3406,425.697,0.60707969110478,6762.849609
3407,425.822,0.5718665998289897,6762.491211
3408,425.947,0.5802461115550147,6761.865234
3409,426.072,0.5708377121609721,6762.669434
3410,426.197,0.5789518307930623,6762.850586
3411,426.322,0.5427623580907224,6763.834961
3412,426.447,0.5030400450656112,6764.104004
3413,426.572,0.4862296568245212,6764.162598
3414,426.697,0.48548123564755163,6764.699707
3415,426.822,0.5022830818253876,6765.087891
3416,426.947,0.5298732206996168,6765.865723
3417,427.072,0.5841738761009285,6765.328125
3418,427.197,0.6243749738430592,6765.775391
3419,427.322,0.6355975007335901,6764.879395
3420,427.447,0.6448146026998647,6764.402344
3421,427.572,0.6540835880190764,6761.924805
3422,427.697,0.6241205494986001,6761.297363
3423,427.822,0.6298443985639349,6760.550781
3424,427.949,0.6273789246945893,6760.759277
3425,428.072,0.6330668746860582,6760.253418
3426,428.197,0.6484907570374139,6761.178711
3427,428.322,0.678230012141231,6761.476563
3428,428.447,0.6676335045876276,6760.730957
3429,428.572,0.6883070901886613,6760.313477
3430,428.697,0.6733381967802348,6761.027344
3431,428.822,0.632895237546009,6761.236816
3432,428.948,0.5809617851569979,6761.177734
3433,429.072,0.516527127679348,6760.819824
3434,429.197,0.4512950547919054,6761.028809
3435,429.323,0.3639105862296546,6761.954102
3436,429.447,0.3000927634017389,6761.864746
3437,429.572,0.2424703757275731,6762.40332
3438,429.697,0.21881104153833,6761.983398
3439,429.822,0.1804337895919254,6762.312012
3440,429.947,0.16546941951024763,6762.132813
3441,430.072,0.14209432083766885,6761.417969
3442,430.197,0.14491977923925517,6760.969238
3443,430.322,0.12390438270450425,6761.506836
3444,430.447,0.12280933298276098,6761.714844
3445,430.572,0.14923824149404963,6761.923828
3446,430.697,0.2000205320711071,6761.387207
3447,430.822,0.24945477230867394,6762.134277
3448,430.947,0.33175774509257505,6761.445801
3449,431.072,0.40101158486363564,6762.907227
3450,431.197,0.45777043738643275,6761.597656
3451,431.323,0.5387096673089922,6761.894531
3452,431.447,0.5855732742219247,6762.134277
3453,431.572,0.5925618608054318,6762.283203
3454,431.697,0.5537002316471553,6762.075195
3455,431.822,0.5261215237077477,6761.924805
3456,431.947,0.4660717471970006,6762.521484
3457,432.072,0.43748151788838574,6762.25293
3458,432.197,0.41734225658105994,6762.282715
3459,432.322,0.4324183318732034,6762.075195
3460,432.447,0.44441314695346673,6762.193359
3461,432.572,0.45345410458516483,6762.252441
3462,432.697,0.49318010102795024,6761.745117
3463,432.822,0.4974907126254961,6762.460938
3464,432.946,0.5148248128323282,6762.164063
3465,433.071,0.5134111560104073,6762.283203
3466,433.197,0.5369225978442226,6762.521484
3467,433.322,0.5401333985025293,6762.61084
3468,433.446,0.5437679203158082,6762.941895
3469,433.571,0.5407322052628053,6762.044922
3470,433.697,0.52347238457763,6762.910156
3471,433.822,0.5260937648323115,6762.342773
3472,433.947,0.544660081204196,6763.119629
3473,434.072,0.5955443411186861,6762.37207
3474,434.197,0.6236329181111797,6762.822266
3475,434.321,0.6346087146391326,6762.25293
3476,434.446,0.6096349031040055,6763.565918
3477,434.572,0.5083667713564652,6762.851074
3478,434.696,0.32568777521239184,6764.492676
3479,434.822,0.1860674923476579,6762.582031
3480,434.946,0.08379906734739748,6763.27002
3481,435.071,0.11290595829993927,6764.225098
3482,435.197,0.23764419649031493,6763.418457
3483,435.321,0.3873126091431877,6763.65918
3484,435.446,0.5104806757513914,6764.671875
3485,435.572,0.5682250886536969,6765.270508
3486,435.696,0.5856165299289765,6764.910156
3487,435.821,0.5713010668206688,6763.865234
3488,435.946,0.5132902665819465,6762.462402
3489,436.071,0.5047251430773062,6761.210449
3490,436.196,0.48189437614086317,6760.403809
3491,436.321,0.47720756199671954,6760.880859
3492,436.447,0.48409534027933443,6760.911133
3493,436.571,0.4698370603974725,6760.224121
3494,436.696,0.4768946009073562,6760.225586
3495,436.821,0.5204372145178294,6760.226074
3496,436.946,0.5469771817283895,6760.642578
3497,437.071,0.6005226856232281,6760.912598
3498,437.196,0.6277117837399199,6760.820801
3499,437.321,0.6328196248905241,6760.969727
3500,437.447,0.6051255042852643,6760.521973
3501,437.571,0.5936328200786645,6760.912109
3502,437.696,0.5321065509209069,6760.613281
3503,437.821,0.5288658830684739,6760.940918
3504,437.946,0.5116228661992547,6760.493652
3505,438.071,0.531209056881869,6761.27002
3506,438.196,0.5517615968761985,6760.165527
3507,438.321,0.5794176202506797,6759.926758
3508,438.446,0.5815031514285977,6761.000488
3509,438.571,0.5567024152541892,6760.672852
3510,438.696,0.5399734174256805,6760.820801
3511,438.821,0.5465686357761386,6760.820801
3512,438.946,0.5646703527889368,6760.462891
3513,439.072,0.6319998037979853,6760.852051
3514,439.197,0.717004902044483,6760.641602
3515,439.321,0.7557270383664922,6760.552246
3516,439.447,0.7691174960052859,6761.358398
3517,439.571,0.6942473836224329,6760.672852
3518,439.696,0.5404455733500396,6760.672852
3519,439.821,0.38783606128788195,6761.120117
3520,439.946,0.2791270001556584,6761.418457
3521,440.071,0.21228479287567112,6761.776855
3522,440.196,0.2559386026007611,6762.076172
3523,440.321,0.41126659837177265,6761.090332
3524,440.446,0.5781785251443208,6762.075195
3525,440.571,0.7607281330293769,6762.283203
3526,440.696,0.8801831384791315,6761.537598
3527,440.822,0.9593104032659038,6761.805664
3528,440.946,0.983337137306844,6761.716797
3529,441.071,0.9742855176226363,6762.464844
3530,441.196,0.9249284279981939,6761.806641
3531,441.321,0.9165050462381674,6761.716309
3532,441.446,0.8969880933347917,6762.373047
3533,441.571,0.8866025406076599,6762.164551
3534,441.696,0.8699056149450385,6762.61084
3535,441.821,0.837663904525239,6763.389648
3536,441.946,0.8443573058324011,6761.807129
3537,442.071,0.8411617056498908,6763.358398
3538,442.196,0.8897012809099955,6762.194824
3539,442.321,0.9218975571394541,6761.748047
3540,442.446,0.9421867446003971,6762.703613
3541,442.572,0.9369687149493339,6762.522461
3542,442.696,0.9262162714695963,6762.074707
3543,442.821,0.8559810538278907,6763.060547
3544,442.946,0.7920517065585587,6762.40332
3545,443.071,0.7567981763136161,6761.745605
3546,443.196,0.7213340082088958,6763.240234
3547,443.321,0.728301949357362,6764.402344
3548,443.447,0.7465554188988818,6764.314453
3549,443.571,0.7499030590486815,6764.882324
3550,443.696,0.758180297478665,6765.597656
3551,443.821,0.7773423530819041,6765.30127
3552,443.946,0.7965924996952051,6764.642578
3553,444.071,0.8456851663187095,6764.314453
3554,444.196,0.8856437563711729,6762.401855
3555,444.321,0.9221006206596428,6761.030762
3556,444.447,0.9076643800246884,6760.64209
3557,444.571,0.8432035641038729,6761.567871
3558,444.696,0.7577102799550286,6761.059082
3559,444.821,0.6549485956313008,6761.806641
3560,444.946,0.5510101359184587,6761.836426
3561,445.071,0.5085283611806654,6760.821777
3562,445.196,0.529687269498582,6761.567871
3563,445.321,0.5640618002115642,6761.835449
3564,445.446,0.6612069318811866,6761.568848
3565,445.571,0.7310983769529965,6761.776855
3566,445.696,0.7869881579460635,6762.761719
3567,445.821,0.8238008803969182,6762.999512
3568,445.946,0.8312848756192456,6762.968262
3569,446.071,0.7999723116630711,6762.28418
3570,446.196,0.7670203885043267,6764.193848
3571,446.321,0.7397383702326856,6764.223145
3572,446.446,0.7023697741304912,6763.090332
3573,446.571,0.6946106575691998,6763.923828
3574,446.696,0.7160470060541403,6763.447754
3575,446.821,0.7055981229582483,6763.536133
3576,446.945,0.7382567451896714,6763.478027
3577,447.071,0.7335055984901291,6762.879883
3578,447.196,0.69367542605974,6763.000488
3579,447.321,0.6831152994596407,6761.119141
3580,447.447,0.6620425836840688,6762.014648
3581,447.571,0.6716769431512591,6762.878906
3582,447.695,0.7337374819912182,6762.733887
3583,447.82,0.7861661515297884,6762.256348
3584,447.946,0.8021258301448725,6762.790527
3585,448.071,0.8049239995855344,6762.732422
3586,448.196,0.8203906504248908,6763.6875
3587,448.321,0.7465817397120371,6763.179688
3588,448.446,0.7034720308431138,6762.402832
3589,448.571,0.6811446374054988,6763.210449
3590,448.696,0.6616919086310215,6762.910156
3591,448.821,0.6607847052340674,6762.523438
3592,448.946,0.6784805163489924,6761.210938
3593,449.07,0.715971304792793,6762.223633
3594,449.195,0.7131374787167714,6761.98584
3595,449.321,0.7041669587401109,6762.165039
3596,449.445,0.7167466525500565,6761.715332
3597,449.571,0.6853644005215084,6762.462402
3598,449.696,0.6886010694567388,6761.896973
3599,449.821,0.6719167697940718,6761.537109
3600,449.945,0.6903275949375048,6761.74707
3601,450.071,0.7230724149881066,6761.477539
3602,450.195,0.6800789732354202,6762.731934
3603,450.32,0.6231317311087747,6762.04541
3604,450.446,0.5679129903279567,6762.703125
3605,450.57,0.5396583625543719,6763.239258
3606,450.696,0.489306178574212,6761.955566
3607,450.821,0.5293189808819162,6762.460938
3608,450.946,0.5479578569795551,6761.865723
3609,451.071,0.5844158743881795,6762.193359
3610,451.196,0.612569743664567,6761.925293
3611,451.321,0.6290965319909733,6762.643555
3612,451.445,0.6703930250121705,6763.567871
3613,451.571,0.6774391832435195,6763.746094
3614,451.695,0.7100469086604879,6763.477539
3615,451.82,0.7211166221334214,6763.23877
3616,451.945,0.7199677334102478,6762.64209
3617,452.07,0.6823177633787166,6761.148926
3618,452.196,0.6326390578596286,6760.045898
3619,452.321,0.5879448488510822,6761.597656
3620,452.445,0.5666458633669887,6760.523438
3621,452.571,0.5694278240623307,6761.867676
3622,452.696,0.5838254914124282,6760.553223
3623,452.82,0.5937575737108269,6760.761719
3624,452.946,0.6440567560166316,6761.269531
3625,453.07,0.6777253599140903,6759.806641
3626,453.195,0.6995431946885827,6760.284668
3627,453.32,0.6809684257635401,6760.523438
3628,453.446,0.7011244498131053,6760.254395
3629,453.571,0.6734778056396622,6761.000977
3630,453.696,0.6567188520425411,6760.732422
3631,453.82,0.6567489016266095,6761.506836
3632,453.946,0.6397640326732947,6760.911621
3633,454.071,0.6105343986974061,6760.374023
3634,454.195,0.6039545704788121,6761.478027
3635,454.321,0.6152969738336778,6761.208496
3636,454.445,0.6258648494098659,6761.211426
3637,454.57,0.6052641280357449,6761.389648
3638,454.695,0.5990196445649011,6760.732422
3639,454.82,0.5559055361754976,6761.388184
3640,454.945,0.5301211218179932,6761.507813
3641,455.071,0.4915215843750414,6762.373047
3642,455.195,0.4920267083516594,6762.433105
3643,455.321,0.49669231701815675,6762.135254
3644,455.445,0.5203012308760062,6760.940918
3645,455.57,0.49396780248057276,6761.866211
3646,455.695,0.5141071830255073,6762.283203
3647,455.82,0.5053984319364508,6762.612305
3648,455.945,0.5182759997588033,6762.851074
3649,456.07,0.5657086587160387,6762.37207
3650,456.195,0.593638574921467,6762.165527
3651,456.32,0.6406630331681084,6762.374023
3652,456.445,0.667685366158535,6762.07666
3653,456.57,0.6528031174184928,6762.373535
3654,456.695,0.6675867841183434,6762.135254
3655,456.82,0.6382980445752076,6761.926758
3656,456.946,0.635641567777612,6762.67041
3657,457.071,0.5573406716189995,6762.672363
3658,457.195,0.5274066608034433,6762.672363
3659,457.32,0.4796380342808768,6763.717285
3660,457.446,0.48795249026733395,6763.089355
3661,457.57,0.4658376293434251,6763.98584
3662,457.695,0.4779360933470855,6764.015137
3663,457.82,0.45536107626660105,6763.805664
3664,457.945,0.46846475385221126,6763.834961
3665,458.071,0.48986724705968776,6764.972168
3666,458.195,0.509768194391533,6765.03125
3667,458.32,0.5435585039802975,6765.150879
3668,458.445,0.562573747847743,6764.762207
3669,458.57,0.591738306343622,6764.285156
3670,458.695,0.5945686658253376,6763.808105
3671,458.82,0.575267272614191,6764.493164
3672,458.945,0.5532396538985292,6764.762207
3673,459.07,0.5229784659841514,6764.55127
3674,459.195,0.4929744044005931,6764.253906
3675,459.32,0.5109313626860705,6764.880859
3676,459.445,0.4823239336652159,6765.388184
3677,459.57,0.4710265016482049,6765.628906
3678,459.695,0.4276839376417694,6764.911621
3679,459.82,0.3524190269080451,6765.089844
3680,459.945,0.2727230093271036,6764.104492
3681,460.07,0.20659891154187843,6762.672852
3682,460.195,0.16820206729821152,6757.483398
3683,460.32,0.17603620720750543,6757.243652
3684,460.445,0.2115806286595121,6756.678711
3685,460.57,0.291722147538691,6756.11084
3686,460.695,0.3595795060257811,6757.154785
3687,460.82,0.4376759598481147,6757.06543
3688,460.945,0.458277767580433,6756.40918
3689,461.07,0.44459296870337794,6756.171875
3690,461.195,0.3854411325945765,6755.663574
3691,461.32,0.3830749424206518,6756.17041
3692,461.445,0.2885410528969886,6756.201172
3693,461.57,0.23678220674189324,6755.904297
3694,461.695,0.16190301947161473,6756.855957
3695,461.82,0.11707147187421647,6756.886719
3696,461.945,0.09040375144230818,6756.320313
3697,462.07,0.0649438973448837,6756.648926
3698,462.195,0.09158655229472927,6756.141113
3699,462.32,0.11579818818443681,6756.171875
3700,462.445,0.11136299839153257,6756.111816
3701,462.57,0.09488610257630692,6756.142578
3702,462.695,0.032323777084461415,6756.410156
3703,462.82,-0.03051676402581738,6756.409668
3704,462.945,-0.07260809349228962,6755.814453
3705,463.07,-0.07603628102285845,6756.528809
3706,463.195,-0.06314209372947002,6756.380371
3707,463.32,-0.009249902505512988,6755.84375
3708,463.445,0.014811114346156756,6755.784668
3709,463.57,0.017156793852953586,6756.111816
3710,463.695,-0.0032623790062302122,6755.574707
3711,463.82,-0.04185808386006723,6756.827637
3712,463.945,-0.05500601076277563,6756.171875
3713,464.07,-0.05855162599815843,6755.665527
3714,464.195,-0.08582809453051211,6755.574707
3715,464.32,-0.050681655867093216,6755.933105
3716,464.445,-0.06291560564919473,6755.575195
3717,464.57,-0.060259580535102754,6756.290527
3718,464.696,-0.07230974756904543,6755.784668
3719,464.82,-0.0705177544898497,6755.694336
3720,464.944,-0.07124709724580869,6755.902344
3721,465.07,-0.05206095527488616,6755.665527
3722,465.195,-0.01984985417589593,6755.963867
3723,465.32,-0.031876399355465025,6755.991211
3724,465.445,-0.04349622635327786,6755.457031
3725,465.569,-0.11787111782974673,6756.26123
3726,465.695,-0.1780151545366086,6756.409668
3727,465.819,-0.2792802849402361,6755.962402
3728,465.945,-0.3194909293333274,6755.516602
3729,466.07,-0.2552642562696805,6756.201172
3730,466.195,-0.18263364422487122,6756.678711
3731,466.32,-0.11267643321198731,6756.677734
3732,466.445,-0.10040253174916842,6757.096191
3733,466.57,-0.25709996145195674,6757.721191
3734,466.695,-0.4402394296927581,6757.869141
3735,466.82,-0.6295912218870963,6757.692383
3736,466.944,-0.709684003231549,6758.496094
3737,467.07,-0.6173409842960624,6758.734375
3738,467.195,-0.4293873156140632,6758.822754
3739,467.32,-0.22209198857264997,6758.851563
3740,467.444,-0.07315642092132728,6758.346191
3741,467.57,-0.0651705692273853,6759.180664
3742,467.695,-0.18170726941128665,6758.524414
3743,467.82,-0.24198093182041744,6759.271973
3744,467.944,-0.3431890273502816,6756.796387
3745,468.069,-0.35086669831833883,6757.214844
3746,468.194,-0.2614251458826134,6756.17041
3747,468.319,-0.20595618597374324,6755.27832
3748,468.444,-0.09077049013282094,6756.410156
3749,468.57,-0.04181611789332377,6755.754395
3750,468.694,0.004418145997443231,6756.083008
3751,468.819,-0.0042260946474120265,6755.933594
3752,468.945,0.003732323298922397,6755.933105
3753,469.07,-0.01448905072728774,6756.111816
3754,469.195,-0.05809818587475988,6755.753418
3755,469.319,-0.08845588863587972,6755.545898
3756,469.444,-0.09554290627288166,6756.320313
3757,469.569,-0.1071358118929252,6755.813965
3758,469.694,-0.10025325656110907,6756.796875
3759,469.82,-0.06141296015314821,6756.26123
3760,469.944,-0.041831152005317916,6757.18457
3761,470.07,-0.007617494519696167,6756.528809
3762,470.195,-0.00036360787639864946,6756.469727
3763,470.319,0.0030740748474175957,6756.738281
3764,470.444,0.010939617408247447,6755.933594
3765,470.57,-0.0015649125270425068,6757.035156
3766,470.694,0.003914652228493067,6756.528809
3767,470.82,0.008771532832923236,6756.766113
3768,470.944,0.04323999317770337,6756.649414
3769,471.069,0.06499437374035323,6756.977539
3770,471.194,0.0757777788676536,6756.768066
3771,471.319,0.0857630739033722,6756.20166
3772,471.444,0.024768847575993458,6756.588867
3773,471.569,-0.06044658846751273,6756.768555
3774,471.695,-0.1630993691245596,6757.154785
3775,471.819,-0.3091686498980615,6756.290527
3776,471.945,-0.3719149344415498,6756.678711
3777,472.07,-0.4216695694325205,6757.184082
3778,472.194,-0.3547676246146675,6757.006836
3779,472.32,-0.25234299519770903,6756.499512
3780,472.444,-0.10923575763881561,6756.885742
3781,472.57,0.04701278313030513,6758.108398
3782,472.694,0.13137940207787557,6756.70752
3783,472.82,0.18646392655669658,6756.530273
3784,472.944,0.18902194877771883,6756.916016
3785,473.069,0.19237916091096272,6759.38916
3786,473.195,0.15093776307691367,6759.38916
3787,473.319,0.11884548823613163,6758.614258
3788,473.444,0.10017349108010735,6759.210449
3789,473.569,0.1120315614363341,6759.836914
3790,473.694,0.12199705186217406,6759.479492
3791,473.819,0.1549662459198064,6759.899414
3792,473.944,0.19285822823036444,6759.480469
3793,474.069,0.24800852099962192,6759.361328
3794,474.194,0.2763543402006707,6759.807617
3795,474.319,0.2699449465853569,6760.224609
3796,474.444,0.2518247883566293,6759.778809
3797,474.57,0.19123284002115856,6759.926758
3798,474.694,0.1467968272923656,6760.076172
3799,474.819,0.09544069333111416,6759.569824
3800,474.944,0.03948977384726059,6759.776855
3801,475.069,0.05694575820299452,6758.614258
3802,475.194,0.07577721376031758,6759.358887
3803,475.319,0.15309799711369304,6759.807617
3804,475.444,0.21669610228332317,6759.986816
3805,475.569,0.29308909209859646,6760.137207
3806,475.694,0.33819742040398015,6760.195313
3807,475.819,0.36240859068121256,6760.762695
3808,475.944,0.32217403509085374,6759.300781
3809,476.069,0.31618838839637553,6758.734863
3810,476.194,0.3045999876630996,6757.54248
3811,476.319,0.3104674909606135,6755.933594
3812,476.444,0.33102206500922615,6756.290527
3813,476.569,0.3445851086191727,6755.993164
3814,476.694,0.3641039666513967,6755.84375
3815,476.819,0.33873071271929384,6756.410156
3816,476.944,0.2802226981904153,6755.991699
3817,477.069,0.2388526006108492,6756.73877
3818,477.194,0.219730395960219,6757.422852
3819,477.319,0.23518475585978227,6756.648438
3820,477.444,0.3106580967411938,6756.678711
3821,477.569,0.38926342105159883,6756.020996
3822,477.694,0.475788325463576,6755.993164
3823,477.819,0.5100158939557458,6756.737793
3824,477.944,0.5254540456392873,6756.231445
3825,478.069,0.524323417442378,6756.767578
3826,478.194,0.5046455681998272,6756.410645
3827,478.32,0.48554709250008987,6756.559082
3828,478.444,0.45975207355675113,6756.082031
3829,478.569,0.4755037943210346,6756.349121
3830,478.694,0.44711513109301293,6756.202637
3831,478.819,0.44510137701710645,6756.82666
3832,478.944,0.44301059091278944,6756.230469
3833,479.069,0.4358589753602375,6755.753906
3834,479.194,0.42640382700213886,6755.783203
3835,479.319,0.39924306350735606,6756.260254
3836,479.444,0.42230909722247867,6756.439941
3837,479.569,0.4508171679052966,6756.260742
3838,479.694,0.44686594437989036,6755.516113
3839,479.819,0.48383734894126523,6755.694336
3840,479.944,0.5170491161444527,6756.172363
3841,480.069,0.5553542170202571,6756.201172
3842,480.194,0.560875590597421,6755.84375
3843,480.319,0.5992067896572815,6755.813965
3844,480.443,0.5791283443145226,6755.278809
3845,480.569,0.5820456755223364,6754.831543
3846,480.694,0.5824849630422443,6755.545898
3847,480.819,0.5359856461426936,6755.932617
3848,480.944,0.5134463041787777,6756.051758
3849,481.068,0.5267339224308961,6756.22998
3850,481.194,0.5184492131072995,6756.855957
3851,481.319,0.5702340937451378,6757.006348
3852,481.444,0.5968111668762316,6757.483887
3853,481.569,0.6153743301380035,6756.677734
3854,481.694,0.6254666642604616,6757.54248
3855,481.818,0.6179364730868675,6756.828613
3856,481.944,0.5455366296200214,6756.499023
3857,482.069,0.4398432845628242,6755.902832
3858,482.194,0.394333667477449,6756.648926
3859,482.319,0.3710508158593529,6756.708008
3860,482.443,0.3927288189140536,6757.274414
3861,482.569,0.4982423690057461,6756.708008
3862,482.694,0.6122634820111315,6756.976563
3863,482.819,0.6879052953699664,6756.617676
3864,482.944,0.6980254226756044,6756.827148
3865,483.069,0.6616838181598402,6756.796387
3866,483.194,0.5153917692858818,6756.439941
3867,483.319,0.34312556495190627,6757.304688
3868,483.443,0.16241300315603036,6757.661133
3869,483.569,0.11346480388580672,6757.094727
3870,483.694,0.20676659552901047,6757.602051
3871,483.818,0.35203495086529685,6757.005859
3872,483.943,0.46873649929720224,6757.005859
3873,484.069,0.5960082307674721,6757.69043
3874,484.194,0.6319673482114876,6757.275879
3875,484.319,0.6202473179583259,6757.510742
3876,484.443,0.568160703813611,6759.508789
3877,484.569,0.5001422434081697,6759.151855
3878,484.693,0.4508913637864734,6760.163574
3879,484.818,0.44704915783946664,6759.568359
3880,484.943,0.44835341356785374,6757.839844
3881,485.069,0.4650218241123948,6756.55957
3882,485.193,0.47741742646791624,6757.393555
3883,485.318,0.49635070319430274,6758.10791
3884,485.443,0.50241012834018,6758.67334
3885,485.568,0.5114266668468109,6758.674805
3886,485.694,0.5166813166910765,6758.882813
3887,485.818,0.5034819847435428,6759.242676
3888,485.943,0.4977384239788241,6758.825195
3889,486.068,0.4739823541866198,6758.64502
3890,486.193,0.45360690080131144,6759.44873
3891,486.318,0.419736347089228,6759.508789
3892,486.443,0.40471681938607035,6758.822754
3893,486.569,0.41065359146044655,6759.509766
3894,486.694,0.4333710025850131,6759.777832
3895,486.819,0.4213296065156466,6759.30127
3896,486.944,0.42375548011380765,6759.450195
3897,487.069,0.3932593071189128,6759.38916
3898,487.193,0.3876832505485685,6758.972168
3899,487.319,0.3739363586868984,6759.181152
3900,487.443,0.368173516788013,6759.150879
3901,487.568,0.36337881394411475,6759.121582
3902,487.694,0.42842870158394625,6759.569824
3903,487.819,0.4747317620713792,6759.569336
3904,487.943,0.5329533072143015,6759.837891
3905,488.068,0.5413291938306806,6759.569336
3906,488.193,0.5015985928078518,6759.629395
3907,488.318,0.38086976457845906,6760.344238
3908,488.443,0.254097278661237,6754.862305
3909,488.568,0.14051065621311906,6753.430664
3910,488.694,0.089414798075335,6754.622559
3911,488.818,0.15326532052060562,6753.61084
3912,488.943,0.22212347543651115,6753.760742
3913,489.069,0.30874490780786423,6753.816895
3914,489.193,0.41585382930957404,6754.145996
3915,489.319,0.4657938440164135,6753.819336
3916,489.443,0.47206600180004205,6754.563477
3917,489.568,0.4632925366594587,6753.848633
3918,489.693,0.43738416918804085,6755.216309
3919,489.818,0.3961530902800086,6754.592285
3920,489.943,0.41135060928110806,6754.355469
3921,490.068,0.4155214774552885,6754.503906
3922,490.193,0.42257576998337804,6754.265625
3923,490.319,0.407425652037245,6754.17627
3924,490.443,0.397810348784774,6754.562988
3925,490.568,0.36304319363555454,6754.950195
3926,490.693,0.365471210862954,6754.770508
3927,490.818,0.33166253243124794,6755.427246
3928,490.943,0.31057542118988524,6754.236328
3929,491.068,0.3177339285940167,6753.72998
3930,491.193,0.33510689607627936,6753.3125
3931,491.318,0.33216122639343243,6753.580078
3932,491.443,0.3563652465158523,6753.374512
3933,491.568,0.36025972738814105,6754.711426
3934,491.694,0.3544771033455919,6754.979492
3935,491.818,0.41215024058058947,6754.117188
3936,491.943,0.3746042248913175,6754.592285
3937,492.068,0.40017896797615965,6754.919922
3938,492.193,0.37838429973254556,6755.335938
3939,492.318,0.35450641496485613,6753.609375
3940,492.443,0.2870309393408072,6755.308105
3941,492.568,0.194640853924483,6755.724609
3942,492.693,0.09513537091300878,6755.813965
3943,492.818,0.0622186459647187,6756.557617
3944,492.943,0.007704014846376028,6755.57666
3945,493.068,-0.05004937445687262,6755.664551
3946,493.193,-0.07571917240825898,6755.575195
3947,493.318,-0.14586343302732624,6755.813965
3948,493.443,-0.20596370572359712,6755.12793
3949,493.568,-0.2988472915931085,6755.010254
3950,493.693,-0.39178418580022323,6756.08252
3951,493.818,-0.40215841281261544,6756.618652
3952,493.943,-0.4361768273539014,6755.872559
3953,494.068,-0.3828186963605718,6756.171875
3954,494.193,-0.2909258915106324,6755.248047
3955,494.318,-0.21767738659842975,6754.771484
3956,494.443,-0.1623303137818698,6752.450195
3957,494.568,-0.1361447511786394,6752.599121
3958,494.693,-0.07629946137183152,6752.42041
3959,494.818,-0.09071833299120066,6753.194824
3960,494.943,-0.09025449543114189,6752.956055
3961,495.068,-0.11985135510842636,6752.716797
3962,495.193,-0.09717072877008223,6752.033691
3963,495.318,-0.17817521630915198,6752.211914
3964,495.443,-0.16897481049125962,6752.95459
3965,495.568,-0.18803162771004542,6754.683105
3966,495.693,-0.23453979446921192,6754.175293
3967,495.818,-0.21409397104390412,6754.651855
3968,495.943,-0.16768964034099576,6754.324707
3969,496.068,-0.05100486559267902,6753.729492
3970,496.193,0.038846580685110245,6753.67041
3971,496.318,0.012928310144418432,6754.979004
3972,496.443,0.11833582782186235,6754.445801
3973,496.568,0.06554937190309842,6754.472168
3974,496.693,0.07057633433653515,6754.442871
3975,496.818,-0.0029639481098379912,6754.832031
3976,496.942,-0.0132604863331594,6754.741211
3977,497.068,-0.07178748767606483,6754.743652
3978,497.193,-0.09310063195313979,6755.726074
3979,497.318,-0.10377782964068585,6754.861816
3980,497.443,-0.11457918782982394,6755.157715
3981,497.568,-0.0720263566054057,6755.397461
3982,497.693,-0.03701095905052125,6754.949707
3983,497.818,0.014274394555471458,6754.652832
3984,497.942,0.09611440390575038,6755.216309
3985,498.068,0.17473112079892225,6755.397461
3986,498.193,0.09015450674336625,6754.294434
3987,498.317,0.002198246223874242,6754.950195
3988,498.443,-0.06847104496051548,6754.652344
3989,498.568,-0.29980810396525776,6756.500488
3990,498.692,-0.36779034116046544,6755.545898
3991,498.817,-0.5853068201619352,6755.665527
3992,498.942,-0.5493872353347284,6754.651855
3993,499.068,-0.5098684102189789,6756.20166
3994,499.192,-0.41150126215649696,6755.932617
3995,499.317,-0.27261949707056565,6755.426758
3996,499.442,-0.09378047153666133,6755.605957
3997,499.568,-0.022803200433262005,6755.605957
3998,499.693,-0.005248146553399218,6755.665527
3999,499.817,-0.09284871280708011,6756.40918
4000,499.942,-0.15801614975696915,6755.576172
4001,500.068,-0.2282212326516753,6755.993164
4002,500.192,-0.23260777789952963,6755.873535
4003,500.317,-0.2997190904395546,6756.73877
4004,500.442,-0.24163740241957324,6755.724609
4005,500.567,-0.1989192626969059,6755.57666
4006,500.692,-0.15668704201266154,6755.336914
4007,500.817,-0.14690912228168948,6755.755371
4008,500.943,-0.18395614792803233,6755.545898
4009,501.068,-0.27706733034152276,6755.694336
4010,501.193,-0.46573301234664105,6755.663574
4011,501.317,-0.7146789268291293,6755.84375
4012,501.443,-1.0079293051713574,6756.856934
4013,501.568,-1.3219337521453265,6757.333984
4014,501.692,-1.5051128876986788,6756.648438
4015,501.817,-1.6951484690560519,6758.347168
4016,501.943,-1.7305166405136678,6758.67334
4017,502.068,-1.7928954138619568,6759.241211
4018,502.193,-1.7612165113106137,6759.38916
4019,502.317,-1.7913728114115206,6759.121582
4020,502.442,-1.7095124457720832,6757.094727
4021,502.568,-1.7305466086397565,6755.93457
4022,502.692,-1.7916660731213006,6753.790527
4023,502.818,-1.842434111587858,6755.307129
4024,502.943,-1.7585483602840495,6756.051758
4025,503.068,-1.7637150019969903,6754.981445
4026,503.193,-1.7117628848935473,6755.784668
4027,503.317,-1.578266801177223,6754.770996
4028,503.443,-1.5968859577153356,6755.456055
4029,503.567,-1.6139573264589928,6755.962402
4030,503.692,-1.6138178475922196,6756.499512
4031,503.818,-1.7420238296147612,6756.796387
4032,503.942,-1.7498693122141036,6756.052246
4033,504.067,-1.7483849127901427,6755.813965
4034,504.192,-1.6220285798170624,6755.813477
4035,504.317,-1.4780690689300446,6755.396484
4036,504.442,-1.2595326977880172,6756.351074
4037,504.567,-1.1370500417045561,6756.022461
4038,504.692,-1.0231553409525123,6756.827148
4039,504.817,-0.9675364559199238,6756.290527
4040,504.942,-0.9377038541792523,6756.529785
4041,505.067,-0.9379453817502565,6756.529785
4042,505.193,-0.9338987769086489,6756.052734
4043,505.317,-0.8892537225310317,6755.694824
4044,505.442,-0.8105029038049036,6755.577148
4045,505.568,-0.8053489111008945,6755.545898
4046,505.692,-0.8253483879957068,6756.052734
4047,505.817,-0.8565872412001047,6755.844727
4048,505.942,-0.8444346315906471,6756.350586
4049,506.067,-0.9042046660247631,6756.55957
4050,506.192,-0.9085418058703185,6756.797363
4051,506.317,-0.9542813046414177,6756.171875
4052,506.442,-0.9520934939040449,6756.022949
4053,506.567,-0.883023052217225,6756.260742
4054,506.692,-0.9033934345144492,6757.006348
4055,506.817,-0.8595844192430436,6757.481934
4056,506.942,-0.8775200415126416,6757.601074
4057,507.067,-0.8710635634093723,6757.930176
4058,507.192,-0.8824727566719406,6757.661133
4059,507.317,-0.8688937604747001,6757.661133
4060,507.442,-0.9036417889279071,6756.40918
4061,507.567,-0.8223925667063794,6757.98877
4062,507.692,-0.8047265487913193,6757.929688
4063,507.817,-0.7441095137901487,6756.944336
4064,507.942,-0.7368418102325727,6757.661133
4065,508.067,-0.7270184648479496,6757.422852
4066,508.192,-0.7063941682357601,6756.827637
4067,508.317,-0.6798848188313861,6757.601563
4068,508.442,-0.7016147465295328,6758.73584
4069,508.567,-0.7193752503400208,6757.661133
4070,508.692,-0.7341069166073105,6758.256348
4071,508.817,-0.8426590041084764,6757.869141
4072,508.942,-0.9235011138355723,6757.185059
4073,509.067,-0.9734845586901335,6757.124512
4074,509.192,-1.0037790331722445,6757.362793
4075,509.317,-1.032347208203544,6757.422363
4076,509.442,-0.984705740274767,6756.82666
4077,509.567,-0.8956835585984593,6757.870605
4078,509.692,-0.8583884892762884,6757.510742
4079,509.817,-0.7578393595554112,6758.13916
4080,509.943,-0.664152930800782,6759.092285
4081,510.067,-0.651991399382063,6758.763672
4082,510.192,-0.6121292244285756,6758.763672
4083,510.317,-0.6202788231313527,6759.360352
4084,510.442,-0.6733085529972027,6758.912109
4085,510.567,-0.6675490203040422,6758.077148
4086,510.692,-0.7105495466365069,6758.435547
4087,510.817,-0.6888443592069052,6758.138672
4088,510.942,-0.6643461046798682,6759.270996
4089,511.067,-0.6107396497435227,6757.78125
4090,511.192,-0.6185169903050496,6758.436035
4091,511.317,-0.622313701408316,6758.04834
4092,511.442,-0.701135631265862,6756.52832
4093,511.567,-0.7137787239894182,6756.350586
4094,511.692,-0.7625881725050042,6755.008301
4095,511.817,-0.8099092566814556,6754.681152
4096,511.942,-0.826455431308512,6754.652344
4097,512.067,-0.7754295280100094,6754.025879
4098,512.192,-0.7310667573635088,6756.588379
4099,512.317,-0.662087770088084,6756.588867
4100,512.442,-0.6248542423670285,6756.290527
4101,512.567,-0.6266835966877898,6758.287109
4102,512.692,-0.5780360006860045,6757.80957
4103,512.817,-0.6344801658999709,6757.362793
4104,512.941,-0.651745116246216,6757.511719
4105,513.067,-0.7014527300490441,6757.36377
4106,513.192,-0.6766080833812139,6757.273926
4107,513.317,-0.7280594623343164,6757.363281
4108,513.441,-0.6975517058554926,6757.183594
4109,513.567,-0.745949839751681,6757.005371
4110,513.692,-0.7172633458464087,6757.032715
4111,513.816,-0.743705834538289,6756.380371
4112,513.943,-0.7674744530817927,6756.527832
4113,514.067,-0.746928498640979,6756.677246
4114,514.192,-0.7712155018874267,6756.647949
4115,514.317,-0.7896354639532558,6756.140625
4116,514.441,-0.7540776332176677,6756.438477
4117,514.567,-0.6939908861988092,6756.52832
4118,514.691,-0.6246660335198465,6755.246582
4119,514.816,-0.5472654732768958,6755.396484
4120,514.942,-0.5123111053218317,6756.141602
4121,515.067,-0.5663133330304942,6755.605469
4122,515.192,-0.646188623452307,6756.40918
4123,515.317,-0.7481115534603945,6756.320313
4124,515.442,-0.8647894794237861,6755.515137
4125,515.567,-0.9622794577923818,6755.367188
4126,515.691,-0.9700579970336002,6756.647461
4127,515.816,-0.9236357817823788,6756.827148
4128,515.941,-0.8617591362633292,6755.603516
4129,516.067,-0.7569244713278871,6756.52832
4130,516.191,-0.6460393378412224,6756.437988
4131,516.317,-0.5309141752010959,6756.737793
4132,516.442,-0.4544207435937016,6757.243652
4133,516.566,-0.4359319227524249,6758.196777
4134,516.691,-0.4259813716778093,6757.244141
4135,516.816,-0.42061669828201037,6757.721191
4136,516.941,-0.4189581191075568,6758.495605
4137,517.066,-0.44346495580428197,6757.98877
4138,517.192,-0.41908358653843464,6757.572266
4139,517.316,-0.40363568040068654,6757.541992
4140,517.442,-0.3483713279969398,6757.242676
4141,517.567,-0.36377501239569765,6757.243652
4142,517.691,-0.35728558632313706,6756.975586
4143,517.816,-0.3832645747129896,6756.915527
4144,517.941,-0.389912075401131,6757.600586
4145,518.067,-0.39865383302049456,6757.423828
4146,518.191,-0.4270710991934404,6757.898926
4147,518.318,-0.3458087860257536,6757.244141
4148,518.442,-0.27948568180395383,6758.554688
4149,518.567,-0.23810899259920468,6759.150879
4150,518.691,-0.25386552526655193,6760.10498
4151,518.816,-0.2801982729274687,6759.567871
4152,518.941,-0.33847748370030895,6759.836914
4153,519.067,-0.455762567826739,6759.837891
4154,519.191,-0.4582854261241802,6759.925293
4155,519.316,-0.484049610647862,6759.866211
4156,519.441,-0.43781242853581837,6758.018555
4157,519.566,-0.3513403626975211,6756.586914
4158,519.691,-0.29894279275783375,6755.54541
4159,519.816,-0.2365596272022897,6755.098145
4160,519.942,-0.2752232044662641,6754.978516
4161,520.067,-0.3112541484916324,6754.591309
4162,520.191,-0.3817951323364903,6755.158691
4163,520.316,-0.45218016393724403,6754.889648
4164,520.441,-0.42849378281618433,6755.842773
4165,520.566,-0.4050697218028194,6755.426758
4166,520.691,-0.3561324360973582,6755.129395
4167,520.816,-0.26469782165607125,6755.574707
4168,520.941,-0.19993785721675061,6755.543945
4169,521.066,-0.20565249505488128,6755.336426
4170,521.191,-0.27295704132678306,6754.561523
4171,521.316,-0.34489099361830444,6754.293945
4172,521.442,-0.4222719740650416,6754.82959
4173,521.566,-0.4392052715491873,6754.115234
4174,521.691,-0.4742962974961919,6754.561523
4175,521.816,-0.4652239056537038,6754.383301
4176,521.941,-0.44144744637185734,6755.216309
4177,522.066,-0.43669174563662233,6755.724609
4178,522.191,-0.4271141020903937,6755.187012
4179,522.316,-0.40459983865756266,6755.306641
4180,522.441,-0.40318420154784973,6753.817383
4181,522.566,-0.3177106511214436,6749.445801
4182,522.691,-0.26969892729553785,6749.771973
4183,522.816,-0.1711969069627169,6750.098633
4184,522.941,-0.18061330062388437,6750.24707
4185,523.066,-0.17130745222547036,6750.723633
4186,523.191,-0.20467720320615676,6750.753418
4187,523.316,-0.23807015181920468,6749.97998
4188,523.441,-0.23225285726509973,6750.693359
4189,523.566,-0.24961530815627433,6751.199219
4190,523.691,-0.21627885482947587,6751.108887
4191,523.816,-0.19102749495210417,6750.840332
4192,523.941,-0.16303852492421364,6752.033691
4193,524.066,-0.18482673454751106,6751.40625
4194,524.191,-0.18384659955487545,6750.75293
4195,524.317,-0.23954118460264645,6751.289063
4196,524.441,-0.2804226786245445,6750.75293
4197,524.566,-0.2982987603312516,6750.991699
4198,524.691,-0.3104494195897721,6750.902344
4199,524.816,-0.28218772209680293,6751.229492
4200,524.941,-0.2677561414441452,6751.495605
4201,525.067,-0.25437320805519437,6751.704102
4202,525.191,-0.25038633341542893,6751.169434
4203,525.316,-0.28633724133240807,6751.137695
4204,525.441,-0.293061519814893,6752.329102
4205,525.566,-0.30184856716820474,6750.871094
4206,525.691,-0.29156575740338136,6751.970703
4207,525.816,-0.2579840912803459,6751.525391
4208,525.941,-0.18644619459785552,6751.702637
4209,526.066,-0.10562366996634259,6750.722168
4210,526.191,-0.025589216647494577,6751.585449
4211,526.316,0.009369983670011905,6749.057129
4212,526.441,0.02904109451822052,6748.520996
4213,526.566,-0.018764182407277154,6749.264648
4214,526.691,-0.07248155306808592,6749.919434
4215,526.816,-0.14333888420542215,6750.515137
4216,526.941,-0.13336971600173445,6750.21582
4217,527.066,-0.10932511910869959,6749.681152
4218,527.191,-0.0456513168803578,6749.711426
4219,527.316,0.009502100924545244,6749.474121
4220,527.441,0.028792904365222312,6748.61084
4221,527.566,0.0008114952110218189,6747.928223
4222,527.691,-0.053286634375791966,6746.622559
4223,527.816,-0.07921030255857003,6746.324219
4224,527.941,-0.09407939954709596,6746.65332
4225,528.066,0.02449406476325494,6747.096191
4226,528.191,0.15551940052752186,6747.275391
4227,528.316,0.291434565389391,6748.166992
4228,528.441,0.41253096716434584,6748.227051
4229,528.566,0.4498950209484578,6746.859375
4230,528.691,0.4136829060836287,6746.889648
4231,528.815,0.3359802825594677,6747.482422
4232,528.941,0.23993488386027131,6747.038086
4233,529.066,0.15224428485371058,6747.215332
4234,529.191,0.10425751234186618,6747.126953
4235,529.316,0.09052817205277493,6746.294922
4236,529.441,0.12152295177783917,6746.53125
4237,529.566,0.21664254598940738,6747.276855
4238,529.691,0.3188835585569355,6747.719727
4239,529.816,0.38925780783710423,6746.770996
4240,529.94,0.46816648744527434,6746.532715
4241,530.066,0.5146301907922994,6747.691895
4242,530.19,0.4804229622386324,6746.857422
4243,530.316,0.3830141653644631,6746.650391
4244,530.441,0.258180508751932,6746.354004
4245,530.566,0.10977856985113077,6746.949707
4246,530.69,0.0053666110764963625,6745.609375
4247,530.815,-0.07866780173228548,6746.354004
4248,530.94,-0.1295170043345655,6746.116211
4249,531.066,-0.13220389234213364,6746.650391
4250,531.19,-0.0902802594875993,6746.799805
4251,531.316,-0.07894376329267094,6747.037109
4252,531.441,-0.03601031392584056,6746.233398
4253,531.566,-0.02521944011158057,6746.620605
4254,531.691,0.000562825363023884,6746.797363
4255,531.816,0.010077837138242951,6746.470703
4256,531.941,0.02752091597697506,6747.007813
4257,532.066,-0.014887559311891542,6747.80957
4258,532.191,-0.05084375964308392,6746.562012
4259,532.315,-0.09974965695990676,6746.620605
4260,532.441,-0.11625694830333014,6746.412109
4261,532.565,-0.13914542515418396,6747.125488
4262,532.69,-0.10945254302139898,6748.432617
4263,532.816,-0.07692432753880513,6747.867188
4264,532.94,-0.04963055942900219,6748.579102
4265,533.066,-0.044136685770208274,6747.661133
4266,533.191,-0.04156253590520383,6746.20459
4267,533.316,-0.08285015133600737,6747.096191
4268,533.44,-0.15551243821886343,6747.215332
4269,533.566,-0.20918176439295702,6747.124512
4270,533.69,-0.2590478392827617,6748.373535
4271,533.816,-0.2793900038092005,6747.599121
4272,533.941,-0.2995819394744122,6748.223633
4273,534.065,-0.2866512400776245,6748.373047
4274,534.191,-0.2998005564505353,6747.271973
4275,534.315,-0.2814679892844766,6748.37207
4276,534.441,-0.2949076013810421,6746.943359
4277,534.566,-0.30730117913337934,6746.916016
4278,534.69,-0.3140987196303157,6745.432129
4279,534.816,-0.29819739722899996,6744.037109
4280,534.94,-0.24461629841436833,6744.155273
4281,535.065,-0.1815287562852197,6744.985352
4282,535.19,-0.1265180488763459,6743.709473
4283,535.315,-0.07390301937758688,6743.531738
4284,535.441,-0.0797400837415231,6744.125977
4285,535.565,-0.134103537018038,6742.910156
4286,535.69,-0.239936915082798,6744.661621
4287,535.816,-0.3822348542249445,6744.36377
4288,535.94,-0.49627893053646827,6745.313965
4289,536.065,-0.5509355800326916,6745.166504
4290,536.19,-0.5273664651909715,6745.401367
4291,536.315,-0.4232292267809413,6745.788086
4292,536.441,-0.2927134839364494,6744.987793
4293,536.565,-0.1732419974590724,6744.808594
4294,536.69,-0.06407779626900248,6746.174316
4295,536.815,-0.028925002045740618,6745.908203
4296,536.94,-0.03140549080369771,6746.352051
4297,537.065,-0.06238611685866145,6745.431641
4298,537.191,-0.06467279911386861,6745.996094
4299,537.315,-0.07503664921745706,6745.669434
4300,537.44,-0.03689472294425499,6745.401367
4301,537.565,-0.012677789199871744,6745.135742
4302,537.69,0.004153940948463627,6744.867188
4303,537.815,0.014139943190015035,6745.520996
4304,537.94,0.0037488101430855547,6745.075684
4305,538.065,-0.022656991443127234,6745.728027
4306,538.19,-0.05307710304424577,6746.500977
4307,538.315,-0.07239889946673679,6746.294922
4308,538.44,-0.06613198072750091,6746.829102
4309,538.565,-0.038333756764743064,6746.976563
4310,538.69,0.011730178035645996,6745.342285
4311,538.815,0.0362639160712844,6747.183594
4312,538.94,0.06305840253851731,6748.103516
4313,539.065,0.03874538856183281,6747.036621
4314,539.19,0.03976841904877494,6745.967285
4315,539.315,0.009902301481457293,6746.47168
4316,539.44,-0.0009761283629886179,6746.916992
4317,539.565,-0.021418589261383316,6746.561523
4318,539.69,-0.06712870430617493,6746.976563
4319,539.815,-0.09683783527847659,6746.916504
4320,539.941,-0.16276901862421447,6747.03418
4321,540.065,-0.19050764313369561,6747.361816
4322,540.19,-0.21647133683631073,6747.928223
4323,540.315,-0.2182374496420646,6747.837402
4324,540.44,-0.197179494814203,6748.222168
4325,540.565,-0.19826982721475067,6747.600098
4326,540.69,-0.22502996065028422,6747.538574
4327,540.815,-0.288245750663047,6748.996094
4328,540.94,-0.3602773257821819,6748.581543
4329,541.065,-0.43643178663220006,6749.353027
4330,541.19,-0.4697915176464949,6750.245117
4331,541.315,-0.3961548452925975,6749.649902
4332,541.44,-0.3278783699551656,6750.125977
4333,541.565,-0.22281803398641511,6751.553223
4334,541.69,-0.1092598010654759,6750.005371
4335,541.815,-0.05403135926296605,6749.113281
4336,541.94,-0.02804639233002884,6748.491211
4337,542.065,-0.01257563743941482,6745.459473
4338,542.19,-0.033116314563806,6745.876953
4339,542.315,-0.03435087726111967,6746.084961
4340,542.44,-0.0485634308045681,6745.876953
4341,542.565,-0.05100031338139535,6746.648926
4342,542.69,-0.013667172166404862,6746.827148
4343,542.815,-0.0005340222632980952,6746.828613
4344,542.94,0.012786680484565056,6746.797852
4345,543.065,0.041443838214166265,6747.063965
4346,543.19,0.029448014608928024,6747.98584
4347,543.315,0.049733300696212804,6748.25293
4348,543.44,0.07081123123158169,6748.04541
4349,543.565,0.07431057669399878,6747.511719
4350,543.69,0.09410337290438492,6747.064453
4351,543.815,0.1115196450167314,6747.687012
4352,543.94,0.10820812380508057,6747.749023
4353,544.065,0.07765161426512304,6748.016602
4354,544.19,0.04776361297466611,6746.292969
4355,544.315,-0.01648209696091349,6746.144043
4356,544.44,-0.05514956781048842,6747.125
4357,544.565,-0.07494138171465994,6746.589844
4358,544.69,-0.050580171817728586,6748.282227
4359,544.815,-0.03218895734444415,6747.687988
4360,544.94,0.03338502232071807,6748.521484
4361,545.065,0.06416953296264967,6747.063965
4362,545.19,0.12499342271799893,6748.283691
4363,545.315,0.15659193752280967,6749.94873
4364,545.439,0.18302426365407154,6749.501953
4365,545.565,0.20357189679362736,6749.648438
4366,545.69,0.2109908070543453,6749.114258
4367,545.814,0.18995787233052663,6750.125
4368,545.94,0.16124969896874652,6750.126953
4369,546.065,0.11247865068551334,6749.91748
4370,546.19,0.040852343813811184,6749.977539
4371,546.315,0.0019343805861620081,6749.79834
4372,546.439,0.019450304536162026,6749.501465
4373,546.565,0.0493176897956624,6749.948242
4374,546.69,0.09081498754827567,6749.978027
4375,546.814,0.11223218491833309,6749.530273
4376,546.94,0.14115565754701498,6748.428711
4377,547.065,0.14702312147528046,6749.322266
4378,547.19,0.19314538336168974,6749.560547
4379,547.315,0.22441883374505703,6749.82666
4380,547.439,0.2845685624418523,6749.441406
4381,547.565,0.30436414946523577,6750.06543
4382,547.689,0.2648232395097075,6749.203125
4383,547.814,0.21199014165080057,6749.619629
4384,547.94,0.12766221378188064,6749.947266
4385,548.064,0.01581619227138792,6749.887695
4386,548.189,-0.04622710059958306,6750.064941
4387,548.315,-0.07339885651378811,6750.125
4388,548.44,-0.02850480487390196,6750.631836
4389,548.565,0.04170723772223451,6750.480957
4390,548.69,0.1277681923854823,6751.105957
4391,548.814,0.17303078302561303,6751.285645
4392,548.939,0.2128602144035419,6750.510742
4393,549.065,0.22894711509004942,6750.749023
4394,549.189,0.2074205836052315,6751.134766
4395,549.314,0.19030513487530432,6751.433594
4396,549.44,0.2035521266702919,6751.908691
4397,549.565,0.21831940641493539,6750.62793
4398,549.689,0.22840101795724974,6750.71875
4399,549.814,0.2252235924178922,6749.112793
4400,549.94,0.21311122919882564,6748.311035
4401,550.064,0.17078802541356394,6747.45166
4402,550.189,0.14043920544062866,6748.04541
4403,550.314,0.12377877618176308,6746.560059
4404,550.44,0.10112424076565218,6747.659668
4405,550.564,0.09863744882488912,6747.304199
4406,550.69,0.0866707025753079,6747.867676
4407,550.814,0.028639442050108196,6746.797363
4408,550.939,-0.004191354521437864,6748.342285
4409,551.065,-0.07513974430373202,6748.043945
4410,551.189,-0.12057902470327211,6747.211914
4411,551.314,-0.1855176601826694,6747.77832
4412,551.439,-0.20658044591309055,6747.835938
4413,551.564,-0.24115270156646101,6746.799316
4414,551.689,-0.23064007696349584,6747.541016
4415,551.814,-0.22448854782494515,6746.589844
4416,551.939,-0.24538215975180347,6748.490234
4417,552.065,-0.28653839387157526,6747.392578
4418,552.189,-0.3453152504576265,6746.828125
4419,552.314,-0.44925999425702506,6748.04541
4420,552.439,-0.5456497794499824,6746.262695
4421,552.564,-0.6163733653406012,6748.253418
4422,552.689,-0.6427631679345931,6748.342773
4423,552.814,-0.5933689665283526,6748.847656
4424,552.939,-0.5232572571448919,6748.729004
4425,553.064,-0.4320781758770963,6748.432129
4426,553.189,-0.3462465833553888,6749.20459
4427,553.315,-0.28775860530806446,6749.740234
4428,553.439,-0.2624840540781147,6748.3125
4429,553.564,-0.2807107715172899,6747.09375
4430,553.69,-0.2984955194210301,6748.700195
4431,553.814,-0.3286494159504503,6747.98584
4432,553.939,-0.3335307363224325,6749.086426
4433,554.064,-0.3387696492821486,6747.717285
4434,554.189,-0.33957080318118,6748.552246
4435,554.314,-0.3330427508807747,6750.335449
4436,554.439,-0.3517249286132111,6749.532227
4437,554.564,-0.36969771481592856,6749.94873
4438,554.689,-0.3887342327139703,6749.441406
4439,554.814,-0.4092117390347326,6750.364258
4440,554.939,-0.39086798448656035,6749.711426
4441,555.064,-0.3522026460490414,6749.799805
4442,555.189,-0.30690792483796864,6750.482422
4443,555.314,-0.2510983070586331,6750.394043
4444,555.439,-0.20369168757322967,6750.722656
4445,555.564,-0.20958396535972498,6751.227051
4446,555.689,-0.2174337428651359,6750.245605
4447,555.814,-0.2554848721076416,6750.097168
4448,555.939,-0.29435386448345185,6749.234863
4449,556.064,-0.3353298860555162,6749.472656
4450,556.189,-0.3486391714219099,6748.043945
4451,556.314,-0.35080836706388213,6749.025391
4452,556.439,-0.35208346804409313,6749.233398
4453,556.564,-0.3604318238615376,6748.730957
4454,556.689,-0.33289484558532284,6749.206055
4455,556.814,-0.2835842396032375,6749.264648
4456,556.939,-0.22361016497336741,6750.186035
4457,557.064,-0.18047910299697215,6750.214844
4458,557.189,-0.15302756383681368,6750.124023
4459,557.314,-0.2151369015384498,6749.621094
4460,557.439,-0.3551282566552707,6750.15625
4461,557.564,-0.5192549118961002,6750.453125
4462,557.689,-0.6848259527266254,6750.125
4463,557.814,-0.8161213255957667,6750.42334
4464,557.939,-0.8007467324459161,6749.79834
4465,558.064,-0.6932080097424749,6749.441406
4466,558.189,-0.5462411053245495,6746.88623
4467,558.314,-0.3594926122965789,6748.04541
4468,558.439,-0.18395331040788387,6747.303223
4469,558.564,-0.08156716948301657,6748.520996
4470,558.689,-0.040324991373719046,6747.956543
4471,558.814,-0.00995709439567306,6748.90625
4472,558.939,-0.032367381581597195,6747.77832
4473,559.064,-0.03362493169699359,6748.520996
4474,559.189,-0.014357599729762088,6747.98584
4475,559.314,-0.024586033563734726,6748.492676
4476,559.439,-0.015857690740755003,6748.520508
4477,559.564,0.0006427505669055482,6748.760254
4478,559.689,0.018070447272197664,6748.253906
4479,559.814,0.03490663526388312,6748.075684
4480,559.939,0.023726040382119853,6747.540039
4481,560.064,0.018102928417293683,6748.432617
4482,560.189,0.024939065385813333,6748.490234
4483,560.314,0.02508881485918906,6747.746582
4484,560.439,0.05062491498022693,6748.461914
4485,560.564,0.09839133039028594,6749.264648
4486,560.689,0.10334907863708571,6748.90625
4487,560.814,0.13095256854541903,6748.283691
4488,560.939,0.11830753189112109,6748.61084
4489,561.064,0.13134447411506905,6748.430176
4490,561.189,0.14465698349630712,6748.254395
4491,561.313,0.11132804973281096,6748.254883
4492,561.439,0.11886630527843008,6747.450195
4493,561.564,0.0590216365188241,6748.521484
4494,561.688,-0.009940050108742793,6748.342285
4495,561.813,-0.06641336252669375,6747.480469
4496,561.939,-0.08329498718000897,6747.480957
4497,562.064,-0.08663114773774332,6746.738281
4498,562.188,-0.06093575495500265,6747.599121
4499,562.313,-0.04667447423234689,6747.42041
4500,562.439,-0.042107430928086935,6747.243164
4501,562.564,-0.11058330248175764,6746.678223
4502,562.689,-0.20659941080458322,6746.291504
4503,562.814,-0.2793613799234385,6746.054199
4504,562.938,-0.305082275451095,6747.241699
4505,563.064,-0.28074856999300957,6746.620605
4506,563.188,-0.1906243084132706,6746.382813
4507,563.313,-0.080439957521738,6745.609375
4508,563.438,0.020924528490210075,6745.579102
4509,563.563,0.08808476862316433,6746.5
4510,563.689,0.13186885685602057,6746.054199
4511,563.813,0.12092692567130443,6746.499023
4512,563.938,0.11600705577234419,6747.03418
4513,564.063,0.09203114256450293,6747.123535
4514,564.188,0.024068045100391542,6747.243652
4515,564.313,0.01540064922744052,6747.390625
4516,564.439,0.004219369522628967,6748.222168
4517,564.563,-0.0030389381089413574,6747.748535
4518,564.688,0.025167539455044744,6749.115234
4519,564.813,0.07908484879703064,6748.846191
4520,564.939,0.14860149850116128,6748.520508
4521,565.064,0.14930985635389749,6748.695801
4522,565.189,0.1688314701756112,6748.875
4523,565.313,0.12701060627552632,6749.203125
4524,565.439,0.07909665364248694,6749.20166
4525,565.564,0.03838212239201438,6749.647461
4526,565.688,0.011585622503526712,6747.447754
4527,565.813,0.011378772079681415,6745.66748
4528,565.939,-0.0018592260635452653,6745.133301
4529,566.064,0.02496064818512907,6745.044434
4530,566.188,0.04317130728156338,6744.984375
4531,566.313,0.04626615259935711,6746.231934
4532,566.439,0.06442403180064078,6745.341797
4533,566.564,0.06712578867774628,6745.311523
4534,566.688,0.05811411911831097,6744.74707
4535,566.813,0.08836515456153252,6745.550293
4536,566.939,0.11605254624223202,6745.638672
4537,567.063,0.13256487729167316,6745.697754
4538,567.189,0.17946743277801247,6745.847168
4539,567.313,0.19967266125932687,6745.044922
4540,567.438,0.16215613976541773,6745.875
4541,567.563,0.10070243689761375,6744.509766
4542,567.688,-0.006620187488081653,6745.429688
4543,567.814,-0.0932563838688183,6744.74707
4544,567.938,-0.1786887860324658,6744.806152
4545,568.063,-0.23083230553640316,6744.95459
4546,568.188,-0.19110460509374427,6745.222168
4547,568.314,-0.13940369553525014,6744.865234
4548,568.438,-0.07105264113620906,6745.606445
4549,568.564,-0.004295270306712085,6744.242676
4550,568.688,0.03213815697035499,6744.74707
4551,568.813,0.05206080860696725,6744.984863
4552,568.939,0.034560222844021306,6745.192383
4553,569.063,-0.0012546996649319137,6744.984863
4554,569.188,-0.0372201815424308,6745.014648
4555,569.313,-0.07345192636403605,6745.696777
4556,569.438,-0.09009694756332219,6744.894043
4557,569.563,-0.10007428324220423,6745.044434
4558,569.688,-0.047343337928423095,6745.371582
4559,569.813,-0.009851059021876255,6744.418945
4560,569.938,0.056154102703495405,6745.102539
4561,570.063,0.08565658915163245,6744.332031
4562,570.188,0.09143971551977417,6744.867188
4563,570.313,0.032524215056636045,6744.686523
4564,570.438,-0.05432945158989522,6744.894531
4565,570.563,-0.1434841581706796,6744.95459
4566,570.688,-0.21564735110941044,6745.072754
4567,570.813,-0.2561189305435299,6746.051758
4568,570.938,-0.22131359517496926,6742.34375
4569,571.063,-0.17374858399360596,6742.283691
4570,571.188,-0.11496290552285104,6741.571289
4571,571.313,-0.08714107882280955,6742.312988
4572,571.438,-0.08049944801033776,6740.858887
4573,571.564,-0.13579136075561815,6742.581055
4574,571.688,-0.20194104638904145,6741.511719
4575,571.813,-0.2544304139745224,6742.756836
4576,571.938,-0.31342437002444284,6742.016113
4577,572.063,-0.32515638709305916,6742.133301
4578,572.188,-0.30218611523082073,6742.400879
4579,572.313,-0.24993227786868982,6742.460938
4580,572.438,-0.22152819675851726,6742.907227
4581,572.564,-0.2137737696373771,6741.095703
4582,572.688,-0.293574640365392,6742.282715
4583,572.813,-0.3865039876781101,6741.48291
4584,572.938,-0.4873086137524428,6741.154785
4585,573.063,-0.5791404753914605,6741.925293
4586,573.188,-0.6170365643057131,6741.866699
4587,573.314,-0.5617096603177105,6742.104004
4588,573.438,-0.45071553420651334,6743.230957
4589,573.563,-0.3270104341987823,6742.786621
4590,573.688,-0.22297367975826082,6742.546875
4591,573.813,-0.1397758543597688,6742.191406
4592,573.938,-0.14219143454153102,6742.785645
4593,574.063,-0.14625805149813023,6740.770508
4594,574.188,-0.18371889580838682,6739.73291
4595,574.313,-0.21406776898504848,6739.912109
4596,574.438,-0.20466506163631065,6740.563477
4597,574.563,-0.19423262579925785,6741.157715
4598,574.688,-0.20722994977856232,6740.889648
4599,574.813,-0.20240840492835505,6741.659668
4600,574.938,-0.18405698331688197,6741.126465
4601,575.063,-0.1816589415726502,6741.275879
4602,575.188,-0.16886443328623474,6740.889648
4603,575.313,-0.16344017483759696,6741.305664
4604,575.438,-0.17195576250253664,6740.859863
4605,575.563,-0.15485108372251427,6741.067383
4606,575.688,-0.16506730027769814,6741.69043
4607,575.813,-0.17326331278583873,6741.188477
4608,575.938,-0.18653454266191705,6740.949707
4609,576.063,-0.213622939170259,6742.106934
4610,576.188,-0.21096108235993052,6742.136719
4611,576.313,-0.21153124153493866,6741.097656
4612,576.438,-0.17111702689370775,6741.570801
4613,576.563,-0.15405565307130276,6741.305664
4614,576.688,-0.12859138940620107,6741.571289
4615,576.813,-0.11986705899499654,6742.077148
4616,576.938,-0.11054914032272974,6741.660645
4617,577.063,-0.12106610740136034,6741.840332
4618,577.188,-0.14236991646118607,6743.353027
4619,577.313,-0.20960170060814004,6742.077148
4620,577.438,-0.2393099180719091,6741.659668
4621,577.563,-0.278634151125554,6743.112305
4622,577.687,-0.3173062316674013,6741.839844
4623,577.812,-0.3587118710162066,6741.450684
4624,577.938,-0.3696757241719436,6740.62207
4625,578.063,-0.3464441913455161,6740.502441
4626,578.188,-0.33070725066366485,6740.82959
4627,578.313,-0.27444862052578384,6741.21582
4628,578.438,-0.21318287518159323,6741.541016
4629,578.562,-0.10988509965608025,6743.14209
4630,578.688,-0.01985163146179061,6742.729004
4631,578.812,0.02190622748228164,6743.380371
4632,578.937,0.047349330176899254,6744.598145
4633,579.062,0.08605073571174776,6742.995605
4634,579.187,0.05255160644676784,6743.707031
4635,579.313,0.059024220497744334,6742.965332
4636,579.438,0.08762679679449654,6743.708008
4637,579.563,0.11217569539628593,6744.328613
4638,579.688,0.146433149373958,6744.034668
4639,579.812,0.19411038355057697,6744.923828
4640,579.938,0.23307577600476376,6745.192871
4641,580.063,0.22249979580101553,6744.598145
4642,580.187,0.24618201452840868,6745.072754
4643,580.312,0.22070597949498005,6744.655762
4644,580.438,0.184718057264679,6744.894531
4645,580.563,0.1562007709414462,6745.310059
4646,580.687,0.1581791783765874,6745.041992
4647,580.812,0.16284573930479815,6744.982422
4648,580.937,0.1783700916556487,6745.368652
4649,581.063,0.23066708380697049,6745.310059
4650,581.187,0.2617313186631368,6744.776367
4651,581.312,0.29196133187123463,6745.042969
4652,581.438,0.2808882474121918,6745.25
4653,581.563,0.28888547206030746,6745.041992
4654,581.688,0.25756816208630157,6745.397949
4655,581.812,0.22691973669473145,6746.40625
4656,581.938,0.2539555744450001,6745.843262
4657,582.063,0.3304212573607073,6745.871094
4658,582.187,0.3905408001929358,6746.285645
4659,582.313,0.4688344754126388,6747.205566
4660,582.437,0.4638415795646172,6747.680176
4661,582.562,0.4530951460239508,6747.207031
4662,582.687,0.38965733705498046,6745.279785
4663,582.812,0.3429857487363079,6745.515625
4664,582.938,0.30901170841248377,6744.747559
4665,583.063,0.2882460887613955,6745.697754
4666,583.187,0.2963559454217911,6745.81543
4667,583.312,0.33131518379283537,6744.864746
4668,583.437,0.328227263953966,6744.865723
4669,583.562,0.36414834476537683,6745.339844
4670,583.688,0.3845554536229873,6745.637695
4671,583.812,0.40348129688502404,6745.369629
4672,583.937,0.4134001168669041,6745.279785
4673,584.062,0.4221525516349308,6747.181152
4674,584.187,0.42028678568533084,6745.845703
4675,584.312,0.4015024491031874,6745.845703
4676,584.437,0.3933075292004407,6745.398926
4677,584.562,0.3787062343904677,6745.369629
4678,584.687,0.34863726649213833,6745.875488
4679,584.812,0.35789424603799164,6745.905762
4680,584.937,0.36155268900334697,6745.63623
4681,585.062,0.3739263903432055,6745.428223
4682,585.187,0.3847383121410069,6745.219727
4683,585.312,0.3996570933860626,6745.724609
4684,585.437,0.4031388902982537,6745.250977
4685,585.562,0.4456593800399317,6744.714355
4686,585.688,0.476494250225532,6745.220703
4687,585.812,0.5156763726745607,6744.476074
4688,585.937,0.5169925677743393,6745.250977
4689,586.062,0.5035866031199887,6745.159668
4690,586.187,0.4730890258153512,6745.013672
4691,586.312,0.4163601615299759,6744.476563
4692,586.437,0.39242995832027233,6745.159668
4693,586.562,0.39299290491251054,6744.981445
4694,586.687,0.3815713336734379,6745.19043
4695,586.812,0.3969841445579266,6745.250977
4696,586.937,0.3950859688464833,6745.546875
4697,587.062,0.3877369574425474,6744.506348
4698,587.187,0.3757501108368884,6744.745117
4699,587.312,0.33459761799385346,6744.952148
4700,587.437,0.30647968858011354,6744.68457
4701,587.562,0.28256160856220786,6745.128418
4702,587.687,0.29141350988494064,6745.396973
4703,587.812,0.2920357087352563,6745.128418
4704,587.937,0.33450090635960167,6744.446289
4705,588.062,0.35695228052304073,6744.031738
4706,588.187,0.38447363015227304,6744.416504
4707,588.312,0.42477736285604256,6744.149414
4708,588.437,0.42040961858165915,6744.416016
4709,588.562,0.42045867640629725,6744.446289
4710,588.687,0.4058270995600838,6744.178711
4711,588.813,0.3819195935908215,6744.891113
4712,588.937,0.3792660534699529,6744.654785
4713,589.062,0.3706445459810607,6743.644043
4714,589.187,0.4279619726081825,6743.76123
4715,589.312,0.4349125612838456,6742.427734
4716,589.437,0.4476694351632628,6743.614258
4717,589.562,0.4586013288494735,6744.235352
4718,589.687,0.4559784811558433,6743.820313
4719,589.812,0.4261330077897312,6742.57373
4720,589.937,0.385522298453686,6741.891602
4721,590.062,0.34951981087404455,6740.115234
4722,590.187,0.31570512764175684,6740.678223
4723,590.312,0.3115729248142808,6740.82666
4724,590.437,0.3108564374598123,6739.55127
4725,590.562,0.3205691841293513,6740.261719
4726,590.687,0.35264814644829395,6740.529785
4727,590.812,0.342067168944472,6739.431152
4728,590.937,0.30831204195055134,6739.878906
4729,591.062,0.2682808870430047,6739.550781
4730,591.187,0.20027097391336188,6739.047363
4731,591.312,0.11967661503870522,6739.314941
4732,591.437,0.061944302898307775,6739.848633
4733,591.562,0.07684648798341702,6740.82666
4734,591.687,0.10603488846855391,6739.373535
4735,591.812,0.15138749295650034,6740.115234
4736,591.937,0.23137121961002213,6739.87793
4737,592.062,0.288163490286032,6740.293457
4738,592.187,0.2841443584695676,6739.788574
4739,592.312,0.3008644986541557,6740.708008
4740,592.437,0.24577348017660275,6741.184082
4741,592.562,0.19275049513085005,6740.737793
4742,592.687,0.15586341995028347,6740.767578
4743,592.812,0.13364087333787583,6740.322754
4744,592.936,0.12027125742154766,6740.142578
4745,593.062,0.13733718639783268,6740.352051
4746,593.186,0.17436194438761804,6740.143066
4747,593.312,0.20995589140831936,6740.084473
4748,593.437,0.20915897320700427,6739.994141
4749,593.562,0.2285344499467389,6740.23291
4750,593.686,0.20077863608147253,6740.293457
4751,593.812,0.15446343258539338,6740.17334
4752,593.936,0.10089524978308632,6740.263672
4753,594.061,0.08778039855079713,6739.995605
4754,594.187,0.09362424489901927,6739.818848
4755,594.311,0.11779456927365023,6739.55127
4756,594.437,0.1072033429848427,6740.470215
4757,594.562,0.11451385226534612,6739.756836
4758,594.687,0.08519289930975706,6739.996094
4759,594.812,0.04072987821157401,6739.93457
4760,594.937,0.0123841248748981,6739.698242
4761,595.063,-0.00736922292516836,6740.943359
4762,595.187,-0.029989288925710997,6739.964844
4763,595.311,-0.03175099448901238,6739.193848
4764,595.437,-0.028111418958436996,6739.697266
4765,595.561,0.01689852690028169,6739.875977
4766,595.686,0.059548964857441,6739.609375
4767,595.812,0.09279310519956946,6739.729492
4768,595.936,0.15054066084955836,6739.165039
4769,596.062,0.14346437944717538,6738.926758
4770,596.186,0.12219687396866055,6739.637695
4771,596.311,0.08440808508730953,6738.926758
4772,596.437,0.03346714358725098,6740.083008
4773,596.561,0.023122609311528326,6740.083008
4774,596.686,0.017299299267572874,6739.904785
4775,596.812,0.03370340198104247,6739.875977
4776,596.937,0.061491459918475315,6740.40918
4777,597.062,0.06519920117871288,6739.489258
4778,597.187,0.06664335376073585,6739.520508
4779,597.311,0.02780956755458219,6739.935059
4780,597.436,0.0004322191108317191,6739.491211
4781,597.562,-0.04082139382395181,6738.896973
4782,597.686,-0.07825978495775733,6739.606934
4783,597.812,-0.09100978636262459,6740.053711
4784,597.936,-0.15412276291901342,6740.020996
4785,598.061,-0.20122692181737292,6740.617188
4786,598.186,-0.2778329481111506,6740.40625
4787,598.311,-0.33636081250782773,6741.212402
4788,598.437,-0.37233129424731526,6740.703613
4789,598.561,-0.4001673552906812,6740.230469
4790,598.686,-0.3985793570971002,6741.682617
4791,598.811,-0.3846900529181758,6741.268555
4792,598.936,-0.38507834842918887,6740.701172
4793,599.061,-0.3530142085804327,6741.355469
4794,599.186,-0.3251420418280808,6741.233398
4795,599.312,-0.32916068431771484,6741.086914
4796,599.436,-0.36375729597558126,6741.532227
4797,599.562,-0.44750009740407454,6740.876465
4798,599.686,-0.5738482098279478,6739.159668
4799,599.811,-0.7686788520397301,6739.160156
4800,599.936,-0.8926962832279594,6738.480469
4801,600.061,-0.974399213007174,6738.15625
4802,600.186,-0.8610285965123895,6738.244141
4803,600.311,-0.6610250734565492,6739.194336
4804,600.437,-0.45021647070081555,6737.62207
4805,600.561,-0.22691461729634269,6737.801758
4806,600.686,-0.07307561201083117,6737.473633
4807,600.811,0.004855490040300868,6737.504395
4808,600.936,0.04983281404960302,6736.739258
4809,601.061,0.03174669254226989,6736.708008
4810,601.187,-0.006173864090590352,6735.432617
4811,601.311,-0.07768929271676671,6736.76709
4812,601.436,-0.14045717062357074,6736.233398
4813,601.561,-0.18289760491638624,6736.14209
4814,601.686,-0.212486492104013,6736.470703
4815,601.811,-0.226349900793013,6736.263184
4816,601.936,-0.160879046488888,6737.357422
4817,602.061,-0.12361507802437026,6735.640625
4818,602.186,-0.04534503942328196,6736.915039
4819,602.311,0.022995686247647362,6737.594727
4820,602.436,0.021359286227930086,6736.914063
4821,602.561,9.752840538879902e-05,6736.707031
4822,602.686,-0.025732703338848622,6737.38916
4823,602.811,-0.08532512933007605,6737.770996
4824,602.936,-0.13083894896276518,6737.388672
4825,603.061,-0.15810482544853577,6737.120117
4826,603.186,-0.15383237710802491,6736.915039
4827,603.311,-0.1116575679351978,6736.026367
4828,603.436,-0.06970897494773186,6736.885254
4829,603.561,-0.03887366541007838,6735.99707
4830,603.686,0.0018862382818011913,6736.17334
4831,603.811,0.04107616640280717,6737.000488
4832,603.936,0.0625320356768317,6737.29834
4833,604.061,0.09501897191937693,6737.031738
4834,604.186,0.11424683590138954,6736.974121
4835,604.311,0.11049514497272701,6737.060059
4836,604.436,0.06909353373127824,6736.762695
4837,604.561,-0.018634918342131084,6736.794434
4838,604.686,-0.1635190355728877,6736.855957
4839,604.811,-0.33802102192706707,6736.794434
4840,604.936,-0.490144516007398,6736.497559
4841,605.061,-0.6239999439760454,6736.735352
4842,605.187,-0.6435981716971475,6736.733398
4843,605.311,-0.5886878440271478,6736.379395
4844,605.436,-0.5057703003886259,6736.022949
4845,605.561,-0.3728588523908116,6736.290039
4846,605.686,-0.23822836876185186,6736.144043
4847,605.811,-0.147790291338556,6735.907227
4848,605.936,-0.06833104667716457,6735.166992
4849,606.061,-0.027567456182565363,6735.814941
4850,606.186,-0.000598808824484477,6736.496094
4851,606.311,0.006288762501493592,6736.733398
4852,606.436,-0.0015767570984419872,6736.053223
4853,606.561,-0.025127084319420005,6735.696289
4854,606.686,-0.04870863367598213,6736.34668
4855,606.811,-0.07717090676277212,6736.320801
4856,606.936,-0.059452076387646914,6735.37207
4857,607.061,-0.03145355804743689,6735.90332
4858,607.186,0.00036656697766381115,6735.695801
4859,607.311,0.05937219691693636,6736.168945
4860,607.436,0.061455378601516675,6735.282227
4861,607.561,0.06152911749157325,6736.199707
4862,607.686,0.03133034613159504,6735.696289
4863,607.811,0.008910282675083172,6734.747559
4864,607.936,-0.0005183899951453101,6735.367676
4865,608.061,-0.0017025967598949087,6736.789551
4866,608.186,0.014100829547924618,6736.375488
4867,608.311,0.021693004769720345,6736.644043
4868,608.435,0.0563485285911165,6737.234863
4869,608.561,0.06807413268689151,6737.264648
4870,608.686,0.0806978967107006,6737.379395
4871,608.811,0.050049803985900185,6736.699707
4872,608.936,0.03743464338596953,6734.744629
4873,609.06,0.038586910955870315,6734.834961
4874,609.186,0.06500172849425483,6734.895508
4875,609.311,0.12398933902836234,6734.18457
4876,609.436,0.2009846102891624,6734.659668
4877,609.56,0.2136443577780374,6734.541992
4878,609.686,0.21188194771012994,6733.680664
4879,609.81,0.11489162878597531,6735.103027
4880,609.936,-0.019504114838201116,6735.191895
4881,610.061,-0.2036387344435084,6734.18457
4882,610.185,-0.343371063262476,6735.162598
4883,610.31,-0.4299570891799897,6734.955078
4884,610.435,-0.4020663347421593,6735.192383
4885,610.561,-0.2649197303609554,6734.451172
4886,610.686,-0.12953192932631705,6734.599121
4887,610.811,0.05378083868158057,6735.398926
4888,610.936,0.19895424285772664,6735.308105
4889,611.061,0.232011484283834,6735.101563
4890,611.185,0.24952185748997446,6735.071289
4891,611.311,0.23087873593570657,6734.718262
4892,611.436,0.19789560314337803,6735.369629
4893,611.56,0.1691129184915577,6734.955566
4894,611.686,0.13531314959852983,6735.696289
4895,611.81,0.07636079547275423,6736.615234
4896,611.936,0.024730245371364697,6735.963379
4897,612.06,-0.03529517502656233,6735.696777
4898,612.185,-0.07636344507557676,6735.342773
4899,612.311,-0.05787465342131383,6735.634766
4900,612.435,-0.028538973168278157,6735.666016
4901,612.56,0.026875710408052502,6735.962402
4902,612.686,0.13678527047919947,6735.490234
4903,612.81,0.21568089832501297,6735.933105
4904,612.936,0.24137022559983798,6735.812988
4905,613.061,0.24372717048425033,6736.316406
4906,613.185,0.17594658981775468,6735.132813
4907,613.31,0.11694359401506188,6735.575195
4908,613.436,0.0339693509536378,6734.866211
4909,613.56,-0.015533792461774222,6734.568359
4910,613.686,-0.0014733470652933316,6734.245605
4911,613.81,0.0462192396228163,6735.041992
4912,613.936,0.09976281139828531,6734.925293
4913,614.061,0.1847812781351425,6735.308594
4914,614.185,0.2339805564439393,6734.45166
4915,614.31,0.29480254037738834,6735.132813
4916,614.435,0.33451223412795217,6734.924805
4917,614.56,0.3538780182697223,6734.628418
4918,614.686,0.3364963256767703,6734.095215
4919,614.81,0.31398291097908887,6734.597656
4920,614.935,0.2914522322739619,6734.865723
4921,615.061,0.2551757713977431,6735.163574
4922,615.185,0.22309451848731243,6734.984863
4923,615.31,0.20559630710844606,6735.248535
4924,615.435,0.21185844578495497,6735.100586
4925,615.56,0.2579950959212074,6734.894531
4926,615.685,0.29254346561321015,6734.598145
4927,615.811,0.3649252591092241,6735.30957
4928,615.935,0.4233171186460758,6734.539063
4929,616.061,0.4460216511939279,6734.864258
4930,616.185,0.41374123301228116,6734.805176
4931,616.31,0.3524127394959208,6735.338379
4932,616.435,0.22671728205645167,6735.071777
4933,616.56,0.12854005938645052,6735.575195
4934,616.685,0.05333889788575614,6735.483887
4935,616.81,0.037254033658715206,6735.75293
4936,616.935,0.05462331496898453,6735.515625
4937,617.061,0.11352873924481462,6736.194824
4938,617.185,0.16962089475264333,6736.312012
4939,617.311,0.19227808019894727,6737.732422
4940,617.436,0.17192675208913272,6736.907227
4941,617.56,0.13636188468372976,6736.67041
4942,617.685,0.12166403641343207,6737.143066
4943,617.811,0.10246263698139904,6738.267578
4944,617.935,0.13350702008705845,6737.824219
4945,618.061,0.1641926551950864,6738.236816
4946,618.185,0.1923060833561152,6736.783691
4947,618.31,0.20011676351260188,6737.112793
4948,618.436,0.16964615708261302,6736.311523
4949,618.56,0.126471788364486,6735.690918
4950,618.685,0.1150449270862326,6734.416992
4951,618.81,0.11455441773544175,6735.279297
4952,618.935,0.17727493576349312,6735.515625
4953,619.06,0.24115278819152447,6735.278809
4954,619.186,0.32649580212207996,6735.424805
4955,619.31,0.35344736479004135,6735.308594
4956,619.435,0.382654348727668,6735.394043
4957,619.56,0.36282301101672754,6735.869141
4958,619.685,0.33646209147727546,6736.07959
4959,619.81,0.30606903650241657,6735.842285
4960,619.935,0.3068797400359554,6735.187988
4961,620.06,0.3151723131885623,6735.010254
4962,620.185,0.321717030404813,6735.187988
4963,620.31,0.36436613329096396,6736.492188
4964,620.435,0.40318227934689493,6737.853027
4965,620.56,0.42586722120610004,6738.181641
4966,620.685,0.4349070477175772,6737.349121
4967,620.81,0.45745697837809235,6737.648438
4968,620.935,0.47985564636538697,6736.668945
4969,621.06,0.4623998054741338,6738.328125
4970,621.185,0.45710290937403564,6737.853027
4971,621.31,0.3920455891875949,6738.327148
4972,621.435,0.29815914724233483,6737.944336
4973,621.56,0.20737184073267118,6737.677734
4974,621.685,0.10866736167712576,6738.122559
4975,621.81,0.11407703765035612,6737.234863
4976,621.935,0.18152095846609798,6738.418457
4977,622.06,0.278871305278116,6739.039063
4978,622.185,0.38119502027324514,6738.772949
4979,622.31,0.43414034270290525,6738.922852
4980,622.435,0.4736286160247003,6739.453125
4981,622.56,0.4682580094660599,6739.604492
4982,622.685,0.45930699883431286,6739.367676
4983,622.81,0.46148254776372954,6738.388184
4984,622.934,0.4650861916814286,6739.071289
4985,623.06,0.48248274031796645,6738.771484
4986,623.185,0.5168436527935565,6738.535645
4987,623.31,0.5066577421519838,6738.862793
4988,623.435,0.4826234923149893,6738.534668
4989,623.56,0.466460711324936,6738.030762
4990,623.684,0.43516334636020704,6739.659668
4991,623.81,0.40248233203549616,6738.978027
4992,623.935,0.4293928752502732,6739.038086
4993,624.059,0.451767554983966,6739.186035
4994,624.185,0.43926365871343526,6739.719727
4995,624.31,0.40998354334236525,6739.659668
4996,624.435,0.41140721099536975,6738.978027
4997,624.56,0.3967614420858325,6739.780762
4998,624.685,0.41121981985430184,6739.926758
4999,624.809,0.4437286002358319,6739.452637
5000,624.936,0.500689782492515,6739.514648
5001,625.06,0.5502830355189886,6738.857422
5002,625.185,0.5906460751014357,6739.008789
5003,625.309,0.6117536999595001,6739.421875
5004,625.434,0.6040339959142312,6738.947754
5005,625.56,0.591295242326777,6739.214844
5006,625.684,0.5706374200194367,6738.919434
5007,625.809,0.5578721644475189,6737.793457
5008,625.934,0.5928763021285683,6739.246582
5009,626.06,0.6559784420679142,6738.089844
5010,626.185,0.6858682971195221,6738.978516
5011,626.309,0.7175062714004337,6739.155762
5012,626.434,0.6800224266537157,6739.568848
5013,626.56,0.5963769552331152,6739.661133
5014,626.684,0.5274577169306282,6739.927734
5015,626.81,0.4424910179239739,6739.597656
5016,626.934,0.39501512704919095,6739.776855
5017,627.06,0.37547484323026414,6739.777832
5018,627.185,0.41374330610612436,6737.582031
5019,627.309,0.4265664290051628,6737.582031
5020,627.434,0.45147872065307487,6737.319336
5021,627.56,0.48049336718858227,6736.195313
5022,627.684,0.493099637573359,6737.229004
5023,627.81,0.5135062342773744,6736.668457
5024,627.935,0.5551830824764977,6736.431641
5025,628.06,0.5894633018839965,6736.493652
5026,628.185,0.6101887459870319,6736.84668
5027,628.309,0.6043468652840043,6736.639648
5028,628.434,0.6075106953118125,6736.402832
5029,628.56,0.6183906534617273,6736.104492
5030,628.684,0.6114785180382801,6735.98877
5031,628.81,0.6519331889155431,6736.845703
5032,628.934,0.6949477378225719,6736.876465
5033,629.059,0.7229432456816309,6736.196289
5034,629.184,0.7208562389504837,6736.165527
5035,629.309,0.7054441759469685,6736.875488
5036,629.434,0.616721709292803,6735.898926
5037,629.56,0.5578344534429948,6736.074707
5038,629.684,0.5157946934668878,6736.196289
5039,629.81,0.5097543974916781,6735.750977
5040,629.935,0.5245851395062695,6736.845215
5041,630.059,0.5645590935871367,6736.07373
5042,630.184,0.5977125684733858,6735.776367
5043,630.309,0.6241778271321354,6735.867188
5044,630.434,0.6238235842200763,6735.750977
5045,630.56,0.6223486289171474,6735.363281
5046,630.684,0.6299489056897404,6735.958496
5047,630.81,0.622568671190463,6735.630371
5048,630.935,0.6163551542874389,6734.88916
5049,631.059,0.6130468809862417,6734.326172
5050,631.184,0.5737128370412716,6735.067871
5051,631.309,0.5810320537632463,6734.862305
5052,631.434,0.5612578802563747,6735.424805
5053,631.56,0.5386277171931577,6734.533203
5054,631.684,0.4953851378871039,6735.42041
5055,631.809,0.42221052354187516,6733.738281
5056,631.934,0.3886403440913792,6733.645996
5057,632.059,0.34284178465838294,6733.882813
5058,632.184,0.32696797105726116,6733.884277
5059,632.309,0.3513677920037909,6733.945313
5060,632.434,0.40079042754758576,6733.882813
5061,632.559,0.4638147827354706,6734.624512
5062,632.684,0.49828320917893254,6733.913574
5063,632.809,0.5125525670014279,6733.558105
5064,632.934,0.49728302109268474,6733.825195
5065,633.059,0.4795418649140744,6733.73877
5066,633.184,0.4472225317955757,6734.209961
5067,633.309,0.4494762153321862,6734.416992
5068,633.434,0.4675145126361212,6734.980957
5069,633.56,0.48296098365534906,6734.296875
5070,633.684,0.5012926016715512,6734.507324
5071,633.809,0.4655344740973415,6734.180664
5072,633.934,0.39254166390899,6734.713867
5073,634.059,0.30185818382043283,6733.944336
5074,634.184,0.2543989996468788,6734.210449
5075,634.309,0.22435863522169905,6733.29248
5076,634.434,0.22305190397536054,6733.621582
5077,634.559,0.26691898789019103,6733.561035
5078,634.685,0.3074020679183582,6733.293945
5079,634.809,0.35050818935302197,6732.555176
5080,634.934,0.30805789755874363,6732.821289
5081,635.059,0.29666861703309094,6732.99707
5082,635.184,0.2243592252871986,6732.288086
5083,635.309,0.16212911750829992,6732.583984
5084,635.434,0.10214652018898944,6733.32373
5085,635.559,0.07137432627833654,6732.706055
5086,635.684,0.0825658604028061,6733.208008
5087,635.809,0.07948730555227305,6731.553223
5088,635.934,-0.015966446700952666,6733.000977
5089,636.059,-0.0402523700907699,6731.019043
5090,636.184,-0.08364494662854462,6730.813965
5091,636.309,-0.04117904591335016,6731.138672
5092,636.434,0.06347459261967549,6729.750977
5093,636.559,0.09804713044464909,6729.987305
5094,636.684,0.1393201681275291,6729.782715
5095,636.809,0.021033072462014826,6729.488281
5096,636.934,-0.21088581286105978,6729.813477
5097,637.059,-0.36165878258748596,6729.899902
5098,637.184,-0.49206076004355037,6729.574707
5099,637.309,-0.43360262673524624,6729.990723
5100,637.434,-0.2559880341411827,6729.870605
5101,637.559,-0.0934780675989826,6729.813477
5102,637.684,0.0796610794399908,6729.546387
5103,637.809,0.14189790226607604,6729.693848
5104,637.934,0.20197298476886147,6728.984375
5105,638.059,0.20749080914497411,6729.577637
5106,638.184,0.20075401037444057,6729.311523
5107,638.309,0.14491703576842835,6729.637695
5108,638.434,0.0997635106913896,6729.578613
5109,638.559,0.07642551049331549,6728.632324
5110,638.684,0.043122438690629046,6728.217773
5111,638.809,0.020484952011065687,6729.460938
5112,638.933,0.05153583672432343,6728.072754
5113,639.059,0.021437127318989606,6727.927246
5114,639.184,0.007685335802143814,6728.928711
5115,639.309,-0.0072129311253639385,6728.782715
5116,639.434,-0.045721517981888705,6728.368652
5117,639.559,-0.03452583333920277,6728.162109
5118,639.684,-0.0031488788634747994,6727.453613
5119,639.809,0.03774322161386446,6728.751953
5120,639.934,0.06891682364038372,6729.314941
5121,640.059,0.07870373142103607,6728.871094
5122,640.184,0.08135573795941789,6729.225098
5123,640.309,0.05895674403008216,6729.138672
5124,640.433,0.03321862821296445,6729.017578
5125,640.559,-0.034085209447303956,6728.132813
5126,640.684,-0.013748268075980018,6729.344727
5127,640.809,-0.02055836097734821,6729.875977
5128,640.934,-0.05944315874097926,6729.520996
5129,641.059,-0.11652060884251392,6728.605957
5130,641.184,-0.13199066286779818,6729.67041
5131,641.309,-0.15425909452080414,6729.669922
5132,641.433,-0.1559780493192118,6728.338867
5133,641.559,-0.1766861210077576,6727.868652
5134,641.684,-0.19360616683115345,6727.307129
5135,641.808,-0.21026269083649196,6727.631836
5136,641.934,-0.30314552837737296,6727.604004
5137,642.059,-0.4044641988707292,6728.016113
5138,642.184,-0.46960633595316076,6728.844727
5139,642.309,-0.5027606619125603,6727.868652
5140,642.434,-0.43831022565629274,6727.780273
5141,642.559,-0.3064933409846996,6728.489746
5142,642.683,-0.20671084064386921,6728.842773
5143,642.808,-0.07321448269340926,6728.134277
5144,642.933,-0.021503394246292207,6730.11377
5145,643.059,-0.031013118306611458,6728.783691
5146,643.183,-0.04490810136027033,6727.98584
5147,643.308,-0.07801020779348047,6728.753906
5148,643.433,-0.09832614763618575,6729.198242
5149,643.559,-0.1200327974115247,6728.637207
5150,643.684,-0.12028323975204884,6728.930664
5151,643.808,-0.12539544841204306,6730.349609
5152,643.934,-0.1339830336936777,6729.166016
5153,644.059,-0.17419404557488768,6729.344727
5154,644.183,-0.15151904260658397,6729.344727
5155,644.308,-0.19450968438424326,6728.278809
5156,644.433,-0.20231411509138494,6729.07666
5157,644.558,-0.19190131307011676,6729.195313
5158,644.684,-0.22826621973495317,6730.021973
5159,644.808,-0.27039193519705507,6729.875
5160,644.933,-0.3300080960294362,6730.4375
5161,645.058,-0.3788758005707041,6729.55127
5162,645.183,-0.47328658457491807,6730.791504
5163,645.308,-0.4998382073012905,6730.083496
5164,645.433,-0.5032552259958398,6730.586426
5165,645.558,-0.43370871828943797,6729.580566
5166,645.683,-0.363418470331667,6729.995117
5167,645.808,-0.2943358239783225,6728.78125
5168,645.933,-0.25681017026088654,6727.216797
5169,646.058,-0.23357622413529058,6726.066406
5170,646.183,-0.24632851254667162,6726.301758
5171,646.308,-0.26451652563309297,6727.306152
5172,646.434,-0.32010030679429735,6728.165039
5173,646.558,-0.34442675545200035,6727.248535
5174,646.684,-0.37787069136014767,6726.983398
5175,646.808,-0.3811392348615992,6727.159668
5176,646.933,-0.3955717028017293,6727.276367
5177,647.058,-0.40914116473730994,6728.135742
5178,647.183,-0.4097092460279147,6728.016113
5179,647.308,-0.4192020016487789,6727.013184
5180,647.434,-0.4036015004379196,6726.922852
5181,647.558,-0.35528304610988176,6727.810547
5182,647.683,-0.2945036692564015,6727.335449
5183,647.808,-0.20328498033209183,6726.748535
5184,647.933,-0.12986024270321464,6727.722168
5185,648.058,-0.049123632944070135,6727.544434
5186,648.183,-0.024409370468873103,6727.514648
5187,648.308,-0.05575571097327674,6727.571289
5188,648.433,-0.07915457908037993,6728.076172
5189,648.558,-0.15878608704588534,6728.371582
5190,648.683,-0.18654228956892147,6727.101074
5191,648.808,-0.21992457708309615,6726.864746
5192,648.933,-0.23402662328291082,6727.308594
5193,649.059,-0.17158556742007813,6727.988281
5194,649.183,-0.121269083948403,6726.776855
5195,649.308,-0.05515622668195433,6726.954102
5196,649.433,0.04237841159801541,6726.540039
5197,649.558,0.08687794057179855,6726.807129
5198,649.683,0.11486092478249231,6727.129883
5199,649.808,0.09320275116135089,6726.806641
5200,649.933,0.04554937328341472,6725.300293
5201,650.059,-0.00277460481724855,6724.150879
5202,650.184,-0.05315340807075492,6723.736816
5203,650.308,-0.04454275240013667,6724.149902
5204,650.433,-0.021777123570860295,6725.06543
5205,650.558,0.03456062016157836,6723.648438
5206,650.683,0.09300784035347459,6723.883789
5207,650.808,0.15787052441900942,6725.831055
5208,650.933,0.1832727436932113,6725.743164
5209,651.059,0.20461843174765904,6725.565918
5210,651.183,0.17853254799639418,6725.654297
5211,651.308,0.17560334940798047,6724.948242
5212,651.433,0.14735013668849678,6725.063965
5213,651.558,0.12518265532325554,6725.979004
5214,651.683,0.13602548702456616,6726.007813
5215,651.808,0.12974587286163694,6726.450684
5216,651.933,0.16246858744124204,6726.21582
5217,652.058,0.1583288802869053,6725.890137
5218,652.183,0.16561866796032865,6727.808594
5219,652.308,0.1735701313156539,6728.163086
5220,652.433,0.16865305141819417,6726.361328
5221,652.558,0.16674888535074864,6727.009766
5222,652.683,0.15141340283110716,6726.656738
5223,652.808,0.13572631999439166,6726.92334
5224,652.933,0.07774825176820682,6725.742676
5225,653.058,0.04709298122899001,6725.652832
5226,653.183,0.030847233472643842,6724.059082
5227,653.308,0.01285755538778654,6723.588379
5228,653.433,0.03618040734985732,6722.499512
5229,653.558,0.044641010599064695,6721.584961
5230,653.683,0.05319600432505126,6721.466797
5231,653.808,0.06387183146822971,6721.524414
5232,653.933,0.0818764063458487,6722.115723
5233,654.058,0.025988225461800695,6721.643555
5234,654.183,0.005391360937505959,6721.112793
5235,654.308,0.025874158161265478,6722.20459
5236,654.433,0.00404098758431071,6722.26416
5237,654.558,0.03941693816637558,6721.702637
5238,654.683,0.032184787766458486,6722.587891
5239,654.808,0.05838412035775239,6721.288574
5240,654.932,0.05955455657718719,6722.116211
5241,655.058,0.04229115855479459,6722.529297
5242,655.183,0.016545880706159758,6721.408203
5243,655.308,-0.011613342473932892,6721.790039
5244,655.433,-0.0264637612151071,6722.29248
5245,655.558,-0.03847964438992808,6721.4375
5246,655.683,-0.016299030295914268,6721.584473
5247,655.808,-0.011883737684940606,6721.259766
5248,655.932,0.027492987472322473,6720.875977
5249,656.058,0.0436011039605957,6721.171387
5250,656.183,0.02843335542534977,6720.905762
5251,656.307,-0.01560421274331275,6721.201172
5252,656.433,-0.04128751406368493,6721.171387
5253,656.558,-0.053168132682746345,6721.317871
5254,656.683,-0.022606211285289054,6721.554199
5255,656.808,0.04156451398279337,6721.288574
5256,656.932,0.11149874557919512,6721.583984
5257,657.058,0.18086522456378384,6722.203125
5258,657.183,0.2187530973720485,6721.791016
5259,657.308,0.17478984453201876,6722.086426
5260,657.433,0.12036502129909026,6722.616699
5261,657.558,0.07642639198020505,6721.437012
5262,657.683,0.024108020600487404,6721.61377
5263,657.808,-0.0034780901908046764,6721.407715
5264,657.932,-0.03521488311664797,6721.405762
5265,658.058,-0.028771393545850187,6721.288574
5266,658.183,-0.05924381760255768,6720.757324
5267,658.308,-0.0881321949661329,6721.318848
5268,658.433,-0.10931433088272083,6721.054199
5269,658.558,-0.17631107477694924,6720.848145
5270,658.682,-0.1934063851234929,6720.786621
5271,658.808,-0.22053941988458023,6720.551758
5272,658.933,-0.23674623545322399,6720.522949
5273,659.058,-0.2588898296981073,6721.171387
5274,659.182,-0.24090516855420502,6721.021973
5275,659.307,-0.2334024684042229,6721.112305
5276,659.433,-0.23547459004517846,6720.992676
5277,659.558,-0.2483247426796575,6721.290039
5278,659.682,-0.2712224664173417,6720.994141
5279,659.807,-0.32649695140718704,6721.465332
5280,659.932,-0.3755066051010606,6721.762695
5281,660.058,-0.44489537260320255,6722.14209
5282,660.183,-0.49503174467651706,6722.438477
5283,660.308,-0.5039495161333161,6723.381836
5284,660.432,-0.42389200395217325,6723.646973
5285,660.558,-0.38101247847775077,6723.116211
5286,660.682,-0.27728093234758966,6723.55957
5287,660.807,-0.2102751972098822,6723.79541
5288,660.932,-0.13956993626517147,6724.974609
5289,661.057,-0.09575498181701751,6723.233398
5290,661.183,-0.07450647094450438,6723.79541
5291,661.308,-0.0694694736155032,6724.916992
5292,661.432,-0.07726242077822004,6723.913086
5293,661.558,-0.09239812100487038,6724.030273
5294,661.682,-0.11030372949606264,6724.327148
5295,661.807,-0.12347258122582783,6725.477051
5296,661.933,-0.09481053875119869,6725.066406
5297,662.057,-0.05603803739083845,6725.772949
5298,662.183,-0.013343927058578993,6726.156738
5299,662.307,0.03209941095014221,6726.065918
5300,662.433,0.05680001061328812,6725.534668
5301,662.558,0.028100568590808325,6725.477051
5302,662.682,0.0054143745374564956,6725.623535
5303,662.808,-0.056177708409545814,6725.533203
5304,662.932,-0.10328366695186911,6726.212891
5305,663.057,-0.10734129111153558,6725.890137
5306,663.182,-0.1080555452474461,6725.563477
5307,663.307,-0.10224139185845169,6724.82666
5308,663.433,-0.07863488003211923,6723.499023
5309,663.558,-0.05594363061041186,6722.203613
5310,663.682,-0.027950834952992862,6722.291016
5311,663.807,-0.004218107104965733,6722.645508
5312,663.932,0.01900676265030343,6722.645508
5313,664.057,0.03655073409326842,6722.528809
5314,664.182,0.03982081809493824,6723.084961
5315,664.307,0.021950744858055572,6722.853027
5316,664.433,-0.03263812803584768,6722.881836
5317,664.557,-0.094075470141741,6722.202148
5318,664.682,-0.18312272148591868,6722.349609
5319,664.807,-0.2688698028162009,6722.674805
5320,664.932,-0.3713454946013429,6722.907715
5321,665.057,-0.44483319994942017,6723.026855
5322,665.182,-0.5047704193703801,6722.911133
5323,665.307,-0.5139653921700928,6722.14502
5324,665.432,-0.48486677594318095,6722.438965
5325,665.557,-0.4363314982372449,6722.645508
5326,665.682,-0.3792220606695206,6721.84668
5327,665.807,-0.3277321342368172,6723.323242
5328,665.932,-0.3111428936112893,6722.996582
5329,666.057,-0.32663045775499705,6722.760254
5330,666.182,-0.33651280031018593,6721.375
5331,666.307,-0.3707989534536618,6721.847656
5332,666.432,-0.37423298795881854,6722.790527
5333,666.557,-0.3290712886305221,6722.556152
5334,666.683,-0.30744816249189566,6723.704102
5335,666.809,-0.305335212602586,6723.499512
5336,666.932,-0.2953592856557707,6723.26416
5337,667.057,-0.3472356104587517,6722.437012
5338,667.183,-0.41183090967525554,6722.671387
5339,667.307,-0.460565297103613,6722.46582
5340,667.432,-0.4486081699612688,6722.350098
5341,667.557,-0.4365277695614747,6723.441406
5342,667.682,-0.37444324361773623,6722.407715
5343,667.808,-0.2791397190701228,6722.376953
5344,667.932,-0.1773911166561747,6722.17041
5345,668.057,-0.11488859633820588,6723.233398
5346,668.182,-0.08278411480072474,6723.44043
5347,668.307,-0.015077113769099175,6723.174805
5348,668.432,-0.05105357936205154,6723.97168
5349,668.557,-0.1037381348536964,6722.876953
5350,668.682,-0.24571794102946903,6723.615234
5351,668.807,-0.543623909590102,6723.057617
5352,668.932,-0.9291776588346223,6723.585449
5353,669.057,-1.3006448768836711,6722.762207
5354,669.182,-1.5039144305282794,6724.000977
5355,669.307,-1.3860619038791022,6723.765625
5356,669.432,-1.1208393602036917,6723.852539
5357,669.557,-0.8313059913407277,6725.061523
5358,669.682,-0.5938127811624502,6724.529297
5359,669.807,-0.5364430806201078,6724.322754
5360,669.932,-0.5648534445862815,6723.439941
5361,670.057,-0.5861933869311252,6722.937012
5362,670.182,-0.6171560141804349,6722.64209
5363,670.307,-0.6115361678105926,6724.118652
5364,670.432,-0.578696941946679,6723.853027
5365,670.557,-0.5398809312189642,6723.881836
5366,670.682,-0.5018267044840689,6724.146973
5367,670.807,-0.4689546654157135,6723.438965
5368,670.932,-0.4446119393659704,6723.791504
5369,671.057,-0.4303227686489707,6724.233398
5370,671.182,-0.429281020330527,6724.439453
5371,671.307,-0.4308109636781306,6725.237793
5372,671.432,-0.44483233847348136,6724.14502
5373,671.557,-0.4492872367522406,6724.706543
5374,671.682,-0.48265600528321834,6724.440918
5375,671.806,-0.4933464043262815,6724.352051
5376,671.932,-0.5001029513752239,6724.145996
5377,672.057,-0.4974271844985272,6723.496582
5378,672.182,-0.48832979363976897,6723.435547
5379,672.307,-0.5034388214228089,6720.224609
5380,672.432,-0.528047733719222,6721.021973
5381,672.556,-0.5531485120202727,6721.226563
5382,672.682,-0.6483337040806035,6720.874023
5383,672.806,-0.6835125063463551,6720.343262
5384,672.931,-0.6655666628941846,6720.580078
5385,673.057,-0.6474325852833962,6720.57959
5386,673.182,-0.5668165544359466,6719.695801
5387,673.307,-0.4766927435993546,6720.28418
5388,673.432,-0.4482833631489799,6720.81543
5389,673.557,-0.4509375290748694,6719.872559
5390,673.681,-0.5540365749416535,6718.724121
5391,673.807,-0.7520308529552436,6719.01709
5392,673.932,-0.9453064174009393,6719.430176
5393,674.057,-1.1336596988467174,6718.959473
5394,674.181,-1.2054117615444018,6719.430176
5395,674.307,-1.1716766886848657,6720.431152
5396,674.432,-1.026662208940006,6718.989258
5397,674.557,-0.8605999684454239,6719.372559
5398,674.681,-0.7288617119752584,6719.224121
5399,674.807,-0.6285062484636976,6719.725586
5400,674.932,-0.5643872113461139,6719.28418
5401,675.057,-0.5515520516756109,6719.84375
5402,675.181,-0.5655640295633921,6720.021484
5403,675.306,-0.5652658261566089,6719.314941
5404,675.432,-0.5131851815997147,6720.166992
5405,675.557,-0.49123525645996524,6718.841797
5406,675.682,-0.4690009279522028,6720.080566
5407,675.806,-0.41480896628536923,6720.434082
5408,675.931,-0.42084845022219247,6720.226563
5409,676.057,-0.40388490437093166,6718.841309
5410,676.181,-0.42806999548407015,6719.726074
5411,676.307,-0.44505723066040304,6719.284668
5412,676.431,-0.4532056841966117,6719.786133
5413,676.556,-0.4671750450567818,6719.04834
5414,676.681,-0.49254329826930987,6719.28418
5415,676.806,-0.522057016110939,6718.782227
5416,676.933,-0.5482747248919353,6719.814941
5417,677.057,-0.5416873788085654,6719.634766
5418,677.181,-0.540804461438854,6718.400879
5419,677.306,-0.542843654789832,6719.520508
5420,677.432,-0.5126109133983476,6718.606934
5421,677.557,-0.4699996512113995,6719.755371
5422,677.681,-0.4535062395932613,6719.224609
5423,677.806,-0.4086282759315896,6719.254395
5424,677.931,-0.3733421546080013,6719.253906
5425,678.057,-0.34762030963027357,6719.430664
5426,678.181,-0.32698497383381897,6718.958008
5427,678.306,-0.299199518579129,6719.341309
5428,678.432,-0.28499695149975085,6719.900879
5429,678.557,-0.27956095425644356,6718.782227
5430,678.682,-0.24692239698666818,6720.226563
5431,678.807,-0.26336445881930154,6719.930664
5432,678.932,-0.28050746930732107,6720.106445
5433,679.057,-0.3228052405577846,6719.813965
5434,679.181,-0.36361623216044364,6720.607422
5435,679.307,-0.4385925003373714,6720.669434
5436,679.432,-0.45665227567535305,6720.166992
5437,679.556,-0.455520006277904,6719.518555
5438,679.682,-0.41552343081967974,6720.372559
5439,679.806,-0.35976950499724314,6720.845703
5440,679.932,-0.29643768812061894,6720.639648
5441,680.056,-0.260430007418033,6720.16748
5442,680.181,-0.26453293876171385,6720.462891
5443,680.306,-0.3056739497195912,6720.55127
5444,680.431,-0.383763043704883,6721.316406
5445,680.556,-0.44114754005250406,6721.081055
5446,680.681,-0.4910015510473742,6720.814941
5447,680.807,-0.5081005950946493,6720.519531
5448,680.931,-0.5189188593344035,6717.929688
5449,681.056,-0.46723371779224443,6716.956055
5450,681.181,-0.4465170270975572,6717.163574
5451,681.307,-0.42921527545857446,6719.253906
5452,681.431,-0.4185606184254578,6719.754883
5453,681.556,-0.39618473429661166,6719.137695
5454,681.681,-0.40230847900320166,6719.785645
5455,681.806,-0.3806917343631727,6719.638672
5456,681.932,-0.35291927709859394,6719.34375
5457,682.056,-0.29798468942671885,6719.489746
5458,682.181,-0.289285275528247,6719.28418
5459,682.306,-0.24071411983792382,6718.902832
5460,682.431,-0.22289037002055642,6719.519531
5461,682.556,-0.2473735667950359,6720.02002
5462,682.681,-0.27033795940431316,6719.844727
5463,682.806,-0.32806550104414667,6719.166016
5464,682.931,-0.3386679151269653,6718.841309
5465,683.056,-0.3361248263473227,6720.611328
5466,683.181,-0.32042704526950916,6720.110352
5467,683.307,-0.23811127456244394,6719.726563
5468,683.431,-0.21897494664404918,6719.638184
5469,683.556,-0.13343955216620193,6719.548828
5470,683.681,-0.14826056079778901,6718.931641
5471,683.806,-0.13840545402183874,6719.607422
5472,683.931,-0.1525767674544311,6720.551758
5473,684.056,-0.14063342291317163,6720.374512
5474,684.181,-0.1709532342317017,6719.343262
5475,684.307,-0.1791922725972689,6719.253906
5476,684.431,-0.20607712585672608,6718.783203
5477,684.556,-0.2365103176746303,6718.725586
5478,684.681,-0.25062849406884974,6719.63916
5479,684.806,-0.2236038049983647,6720.640137
5480,684.931,-0.2136307274548428,6718.694824
5481,685.056,-0.17252075056011143,6719.197266
5482,685.181,-0.14444563439217895,6718.63623
5483,685.306,-0.15751475142398325,6720.108887
5484,685.431,-0.2288095219714132,6719.490723
5485,685.556,-0.3028426116050137,6719.959961
5486,685.682,-0.35208068237499096,6720.578125
5487,685.806,-0.4070720180620596,6719.933105
5488,685.931,-0.4002258140836486,6720.609375
5489,686.056,-0.3423224342076586,6720.107422
5490,686.181,-0.2327752638105933,6720.196777
5491,686.306,-0.1605449035019163,6718.901855
5492,686.431,-0.13156986452231417,6719.873047
5493,686.556,-0.10160702998587164,6718.253906
5494,686.681,-0.12172462752355807,6719.168457
5495,686.805,-0.21250437257744023,6719.550781
5496,686.93,-0.210430651925584,6719.40332
5497,687.055,-0.2354037867115501,6719.580078
5498,687.181,-0.18640845979345252,6720.875488
5499,687.306,-0.19408640651109973,6720.198242
5500,687.432,-0.14086789600815197,6720.109375
5501,687.556,-0.11526420445135212,6721.318848
5502,687.682,-0.018714120880196812,6720.667969
5503,687.806,0.06450922615144579,6720.019043
5504,687.931,0.14817895437036527,6721.023438
5505,688.056,0.19214350819776127,6720.166016
5506,688.181,0.21839287128755955,6720.580078
5507,688.306,0.2245824906957363,6721.140137
5508,688.431,0.16804178741245376,6721.583008
5509,688.556,0.10144076020928645,6721.552246
5510,688.681,0.04540761316784099,6720.609375
5511,688.805,0.05621601640461923,6720.609375
5512,688.93,0.06325513797482109,6720.05127
5513,689.055,0.095068141763025,6720.05127
5514,689.181,0.15010126179008973,6719.019531
5515,689.305,0.15186705615997667,6719.166992
5516,689.431,0.1326759537430097,6719.196777
5517,689.556,0.10449342199216206,6719.491699
5518,689.681,0.07750853075363924,6719.786621
5519,689.805,0.061001671749537,6719.695801
5520,689.931,0.1122494905750154,6719.492676
5521,690.056,0.12083781030901902,6719.403809
5522,690.181,0.13186605997880269,6719.257324
5523,690.305,0.09628088072553195,6718.959473
5524,690.431,-0.03484386258266816,6718.932129
5525,690.556,-0.20324500880916355,6719.491699
5526,690.68,-0.28987448925621084,6719.195801
5527,690.806,-0.36175063677204056,6719.462402
5528,690.931,-0.3761477160692306,6718.549316
5529,691.055,-0.26591729334270997,6719.195801
5530,691.181,-0.1366010871422749,6719.432129
5531,691.305,-0.005905344328171803,6719.049316
5532,691.431,0.09239728189273559,6719.166504
5533,691.555,0.16426886713982328,6718.991699
5534,691.68,0.16906460320213,6717.871094
5535,691.805,0.17741323919603552,6717.870117
5536,691.931,0.17026080140673813,6717.577148
5537,692.055,0.15865568523648899,6718.548828
5538,692.181,0.1918936005728196,6717.607422
5539,692.306,0.22938757786762712,6717.341309
5540,692.431,0.2626503538806264,6718.460449
5541,692.556,0.25976032942484145,6718.135742
5542,692.68,0.2571211222385347,6718.458496
5543,692.806,0.24023838883181725,6717.958496
5544,692.93,0.19879232055523635,6718.046875
5545,693.055,0.170813342930289,6718.84082
5546,693.18,0.1521036545503989,6718.549316
5547,693.305,0.18066842267626043,6717.840332
5548,693.43,0.20868830737180064,6718.283203
5549,693.556,0.23687385053422158,6717.928711
5550,693.68,0.2667075321494391,6717.928711
5551,693.806,0.2552155867817097,6717.899902
5552,693.931,0.17744691869573373,6717.252441
5553,694.055,0.0513756770522123,6717.487305
5554,694.181,-0.043978213652532,6717.575195
5555,694.305,-0.1430961489371837,6718.429688
5556,694.43,-0.1254192214552568,6718.697754
5557,694.555,-0.036443085260955035,6719.63916
5558,694.68,0.07046363081437415,6718.723145
5559,694.805,0.20178142668104077,6718.341309
5560,694.93,0.2737685000836401,6718.34082
5561,695.055,0.3330696819802112,6718.251953
5562,695.18,0.3192547351473442,6718.782227
5563,695.306,0.2771569888200848,6718.224121
5564,695.43,0.219824014646261,6718.370117
5565,695.555,0.11903139722013079,6717.57373
5566,695.68,0.06535191117374964,6717.54541
5567,695.805,-8.26311411933565e-05,6719.225098
5568,695.93,-0.004944233601184703,6718.250977
5569,696.055,-0.010496496225419056,6720.34375
5570,696.18,0.03002922254180135,6718.928711
5571,696.305,0.13487480444255667,6719.254395
5572,696.43,0.2038320662964055,6719.63623
5573,696.555,0.26397031664707776,6720.608887
5574,696.68,0.31017269498650807,6716.191406
5575,696.805,0.38740854494800253,6715.045898
5576,696.93,0.40079644382245827,6713.692383
5577,697.055,0.4086990588596058,6713.752441
5578,697.18,0.4283150266782352,6713.455078
5579,697.305,0.4278817506129529,6713.397461
5580,697.43,0.36909859375692927,6714.808594
5581,697.555,0.3264459178729744,6713.69043
5582,697.681,0.2835592350242754,6714.367188
5583,697.805,0.2648409065989556,6715.368164
5584,697.93,0.24722517323704554,6714.986328
5585,698.055,0.24726674450512015,6715.425293
5586,698.18,0.23615577956348963,6715.427246
5587,698.305,0.20099741517363925,6715.574707
5588,698.43,0.15406241103053225,6716.250488
5589,698.555,0.1002466746531117,6714.868652
5590,698.68,0.05503883372607804,6715.516602
5591,698.805,0.060716465444640016,6714.074219
5592,698.93,0.03937573652993674,6714.014648
5593,699.055,0.0677349145037446,6714.602051
5594,699.18,0.06603604622765036,6715.07373
5595,699.305,0.07009012379689267,6715.573242
5596,699.43,0.05094921814433721,6714.369629
5597,699.555,0.026063047846166646,6714.395996
5598,699.68,0.03283568928074083,6716.015625
5599,699.805,0.03256971018450848,6715.310059
5600,699.93,0.01849855445791508,6715.604492
5601,700.055,-0.01752553069348775,6715.543457
5602,700.18,-0.015425200522118872,6715.927246
5603,700.305,0.026498538724357357,6715.516113
5604,700.43,0.048950256807313755,6716.250977
5605,700.555,0.059050481109233215,6716.987305
5606,700.68,-0.03050725066446729,6717.663086
5607,700.805,-0.23773014199879938,6717.604492
5608,700.93,-0.4841682179894435,6718.312988
5609,701.055,-0.6936533179663296,6718.106445
5610,701.18,-0.7805256456835526,6717.958496
5611,701.305,-0.625856017301428,6718.075684
5612,701.43,-0.3939449648481642,6717.692871
5613,701.555,-0.11527517445911085,6717.869629
5614,701.68,0.047086005049072184,6717.133301
5615,701.805,0.07314635050001367,6717.399414
5616,701.93,0.049302705394617674,6717.369141
5617,702.055,-0.05365346302791209,6718.10498
5618,702.18,-0.10412726568459939,6717.722168
5619,702.305,-0.038725584052898714,6717.839844
5620,702.43,-0.061192692072133,6718.458984
5621,702.555,-0.06263046204136498,6718.370605
5622,702.68,-0.06652266665434613,6718.872559
5623,702.805,-0.10662119677907458,6718.8125
5624,702.93,-0.12414673123067504,6719.047363
5625,703.055,-0.12216294263227895,6720.226074
5626,703.18,-0.1274156922947009,6718.75293
5627,703.305,-0.06497407829700008,6719.726563
5628,703.429,-0.034444164829046185,6718.460449
5629,703.555,0.01987829724687879,6718.841797
5630,703.68,-0.015596498393578854,6718.431641
5631,703.805,-0.05224313317340844,6718.606934
5632,703.929,-0.09202491412311278,6719.078613
5633,704.055,-0.16173402921464752,6719.108398
5634,704.18,-0.18460979722400353,6719.784668
5635,704.305,-0.23385415445746602,6720.050781
5636,704.43,-0.23916699126767893,6720.521973
5637,704.555,-0.25373098635812363,6720.758301
5638,704.68,-0.2826404692995126,6720.581055
5639,704.804,-0.3385470196984211,6720.492676
5640,704.929,-0.3844563985738705,6719.28418
5641,705.055,-0.4306988533423023,6720.256348
5642,705.18,-0.46455012141388274,6720.580566
5643,705.305,-0.47732545848056157,6720.963867
5644,705.429,-0.49987557733936283,6721.081055
5645,705.555,-0.5494009825470727,6719.339355
5646,705.68,-0.5778274056378635,6720.257324
5647,705.804,-0.6715083077416051,6717.724121
5648,705.93,-0.797607987411137,6718.165039
5649,706.055,-0.9003022542562767,6717.987793
5650,706.179,-0.9853134784453055,6717.25293
5651,706.305,-1.039106395501363,6717.518066
5652,706.429,-1.0234124453738185,6718.489746
5653,706.554,-0.9584285277921377,6717.811523
5654,706.68,-0.8963417490408933,6719.549316
5655,706.804,-0.8143522038197295,6718.399902
5656,706.93,-0.7659437687159053,6718.606934
5657,707.054,-0.7644857464975836,6720.522949
5658,707.179,-0.7958168547963431,6720.314941
5659,707.305,-0.8570488187309554,6719.3125
5660,707.43,-0.8863790657091767,6719.374023
5661,707.555,-0.9032313242590625,6719.461914
5662,707.68,-0.9156193671679381,6718.872559
5663,707.804,-0.845915475039444,6718.962402
5664,707.93,-0.7928588035261999,6719.493164
5665,708.054,-0.7159040886018394,6718.372559
5666,708.179,-0.6558704427448268,6718.106934
5667,708.305,-0.5931762912011613,6719.374512
5668,708.429,-0.5738488939776292,6718.550293
5669,708.554,-0.5377179582718391,6717.72168
5670,708.679,-0.5506210490427406,6718.34375
5671,708.804,-0.5165228852800271,6717.724121
5672,708.93,-0.5289296156207156,6717.871582
5673,709.055,-0.5073985289030928,6717.10498
5674,709.179,-0.5179869819935456,6717.577148
5675,709.304,-0.5386410834636324,6717.399902
5676,709.429,-0.5379355999177894,6717.076172
5677,709.554,-0.5457788585873299,6716.399902
5678,709.68,-0.5106522949465854,6715.30957
5679,709.805,-0.46886355808308533,6715.868652
5680,709.93,-0.4229170991288687,6715.985352
5681,710.055,-0.3677549194834324,6715.808594
5682,710.179,-0.31343343338956475,6715.603516
5683,710.305,-0.2638375248930585,6715.750488
5684,710.429,-0.23148261954276753,6716.250488
5685,710.554,-0.20194224475803071,6716.691895
5686,710.679,-0.20466654023631747,6716.396484
5687,710.804,-0.2403815821984097,6716.22168
5688,710.93,-0.31809106570852697,6716.398926
5689,711.054,-0.41669539425207186,6716.84082
5690,711.179,-0.5073510765561273,6715.808594
5691,711.304,-0.5654410744059768,6716.30957
5692,711.43,-0.5602101091626014,6716.310059
5693,711.554,-0.49656096494129337,6716.370117
5694,711.68,-0.42954915053632925,6715.719238
5695,711.805,-0.3552204647052705,6716.311523
5696,711.929,-0.2961017237044498,6716.221191
5697,712.055,-0.30191991060237067,6716.693359
5698,712.179,-0.30427081192896205,6716.280273
5699,712.304,-0.3395813650199044,6716.544434
5700,712.429,-0.3425622859987564,6716.013672
5701,712.554,-0.3219142543234842,6716.308594
5702,712.679,-0.2788085423110027,6716.57373
5703,712.804,-0.2048089932041876,6717.839355
5704,712.929,-0.1740189217432884,6716.160156
5705,713.054,-0.16699688507845326,6717.397949
5706,713.179,-0.19657100924591975,6718.251953
5707,713.304,-0.20921823601856782,6718.223145
5708,713.429,-0.262315603145378,6717.572266
5709,713.554,-0.2819022003540319,6717.01416
5710,713.679,-0.2645233193225023,6716.484863
5711,713.804,-0.2552931374314232,6714.395996
5712,713.929,-0.22879661733507278,6713.573242
5713,714.054,-0.20629597376439746,6714.456055
5714,714.18,-0.1945683982107241,6714.043945
5715,714.304,-0.21546261852486853,6714.985352
5716,714.429,-0.24584794995222153,6714.219238
5717,714.554,-0.2783119988958944,6713.720703
5718,714.679,-0.3161814796071,6714.014648
5719,714.804,-0.32722057658009635,6713.338867
5720,714.929,-0.33047434331346487,6714.575195
5721,715.054,-0.3096990498292888,6713.838867
5722,715.179,-0.28175605660467545,6715.132813
5723,715.304,-0.25384418174244483,6713.722656
5724,715.429,-0.22762645434422463,6714.721191
5725,715.554,-0.19317961674439568,6713.897949
5726,715.679,-0.18797789669688766,6714.338867
5727,715.804,-0.18165011515885487,6714.896973
5728,715.929,-0.17766521671834656,6713.574707
5729,716.054,-0.13860018868165674,6713.839355
5730,716.179,-0.12849324308601423,6715.399414
5731,716.304,-0.07471320122349491,6714.192383
5732,716.429,-0.031267288428027576,6714.868652
5733,716.554,-0.03149693540322832,6714.750488
5734,716.679,-0.041888867922139215,6715.397949
5735,716.804,-0.04831777087223295,6715.19043
5736,716.929,-0.08210064929461192,6715.046387
5737,717.054,-0.0835437936711617,6714.546387
5738,717.179,-0.06274486069019135,6715.751953
5739,717.304,-0.017544829303720103,6716.193359
5740,717.429,0.014837284147599996,6715.250977
5741,717.554,0.0792661776102749,6715.516602
5742,717.679,0.08514827653096985,6715.28125
5743,717.804,0.09650257957538065,6715.752441
5744,717.929,0.09596856092145678,6715.516602
5745,718.054,0.09574503975231267,6716.28125
5746,718.179,0.08231561934987777,6715.78125
5747,718.304,0.07274317386754187,6716.25293
5748,718.429,0.04241295628198478,6715.488281
5749,718.554,0.04794888460935393,6715.368652
5750,718.679,0.03624144857212692,6714.956055
5751,718.804,0.031489240403334,6715.487305
5752,718.929,0.012254888708190637,6715.516113
5753,719.054,-0.052378165281190575,6714.957031
5754,719.179,-0.09491253322875702,6715.016602
5755,719.304,-0.15289320314214574,6715.544434
5756,719.429,-0.15864490682578972,6715.457031
5757,719.554,-0.15305695279975345,6715.631348
5758,719.679,-0.11990375930295093,6716.280762
5759,719.804,-0.09505942346399303,6716.367676
5760,719.928,-0.0782188181841882,6716.488281
5761,720.054,-0.0687292549406363,6716.397949
5762,720.179,-0.050070772220975356,6716.870605
5763,720.303,-0.060594669914669184,6716.489258
5764,720.429,-0.006586733985702142,6716.546875
5765,720.554,0.06567273940440109,6716.781738
5766,720.679,0.1727337250889177,6716.337891
5767,720.803,0.17940500633882372,6716.456055
5768,720.928,0.18327934499982618,6717.34082
5769,721.054,0.13728655101135329,6716.516113
5770,721.179,0.06460363423023807,6716.750977
5771,721.303,-0.027390636229792403,6717.577148
5772,721.428,-0.09022204452455554,6715.870117
5773,721.554,-0.10622340374072922,6716.220215
5774,721.679,-0.11037924027900199,6716.72168
5775,721.804,-0.06769492490541726,6715.516113
5776,721.929,-0.014427465708297149,6714.98584
5777,722.054,0.013699856501503554,6713.80957
5778,722.179,0.024371306759579138,6712.457031
5779,722.303,0.0019909069977629814,6713.28125
5780,722.429,0.008390879214563262,6713.488281
5781,722.553,0.0142162358951921,6713.663086
5782,722.678,0.007225215087394068,6713.898438
5783,722.803,0.06514576007876552,6713.988281
5784,722.928,0.1182913301434672,6712.986816
5785,723.054,0.1267684929709071,6712.692871
5786,723.178,0.1412332098321165,6713.192871
5787,723.303,0.12065742964022297,6713.222168
5788,723.428,0.08167194653329114,6712.928711
5789,723.554,0.013615928489365001,6712.898926
5790,723.679,-0.0380917536327512,6713.104492
5791,723.803,-0.08643905998549167,6713.339355
5792,723.928,-0.09918874386785463,6714.222656
5793,724.053,-0.06998492411515765,6712.869141
5794,724.179,0.013963916117080742,6714.015625
5795,724.303,0.08137286013237383,6713.105469
5796,724.429,0.13536058087272682,6712.605957
5797,724.553,0.18269929195272125,6712.604492
5798,724.678,0.18817278766416226,6712.811035
5799,724.804,0.14937015870256662,6713.075195
5800,724.929,0.11257351122131061,6711.958008
5801,725.053,0.08220272245068373,6711.870605
5802,725.178,0.0635347757579106,6712.252441
5803,725.303,0.047964399848670985,6712.693848
5804,725.428,0.06743409590389156,6712.605469
5805,725.553,0.06767147444065683,6712.692871
5806,725.678,0.06607125033250369,6711.192871
5807,725.803,0.045259496573252046,6712.723145
5808,725.928,0.04470057960736901,6712.633301
5809,726.053,0.0387169040002787,6712.664063
5810,726.178,0.01963419981376413,6713.104492
5811,726.303,0.023961303082297446,6712.516113
5812,726.429,0.0202501057722394,6712.51709
5813,726.553,0.016297074910716806,6710.694336
5814,726.678,0.0021243431100166333,6709.166992
5815,726.803,-0.033101847010557385,6709.430664
5816,726.928,-0.03549715969238075,6710.781738
5817,727.053,-0.05067411747306231,6711.928223
5818,727.178,-0.04021201641248363,6711.633301
5819,727.303,0.0047957173052119014,6712.135254
5820,727.429,0.07379888234375596,6711.868652
5821,727.553,0.1304438695231012,6711.664551
5822,727.678,0.15312663125749426,6711.135742
5823,727.803,0.14370833266445623,6712.310059
5824,727.928,0.11539853334663562,6711.488281
5825,728.053,0.07129382444568026,6710.253906
5826,728.179,0.02492906987390084,6709.10791
5827,728.303,0.002756549087671118,6708.63623
5828,728.428,-0.01566480678625948,6707.697266
5829,728.553,-0.054655426626432586,6707.727539
5830,728.678,-0.06144435644844992,6707.461914
5831,728.803,-0.07985725560293505,6707.668457
5832,728.928,-0.06605421814977308,6707.814941
5833,729.053,-0.08643640651098547,6705.73291
5834,729.178,-0.10128591721317394,6706.436035
5835,729.303,-0.09412159466680875,6707.492188
5836,729.429,-0.07395177746419852,6707.463379
5837,729.553,-0.0588451238229464,6707.19873
5838,729.678,-0.016899006472566726,6708.197266
5839,729.803,0.023683472626424694,6707.344238
5840,729.928,0.048651696825030046,6707.493652
5841,730.053,0.03196036602330683,6707.13916
5842,730.178,0.008886618236569822,6707.227539
5843,730.303,-0.01291645697063575,6705.76123
5844,730.428,-0.0932430416604394,6707.258301
5845,730.553,-0.10466534171785502,6706.788574
5846,730.678,-0.10574546829038443,6707.432617
5847,730.804,-0.08918103197388717,6706.22998
5848,730.928,-0.06969912624350989,6706.817871
5849,731.053,-0.05150706302695466,6706.053711
5850,731.178,-0.02096222555412871,6706.728516
5851,731.303,-0.02887666605497581,6707.228027
5852,731.428,-0.023566929976462366,6706.61084
5853,731.553,-0.0296654595832217,6707.433105
5854,731.678,-0.04009296440817082,6707.021973
5855,731.804,-0.03075966687060102,6706.552246
5856,731.928,-0.020719570512761635,6706.729004
5857,732.053,-0.044849133910871496,6707.493164
5858,732.179,-0.04155339708448451,6707.256348
5859,732.303,-0.03882974991520792,6707.492188
5860,732.428,-0.08456606943961383,6706.523926
5861,732.553,-0.16720095490401918,6706.553711
5862,732.678,-0.2836857818342083,6706.171387
5863,732.803,-0.40697002708514673,6706.200684
5864,732.928,-0.5731018408971963,6706.435547
5865,733.053,-0.6852881886360656,6705.849121
5866,733.178,-0.7760859826975154,6706.230957
5867,733.303,-0.7257897991196044,6706.024414
5868,733.428,-0.6364274520425911,6705.232422
5869,733.553,-0.47892283411538017,6706.347168
5870,733.678,-0.31906400944687485,6706.229492
5871,733.803,-0.24061722321501006,6706.729004
5872,733.928,-0.18592318951447942,6705.056641
5873,734.053,-0.1435320239218994,6704.762695
5874,734.178,-0.1393465444631239,6705.964844
5875,734.303,-0.1073090997074773,6704.880371
5876,734.427,-0.07275838609225485,6706.054688
5877,734.553,-0.015606132650661856,6704.263672
5878,734.678,0.02604569187665159,6705.671387
5879,734.803,0.08440475238204721,6705.671875
5880,734.928,0.11782519242005242,6704.410156
5881,735.053,0.13375445797193253,6703.913086
5882,735.178,0.10954432835586327,6704.908691
5883,735.303,0.09706001087918563,6704.411133
5884,735.428,0.06048589285679379,6704.908691
5885,735.553,-0.001303513086162402,6705.671875
5886,735.678,-0.06268971500719915,6705.584473
5887,735.802,-0.1495685285875389,6705.556641
5888,735.928,-0.225879769272744,6705.61377
5889,736.053,-0.3261763709588493,6704.615723
5890,736.178,-0.3409836636383707,6704.910645
5891,736.303,-0.3225615855767612,6704.117188
5892,736.427,-0.2865899210177989,6704.853027
5893,736.553,-0.18777740094767822,6705.731934
5894,736.677,-0.1333869107352796,6703.620117
5895,736.802,-0.10400161518339998,6706.172363
5896,736.927,-0.12816325547959875,6706.316406
5897,737.053,-0.1462310785274667,6705.907715
5898,737.178,-0.20212423870246823,6706.112305
5899,737.303,-0.1746471142286254,6705.437988
5900,737.427,-0.11721433113033919,6705.4375
5901,737.552,-0.07677510187715332,6703.646973
5902,737.677,-0.04349289791407939,6702.592773
5903,737.802,-0.10130862285443726,6701.711914
5904,737.927,-0.2807997200947027,6702.210938
5905,738.053,-0.3703499343493159,6702.445801
5906,738.177,-0.4713043813055723,6703.264648
5907,738.302,-0.46611597111086167,6702.621582
5908,738.428,-0.3254969257560914,6702.62207
5909,738.553,-0.15222325948720125,6701.683105
5910,738.677,0.07974356562754585,6702.211914
5911,738.802,0.2558140121187195,6702.563477
5912,738.928,0.3208387757203369,6702.827148
5913,739.053,0.3530705434460308,6702.38623
5914,739.178,0.3003848850394333,6702.533691
5915,739.303,0.26286939344554194,6702.15332
5916,739.427,0.22059538222208364,6702.680664
5917,739.552,0.18412258215185612,6702.123535
5918,739.677,0.1884193289217467,6702.211426
5919,739.802,0.18970361024234705,6703.060547
5920,739.928,0.20206100509341682,6702.797852
5921,740.053,0.21961895456764507,6703.355469
5922,740.177,0.26419430682424566,6703.589355
5923,740.302,0.3079793959639917,6703.206543
5924,740.428,0.35549328605709285,6702.914551
5925,740.552,0.3802788011000998,6703.529785
5926,740.677,0.39494540584962956,6702.737793
5927,740.802,0.40682378659545115,6703.618652
5928,740.927,0.40047014771833667,6704.410156
5929,741.052,0.3891736278566348,6705.614746
5930,741.177,0.39083993568937814,6706.317383
5931,741.303,0.39299455226048763,6707.110352
5932,741.427,0.4210042339200797,6707.020996
5933,741.552,0.4331743204779919,6705.641113
5934,741.677,0.43637504831718604,6704.878418
5935,741.803,0.4098955835887678,6706.229492
5936,741.928,0.3926213718860476,6705.64209
5937,742.053,0.3684164151116134,6705.436035
5938,742.177,0.3246492649833223,6705.818359
5939,742.303,0.3383622024709872,6706.112305
5940,742.428,0.34555802580518097,6706.112305
5941,742.552,0.3900440973125738,6705.554688
5942,742.678,0.36581931976659043,6705.379395
5943,742.802,0.3120096381150448,6704.99707
5944,742.928,0.2271903204757897,6703.997559
5945,743.052,0.0977097729109066,6704.967773
5946,743.177,-0.041639804622602895,6704.438477
5947,743.302,-0.11270792291100164,6704.263184
5948,743.427,-0.15426354760206576,6704.204102
5949,743.552,-0.08623071514680762,6704.204102
5950,743.677,0.03335739266252363,6704.320313
5951,743.802,0.1613751419203686,6704.321777
5952,743.927,0.30252655795706174,6704.000488
5953,744.052,0.40494578189034997,6703.499512
5954,744.177,0.5150912870313852,6705.201172
5955,744.302,0.5528799422679262,6704.99707
5956,744.427,0.5441455703472857,6705.789551
5957,744.552,0.5121615066956027,6706.612305
5958,744.677,0.4994266653117817,6706.318359
5959,744.802,0.4022843006248427,6707.227539
5960,744.927,0.33275081539286777,6705.994629
5961,745.052,0.2721954869474408,6707.021973
5962,745.177,0.23001176683841482,6707.43457
5963,745.302,0.23133586641299742,6707.110352
5964,745.427,0.2521748217333865,6707.698242
5965,745.552,0.26447918541214716,6706.493652
5966,745.677,0.3042115980419246,6704.556152
5967,745.802,0.34590608583857513,6704.439453
5968,745.927,0.36053762279131824,6703.149414
5969,746.052,0.3674984783659747,6703.03125
5970,746.177,0.3938554574896347,6702.883301
5971,746.302,0.39940189405403065,6702.59082
5972,746.427,0.4282072237898221,6702.619629
5973,746.552,0.4474428274812524,6702.797363
5974,746.677,0.4507087263654462,6702.825195
5975,746.802,0.47949104242017054,6703.26709
5976,746.927,0.4672700463225685,6703.441895
5977,747.052,0.43965689899862087,6702.913086
5978,747.177,0.4115527318270835,6703.119141
5979,747.303,0.39298890113367696,6703.939453
5980,747.427,0.3643223505330935,6702.621582
5981,747.552,0.32334839380368186,6703.585938
5982,747.677,0.31174147518718487,6703.852051
5983,747.802,0.32274397502384033,6703.882813
5984,747.927,0.30750371621360234,6703.382813
5985,748.052,0.2989520301586594,6703.617188
5986,748.177,0.3278547812750441,6703.322754
5987,748.302,0.313529063379668,6703.822266
5988,748.427,0.3294236619684445,6704.291504
5989,748.552,0.32059218084476154,6704.790039
5990,748.677,0.3469412989084183,6704.907715
5991,748.802,0.33867102890022593,6704.407715
5992,748.927,0.26972253863967977,6704.234863
5993,749.052,0.22197713710780637,6705.084473
5994,749.177,0.16936984483543813,6704.849121
5995,749.302,0.09944195630066809,6705.114746
5996,749.426,0.10850821352276384,6705.026367
5997,749.552,0.09819411452297104,6705.319336
5998,749.677,0.1748901691437846,6704.321777
5999,749.802,0.23561673278003645,6705.053711
6000,749.927,0.3083545800294142,6704.526855
6001,750.052,0.3022941410764286,6705.758301
6002,750.177,0.26158231365942547,6705.935547
6003,750.302,0.20235049849311434,6704.761719
6004,750.427,0.15692551679504976,6704.762695
6005,750.552,0.13045799633479738,6705.466309
6006,750.677,0.104195022502421,6705.552734
6007,750.802,0.1487756464605743,6705.230469
6008,750.927,0.17180085106187754,6704.966797
6009,751.052,0.16712809307919144,6706.169922
6010,751.177,0.16933976707117976,6704.99707
6011,751.301,0.14875681620997971,6705.200684
6012,751.427,0.11895520628642926,6705.965332
6013,751.552,0.0894059029324322,6705.758301
6014,751.677,0.08329337611653186,6706.081543
6015,751.802,0.05332141563415864,6706.815918
6016,751.926,0.042241152764151364,6707.167969
6017,752.052,0.04861508609613925,6706.816895
6018,752.177,0.02136861036795243,6706.140625
6019,752.302,-0.0007356642347981702,6705.465332
6020,752.427,-0.010015738781714583,6706.815918
6021,752.552,0.016496499616684517,6706.610352
6022,752.676,0.0064138656337766504,6706.111328
6023,752.802,0.005790221083888043,6705.466309
6024,752.927,-0.021030627507075676,6705.379395
6025,753.052,-0.051775132989965,6705.90625
6026,753.177,-0.08465051482753201,6706.905273
6027,753.301,-0.1089762802719158,6707.227539
6028,753.427,-0.11015442625025136,6707.081543
6029,753.552,-0.12107330266589413,6707.167969
6030,753.676,-0.12487171077645025,6708.432617
6031,753.801,-0.12843906015122,6706.90625
6032,753.927,-0.15229156029768617,6707.404785
6033,754.052,-0.14882492696867258,6707.110352
6034,754.177,-0.15426095861056877,6705.64209
6035,754.301,-0.23868682805379685,6705.055176
6036,754.426,-0.32449278896319494,6703.089355
6037,754.552,-0.4330835596877474,6703.529785
6038,754.676,-0.5239956065923831,6701.887695
6039,754.802,-0.6180752630874603,6702.532227
6040,754.926,-0.6664410270640699,6703.147949
6041,755.052,-0.6307701962882108,6703.118164
6042,755.177,-0.5074259495342884,6703.55957
6043,755.301,-0.3840151872628415,6703.557617
6044,755.426,-0.24345294998639017,6703.118164
6045,755.551,-0.1609475250213688,6702.415039
6046,755.676,-0.0977835417811635,6702.914063
6047,755.802,-0.10792355245135525,6703.147461
6048,755.926,-0.14037792337268645,6702.855957
6049,756.051,-0.19615319616592464,6703.265137
6050,756.176,-0.2696169005433522,6702.385742
6051,756.301,-0.3399791175914246,6702.649902
6052,756.426,-0.3716548378906092,6702.179199
6053,756.552,-0.41257564259452967,6702.180664
6054,756.676,-0.4153132466610927,6703.266113
6055,756.802,-0.38074891594307714,6702.73877
6056,756.926,-0.3257696842038919,6702.268555
6057,757.051,-0.2877978812128191,6702.034668
6058,757.176,-0.2295816262738587,6703.266113
6059,757.301,-0.19228628941361967,6702.621094
6060,757.426,-0.18864262858559291,6702.797363
6061,757.552,-0.20491730555259385,6702.269531
6062,757.676,-0.23046513204149555,6702.739258
6063,757.801,-0.26057069638911146,6702.620605
6064,757.926,-0.26183178047911665,6701.594727
6065,758.051,-0.27724400688973583,6702.29834
6066,758.176,-0.3057575562464265,6702.76709
6067,758.301,-0.3236575708582328,6702.621094
6068,758.426,-0.3640179417424617,6702.533203
6069,758.551,-0.3866553926206246,6701.977051
6070,758.676,-0.41338016275611056,6702.416504
6071,758.801,-0.4183340982912093,6701.039551
6072,758.926,-0.37294796134776803,6702.416992
6073,759.051,-0.34245512993939653,6701.713379
6074,759.176,-0.26770493723469047,6701.830566
6075,759.301,-0.21495283157901593,6702.181152
6076,759.426,-0.21269797489858933,6702.269043
6077,759.551,-0.2549049355899419,6701.653809
6078,759.676,-0.4425647588142291,6701.918945
6079,759.801,-0.6117833578059032,6701.713867
6080,759.926,-0.8227503688557354,6701.888184
6081,760.051,-0.8876824695139348,6700.980957
6082,760.176,-0.7859899351306883,6700.48291
6083,760.301,-0.6653414364741578,6702.41748
6084,760.426,-0.44921573776109924,6701.302246
6085,760.551,-0.3417963207619185,6701.888672
6086,760.676,-0.3506838066336651,6702.124512
6087,760.801,-0.368601643745513,6701.185059
6088,760.926,-0.4431376075235417,6702.622559
6089,761.051,-0.4728155235092298,6703.208984
6090,761.176,-0.4466627677247955,6701.186035
6091,761.301,-0.4027061039118272,6702.592285
6092,761.426,-0.3561864321023714,6702.505371
6093,761.551,-0.32547421540331195,6702.622559
6094,761.676,-0.31075288867412243,6704.322266
6095,761.801,-0.34587782483564317,6703.706543
6096,761.926,-0.3817573936015114,6703.178711
6097,762.051,-0.4368583952718424,6703.26709
6098,762.176,-0.4699788945598043,6703.972168
6099,762.301,-0.4851532668999498,6703.530273
6100,762.426,-0.46562434239329603,6702.505371
6101,762.551,-0.4376111456642103,6702.181641
6102,762.676,-0.4287193817110762,6699.98584
6103,762.801,-0.39993401050250377,6697.817383
6104,762.926,-0.41244141976532095,6696.556641
6105,763.051,-0.40031171186342124,6694.978027
6106,763.176,-0.4257425537385704,6695.036133
6107,763.301,-0.4218984819035104,6695.327637
6108,763.426,-0.4161089538230851,6695.445313
6109,763.551,-0.4407968537746055,6695.622559
6110,763.676,-0.5095763902826845,6697.202148
6111,763.801,-0.5998477119130435,6695.914063
6112,763.926,-0.6769319018616218,6696.527344
6113,764.051,-0.7251476857097017,6697.112793
6114,764.176,-0.7544210494427163,6696.234863
6115,764.301,-0.6997922945567253,6696.411133
6116,764.426,-0.6709552977843285,6697.171387
6117,764.551,-0.6432579923366042,6696.001953
6118,764.676,-0.6088525883955093,6696.9375
6119,764.801,-0.6943020648060978,6697.289063
6120,764.926,-0.7808952351363244,6697.171387
6121,765.051,-0.8524200247699236,6696.937988
6122,765.176,-0.8984602625723255,6696.67334
6123,765.301,-0.844859141883339,6696.412598
6124,765.426,-0.7799646639094515,6695.914551
6125,765.551,-0.6993262699911559,6698.226074
6126,765.676,-0.6179205765877203,6697.493164
6127,765.801,-0.570273936878489,6695.446777
6128,765.926,-0.5536247894497331,6695.385742
6129,766.051,-0.5686078873840164,6695.737793
6130,766.176,-0.631259632013645,6696.702637
6131,766.301,-0.6874215132127753,6696.44043
6132,766.425,-0.7287536162766439,6696.790527
6133,766.551,-0.7249981708890361,6695.651367
6134,766.676,-0.6679306780537289,6695.85498
6135,766.801,-0.6312286781325793,6695.651367
6136,766.929,-0.5983804167996094,6695.737793
6137,767.051,-0.5701997908942633,6696.088867
6138,767.176,-0.5285511174388228,6696.646484
6139,767.301,-0.5400886471124999,6696.206055
6140,767.426,-0.5890326964659741,6696.352539
6141,767.55,-0.6291516954816743,6696.558594
6142,767.676,-0.6505297363694675,6698.255371
6143,767.8,-0.6719360087978515,6698.226563
6144,767.926,-0.6625822686576474,6698.225586
6145,768.051,-0.6259133611677885,6697.963867
6146,768.176,-0.5960612880368281,6696.090332
6147,768.3,-0.562146949213464,6697.581055
6148,768.426,-0.5114358435404909,6696.294922
6149,768.551,-0.5226023906170261,6696.644531
6150,768.676,-0.5168327939163516,6698.19873
6151,768.8,-0.500192915615857,6696.822266
6152,768.926,-0.4733725429520698,6698.285156
6153,769.051,-0.47009908718391,6697.171875
6154,769.175,-0.40199142791104164,6697.464844
6155,769.301,-0.34832853553497123,6696.354004
6156,769.425,-0.30439119157327305,6696.99707
6157,769.55,-0.28566957936798804,6697.963867
6158,769.676,-0.3272126271856776,6696.910645
6159,769.8,-0.4119910677375772,6697.758301
6160,769.926,-0.4681929092983989,6697.493652
6161,770.051,-0.5473008948316334,6697.202637
6162,770.175,-0.5954676287998991,6696.879883
6163,770.3,-0.5586602701952982,6698.432129
6164,770.425,-0.4824803080153476,6698.109375
6165,770.551,-0.37442931390166256,6697.554199
6166,770.676,-0.23862754881617482,6698.578125
6167,770.8,-0.12856092323059246,6698.60791
6168,770.926,-0.036376059480249925,6699.106934
6169,771.051,-0.00021019802125706738,6698.607422
6170,771.175,-0.021345802601443344,6698.403809
6171,771.3,-0.0884808800829079,6698.695801
6172,771.425,-0.1906090581269169,6696.853027
6173,771.551,-0.2824880555002767,6696.879883
6174,771.675,-0.354180167859034,6696.938965
6175,771.8,-0.3586677647193428,6696.996582
6176,771.925,-0.3286021908900425,6696.731445
6177,772.05,-0.2639876200487846,6696.704102
6178,772.175,-0.1584155049042736,6696.26416
6179,772.301,-0.10595574976164257,6697.171875
6180,772.425,-0.06403299636171239,6696.060547
6181,772.55,-0.03789175076784665,6694.918945
6182,772.675,-0.024611316152464598,6695.036133
6183,772.8,0.0029687884289933703,6695.650879
6184,772.925,0.015748596027175855,6695.210938
6185,773.05,0.04981748087248056,6694.393066
6186,773.175,0.08595261352100776,6695.767578
6187,773.3,0.11867774340722555,6696.146973
6188,773.425,0.12890352048277853,6694.21582
6189,773.55,0.12483902144888581,6695.122559
6190,773.675,0.1480176580956431,6695.882324
6191,773.8,0.13078145739538186,6695.501953
6192,773.925,0.11832165465570485,6694.507813
6193,774.05,0.09246586443450305,6694.099609
6194,774.175,0.07735780349411928,6694.332031
6195,774.3,0.07211978469823535,6694.947266
6196,774.425,0.1018035950900046,6694.216797
6197,774.55,0.13496698673412552,6694.010742
6198,774.675,0.1490894459012256,6694.274414
6199,774.8,0.1749852193557571,6693.807129
6200,774.925,0.13392313178872406,6694.80127
6201,775.05,0.037665785791216384,6693.748047
6202,775.175,-0.02711457484974296,6693.252441
6203,775.3,-0.09917543359742871,6693.864746
6204,775.425,-0.10076901625151344,6694.099121
6205,775.55,-0.06872524752454212,6693.748047
6206,775.675,0.017410004769166192,6693.045898
6207,775.8,0.1206758216375182,6692.111328
6208,775.925,0.19651312556893405,6691.263672
6209,776.05,0.24659744636667144,6689.802246
6210,776.175,0.2769849061033828,6689.862793
6211,776.3,0.2909545710057235,6689.861328
6212,776.425,0.27553621604552414,6689.831055
6213,776.55,0.28031750150986046,6690.327637
6214,776.675,0.2757022227465466,6690.675781
6215,776.8,0.2268024628530067,6689.860352
6216,776.925,0.17961459542814562,6689.598633
6217,777.05,0.12963128168279991,6690.094238
6218,777.175,0.09411658465393155,6689.540039
6219,777.3,0.048850095744309076,6690.271484
6220,777.425,0.04477355215325374,6690.708008
6221,777.55,0.0440478192292671,6690.680176
6222,777.675,0.05222467359124774,6690.474121
6223,777.8,0.04187109021146323,6691.644043
6224,777.925,0.0022825474541674313,6690.593262
6225,778.05,-0.0413401110095968,6690.006836
6226,778.175,-0.06821346178339607,6690.477051
6227,778.3,-0.082793707885473,6690.445801
6228,778.425,-0.03517277712932358,6690.854492
6229,778.55,0.006860279556207317,6691.060059
6230,778.675,0.030741835541567463,6692.374023
6231,778.8,0.04485882507913359,6692.520996
6232,778.925,0.06521994825495907,6692.666992
6233,779.05,-0.00018761913062798668,6692.637695
6234,779.175,-0.08390297854002463,6692.199219
6235,779.3,-0.15527585003135524,6692.317871
6236,779.425,-0.1631004808779417,6690.591797
6237,779.55,-0.17899298400056105,6689.571289
6238,779.675,-0.10682871984594812,6688.519043
6239,779.8,-0.037011176889663454,6688.546875
6240,779.925,0.06880708573296358,6689.306641
6241,780.05,0.10118555114655277,6689.101074
6242,780.175,0.11848818800432741,6688.547363
6243,780.3,0.09074485020315075,6689.130859
6244,780.425,0.035716434680396,6689.043945
6245,780.55,-0.05702955225152126,6689.305664
6246,780.675,-0.1127675734192747,6689.015625
6247,780.8,-0.11957968467416202,6689.101563
6248,780.925,-0.15754915495090296,6689.307129
6249,781.05,-0.16413386828342874,6689.335938
6250,781.175,-0.12635546606739448,6689.569336
6251,781.3,-0.11971106712877676,6689.568359
6252,781.424,-0.13569744338168258,6691.263184
6253,781.55,-0.1297106545460687,6692.401855
6254,781.675,-0.10379851234721925,6692.140625
6255,781.8,-0.1376461831407619,6693.425293
6256,781.924,-0.14875366085384673,6693.425293
6257,782.05,-0.14282909079578796,6691.905273
6258,782.175,-0.1303533750383934,6693.22168
6259,782.3,-0.14989967459026252,6693.279785
6260,782.425,-0.19789597021066674,6693.806152
6261,782.55,-0.240862858035415,6693.777344
6262,782.675,-0.2733786433585302,6693.309082
6263,782.8,-0.2646453238566852,6692.521973
6264,782.924,-0.2653208400245405,6692.958496
6265,783.049,-0.1978347479758589,6692.898926
6266,783.174,-0.17884970196100478,6693.337891
6267,783.299,-0.1423067541847944,6693.54248
6268,783.425,-0.1528257980060937,6693.689453
6269,783.55,-0.161299134870649,6692.519531
6270,783.675,-0.21352132776009636,6694.068848
6271,783.8,-0.22921065208562036,6694.36084
6272,783.925,-0.22272806564467992,6693.922363
6273,784.05,-0.1966907264278455,6693.746094
6274,784.175,-0.12855168798437352,6693.249023
6275,784.299,-0.04698771393449492,6693.688477
6276,784.425,-0.009705343132023266,6693.630859
6277,784.55,0.011242210216700212,6693.893555
6278,784.675,0.02424286841969572,6694.273438
6279,784.8,0.010898036395408024,6693.395996
6280,784.925,0.012777733978044005,6693.922852
6281,785.05,0.03258252509025298,6693.367676
6282,785.175,0.0675442461447341,6693.864258
6283,785.299,0.09465922291193245,6693.806152
6284,785.425,0.13368574681661338,6694.274902
6285,785.55,0.08524668366995038,6694.418945
6286,785.674,0.008914308202590282,6694.097656
6287,785.799,-0.06402549087326971,6695.238281
6288,785.925,-0.10527145465988552,6694.890137
6289,786.049,-0.15891581609559077,6694.947266
6290,786.175,-0.14118623122153995,6694.918945
6291,786.299,-0.10409223079014734,6695.095703
6292,786.425,-0.04579085827663575,6695.152344
6293,786.55,0.017548337727388452,6693.602539
6294,786.674,0.09875948143689792,6692.812988
6295,786.799,0.13806325122538543,6692.405273
6296,786.925,0.16314179996320954,6691.000977
6297,787.049,0.18455342427905366,6690.212891
6298,787.175,0.18932026332715116,6690.035645
6299,787.299,0.16369624923134246,6690.300781
6300,787.424,0.15892421676859322,6689.159668
6301,787.55,0.12634534857795035,6689.540527
6302,787.674,0.0952457120259232,6690.212891
6303,787.799,0.07556817445605885,6688.838867
6304,787.924,0.047948810105916076,6689.483887
6305,788.049,0.051154648346275956,6689.831543
6306,788.174,0.06039537464017562,6689.568848
6307,788.3,0.07798554467017306,6689.102539
6308,788.425,0.09903469569437653,6689.043945
6309,788.549,0.10977805791357603,6689.072266
6310,788.674,0.10602605714292662,6688.985352
6311,788.799,0.09045691746238382,6689.481934
6312,788.924,0.08615113306220831,6689.219727
6313,789.049,0.08079218121135594,6689.510254
6314,789.175,0.0928606887933197,6690.212891
6315,789.3,0.08643803471085375,6690.445801
6316,789.424,0.10221807421219964,6690.066895
6317,789.55,0.1423392521459252,6690.095215
6318,789.674,0.14460825879316694,6689.248047
6319,789.799,0.162750402382302,6689.715332
6320,789.924,0.1706198943638875,6690.212891
6321,790.049,0.15625202899286295,6690.650879
6322,790.174,0.13788050929267853,6690.006836
6323,790.299,0.105424463427102,6689.978027
6324,790.424,0.08946146554176401,6690.41748
6325,790.549,0.09664970803792158,6689.949219
6326,790.674,0.11084476854955824,6689.481934
6327,790.799,0.13816460464870814,6689.600586
6328,790.924,0.16200556383850562,6688.518555
6329,791.049,0.1835673185764595,6689.073242
6330,791.174,0.20826672815482658,6689.540527
6331,791.299,0.19781110392662363,6689.424316
6332,791.424,0.20156090757967876,6689.277344
6333,791.549,0.20880575909916016,6688.52002
6334,791.674,0.24996115191635726,6688.808594
6335,791.799,0.277890650830014,6688.373535
6336,791.925,0.2861158152361043,6687.640625
6337,792.049,0.2850350127182755,6689.100586
6338,792.174,0.21460601805906415,6688.489258
6339,792.299,0.14640296370809222,6688.664063
6340,792.424,0.05390539265022924,6687.907227
6341,792.549,-0.006533149274724312,6688.284668
6342,792.675,-0.0666485147723731,6688.518066
6343,792.799,-0.07178704078273601,6689.276855
6344,792.924,-0.03585912438301931,6688.751465
6345,793.049,0.035614018608085295,6688.432129
6346,793.174,0.09780643212922507,6687.993652
6347,793.299,0.16309918965965708,6688.051758
6348,793.424,0.20494709609222198,6688.313965
6349,793.549,0.22265859895595558,6688.547852
6350,793.674,0.2354460121806445,6687.790039
6351,793.799,0.21427823676198576,6687.993652
6352,793.924,0.1966286487113124,6688.48877
6353,794.049,0.1635336455607295,6688.635254
6354,794.174,0.13401872748312024,6688.986328
6355,794.299,0.14028095814477554,6687.993652
6356,794.424,0.16907905966573925,6689.39502
6357,794.549,0.1827306517588956,6688.75293
6358,794.674,0.2065089581812605,6689.717773
6359,794.799,0.2336912312087846,6687.906738
6360,794.924,0.2230018286947918,6686.476074
6361,795.049,0.2363490701886268,6685.074707
6362,795.174,0.23155919399458985,6684.783203
6363,795.299,0.2174581180606976,6685.396484
6364,795.424,0.20677327730781667,6685.221191
6365,795.549,0.18717136458689884,6685.949707
6366,795.674,0.1669482911343457,6685.745605
6367,795.799,0.14399761696802832,6685.510742
6368,795.923,0.13170017341976134,6685.482422
6369,796.049,0.1682996004437351,6685.425781
6370,796.174,0.18054566247531076,6685.512207
6371,796.299,0.21023205686519525,6684.520996
6372,796.424,0.22861467047752526,6684.930176
6373,796.549,0.23460885570394044,6684.840332
6374,796.674,0.21807115245860337,6684.548828
6375,796.799,0.18531732940665022,6684.811035
6376,796.924,0.10923496610784424,6685.044434
6377,797.049,0.05149593551008729,6684.316895
6378,797.174,0.008637285108309318,6685.570313
6379,797.299,-0.002893910033911785,6684.839844
6380,797.424,0.02830264695762315,6685.307617
6381,797.549,0.09157757780979914,6684.608398
6382,797.674,0.13743563092388353,6685.074219
6383,797.799,0.19041826887297542,6685.104004
6384,797.924,0.23502064304685616,6684.63623
6385,798.049,0.24450556379808183,6684.112305
6386,798.174,0.24210424088458954,6683.935547
6387,798.298,0.2644915700266103,6683.151367
6388,798.424,0.2821196056511308,6683.412109
6389,798.549,0.30367642361852293,6684.606934
6390,798.674,0.3291606958588378,6684.577637
6391,798.798,0.31533916914286053,6683.413086
6392,798.924,0.27211909723584576,6684.112793
6393,799.049,0.22841259485238133,6684.75293
6394,799.174,0.16496561048424527,6684.22998
6395,799.299,0.14741492588860472,6684.520508
6396,799.424,0.12187457897573539,6684.491211
6397,799.55,0.16609021311501831,6684.696289
6398,799.674,0.20865293630709045,6684.812012
6399,799.799,0.2531165700708762,6685.046387
6400,799.924,0.2753116998644822,6685.453613
6401,800.049,0.29900074979776076,6685.249023
6402,800.174,0.30887509770704397,6684.725586
6403,800.299,0.33832889176143144,6685.220703
6404,800.424,0.35923377726371986,6684.549805
6405,800.549,0.3834916103083102,6685.307617
6406,800.674,0.399666281292561,6684.929199
6407,800.798,0.4343585379247195,6685.278809
6408,800.924,0.4161627824776683,6685.833984
6409,801.049,0.4080536780215088,6685.48291
6410,801.173,0.4163726951285241,6685.630371
6411,801.299,0.42236843906218896,6686.706543
6412,801.423,0.45136377349945056,6686.095703
6413,801.549,0.4243373192084384,6686.32959
6414,801.673,0.38653557371998326,6686.445801
6415,801.798,0.31543634636550094,6683.852051
6416,801.924,0.20598797772132962,6683.705566
6417,802.049,0.08362369725938186,6683.032715
6418,802.173,0.0020556189792876015,6684.228027
6419,802.299,-0.02754675106037951,6683.706055
6420,802.423,0.010317062060735682,6683.472168
6421,802.548,0.08082553986281234,6683.938965
6422,802.673,0.16510771119469617,6683.647949
6423,802.799,0.22651661227097913,6683.675293
6424,802.924,0.24566944328179519,6682.802246
6425,803.049,0.24609224750747508,6682.073242
6426,803.173,0.2276627094199349,6682.101563
6427,803.299,0.23880429098597206,6681.256836
6428,803.424,0.26037756602115203,6681.285156
6429,803.548,0.3147740180176756,6682.80127
6430,803.674,0.3455542769294173,6681.461914
6431,803.799,0.358265387588901,6681.927246
6432,803.924,0.3476201460782736,6681.490723
6433,804.048,0.347888257767596,6682.015137
6434,804.173,0.3680033671989794,6681.083008
6435,804.299,0.3929120792752686,6681.810547
6436,804.423,0.4245161792025136,6682.013184
6437,804.548,0.43336642083554205,6681.607422
6438,804.674,0.404302276130446,6681.810547
6439,804.799,0.35807865422079027,6681.723145
6440,804.924,0.2858512386700003,6681.694336
6441,805.048,0.2265823498436703,6681.256348
6442,805.173,0.19684161997541402,6681.869141
6443,805.298,0.19470504319470353,6681.112305
6444,805.424,0.18930292168309207,6682.420898
6445,805.548,0.20513990239249588,6681.694336
6446,805.674,0.19908279494042044,6681.927734
6447,805.798,0.1845889535038451,6681.19873
6448,805.923,0.20206336662098492,6682.362305
6449,806.048,0.19984702267285356,6681.460449
6450,806.173,0.2307795931106063,6680.790039
6451,806.298,0.3155834423590205,6679.975098
6452,806.423,0.3920674538301713,6680.76123
6453,806.548,0.4712546327512955,6680.266602
6454,806.673,0.4910502205547947,6680.470703
6455,806.798,0.4492770874563234,6681.081055
6456,806.923,0.33840531313540145,6680.062012
6457,807.048,0.15771627315953646,6680.236328
6458,807.173,-0.0027956091481549255,6680.033691
6459,807.298,-0.11863907462237203,6679.68457
6460,807.423,-0.18763661157503086,6680.032715
6461,807.548,-0.1485576006750403,6679.742188
6462,807.673,-0.025827158106660447,6679.742676
6463,807.798,0.11602424015708304,6679.712402
6464,807.923,0.2709656016822235,6679.68457
6465,808.048,0.37015240358398704,6679.47998
6466,808.173,0.41934554158765364,6679.479004
6467,808.298,0.43070177496960044,6678.751465
6468,808.423,0.4185508282415152,6679.711914
6469,808.548,0.40656051243392716,6679.830566
6470,808.673,0.40860699192463906,6679.130859
6471,808.798,0.4085884036083114,6679.21875
6472,808.923,0.3836442583315285,6680.092285
6473,809.048,0.3805552542122276,6679.539551
6474,809.173,0.3502815345821403,6680.499023
6475,809.298,0.3406296398631947,6679.625488
6476,809.423,0.35309317759697545,6679.976563
6477,809.548,0.3675061271685897,6679.539063
6478,809.673,0.39979814938526215,6680.005371
6479,809.798,0.42323522091403437,6679.509277
6480,809.923,0.41830554617031557,6679.946289
6481,810.048,0.4017990288280697,6679.043457
6482,810.173,0.38326704942149964,6679.074219
6483,810.298,0.36425784608020234,6680.411621
6484,810.423,0.36222283573643305,6679.218262
6485,810.548,0.3846834328773944,6679.393555
6486,810.673,0.38547741775468275,6680.004395
6487,810.798,0.4105395062123233,6677.938477
6488,810.923,0.40832921906905123,6677.647461
6489,811.048,0.407872380403337,6675.552246
6490,811.173,0.41546749069500183,6674.940918
6491,811.298,0.445164696559336,6674.503906
6492,811.423,0.4909912968224901,6674.79541
6493,811.548,0.5646574669913561,6675.377441
6494,811.673,0.6200936591491907,6675.173828
6495,811.798,0.6471409711767937,6675.697266
6496,811.923,0.5928523495238309,6675.464844
6497,812.048,0.5282153009250677,6675.40625
6498,812.173,0.45203655255534203,6675.348145
6499,812.298,0.3493403896753921,6675.581543
6500,812.423,0.30098101130510235,6675.057617
6501,812.548,0.29756722782969514,6675.725098
6502,812.673,0.37172413133131527,6674.883789
6503,812.798,0.45710919395430444,6674.651367
6504,812.923,0.5485627949040487,6674.911621
6505,813.048,0.5826057178927299,6674.562988
6506,813.173,0.6463526731357128,6674.534668
6507,813.298,0.6168584428722724,6675.000488
6508,813.423,0.5800751757090196,6674.883789
6509,813.548,0.5542419327271442,6674.21582
6510,813.673,0.5034790883785931,6673.545898
6511,813.798,0.482560971657624,6673.11084
6512,813.923,0.4671337847214882,6673.77832
6513,814.048,0.49509049532982724,6674.040039
6514,814.173,0.4973462152437657,6672.849609
6515,814.298,0.5466483843601477,6674.128418
6516,814.423,0.5756599519568205,6673.953125
6517,814.548,0.5788627813203553,6673.980957
6518,814.673,0.5672403379099373,6673.806152
6519,814.798,0.5255019503944901,6673.051758
6520,814.923,0.49548417545663537,6674.070313
6521,815.047,0.4882185636680144,6673.953613
6522,815.173,0.5148738744405771,6673.924316
6523,815.297,0.5612568073737473,6673.459473
6524,815.423,0.6343090493544675,6673.981934
6525,815.548,0.6781195311949959,6672.850586
6526,815.673,0.6696881372618105,6672.558105
6527,815.798,0.6054635153522513,6672.443359
6528,815.923,0.48460970178417806,6673.021484
6529,816.048,0.3694336603472361,6672.789551
6530,816.173,0.29372202699437955,6672.733398
6531,816.298,0.2552991627028102,6673.545898
6532,816.422,0.289329094404559,6673.34375
6533,816.548,0.3334280798991079,6673.34375
6534,816.673,0.3830985312933228,6673.341797
6535,816.798,0.44504321984267686,6673.429199
6536,816.923,0.43079573925892495,6673.866211
6537,817.048,0.4433268338154487,6673.45752
6538,817.173,0.43061663404627687,6672.47168
6539,817.297,0.3977770758809707,6673.314941
6540,817.423,0.34996057793056545,6673.197754
6541,817.548,0.30226398497958984,6673.720215
6542,817.672,0.2654842798572444,6673.374023
6543,817.798,0.2637146820615623,6673.780762
6544,817.923,0.2963090955250392,6673.401367
6545,818.048,0.38582167335707734,6673.808594
6546,818.173,0.4571618263503425,6674.591797
6547,818.297,0.4806434402762807,6674.099121
6548,818.423,0.4738252949257839,6674.593262
6549,818.548,0.35324756357026676,6673.837402
6550,818.673,0.01457442489307856,6673.08252
6551,818.798,-0.2308895535149269,6671.745117
6552,818.922,-0.4954264584513091,6672.007324
6553,819.047,-0.5571125644831418,6672.96582
6554,819.173,-0.4045272023211594,6672.645508
6555,819.298,-0.21535194958997123,6671.687988
6556,819.423,0.04930851407939581,6671.71582
6557,819.547,0.2562571255346963,6672.674316
6558,819.672,0.3332463101298552,6672.210938
6559,819.797,0.4339319574997277,6672.355957
6560,819.922,0.4644233864427092,6673.110352
6561,820.048,0.43350150923020986,6673.807617
6562,820.172,0.4021941541650536,6672.035645
6563,820.297,0.37516771077314304,6671.950684
6564,820.422,0.36330372396745114,6672.036133
6565,820.547,0.36682752483754627,6672.500488
6566,820.672,0.369684860944188,6670.90332
6567,820.797,0.3864901218865115,6672.791504
6568,820.922,0.3962660690692676,6670.524902
6569,821.047,0.40310844141656116,6669.132324
6570,821.172,0.39856598480504724,6669.074219
6571,821.298,0.4112883010998286,6670.292969
6572,821.422,0.39934176852613246,6670.147461
6573,821.548,0.41303415181414027,6670.525879
6574,821.673,0.4531394452652705,6670.611816
6575,821.798,0.47758579968700315,6670.874023
6576,821.923,0.48351886502367825,6670.758301
6577,822.047,0.484537723879442,6670.814941
6578,822.172,0.4589085718410802,6670.235352
6579,822.297,0.47671650292867174,6671.338867
6580,822.422,0.4480018317143246,6671.42627
6581,822.547,0.44318486351987624,6670.756348
6582,822.672,0.42892978546005284,6670.321777
6583,822.797,0.4551623456825795,6670.496582
6584,822.922,0.4787242511058307,6670.524414
6585,823.047,0.5321194311196363,6671.338379
6586,823.173,0.5566897363923189,6670.351074
6587,823.297,0.5844435388853104,6671.920898
6588,823.422,0.559154543856441,6672.412598
6589,823.547,0.4907451117694728,6672.560547
6590,823.672,0.35326493337916276,6672.124023
6591,823.797,0.19438350786984804,6672.039063
6592,823.923,0.07293116100992134,6672.270508
6593,824.047,0.04224428979406972,6672.297852
6594,824.173,0.14726155090408818,6672.55957
6595,824.297,0.250088246215372,6672.23877
6596,824.422,0.43131584029731357,6672.09375
6597,824.547,0.5522424315251336,6672.994141
6598,824.672,0.5684050092096751,6672.792969
6599,824.797,0.6016815296719413,6673.314941
6600,824.922,0.6294481800865643,6673.693359
6601,825.047,0.57505684682319,6674.331543
6602,825.172,0.5958607528137574,6672.09375
6603,825.297,0.5555116464890966,6672.733887
6604,825.422,0.5709672540576441,6672.9375
6605,825.547,0.5466113405280484,6672.29834
6606,825.672,0.5478404473635242,6672.240723
6607,825.797,0.547520911656393,6672.268555
6608,825.922,0.5281204374206249,6672.646484
6609,826.047,0.5246857399522896,6671.659668
6610,826.172,0.5528401201984229,6671.54248
6611,826.298,0.6109541769662714,6671.71582
6612,826.422,0.6517382381976502,6672.269043
6613,826.547,0.709225023648649,6671.571777
6614,826.672,0.7401592188452876,6672.037598
6615,826.797,0.78078019020417,6672.850098
6616,826.923,0.7531244027283478,6671.74707
6617,827.047,0.7313197018362312,6671.106445
6618,827.172,0.7476404256048903,6671.542969
6619,827.297,0.7601444038508304,6672.472168
6620,827.422,0.8131661091144354,6670.060547
6621,827.547,0.8434498426405558,6671.571289
6622,827.672,0.9049945419630647,6671.310547
6623,827.797,0.8847537243502714,6671.020508
6624,827.922,0.8882244012591469,6670.525879
6625,828.047,0.8837161413782728,6670.323242
6626,828.172,0.8704208207553921,6671.049316
6627,828.297,0.8720952384076839,6670.874023
6628,828.422,0.910827551072288,6671.222168
6629,828.547,0.9222627367243014,6672.268555
6630,828.672,0.9110695791826914,6671.687988
6631,828.797,0.867349876660599,6671.659668
6632,828.922,0.8101041584436229,6669.481445
6633,829.047,0.7276734135570664,6669.741699
6634,829.172,0.6975354424295909,6669.799805
6635,829.297,0.6972917870841299,6670.120117
6636,829.422,0.7832508046067748,6670.381348
6637,829.547,0.920213714354759,6670.989746
6638,829.672,1.0596120287168374,6670.148438
6639,829.797,1.166432181171815,6670.496582
6640,829.922,1.2020431495606292,6670.438965
6641,830.047,1.237061171127141,6671.398438
6642,830.172,1.1624557484751021,6672.501953
6643,830.297,1.1359305941819102,6671.106445
6644,830.422,1.1260883349062134,6670.961914
6645,830.546,1.1359378496962933,6671.572266
6646,830.672,1.1422181281795702,6670.149414
6647,830.796,1.159261766147085,6671.660156
6648,830.922,1.167394786237833,6670.991211
6649,831.047,1.1856341949671372,6671.833984
6650,831.172,1.1885074339954171,6672.06543
6651,831.297,1.1982966603265766,6672.124023
6652,831.421,1.168687858767353,6672.064941
6653,831.547,1.2120493468697153,6671.106934
6654,831.672,1.255782897494197,6670.845703
6655,831.797,1.2707501974869466,6671.164551
6656,831.922,1.2777707902688737,6671.165527
6657,832.046,1.2735660884033313,6671.078125
6658,832.171,1.2254211887417208,6671.106445
6659,832.297,1.2306068594088526,6670.642578
6660,832.422,1.210650127676273,6671.080078
6661,832.547,1.2223044633463134,6670.702148
6662,832.672,1.2360495403439846,6671.598145
6663,832.797,1.2537623033005172,6671.048828
6664,832.921,1.2853608831783192,6671.544434
6665,833.047,1.3116393887746274,6670.207031
6666,833.172,1.3145485452827514,6670.672363
6667,833.297,1.3285245834804233,6670.788574
6668,833.422,1.3395161847948183,6670.207031
6669,833.547,1.3491988972003792,6670.466797
6670,833.672,1.338588058239854,6670.147949
6671,833.797,1.2712554166741097,6670.467773
6672,833.922,1.1660575323960285,6669.741699
6673,834.047,1.037810542613639,6669.858398
6674,834.171,0.9342816657019521,6670.321777
6675,834.297,0.8949486487183319,6670.758301
6676,834.422,0.8893118069009253,6670.264648
6677,834.547,0.966079119848521,6668.55127
6678,834.672,1.0867818596759296,6670.119629
6679,834.797,1.1653710996024498,6671.105957
6680,834.922,1.2393015688620908,6670.26416
6681,835.047,1.2555078801192052,6670.642578
6682,835.171,1.2114508343654227,6669.915039
6683,835.296,1.1869130053982662,6670.032715
6684,835.422,1.1464628232079994,6669.945313
6685,835.546,1.1228267681707833,6670.120117
6686,835.672,1.0730217130353308,6668.812988
6687,835.796,1.0373156912432286,6669.044922
6688,835.922,0.9831509926544444,6669.42334
6689,836.046,0.927400957911657,6669.248047
6690,836.171,0.8899570389382652,6669.19043
6691,836.296,0.8635914230822335,6666.580078
6692,836.422,0.8611060299316616,6666.985352
6693,836.546,0.8801779773720748,6666.984863
6694,836.671,0.8670450918379161,6666.521973
6695,836.797,0.8952781167256684,6665.099609
6696,836.922,0.8778350707575411,6665.650879
6697,837.046,0.8911693400209876,6666.868652
6698,837.172,0.8781459801708436,6665.506836
6699,837.297,0.8577812649410721,6666.231445
6700,837.422,0.8452404943975756,6667.827637
6701,837.546,0.8140897262776992,6665.999023
6702,837.671,0.757224306852447,6666.549316
6703,837.796,0.6784104037586712,6666.055664
6704,837.921,0.6224395855880516,6665.389648
6705,838.046,0.5905363366874843,6666.202148
6706,838.171,0.578562890778009,6666.202148
6707,838.296,0.5761840802642815,6665.883789
6708,838.422,0.6151272298353556,6664.984863
6709,838.546,0.6553728844669683,6665.246094
6710,838.671,0.65842040247799,6665.477539
6711,838.796,0.620202398640328,6665.768066
6712,838.921,0.5411557434362227,6665.680176
6713,839.046,0.42320441045272544,6665.941406
6714,839.172,0.31207058527486525,6664.983887
6715,839.296,0.2167464453807113,6664.956055
6716,839.422,0.20221933396178124,6664.636719
6717,839.546,0.24537006422050378,6665.535645
6718,839.672,0.342568250873376,6664.751953
6719,839.797,0.4308591469303072,6664.490723
6720,839.921,0.530773193481197,6663.852539
6721,840.046,0.569487153455138,6664.577637
6722,840.171,0.575564503776753,6663.071289
6723,840.296,0.5668737331769765,6664.490723
6724,840.421,0.5471068915958208,6663.826172
6725,840.546,0.5735676092479718,6663.708984
6726,840.671,0.6369601343856718,6664.433105
6727,840.797,0.7079073542980366,6664.868652
6728,840.921,0.807821026912538,6664.636719
6729,841.046,0.8319936541036174,6664.897949
6730,841.171,0.831581099962485,6663.971191
6731,841.296,0.7878846123209454,6665.099609
6732,841.421,0.7558587500342168,6664.781738
6733,841.546,0.683912391050478,6664.577637
6734,841.671,0.6590631093801538,6664.548828
6735,841.796,0.6596064589479164,6664.202148
6736,841.921,0.6539493671124498,6664.172852
6737,842.046,0.6603708852009761,6663.94043
6738,842.171,0.687128144443853,6664.345215
6739,842.296,0.6871111120142774,6663.418945
6740,842.421,0.6635943520797162,6663.911621
6741,842.546,0.6638323899163763,6664.144043
6742,842.671,0.6693366789931788,6663.681152
6743,842.796,0.6977360834366964,6664.34668
6744,842.921,0.7382950094369104,6663.911133
6745,843.046,0.7608001663377775,6665.302246
6746,843.171,0.7723486875393645,6664.780273
6747,843.296,0.7598463963057426,6665.53418
6748,843.422,0.7357075772532881,6665.04248
6749,843.546,0.7130797179730084,6665.506836
6750,843.671,0.7611221468693314,6665.272949
6751,843.796,0.7739702120599558,6665.737793
6752,843.921,0.7345382228868097,6664.54834
6753,844.046,0.6990469926850602,6665.157227
6754,844.171,0.5953028399152058,6666.637695
6755,844.296,0.4610172997558155,6664.837402
6756,844.421,0.3643245053487898,6665.331543
6757,844.546,0.2964172702246501,6665.939453
6758,844.671,0.3371184065897,6665.418457
6759,844.796,0.3964291363472439,6663.96875
6760,844.921,0.48796545484184084,6663.447266
6761,845.046,0.5742394611960916,6662.665527
6762,845.171,0.6176229298095559,6663.332031
6763,845.296,0.6614593226549801,6663.678223
6764,845.421,0.6750248403383426,6664.375
6765,845.546,0.6668324516861655,6663.796387
6766,845.671,0.6861373112145304,6663.187012
6767,845.796,0.7401175067471019,6665.013184
6768,845.921,0.7999047630548398,6663.739258
6769,846.046,0.8388900307174758,6663.389648
6770,846.171,0.8662089658724452,6663.852539
6771,846.296,0.8913453416962148,6664.290039
6772,846.421,0.8777973208900794,6664.170898
6773,846.546,0.8816112105369165,6664.548828
6774,846.671,0.8881778116446921,6664.086426
6775,846.796,0.8908027525429102,6664.491211
6776,846.921,0.9017142723785213,6663.998047
6777,847.046,0.9153655296154899,6664.753418
6778,847.171,0.8948659218584671,6664.460449
6779,847.296,0.8995903982989505,6664.056152
6780,847.421,0.873804730248389,6664.75
6781,847.546,0.8283926791798172,6663.708008
6782,847.671,0.7905371895362623,6664.143066
6783,847.795,0.7788019314173837,6664.200195
6784,847.921,0.7704899612093066,6663.245605
6785,848.046,0.7946647872335085,6663.506836
6786,848.171,0.8108145933473152,6663.215332
6787,848.295,0.8143389574332681,6662.057129
6788,848.421,0.8147438858469668,6663.679199
6789,848.546,0.8090653945513778,6664.722168
6790,848.671,0.8033405763280865,6664.027344
6791,848.796,0.7898531358682973,6664.084961
6792,848.921,0.7871554216897695,6664.462402
6793,849.046,0.8057588139489634,6663.911621
6794,849.171,0.835518625259414,6664.200195
6795,849.296,0.8723629594372556,6664.955566
6796,849.421,0.9010250186990186,6664.170898
6797,849.546,0.9220387865556343,6663.94043
6798,849.67,0.90301607975834,6663.882813
6799,849.795,0.8921254726391465,6663.649902
6800,849.92,0.8814925143358249,6663.562012
6801,850.045,0.8832777685380665,6664.141602
6802,850.171,0.9176915651083956,6664.373535
6803,850.296,0.9798872793824236,6663.852539
6804,850.42,1.0600400286968015,6663.736816
6805,850.546,1.121853244671105,6662.925293
6806,850.67,1.1481634853401366,6662.462402
6807,850.795,1.1161589151655278,6662.694824
6808,850.921,1.096124200283968,6661.709961
6809,851.045,1.015071512286551,6662.578125
6810,851.171,0.9621205518273014,6662.721191
6811,851.296,0.8789661392780901,6663.071777
6812,851.421,0.8175904730251109,6661.82373
6813,851.546,0.7569424750558371,6661.158691
6814,851.67,0.6773152976298309,6662.115234
6815,851.795,0.5841409989647014,6661.15918
6816,851.92,0.5307786863666609,6661.188477
6817,852.045,0.47222364065004035,6661.937988
6818,852.17,0.4603162610673904,6662.549316
6819,852.295,0.44419108243170996,6661.70752
6820,852.42,0.4544937623964687,6661.504395
6821,852.545,0.45841805257790613,6660.928223
6822,852.67,0.4358416227537667,6661.621582
6823,852.795,0.4131242800140779,6661.909668
6824,852.921,0.4073354248291008,6662.260742
6825,853.045,0.4214804294621704,6662.026855
6826,853.171,0.45719425426421256,6661.678711
6827,853.295,0.5095301155963188,6661.416992
6828,853.42,0.5463609531611002,6661.245117
6829,853.546,0.5899525491491346,6659.362793
6830,853.67,0.6350395131714234,6659.479492
6831,853.795,0.6322651244045246,6660.493164
6832,853.92,0.6231096409382829,6660.058594
6833,854.045,0.6405466148546302,6659.971191
6834,854.17,0.6815904032000644,6660.724121
6835,854.295,0.7301292129589435,6659.709961
6836,854.42,0.7759642835574219,6659.971191
6837,854.546,0.8005998342500472,6660.260742
6838,854.67,0.8184046769382634,6659.913574
6839,854.795,0.7871342454095486,6660.376465
6840,854.92,0.7546589127639786,6659.451172
6841,855.045,0.7631619073305445,6659.884277
6842,855.171,0.7687403199984921,6659.942383
6843,855.296,0.7819433869422281,6659.681152
6844,855.42,0.82252838714961,6660.40625
6845,855.545,0.8602153306944051,6660.550293
6846,855.67,0.8732685949881135,6659.883789
6847,855.795,0.8905567960451876,6660.635742
6848,855.92,0.8955337851450422,6660.375977
6849,856.045,0.9084855158128936,6660.40625
6850,856.17,0.9406332952609898,6661.274414
6851,856.295,0.9267060305986355,6662.52002
6852,856.42,0.9325256021811948,6661.997559
6853,856.546,0.9594962968456847,6660.172852
6854,856.67,0.9515229884918789,6659.537598
6855,856.795,0.967766799450613,6659.709961
6856,856.92,0.94116711608108,6660.463379
6857,857.045,0.9668679595257268,6659.59668
6858,857.17,1.0166588008314121,6659.710449
6859,857.295,1.0311090589403138,6659.913086
6860,857.42,1.0866211246344826,6660.029297
6861,857.545,1.1155142201383448,6659.740234
6862,857.67,1.168253733571465,6659.419922
6863,857.795,1.1638535614678278,6659.478516
6864,857.92,1.1550165451938137,6659.508789
6865,858.045,1.0924977071873787,6659.508789
6866,858.17,0.9649007512169656,6660.17334
6867,858.295,0.8339383359102986,6659.449219
6868,858.42,0.7367272606873867,6658.95752
6869,858.545,0.6422894521628328,6659.01709
6870,858.67,0.6618746197714079,6659.479492
6871,858.795,0.7372726779137968,6659.681152
6872,858.92,0.8345912768876542,6660.231934
6873,859.045,0.9621230701565002,6658.986816
6874,859.17,1.070794090719209,6659.362793
6875,859.295,1.104807903828922,6658.061035
6876,859.42,1.1063906635289789,6658.438965
6877,859.545,1.0776874661300104,6659.218262
6878,859.67,1.0381524646187517,6658.293457
6879,859.795,0.9614160590867269,6657.222656
6880,859.92,0.9115411962146728,6658.177734
6881,860.045,0.8276961151158605,6658.813965
6882,860.17,0.7821169477475102,6657.309082
6883,860.295,0.675506172720356,6657.395508
6884,860.42,0.597507400527588,6657.597168
6885,860.545,0.5108570027139314,6656.52832
6886,860.67,0.4425410668572441,6657.397461
6887,860.795,0.3702550845979215,6656.730469
6888,860.92,0.34590102782571047,6657.193359
6889,861.045,0.303739164962524,6657.829102
6890,861.17,0.27231443330089655,6658.495605
6891,861.295,0.24621022328647096,6657.337891
6892,861.42,0.2658289200276478,6655.053711
6893,861.545,0.28923617678346447,6654.012207
6894,861.67,0.32552193841061483,6652.742676
6895,861.795,0.37115155846748205,6654.591797
6896,861.919,0.39670314230865666,6654.331543
6897,862.045,0.45380141139182956,6653.898438
6898,862.17,0.48108348020038444,6654.908691
6899,862.295,0.5058237790600577,6654.446777
6900,862.42,0.5476033263626383,6654.90918
6901,862.545,0.5734569533333712,6654.013184
6902,862.67,0.5866173530780472,6653.725098
6903,862.795,0.5786036364709557,6654.678711
6904,862.92,0.550355988447463,6656.383789
6905,863.044,0.5415366921263598,6656.529297
6906,863.17,0.5318803991564406,6657.368164
6907,863.295,0.5878987316863877,6656.617188
6908,863.42,0.6026786833876857,6655.833984
6909,863.545,0.6415840809132168,6656.441895
6910,863.67,0.6675095961536549,6655.921387
6911,863.794,0.6664177489328783,6655.979492
6912,863.92,0.6583367168582338,6657.599121
6913,864.045,0.6333830101473987,6657.512207
6914,864.169,0.5940071703920169,6657.107422
6915,864.295,0.5457640510158265,6656.325195
6916,864.42,0.47613746000683627,6656.354492
6917,864.545,0.4480920499418813,6656.355469
6918,864.67,0.3947713417199725,6656.961914
6919,864.794,0.3918286043673825,6657.917969
6920,864.92,0.43261695157060837,6656.499512
6921,865.044,0.49564876680731734,6656.671875
6922,865.169,0.5707356644602318,6656.791016
6923,865.294,0.6189545083682202,6657.163086
6924,865.42,0.6666242021049814,6657.395508
6925,865.545,0.6734348683829366,6657.365723
6926,865.67,0.634582645952064,6656.961914
6927,865.794,0.5922619509938494,6657.280762
6928,865.92,0.5268903205493362,6657.916016
6929,866.045,0.4775118953281671,6657.453125
6930,866.169,0.44635354423216744,6656.182129
6931,866.294,0.43438931032932476,6657.252441
6932,866.419,0.4559997683931592,6656.268066
6933,866.544,0.4896110576113986,6656.095703
6934,866.669,0.5315722404282145,6656.528809
6935,866.795,0.550139240082829,6656.209473
6936,866.92,0.5593298092506819,6656.52832
6937,867.044,0.5611094071879237,6657.078613
6938,867.169,0.5473320342734395,6656.440918
6939,867.294,0.5606279303596508,6657.13623
6940,867.42,0.5548937310750754,6656.90625
6941,867.544,0.562632271004778,6656.065918
6942,867.669,0.6110522324228213,6655.805664
6943,867.794,0.6101125001315024,6656.065918
6944,867.919,0.6135877941946963,6656.52832
6945,868.044,0.5928932192147592,6656.037109
6946,868.169,0.5523137491414347,6655.458008
6947,868.294,0.515567045486381,6656.006836
6948,868.42,0.529884811768609,6655.775879
6949,868.544,0.5546265761450784,6657.077637
6950,868.67,0.6197767671708201,6656.325684
6951,868.795,0.7051278781531228,6656.150879
6952,868.919,0.798032754574732,6656.06543
6953,869.044,0.8278932313265561,6656.963379
6954,869.169,0.8479614325603535,6657.798828
6955,869.294,0.8491306694157198,6657.249512
6956,869.419,0.8149809562942456,6656.324707
6957,869.544,0.7769107005528312,6656.208496
6958,869.669,0.7517693368460774,6656.063965
6959,869.794,0.7085816032630723,6655.399902
6960,869.919,0.6944694445151057,6654.563477
6961,870.045,0.6888914622869406,6654.070801
6962,870.169,0.6652483001556808,6654.302246
6963,870.294,0.6642174713553497,6653.839844
6964,870.419,0.7203994391520371,6653.637695
6965,870.544,0.8111415395620495,6653.377441
6966,870.669,0.8880513514562819,6654.129395
6967,870.794,0.9724928792133162,6652.686035
6968,870.92,0.9618044204342471,6654.098633
6969,871.044,0.8582183690964414,6653.638184
6970,871.169,0.7492169025653443,6651.876953
6971,871.294,0.6410715134276779,6653.549805
6972,871.419,0.6117448400153812,6652.886719
6973,871.544,0.6607294081727914,6653.406738
6974,871.669,0.821011006304488,6653.118652
6975,871.794,0.9430269983153275,6652.511719
6976,871.919,1.1045547374909606,6651.876953
6977,872.044,1.1756158513263852,6652.772461
6978,872.169,1.1896743581654894,6652.080078
6979,872.294,1.1731510148789397,6651.040527
6980,872.419,1.1358992456214392,6650.665039
6981,872.544,1.1717456681195928,6651.847168
6982,872.67,1.160299212240758,6652.048828
6983,872.794,1.151256267037794,6650.664551
6984,872.919,1.1481972840569232,6651.616699
6985,873.044,1.1596504073147205,6651.586914
6986,873.169,1.211459749052563,6650.865723
6987,873.294,1.2149185989522677,6650.548828
6988,873.419,1.2837039134557533,6651.529297
6989,873.544,1.3202673265357516,6651.789063
6990,873.669,1.3340459443300616,6651.789063
6991,873.794,1.2878225188258359,6651.5
6992,873.919,1.2402860135643523,6650.808594
6993,874.045,1.0987293093292525,6650.89502
6994,874.169,1.0115958598741621,6650.54834
6995,874.294,0.8909169560817185,6650.808105
6996,874.419,0.9030746173534204,6651.09668
6997,874.544,0.8623109703075851,6650.54834
6998,874.669,0.9226098844464089,6650.347168
6999,874.794,0.9473439417872238,6650.576172
7000,874.919,1.0273055317772943,6650.085938
7001,875.044,1.0270930007780414,6650.259277
7002,875.169,1.0368114483723232,6649.797363
7003,875.294,1.0213184112017448,6650.258789
7004,875.419,0.9643455380297088,6650.519531
7005,875.544,0.9826686446034131,6650.865234
7006,875.669,1.0015504472535426,6650.720703
7007,875.794,1.0315022220572714,6650.922852
7008,875.919,1.0268422993302018,6650.143066
7009,876.044,0.9924288900676296,6650.952148
7010,876.169,0.8669554197308054,6651.819336
7011,876.294,0.7515660114064622,6651.817871
7012,876.419,0.6604700614005327,6651.443848
7013,876.544,0.566604929740598,6651.036621
7014,876.669,0.6584769446619498,6651.443359
7015,876.794,0.7774581784263305,6651.787598
7016,876.919,0.8814245717900007,6652.508301
7017,877.044,1.0288189725844357,6651.730469
7018,877.169,1.1456072642358652,6652.047852
7019,877.294,1.2099078437543591,6651.817871
7020,877.419,1.2173844199224364,6652.277832
7021,877.544,1.2117244617819782,6650.258789
7022,877.669,1.208924204695058,6651.875977
7023,877.794,1.1698410371993213,6651.212891
7024,877.919,1.1436164634281165,6651.702637
7025,878.044,1.0605424461144484,6651.5
7026,878.169,0.945036832159023,6651.441406
7027,878.294,0.9006169438628742,6651.643066
7028,878.419,0.8112636280516355,6649.85498
7029,878.544,0.8318889784085314,6648.382813
7030,878.669,0.8908787886264725,6647.953613
7031,878.794,1.0291177415560189,6647.720703
7032,878.919,1.1818409265951135,6648.152344
7033,879.044,1.2830495391607948,6646.681152
7034,879.169,1.377929471311569,6647.288574
7035,879.293,1.431713514637283,6648.125
7036,879.419,1.4226343027087176,6646.970215
7037,879.544,1.4029985031240744,6647.432129
7038,879.669,1.3699751329040788,6647.22998
7039,879.794,1.3310157409689265,6647.834961
7040,879.919,1.3137190670152175,6647.115723
7041,880.044,1.3204527710808052,6647.085449
7042,880.169,1.2934702633722073,6647.17334
7043,880.293,1.2635560990861034,6648.584961
7044,880.419,1.2467297327639313,6648.556152
7045,880.544,1.2395134279247435,6648.786621
7046,880.669,1.2426834125381663,6648.410645
7047,880.794,1.3201900993264104,6647.084473
7048,880.919,1.366355032975123,6647.201172
7049,881.044,1.4360381240789302,6647.230469
7050,881.169,1.4493660922697955,6647.172363
7051,881.293,1.447013889857414,6648.325684
7052,881.419,1.4411593763234078,6647.835449
7053,881.544,1.3902665585371243,6648.439941
7054,881.668,1.338334583352582,6647.890625
7055,881.794,1.2881969688167658,6648.296875
7056,881.919,1.2836505829973557,6648.641113
7057,882.044,1.2814922570801865,6647.689453
7058,882.169,1.2946168953139612,6648.035645
7059,882.294,1.3056942029410177,6648.036133
7060,882.419,1.3188171200300955,6647.949707
7061,882.544,1.2652814405269042,6648.410156
7062,882.668,1.241726326178744,6648.84375
7063,882.793,1.1970767557240294,6648.181152
7064,882.919,1.1453864112684442,6648.353516
7065,883.043,1.1146341028401971,6648.036133
7066,883.168,1.1472459203591667,6648.526855
7067,883.294,1.1294074881369789,6648.121582
7068,883.419,1.1930425756862821,6648.324219
7069,883.544,1.1605435059074416,6647.947266
7070,883.668,1.1147163855561344,6648.063965
7071,883.793,1.0875840843665878,6648.151855
7072,883.919,0.995558248153713,6647.48877
7073,884.043,0.9718319782346345,6648.441406
7074,884.169,0.9717465862522826,6648.410645
7075,884.294,0.9591016312198772,6649.01709
7076,884.419,0.9859700868472713,6648.324707
7077,884.544,0.990426620095599,6648.093262
7078,884.668,1.027382658632806,6647.861328
7079,884.793,1.0827106201971537,6647.746582
7080,884.918,1.0066318920034731,6648.64209
7081,885.043,1.0762901130153495,6648.352539
7082,885.168,1.0527411276524157,6648.410156
7083,885.293,1.0565911711954048,6648.206543
7084,885.419,1.0732784105509903,6648.293945
7085,885.543,1.0671173245838685,6648.727051
7086,885.668,1.1513060018761403,6647.833496
7087,885.793,1.1452538684404414,6647.917969
7088,885.919,1.1311961514558344,6649.44873
7089,886.043,1.181014733392361,6647.025879
7090,886.168,1.1693576246292865,6649.390137
7091,886.293,1.1935512113677806,6648.900391
7092,886.418,1.1491514313273161,6648.87207
7093,886.544,1.0959635453889023,6648.40918
7094,886.668,0.9827527392303604,6648.408203
7095,886.793,0.9707000900843465,6647.48584
7096,886.919,1.0048608138157735,6648.208496
7097,887.043,0.9901843001484757,6647.429199
7098,887.168,1.095681577285915,6645.958496
7099,887.293,1.180474225629599,6645.209961
7100,887.418,1.1895402243428788,6645.354492
7101,887.543,1.2077249030065553,6645.15332
7102,887.668,1.0240693073140517,6645.065918
7103,887.793,0.9761783685202229,6644.892578
7104,887.918,0.863384163310228,6644.519531
7105,888.043,0.8740627312684762,6643.653809
7106,888.168,0.8715882251346918,6643.311523
7107,888.293,1.0157293359598545,6643.021973
7108,888.418,1.281144210762183,6644.029785
7109,888.543,1.3369295029252428,6642.791016
7110,888.668,1.4551170822274155,6643.741699
7111,888.793,1.4408139953262367,6643.251953
7112,888.918,1.5018703739011532,6642.992676
7113,889.043,1.403696321852254,6643.884766
7114,889.168,1.3497309647202387,6644.346191
7115,889.293,1.26869119064729,6644.60498
7116,889.418,1.401292449920718,6644.316895
7117,889.543,1.4070088963306588,6644.489746
7118,889.668,1.490564576841369,6644.748047
7119,889.793,1.4794301500595046,6643.856934
7120,889.918,1.3887750345657464,6643.796875
7121,890.043,1.3602722931782736,6643.654297
7122,890.168,1.271832059121083,6643.884277
7123,890.293,1.3357291975388346,6642.676758
7124,890.418,1.3313300283860028,6644.113281
7125,890.543,1.363932788083402,6644.085938
7126,890.668,1.4333753052954499,6643.508789
7127,890.793,1.412518028993455,6644.288086
7128,890.918,1.290358445403063,6642.934082
7129,891.043,1.1346139319695348,6642.819824
7130,891.168,1.0102315511798359,6643.134766
7131,891.293,0.9177657372629786,6643.334961
7132,891.418,0.9270909459426775,6643.195313
7133,891.543,0.9775390164586192,6643.885742
7134,891.668,1.119128742774879,6644.057129
7135,891.793,1.3881696264550432,6644.086426
7136,891.918,1.3595790633963256,6645.208984
7137,892.043,1.464524520313594,6645.238281
7138,892.168,1.4906454382689283,6644.632813
7139,892.293,1.4176095012493437,6644.518555
7140,892.418,1.5559998236613457,6645.179688
7141,892.543,1.5660407297465375,6643.969727
7142,892.668,1.7341539797887502,6644.631836
7143,892.793,1.6861864498864787,6644.83252
7144,892.918,1.5729685474259598,6644.774902
7145,893.043,1.1243470926854653,6643.999023
7146,893.168,0.39904282721853557,6644.661133
7147,893.293,-0.497360440061582,6644.170898
7148,893.418,-1.306905284884626,6644.373047
7149,893.543,-2.119021324064272,6643.999023
7150,893.668,-2.510848199290008,6644.803711
7151,893.793,-2.7143540824456633,6644.170898
7152,893.918,-2.511040083897555,6644.342773
7153,894.043,-2.1729407154788785,6644.431641
7154,894.168,-1.9075494440432557,6644.170898
7155,894.293,-1.6485430203799432,6644.287109
7156,894.417,-1.316109524441802,6644.920898
7157,894.543,-1.2912753094010996,6645.151367
7158,894.668,-1.1403234271710507,6645.813965
7159,894.792,-1.1826408021762158,6645.005859
7160,894.918,-1.0965490532628994,6645.668945
7161,895.043,-1.05042063462469,6644.946777
7162,895.168,-1.0613865403681448,6645.035156
7163,895.293,-1.0134694567371458,6644.284668
7164,895.418,-0.9989992556653823,6644.717285
7165,895.543,-1.054211862641029,6643.824707
7166,895.668,-0.9421895971687687,6641.837891
7167,895.792,-1.0378569591032945,6641.46582
7168,895.918,-0.9236555629000397,6642.126953
7169,896.043,-0.9544047385582615,6641.035645
7170,896.168,-0.8841074679502747,6641.783691
7171,896.292,-0.8960197476897198,6641.725586
7172,896.418,-0.839376003683824,6641.522949
7173,896.542,-0.9529078241137339,6641.292969
7174,896.668,-0.9799966037470599,6641.062988
7175,896.792,-0.9352452355870623,6641.523438
7176,896.918,-0.9526736680157905,6641.381348
7177,897.042,-0.9406273811862809,6641.121094
7178,897.167,-0.8183471991094331,6640.572754
7179,897.293,-0.7528108791473022,6641.552246
7180,897.417,-0.7056604007102139,6642.733398
7181,897.543,-0.7454049555225166,6642.445313
7182,897.668,-0.795244426687014,6641.264648
7183,897.793,-0.9412756214569812,6641.754395
7184,897.918,-1.0791383347488777,6641.436035
7185,898.042,-1.1556136404035366,6641.754395
7186,898.167,-1.2066385564360618,6641.03418
7187,898.292,-1.2563176038225476,6641.522949
7188,898.417,-1.1315737907046755,6642.876465
7189,898.542,-1.007959085178605,6642.18457
7190,898.668,-0.8695546471278696,6641.955566
7191,898.793,-0.7615555603098272,6642.387695
7192,898.918,-0.6470966049305287,6642.243652
7193,899.042,-0.6601227237243074,6641.983887
7194,899.167,-0.6847503114091301,6643.509277
7195,899.293,-0.7308159775123305,6642.646484
7196,899.418,-0.7835659778737379,6643.077148
7197,899.542,-0.7812477486876274,6645.208984
7198,899.667,-0.7631998307802419,6644.200195
7199,899.793,-0.8114613321705801,6644.460938
7200,899.917,-0.7222223606837573,6644.661621
7201,900.043,-0.6967989724826976,6644.201172
7202,900.167,-0.7280218584825575,6645.439941
7203,900.292,-0.6790417958901142,6645.237793
7204,900.418,-0.6839241612526629,6644.689453
7205,900.542,-0.6766196830257944,6644.719727
7206,900.668,-0.703760201204378,6645.411133
7207,900.792,-0.646833683637816,6644.950684
7208,900.917,-0.6518219689127399,6644.71875
7209,901.042,-0.6680591727629724,6644.949707
7210,901.167,-0.7179704168801067,6644.920898
7211,901.292,-0.6567606228757129,6646.044922
7212,901.417,-0.7047593657291583,6645.32373
7213,901.542,-0.6635812026607859,6645.784668
7214,901.667,-0.6916802354041041,6645.843262
7215,901.793,-0.6440932250892971,6644.058105
7216,901.917,-0.6718432165598689,6644.89209
7217,902.042,-0.674600217006873,6645.151367
7218,902.168,-0.687475669140232,6645.122559
7219,902.293,-0.7146011161133325,6646.04541
7220,902.417,-0.7235537844381318,6645.756348
7221,902.542,-0.68359787337385,6646.303223
7222,902.668,-0.7046836145907052,6645.986328
7223,902.792,-0.6773662405722867,6646.418457
7224,902.917,-0.8475524765489433,6646.245117
7225,903.042,-0.9535720914550933,6647.340332
7226,903.167,-1.1129594434375623,6647.341797
7227,903.292,-1.3176233692192372,6647.370117
7228,903.418,-1.3366689759196089,6647.80127
7229,903.542,-1.268836396070533,6647.51416
7230,903.667,-1.0762423635163998,6646.822266
7231,903.793,-0.904559585353093,6648.031738
7232,903.917,-0.696231786429221,6647.713867
7233,904.042,-0.6708051301843464,6647.282715
7234,904.167,-0.7550819391904214,6645.495605
7235,904.292,-0.8560421020685158,6644.37207
7236,904.417,-1.053872203709498,6644.604492
7237,904.542,-1.1657791806647715,6644.573242
7238,904.667,-1.274296773606512,6645.381836
7239,904.792,-1.3158896161642128,6644.201172
7240,904.917,-1.3183115554151805,6644.690918
7241,905.042,-1.2947591218222696,6644.602539
7242,905.167,-1.2016585649588616,6645.064453
7243,905.292,-1.129007650968947,6643.883301
7244,905.417,-1.0472973415959048,6643.854492
7245,905.542,-1.002426756852111,6644.632324
7246,905.667,-0.8951475755998334,6644.373047
7247,905.792,-0.9967546012679308,6643.650879
7248,905.917,-0.9772221824636077,6643.191406
7249,906.042,-1.0015438092171645,6643.682129
7250,906.167,-1.1100629311347208,6642.760254
7251,906.292,-1.1022031523779938,6643.132324
7252,906.417,-1.1138568919770102,6643.562988
7253,906.542,-1.1514051285562679,6643.334473
7254,906.667,-1.1649519023954682,6643.363281
7255,906.792,-1.0861684555157154,6642.843262
7256,906.917,-1.1557686847906858,6643.045898
7257,907.042,-1.1064081800007968,6643.824707
7258,907.167,-1.1671843045514474,6643.074219
7259,907.292,-1.1719273467786764,6643.565918
7260,907.417,-1.2095744581915011,6641.895996
7261,907.542,-1.1060640983764296,6639.679199
7262,907.667,-1.115270466872247,6639.850098
7263,907.792,-1.0664312183788847,6639.478516
7264,907.917,-1.1323532408989399,6639.219238
7265,908.042,-1.214328242072425,6639.189453
7266,908.167,-1.343318385035126,6639.391602
7267,908.292,-1.4745517861700779,6639.964844
7268,908.417,-1.5409685804710942,6639.591309
7269,908.542,-1.5966924339634199,6640.28125
7270,908.667,-1.493139433282355,6640.106934
7271,908.792,-1.47477027525525,6639.59082
7272,908.917,-1.2789723042501897,6639.475098
7273,909.042,-1.183221655367848,6640.453613
7274,909.167,-1.0804451569568112,6640.311523
7275,909.292,-1.0455308904871674,6639.619629
7276,909.417,-0.9890837217367142,6640.455078
7277,909.542,-1.04898660743229,6640.45459
7278,909.667,-1.05732245927826,6640.884277
7279,909.792,-1.0820531520846965,6640.365723
7280,909.916,-1.1102050320233008,6641.459961
7281,910.042,-1.1354388334930527,6641.518066
7282,910.167,-1.1578781780740615,6641.315918
7283,910.292,-1.2120681963282316,6641.201172
7284,910.417,-1.1844979463533918,6641.286621
7285,910.542,-1.2035668767349266,6640.82666
7286,910.667,-1.2045669604466356,6641.518066
7287,910.792,-1.204181028506732,6640.567383
7288,910.917,-1.2267310139253507,6640.597168
7289,911.042,-1.2552849058112634,6640.509277
7290,911.167,-1.1642069302337599,6640.077637
7291,911.292,-1.1429388832366527,6640.338379
7292,911.417,-1.1116195553228991,6639.990234
7293,911.542,-1.0648710686315805,6641.88916
7294,911.667,-1.0783457009535737,6641.343262
7295,911.792,-1.0568723786267271,6641.456055
7296,911.916,-1.1422460664139173,6641.285156
7297,912.042,-1.2157330096400336,6641.484863
7298,912.167,-1.2789907036899693,6639.874023
7299,912.292,-1.2951393018148445,6638.78125
7300,912.416,-1.2592601940610961,6639.5
7301,912.542,-1.208953541865793,6640.770508
7302,912.666,-1.1681095112743718,6639.157227
7303,912.792,-1.1035299855808187,6640.078613
7304,912.917,-1.0836920489355275,6639.156738
7305,913.041,-1.1673078080110724,6638.668945
7306,913.167,-1.1598476460621465,6639.589844
7307,913.292,-1.1883732189815193,6639.21582
7308,913.417,-1.255718464022777,6639.906738
7309,913.542,-1.2864724415185345,6639.675293
7310,913.666,-1.3404013075369414,6639.416504
7311,913.792,-1.303766712332282,6638.726074
7312,913.917,-1.252682310346292,6640.136719
7313,914.041,-1.2389097973981629,6639.387695
7314,914.167,-1.2042495678812923,6640.278809
7315,914.292,-1.130640783080239,6640.369141
7316,914.417,-1.1429137010891612,6639.964844
7317,914.542,-1.1599981002293664,6640.135254
7318,914.666,-1.1673037224147387,6639.560059
7319,914.792,-1.1825034798410345,6639.818848
7320,914.917,-1.1724477466752625,6640.479004
7321,915.041,-1.175011872051859,6640.307617
7322,915.166,-1.136073492780053,6639.819824
7323,915.291,-1.1544320349642136,6640.337402
7324,915.416,-1.1373273891664546,6639.617676
7325,915.541,-1.2124253386686836,6640.396484
7326,915.666,-1.2705389488292291,6640.366211
7327,915.792,-1.4552042071626583,6640.597656
7328,915.917,-1.5397534897867784,6640.569336
7329,916.041,-1.6783954465729893,6640.972168
7330,916.167,-1.7307885303038932,6641.404785
7331,916.291,-1.7586946869739057,6641.144043
7332,916.416,-1.7614829497722229,6640.59668
7333,916.542,-1.7633882993766052,6640.943359
7334,916.666,-1.7512749432033907,6639.934082
7335,916.791,-1.7765767413286926,6639.764648
7336,916.916,-1.8002701516447381,6640.137207
7337,917.041,-1.8542411611781655,6639.245117
7338,917.166,-1.8910806779736185,6640.220215
7339,917.292,-1.9336193264296844,6640.25
7340,917.416,-1.913384050019022,6639.445801
7341,917.542,-1.9651087868358166,6641.458496
7342,917.666,-1.9572330865783822,6640.336914
7343,917.792,-1.9709046837792576,6640.739258
7344,917.916,-1.957333675646941,6640.019531
7345,918.041,-1.9576837074354223,6639.962402
7346,918.166,-2.022570844413574,6639.617676
7347,918.291,-2.014969298825635,6640.161621
7348,918.416,-2.0722837728632224,6640.02002
7349,918.541,-2.090926554759012,6639.069336
7350,918.667,-2.1455365452621034,6639.847168
7351,918.791,-2.100527640773851,6639.989746
7352,918.916,-2.128688261551499,6640.02002
7353,919.041,-2.1423702700329805,6639.128418
7354,919.167,-2.1176959813370018,6639.587891
7355,919.292,-2.1851247145001533,6640.508789
7356,919.416,-2.2030922535438133,6639.671875
7357,919.541,-2.2869914264084796,6640.650879
7358,919.667,-2.3439847044274997,6639.989746
7359,919.791,-2.385284033587005,6640.73877
7360,919.916,-2.400990784464348,6640.534668
7361,920.041,-2.3956667386492967,6640.564453
7362,920.166,-2.3788739651566573,6640.161621
7363,920.291,-2.3656633602279067,6641.313477
7364,920.416,-2.279578415041251,6641.026367
7365,920.541,-2.2570919393768603,6641.312988
7366,920.666,-2.2634603692600286,6640.994629
7367,920.792,-2.2313793833048297,6639.81543
7368,920.916,-2.219410990539187,6638.838379
7369,921.041,-2.2016863245275764,6637.630371
7370,921.166,-2.2063301264592736,6638.037109
7371,921.291,-2.263260891920203,6637.375488
7372,921.416,-2.2729339519895175,6637.719238
7373,921.541,-2.347204735304857,6636.770508
7374,921.666,-2.3441624149486433,6638.637207
7375,921.791,-2.3164503643264185,6638.007324
7376,921.916,-2.2659198030831824,6638.236816
7377,922.041,-2.187730115822742,6637.719238
7378,922.166,-2.1792706943657945,6637.577637
7379,922.291,-2.142586958213503,6637.924316
7380,922.416,-2.1263023283166427,6637.777832
7381,922.541,-2.1383169740096277,6637.086914
7382,922.666,-2.1436567643695064,6637.145996
7383,922.791,-2.145722571489638,6637.287598
7384,922.916,-2.141948777958211,6637.088379
7385,923.041,-2.1111666603234815,6635.018066
7386,923.166,-2.1406821581680475,6635.018066
7387,923.291,-2.1413594172839723,6636.196777
7388,923.416,-2.1603786249408663,6635.679199
7389,923.541,-2.1847184005287597,6635.908691
7390,923.666,-2.1630199177783664,6636.45752
7391,923.791,-2.1684808825305515,6637.088379
7392,923.916,-2.1403424547028,6636.71582
7393,924.041,-2.086946127379949,6636.628418
7394,924.166,-2.1257963547548777,6637.459473
7395,924.291,-2.025806420232934,6636.944824
7396,924.416,-1.9609814043219098,6637.693359
7397,924.542,-1.9149764196845176,6636.456543
7398,924.666,-1.920373618274886,6636.310547
7399,924.791,-1.896772177923398,6636.599609
7400,924.916,-1.9156199986247169,6636.916016
7401,925.041,-1.9112527456952455,6636.227051
7402,925.166,-1.9599142212394332,6635.56543
7403,925.291,-1.945509483583721,6636.71582
7404,925.416,-1.9588340184540094,6636.687012
7405,925.541,-1.9368581372711045,6637.145996
7406,925.666,-1.900338753162126,6637.318359
7407,925.79,-1.8744631179535396,6637.834961
7408,925.915,-1.8607721197159255,6637.519531
7409,926.041,-1.8751887756511394,6637.48877
7410,926.166,-1.9591681936241794,6638.066406
7411,926.291,-1.9919581630337748,6637.488281
7412,926.416,-2.055829249728081,6638.668457
7413,926.541,-2.0510708166455847,6637.777832
7414,926.666,-2.0238796044361638,6637.919922
7415,926.79,-1.9653724766092324,6638.236816
7416,926.916,-1.8976534880558567,6639.012207
7417,927.041,-1.8665693754400539,6637.918945
7418,927.165,-1.818345988560932,6639.270508
7419,927.291,-1.757910610178133,6639.328613
7420,927.415,-1.7242388151356487,6639.558105
7421,927.541,-1.7090590597848971,6638.521484
7422,927.666,-1.664527965521323,6638.520996
7423,927.791,-1.6421146271382252,6637.229492
7424,927.916,-1.625197762010196,6635.535645
7425,928.041,-1.6367027987975356,6635.566406
7426,928.165,-1.6688237854289236,6636.516113
7427,928.291,-1.6729293941073093,6635.937988
7428,928.415,-1.6968028783034095,6635.650391
7429,928.541,-1.6896815660218014,6635.537598
7430,928.666,-1.6519807129609303,6635.938965
7431,928.791,-1.664615747576484,6635.680176
7432,928.916,-1.6355038608338848,6635.360352
7433,929.041,-1.634066004078729,6636.339844
7434,929.165,-1.6339103886819695,6635.996582
7435,929.291,-1.608268407306212,6635.650391
7436,929.415,-1.619589712122678,6634.500977
7437,929.54,-1.5462347022675125,6635.479004
7438,929.666,-1.5045989743964618,6635.708496
7439,929.791,-1.479817107696693,6636.798828
7440,929.916,-1.4392901497644357,6635.879883
7441,930.04,-1.405494130792683,6637.258789
7442,930.165,-1.4112864018258937,6636.569824
7443,930.291,-1.390018231683495,6636.399414
7444,930.416,-1.3433133989430663,6636.512207
7445,930.54,-1.3609674912179563,6635.650391
7446,930.666,-1.3502249500288426,6635.591797
7447,930.791,-1.3431899685681499,6635.450195
7448,930.916,-1.3835710266851688,6635.967285
7449,931.041,-1.4231245381595228,6635.102539
7450,931.165,-1.432975640919605,6635.508301
7451,931.291,-1.485786168815943,6635.535645
7452,931.415,-1.4727491411460016,6634.588379
7453,931.54,-1.4448124346997335,6634.585449
7454,931.666,-1.42272563590506,6634.818359
7455,931.791,-1.406427449178865,6635.535645
7456,931.916,-1.3962755168675658,6634.414063
7457,932.041,-1.4287787607501323,6633.98291
7458,932.165,-1.4282434488837759,6633.152832
7459,932.291,-1.3982716305701668,6633.322754
7460,932.416,-1.366126789590547,6632.893555
7461,932.54,-1.3460747316136117,6632.545898
7462,932.666,-1.31870938558643,6633.036133
7463,932.791,-1.31713926433013,6633.323242
7464,932.915,-1.2843296965545148,6632.746582
7465,933.04,-1.2791172326989952,6633.064941
7466,933.165,-1.1852354773239326,6632.977539
7467,933.29,-1.1570996994760492,6633.58252
7468,933.415,-1.0908051363298568,6634.013184
7469,933.54,-1.0666411695334974,6632.719238
7470,933.665,-1.0745579997265586,6632.316895
7471,933.79,-1.0673211287560487,6632.805664
7472,933.916,-1.1494880526599909,6633.007813
7473,934.041,-1.2394520559399802,6632.029785
7474,934.165,-1.2919094255203756,6632.977051
7475,934.291,-1.3477232819689449,6632.001465
7476,934.415,-1.3488470534812398,6632.919922
7477,934.54,-1.328599700140957,6633.608398
7478,934.665,-1.295833765303669,6631.912598
7479,934.791,-1.2786234453997036,6632.40332
7480,934.915,-1.2928742066276504,6630.822754
7481,935.041,-1.3787013348469084,6632.058105
7482,935.165,-1.4385738382102444,6632.259277
7483,935.29,-1.4896336577868432,6631.770996
7484,935.415,-1.5695932292161232,6630.793457
7485,935.54,-1.50983543545139,6631.140625
7486,935.665,-1.4576503379238257,6630.764648
7487,935.79,-1.3461850279229826,6631.110352
7488,935.915,-1.2355826097045168,6631.366699
7489,936.04,-1.1797740631076725,6631.225098
7490,936.165,-1.1092253120106492,6631.571777
7491,936.29,-1.1217841759831655,6632.0
7492,936.415,-1.1175920808783204,6631.541504
7493,936.54,-1.105566618655565,6630.908203
7494,936.665,-1.0959915629333539,6631.424316
7495,936.79,-1.0397190709470105,6631.425293
7496,936.915,-0.9761993193917973,6631.166016
7497,937.04,-0.9009240774235726,6631.824707
7498,937.165,-0.8913630133398981,6632.627441
7499,937.29,-0.848783493686739,6631.366211
7500,937.415,-0.8928448796737777,6632.16748
7501,937.54,-0.9585780706724978,6631.050293
7502,937.665,-0.9339667939046521,6629.730469
7503,937.791,-1.031202894632121,6629.847656
7504,937.915,-0.9793851620988518,6628.242676
7505,938.041,-0.862535896049118,6628.501465
7506,938.165,-0.8281713544627374,6629.246582
7507,938.29,-0.7224734852014346,6629.388672
7508,938.415,-0.7232667540278684,6629.477051
7509,938.54,-0.6843293084546256,6628.617676
7510,938.665,-0.7058084185959692,6628.444824
7511,938.79,-0.754413629545809,6628.188477
7512,938.915,-0.7925240342287975,6629.304688
7513,939.04,-0.7904978717262509,6628.815918
7514,939.165,-0.7961096729734782,6629.359863
7515,939.29,-0.8301938735091539,6629.963379
7516,939.415,-0.7923764045493872,6628.129883
7517,939.54,-0.8067161181408017,6627.699219
7518,939.665,-0.7433663379874421,6628.788086
7519,939.79,-0.7028179062129155,6628.528809
7520,939.915,-0.7058996468651332,6628.128906
7521,940.04,-0.7228711056750258,6629.304199
7522,940.165,-0.7836591956771998,6628.530762
7523,940.29,-0.8309708905654646,6627.899902
7524,940.415,-0.8940645406914196,6626.723633
7525,940.54,-0.9529902887204679,6627.642578
7526,940.665,-1.0190053307129543,6627.211914
7527,940.79,-0.9640544055903312,6627.067871
7528,940.915,-0.850437013935354,6627.153809
7529,941.041,-0.806201300986258,6627.499023
7530,941.165,-0.7586042408729898,6627.699707
7531,941.289,-0.6874457220388711,6626.466309
7532,941.415,-0.652544436231262,6627.32666
7533,941.54,-0.6248489622032659,6627.841309
7534,941.665,-0.6678593050855242,6627.211426
7535,941.79,-0.621492164487135,6628.041016
7536,941.915,-0.6248807935240526,6627.783203
7537,942.04,-0.6013464940101355,6627.208496
7538,942.164,-0.5414645094634044,6626.980957
7539,942.29,-0.5088204382765528,6626.808105
7540,942.415,-0.4680325444510474,6627.66748
7541,942.54,-0.41092648002884796,6627.237793
7542,942.665,-0.4535854128780626,6627.007813
7543,942.79,-0.4439237333064742,6627.637695
7544,942.915,-0.5503888886784684,6626.751465
7545,943.04,-0.5465734913256611,6626.578613
7546,943.165,-0.6418215891746607,6626.549805
7547,943.289,-0.7335408970899873,6626.52002
7548,943.415,-0.780537774582085,6626.492188
7549,943.54,-0.7690462990670996,6626.233398
7550,943.665,-0.7936501153047472,6626.0625
7551,943.79,-0.7884467354342005,6626.921387
7552,943.915,-0.7803667545043421,6625.916992
7553,944.04,-0.7161379125221009,6626.263184
7554,944.165,-0.7630783881469836,6626.062988
7555,944.289,-0.7480375740919393,6625.974609
7556,944.415,-0.8107700938752057,6626.03418
7557,944.54,-0.8284313594570074,6626.778809
7558,944.665,-0.8654429610199026,6626.291016
7559,944.79,-0.7977638117410124,6626.491699
7560,944.915,-0.8055316784826119,6626.89209
7561,945.04,-0.7742146375815895,6628.784668
7562,945.165,-0.7758551303168344,6626.863281
7563,945.291,-0.824789343012975,6626.950684
7564,945.415,-0.880849583425375,6627.151855
7565,945.54,-0.8991730976384856,6627.550293
7566,945.664,-0.9416305581160229,6628.66748
7567,945.789,-0.8918930873666189,6628.210449
7568,945.915,-0.8189915181526426,6627.810547
7569,946.039,-0.77273743896117,6628.238281
7570,946.164,-0.69957988417139,6628.180664
7571,946.289,-0.6665807424077073,6628.955566
7572,946.415,-0.6693921055595836,6629.125977
7573,946.539,-0.6556382469937438,6629.784668
7574,946.664,-0.6653949964938458,6629.326172
7575,946.789,-0.6350965828159753,6628.268555
7576,946.915,-0.6655722769180359,6629.384277
7577,947.039,-0.6404684114867939,6628.722656
7578,947.164,-0.7178820877415782,6627.72168
7579,947.289,-0.7075820861294824,6624.658691
7580,947.414,-0.7132820207505093,6625.833008
7581,947.539,-0.7100045417034333,6624.571289
7582,947.664,-0.7202337171412266,6624.199707
7583,947.789,-0.6615691673881695,6624.142578
7584,947.914,-0.6896854166071824,6623.515137
7585,948.039,-0.6864609187466751,6623.654297
7586,948.164,-0.6439567710749178,6623.742188
7587,948.289,-0.6055915675381983,6623.942871
7588,948.414,-0.570503788224875,6624.658203
7589,948.539,-0.5245322250866211,6623.312988
7590,948.664,-0.46007020923241426,6622.539551
7591,948.789,-0.44178405508654467,6624.258789
7592,948.914,-0.44132933218574916,6625.20459
7593,949.039,-0.41948111047501524,6625.461914
7594,949.164,-0.41380483651803196,6624.229492
7595,949.289,-0.45286792277234045,6624.946289
7596,949.414,-0.44788576718789885,6624.375
7597,949.539,-0.5110880958584731,6623.200195
7598,949.664,-0.5405680568807301,6623.430176
7599,949.789,-0.5554733018555903,6623.771484
7600,949.914,-0.5715590272089068,6623.916992
7601,950.039,-0.5218732056261363,6623.371582
7602,950.165,-0.4575525001147246,6622.914063
7603,950.289,-0.42940948660649064,6623.541992
7604,950.414,-0.4326207320568561,6623.027344
7605,950.539,-0.38525208092786034,6623.312988
7606,950.664,-0.4341374809472394,6623.57373
7607,950.789,-0.4086238157575408,6624.22998
7608,950.914,-0.44966226522758357,6624.54541
7609,951.039,-0.461566692603646,6624.029785
7610,951.164,-0.4045678512132929,6623.455078
7611,951.289,-0.4144253003725957,6623.114746
7612,951.414,-0.3645319884193472,6623.941895
7613,951.539,-0.45586328422954703,6622.768555
7614,951.665,-0.5510574452984406,6623.884277
7615,951.789,-0.6506753289482321,6625.029297
7616,951.914,-0.8161847222430996,6624.341309
7617,952.039,-0.7656319176450925,6623.113281
7618,952.164,-0.7437773072533242,6622.744141
7619,952.289,-0.5330843931985811,6622.772949
7620,952.414,-0.3354226125085788,6623.114258
7621,952.539,-0.2618803329756597,6623.541992
7622,952.664,-0.21025524342652563,6624.088379
7623,952.789,-0.269606253380774,6625.203613
7624,952.914,-0.2931191719607706,6623.571777
7625,953.039,-0.3690835933793667,6623.513184
7626,953.164,-0.4162185352962389,6624.458496
7627,953.289,-0.33985652750198664,6623.056152
7628,953.414,-0.375105282433451,6624.428711
7629,953.539,-0.33470560593571486,6622.111328
7630,953.664,-0.35675743494943424,6623.884766
7631,953.789,-0.33900257160007835,6624.141602
7632,953.915,-0.3928715700063554,6623.683594
7633,954.039,-0.3673423376213694,6624.14209
7634,954.164,-0.3484877896623147,6624.428223
7635,954.289,-0.3445346951998094,6624.600586
7636,954.414,-0.29053587328676256,6624.541504
7637,954.54,-0.2964244384227361,6624.454102
7638,954.664,-0.3137129662789827,6624.254883
7639,954.789,-0.3166678754676631,6625.346191
7640,954.914,-0.31234158826523417,6624.255371
7641,955.039,-0.24004114789403924,6625.230469
7642,955.164,-0.15149300619853662,6625.487793
7643,955.289,-0.0973600387446826,6625.687012
7644,955.414,-0.050859810682049915,6626.833008
7645,955.539,-0.046285588930398656,6626.087402
7646,955.664,-0.10897881097662748,6626.516602
7647,955.789,-0.23860115037986476,6625.084473
7648,955.914,-0.22865580937329777,6625.745117
7649,956.039,-0.3286209245391153,6624.888184
7650,956.164,-0.34207343898563775,6625.345703
7651,956.289,-0.26200523520854047,6626.003906
7652,956.414,-0.21142389210792786,6626.119629
7653,956.539,-0.16025422824596133,6626.865723
7654,956.664,-0.24425415766119468,6626.492188
7655,956.789,-0.33300047348677325,6627.324219
7656,956.914,-0.47775368284056663,6627.525879
7657,957.039,-0.60620890817168,6627.265137
7658,957.164,-0.6438124817701038,6627.525879
7659,957.289,-0.641255892521531,6627.153809
7660,957.414,-0.5380246991426318,6627.037598
7661,957.539,-0.3612569544610709,6627.753418
7662,957.664,-0.18867380787644433,6627.181152
7663,957.788,-0.1163130740472932,6628.012207
7664,957.914,-0.12954384855904585,6627.466797
7665,958.039,-0.15236148081626805,6628.100586
7666,958.164,-0.21898525321611778,6627.955078
7667,958.289,-0.25108215822550783,6629.1875
7668,958.414,-0.2524867954020633,6627.149902
7669,958.54,-0.22865004745131293,6627.695801
7670,958.664,-0.18600163386425053,6628.271484
7671,958.788,-0.09131491664427707,6627.180664
7672,958.914,-0.08063398557386198,6628.470215
7673,959.039,-0.020973855553320455,6627.552246
7674,959.164,0.030549849450245244,6627.782227
7675,959.289,0.024001563294124874,6626.290527
7676,959.414,-0.00318136464700824,6628.126953
7677,959.539,0.012208451310894368,6627.209473
7678,959.663,-0.017767979671906606,6627.49707
7679,959.789,-0.02238251263031656,6627.237793
7680,959.914,-0.011683646700055884,6627.524902
7681,960.039,0.0055788876595724785,6626.808594
7682,960.163,0.0453745503356655,6627.178711
7683,960.289,0.04684474749554757,6626.491211
7684,960.413,0.02945313186566261,6626.148438
7685,960.539,0.02716799880119865,6626.03418
7686,960.663,-0.029009299224843726,6627.378418
7687,960.788,-0.04144244493072448,6626.520996
7688,960.914,-0.06491493735998834,6626.980469
7689,961.039,-0.054093534923381224,6627.179199
7690,961.163,-0.050843138580674255,6628.125977
7691,961.289,-0.011616608310530407,6627.609375
7692,961.414,0.07336207315237332,6627.26416
7693,961.538,0.15754093291422236,6627.064941
7694,961.663,0.17732227087570626,6626.175293
7695,961.788,0.18739446548708172,6626.920898
7696,961.914,0.14970476505155605,6626.175293
7697,962.039,0.0954506423960853,6626.891113
7698,962.163,-0.001931384241370936,6627.120605
7699,962.289,-0.029515393763751764,6627.379395
7700,962.414,0.011284154102356522,6627.496094
7701,962.538,0.08332651424736406,6627.722656
7702,962.663,0.18121243844006812,6627.320801
7703,962.789,0.28809425623498425,6627.233398
7704,962.913,0.3589450576424429,6627.23291
7705,963.038,0.42905585415783415,6627.322266
7706,963.163,0.45170648391113455,6626.691406
7707,963.289,0.4803952394101142,6627.463867
7708,963.413,0.5012827728050719,6626.745605
7709,963.538,0.5676433518618497,6627.235352
7710,963.663,0.5927284653561329,6627.722656
7711,963.788,0.6492422413880589,6627.634277
7712,963.913,0.6216655228712062,6629.468262
7713,964.039,0.595199744375586,6629.239258
7714,964.163,0.5618512018105822,6628.521484
7715,964.288,0.5284385747676714,6627.403809
7716,964.414,0.5606276373021148,6627.176758
7717,964.538,0.5845191198950693,6628.179688
7718,964.663,0.6307023447964146,6628.351563
7719,964.789,0.6712377659315328,6628.349121
7720,964.913,0.6630573534658011,6628.149414
7721,965.038,0.6491364294448289,6627.693848
7722,965.163,0.6479222472592632,6627.405762
7723,965.288,0.6060898680011875,6628.40918
7724,965.414,0.6050627846036881,6627.980957
7725,965.538,0.6435934953758541,6628.092285
7726,965.663,0.6224623965228798,6628.234375
7727,965.788,0.6661178845474797,6626.229004
7728,965.913,0.6530261337383916,6627.034668
7729,966.038,0.6600280704680975,6627.174805
7730,966.163,0.6527806160182656,6627.205566
7731,966.288,0.6637529548742584,6626.804199
7732,966.413,0.6802596203285615,6627.404297
7733,966.538,0.7124889449117482,6627.20459
7734,966.663,0.7111170308129343,6627.97998
7735,966.789,0.6636417378459122,6627.634766
7736,966.913,0.6232794979532532,6627.86377
7737,967.038,0.5000564870759956,6627.979004
7738,967.163,0.33335162433376325,6627.722656
7739,967.288,0.16498265500655457,6627.375977
7740,967.414,0.06312401709903416,6627.005859
7741,967.538,0.08974395029779528,6627.693848
7742,967.663,0.21970831217584866,6626.546387
7743,967.788,0.36387421252907703,6628.268555
7744,967.913,0.5299756848175475,6626.805664
7745,968.038,0.545905419955674,6627.492676
7746,968.163,0.599472286990435,6626.57666
7747,968.289,0.5933707199303153,6626.492188
7748,968.413,0.5383324626332351,6626.175293
7749,968.538,0.5191138940711646,6626.662109
7750,968.663,0.5567116913784483,6626.146484
7751,968.788,0.5471626431162782,6626.864258
7752,968.913,0.6434273721977749,6626.633789
7753,969.038,0.6178777998742374,6626.546875
7754,969.163,0.6782759505540079,6626.174805
7755,969.288,0.6930491330750207,6626.20459
7756,969.413,0.6775368758678435,6626.375488
7757,969.538,0.6901979187274052,6626.486816
7758,969.663,0.7258357072222906,6627.520996
7759,969.788,0.740998073523525,6626.979004
7760,969.913,0.7407630172172954,6627.579102
7761,970.038,0.7135996667179676,6626.60498
7762,970.163,0.7325029934144318,6626.375
7763,970.288,0.734012645579786,6627.751465
7764,970.413,0.7236256401851725,6627.634277
7765,970.538,0.7353700308239088,6627.032715
7766,970.663,0.7456919529065924,6628.209473
7767,970.788,0.7479159271359493,6627.549805
7768,970.913,0.7004594174658391,6628.039063
7769,971.038,0.6859429932556174,6627.320313
7770,971.163,0.6788573576659032,6627.233887
7771,971.288,0.669947137925248,6627.493164
7772,971.413,0.6606377552102594,6627.322266
7773,971.538,0.629806802149141,6627.233398
7774,971.663,0.6238655857411788,6626.058594
7775,971.788,0.6226109279759157,6627.20459
7776,971.913,0.5439373519246231,6627.20459
7777,972.038,0.48114494211080683,6627.346191
7778,972.163,0.41532966323512777,6627.862305
7779,972.288,0.308770242327268,6627.775879
7780,972.413,0.28113109464387576,6628.521973
7781,972.539,0.25470868735685004,6625.28418
7782,972.663,0.26832738003596845,6625.513184
7783,972.788,0.34053591123726645,6624.912109
7784,972.913,0.4093441139841991,6625.084473
7785,973.038,0.4777256122308648,6622.677246
7786,973.163,0.5387259347434913,6622.910156
7787,973.288,0.5844087837573455,6621.907715
7788,973.413,0.6050221505673281,6622.10791
7789,973.538,0.5651168210070112,6621.648926
7790,973.663,0.553021771969639,6621.994141
7791,973.788,0.5381527964341074,6621.565918
7792,973.913,0.519352263119908,6621.13623
7793,974.038,0.5117381905163932,6621.336914
7794,974.163,0.5271510050429492,6621.020508
7795,974.287,0.5172738335695337,6621.279297
7796,974.413,0.5441146616295394,6621.049316
7797,974.538,0.5562412494475956,6621.993652
7798,974.663,0.5891345007755745,6622.023926
7799,974.788,0.625936842162468,6621.56543
7800,974.913,0.6300678378105352,6622.223145
7801,975.038,0.6404888651351367,6621.478516
7802,975.163,0.6009936631380415,6621.506836
7803,975.288,0.5573044490801092,6621.765625
7804,975.413,0.5068468763489569,6621.507813
7805,975.538,0.46599942959789703,6621.994141
7806,975.663,0.4473187866803666,6621.708496
7807,975.788,0.4642755163480778,6621.677734
7808,975.913,0.4994759828960392,6622.053223
7809,976.038,0.5292689765260313,6621.390625
7810,976.162,0.5107345384424291,6621.191406
7811,976.288,0.5582344052514611,6621.849121
7812,976.413,0.5483247492408412,6621.303711
7813,976.537,0.5725634234366258,6621.589844
7814,976.662,0.5997910459507236,6623.080078
7815,976.788,0.6439010342376704,6621.194336
7816,976.913,0.6501313136822288,6620.850098
7817,977.037,0.5930876130000597,6622.166504
7818,977.162,0.4914339089271577,6621.078125
7819,977.288,0.3658915204858787,6622.164551
7820,977.412,0.22673296187588596,6621.078613
7821,977.537,0.13154358482989786,6621.766113
7822,977.662,0.12677247502957362,6621.507813
7823,977.787,0.18148947869180967,6621.249512
7824,977.912,0.2799744264013203,6621.82373
7825,978.037,0.3780343541601033,6621.449707
7826,978.162,0.47103930386861415,6621.278809
7827,978.287,0.5010504802180733,6622.652344
7828,978.412,0.48017570441184815,6622.023438
7829,978.537,0.4366190594891241,6622.253906
7830,978.662,0.370501874253806,6622.194336
7831,978.787,0.3429711030103532,6622.851074
7832,978.913,0.339290378992379,6621.449219
7833,979.037,0.3645362900941999,6622.166016
7834,979.162,0.3825472993133196,6622.277832
7835,979.287,0.38668254227954063,6622.623047
7836,979.412,0.3849758417180017,6622.562988
7837,979.537,0.36477194933732776,6621.420898
7838,979.662,0.3332453923284149,6621.677246
7839,979.788,0.3125395236853259,6621.820313
7840,979.913,0.25082678202645886,6622.736328
7841,980.037,0.25215356557381047,6622.307129
7842,980.162,0.2047115648099158,6622.219727
7843,980.288,0.252584558475778,6621.648438
7844,980.412,0.2730476094739344,6621.849121
7845,980.537,0.30717352418543703,6622.049805
7846,980.662,0.35127139512932065,6621.619629
7847,980.787,0.4019222361001678,6621.562012
7848,980.913,0.4280900130945887,6622.622559
7849,981.037,0.38691650496378105,6622.047852
7850,981.162,0.377486136301646,6622.336426
7851,981.288,0.34923298498826083,6622.307129
7852,981.412,0.3258331985295231,6622.277344
7853,981.537,0.294880142209328,6621.932617
7854,981.663,0.24711756224842024,6623.792969
7855,981.788,0.23840029213522415,6623.022949
7856,981.912,0.2365159113327639,6624.108887
7857,982.037,0.27713505267389743,6623.193359
7858,982.162,0.33536667571937334,6623.650391
7859,982.287,0.36146881259545616,6622.675781
7860,982.412,0.385753509336582,6623.504883
7861,982.537,0.3895742055734624,6623.646973
7862,982.663,0.3390816719553956,6623.1875
7863,982.787,0.28390544845140514,6624.450195
7864,982.913,0.2592932825241531,6624.276855
7865,983.037,0.20415498076703947,6624.649902
7866,983.162,0.1868746282069494,6624.967285
7867,983.287,0.228679969253633,6622.677734
7868,983.412,0.3169547925548676,6622.365723
7869,983.537,0.37065997490498875,6622.93457
7870,983.662,0.39692062543547035,6623.709473
7871,983.787,0.4181587089673397,6623.051758
7872,983.912,0.365698286705417,6622.39502
7873,984.037,0.2983977496196918,6623.396973
7874,984.162,0.24765170703877987,6623.739746
7875,984.287,0.16403790094983728,6622.248047
7876,984.412,0.1555766867213342,6622.13623
7877,984.537,0.11765571216059048,6622.62207
7878,984.662,0.10170997493967339,6622.622559
7879,984.787,0.1429151990293174,6622.621582
7880,984.912,0.14037805981642024,6622.536133
7881,985.037,0.15888583072453785,6622.13623
7882,985.162,0.18486727364508668,6622.364746
7883,985.287,0.2282042176605443,6622.879883
7884,985.412,0.24796434213253546,6621.706543
7885,985.537,0.2699004344494095,6620.621094
7886,985.662,0.23916800706567898,6621.478516
7887,985.787,0.21992157752194774,6620.562988
7888,985.912,0.20476829253314732,6619.819824
7889,986.037,0.1810517743387115,6619.960938
7890,986.162,0.18350645605916677,6620.704102
7891,986.287,0.15207074472938703,6619.249512
7892,986.412,0.14639362144152368,6619.98877
7893,986.537,0.13781265699309717,6620.535156
7894,986.662,0.1381800820782532,6620.76416
7895,986.787,0.10974516975505731,6621.10791
7896,986.912,0.07202627872998348,6620.446777
7897,987.037,0.09806690775233394,6620.792969
7898,987.162,0.12035348599087198,6620.504883
7899,987.287,0.16483031414569327,6621.020508
7900,987.412,0.21412053042471735,6619.959473
7901,987.537,0.2343791659412118,6620.533691
7902,987.662,0.25459621170129687,6620.446777
7903,987.787,0.22039502614792336,6621.362793
7904,987.912,0.18705182504940765,6620.645996
7905,988.037,0.13804859052924387,6620.363281
7906,988.162,0.14261988793695002,6620.53418
7907,988.287,0.12542956230633565,6620.018555
7908,988.412,0.11106705593127741,6620.446777
7909,988.537,0.10559850110998593,6620.876465
7910,988.662,0.050824045734792184,6620.676758
7911,988.787,-0.014005459854109028,6619.584473
7912,988.912,-0.0316582747675019,6619.356934
7913,989.037,-0.027454196706620446,6619.784668
7914,989.162,-0.030436442038479162,6620.273438
7915,989.287,0.03102512871077136,6620.441895
7916,989.412,0.0801289260416598,6620.301758
7917,989.537,0.10981089665037519,6620.044434
7918,989.663,0.11311718364133691,6620.042969
7919,989.787,0.07964079692301823,6620.670898
7920,989.912,0.04852305926427876,6620.214355
7921,990.037,-0.01558613531439721,6620.670898
7922,990.162,-0.0521153806889666,6619.896973
7923,990.287,-0.07680960215047744,6619.897949
7924,990.412,-0.08702086164036178,6620.242676
7925,990.537,-0.043795636519128156,6621.128418
7926,990.662,-0.022965496775155837,6620.783691
7927,990.787,-0.027096396824295033,6620.757324
7928,990.912,-0.0495135162252424,6620.898926
7929,991.037,-0.07527564376734616,6620.384277
7930,991.162,-0.1408471175015924,6620.384277
7931,991.287,-0.19691061890750136,6619.867676
7932,991.412,-0.22766297027804958,6620.382324
7933,991.537,-0.22081403358230617,6619.978516
7934,991.662,-0.21208933620458273,6619.211914
7935,991.787,-0.2024609828221535,6619.040039
7936,991.912,-0.2195294810160855,6620.524414
7937,992.037,-0.2304861935273769,6620.038086
7938,992.162,-0.2813679568258812,6617.898438
7939,992.287,-0.3155762236157445,6618.466797
7940,992.412,-0.35309509164597336,6619.040039
7941,992.536,-0.38538084729712796,6618.958496
7942,992.662,-0.3985126170414216,6618.501953
7943,992.787,-0.4359917931934029,6618.043457
7944,992.912,-0.4498986780502891,6617.527344
7945,993.036,-0.4742018051860862,6616.843262
7946,993.161,-0.48390511649199175,6615.986328
7947,993.287,-0.48503653892038134,6616.473633
7948,993.412,-0.4589193834631553,6616.759766
7949,993.536,-0.43641896686007414,6616.584961
7950,993.662,-0.3942553860038951,6617.129883
7951,993.786,-0.379875685307818,6616.614258
7952,993.912,-0.32629661754677786,6616.727051
7953,994.037,-0.30535728971865367,6616.414063
7954,994.161,-0.28299634220540987,6618.072754
7955,994.287,-0.27637681934666575,6616.930664
7956,994.412,-0.28004602564514514,6617.130371
7957,994.536,-0.25158915706395063,6617.728516
7958,994.661,-0.21354542120409542,6617.069336
7959,994.786,-0.17240152765362915,6618.670898
7960,994.911,-0.12798281450545598,6619.556641
7961,995.036,-0.08908592170979658,6619.84375
7962,995.161,-0.06488266844430428,6620.300293
7963,995.286,-0.04642239787967411,6620.729492
7964,995.411,-0.05284613184170829,6621.016113
7965,995.536,-0.033553909691929375,6620.559082
7966,995.661,-0.02018390711963696,6621.016602
7967,995.787,0.0038016174394777708,6621.591309
7968,995.911,0.011077053700128167,6621.444336
7969,996.036,0.032671822295618595,6620.787598
7970,996.161,0.030640320905206908,6620.845215
7971,996.287,-0.006953411805272666,6621.076172
7972,996.411,-0.032354838180232895,6620.816895
7973,996.536,-0.043145801562188654,6619.356934
7974,996.661,-0.059791274140038625,6619.726074
7975,996.786,-0.07356627175402455,6619.731445
7976,996.911,-0.05346200681235239,6620.185547
7977,997.036,-0.04018097261152682,6620.987305
7978,997.161,-0.06644423202019031,6620.87207
7979,997.286,-0.06777564215626512,6620.212891
7980,997.411,-0.08662253881883884,6620.846191
7981,997.536,-0.07317361291462895,6620.929199
7982,997.661,-0.07014371221477037,6620.358887
7983,997.786,-0.06953274599601522,6620.185547
7984,997.911,-0.07649872926387513,6620.898926
7985,998.037,-0.10262360509940936,6620.154297
7986,998.161,-0.13105658557102767,6620.184082
7987,998.286,-0.14862073496438258,6620.272949
7988,998.411,-0.1104982849273028,6620.611816
7989,998.536,-0.057911943269258415,6616.151855
7990,998.661,0.035578954081795226,6616.467773
7991,998.786,0.08981595135926089,6617.239258
7992,998.911,0.12500590129261088,6617.043457
7993,999.036,0.11413167036132676,6617.727539
7994,999.161,0.05717765514191025,6617.898438
7995,999.286,-0.004722185330162835,6617.867676
7996,999.411,-0.05781232718490039,6619.069824
7997,999.536,-0.05285163599480055,6619.897949
7998,999.661,-0.023039960281792313,6619.779785
7999,999.786,0.03408967525630212,6618.325684
8000,999.911,0.1008130894087852,6617.699707
8001,1000.036,0.1745780746149039,6616.813477
8002,1000.162,0.22358760249653187,6616.555664
8003,1000.286,0.2315100145796034,6616.244629
8004,1000.411,0.2399267586435712,6616.015625
8005,1000.536,0.20590233287628096,6615.558105
8006,1000.661,0.17903007444445224,6616.04541
8007,1000.786,0.14210341084881462,6616.731445
8008,1000.911,0.093153154599061,6616.157715
8009,1001.037,0.09665649709784885,6616.98877
8010,1001.161,0.1094312918039896,6615.788086
8011,1001.286,0.11687790653271482,6616.789551
8012,1001.411,0.1153097442677916,6616.473633
8013,1001.536,0.12712574666339183,6615.788086
8014,1001.661,0.13164014910028687,6615.617676
8015,1001.786,0.09551965068979958,6615.674805
8016,1001.911,0.10648037322859477,6616.818359
8017,1002.036,0.07791170218362302,6616.075684
8018,1002.161,0.09930733752686033,6615.962402
8019,1002.286,0.10682915281023511,6615.646484
8020,1002.411,0.13621602884372663,6615.788086
8021,1002.536,0.13563803651389614,6615.758301
8022,1002.661,0.15973211835302953,6614.95752
8023,1002.786,0.17594994209326428,6615.500977
8024,1002.911,0.20441006374978116,6615.073242
8025,1003.036,0.22722916574421345,6615.987305
8026,1003.161,0.25177728983246034,6615.47168
8027,1003.286,0.2762220024302915,6615.47168
8028,1003.411,0.2990165661866934,6615.441895
8029,1003.536,0.3085538141383563,6614.587402
8030,1003.661,0.3270975717753842,6615.669922
8031,1003.786,0.29621829998050436,6615.156738
8032,1003.911,0.2336019374264752,6615.730469
8033,1004.036,0.14101053791488713,6615.898926
8034,1004.161,0.02521477196761542,6615.15625
8035,1004.286,-0.08316487988417341,6615.018066
8036,1004.411,-0.15056499909550827,6616.726074
8037,1004.536,-0.15019155289388264,6616.355957
8038,1004.661,-0.09010932324286001,6614.700195
8039,1004.786,-0.007628385543584051,6615.414063
8040,1004.911,0.06651572746364524,6615.412598
8041,1005.036,0.14740842638881724,6615.044434
8042,1005.16,0.18733073495160307,6614.874023
8043,1005.286,0.21301637737591772,6614.300293
8044,1005.411,0.22278188923368292,6615.382813
8045,1005.536,0.2312371678029834,6615.126465
8046,1005.661,0.2404103149719973,6614.898438
8047,1005.786,0.21106193506048504,6614.869629
8048,1005.911,0.18545693435412947,6615.097168
8049,1006.036,0.148939816089871,6614.641113
8050,1006.161,0.14098982286008466,6616.157227
8051,1006.285,0.1378616619014046,6616.097656
8052,1006.411,0.16227432982525802,6615.068359
8053,1006.535,0.19666003722824402,6615.296875
8054,1006.66,0.2102534292345981,6615.640137
8055,1006.786,0.17872447663038113,6615.295898
8056,1006.911,0.1406675619985999,6614.553223
8057,1007.036,0.0897118380630694,6614.125977
8058,1007.161,0.05192929342860548,6614.869629
8059,1007.286,0.023398417585827738,6613.498047
8060,1007.411,0.060926886145449215,6613.984375
8061,1007.536,0.1074881814450475,6612.159668
8062,1007.66,0.16840425610724083,6613.043457
8063,1007.786,0.23709595584022775,6611.504883
8064,1007.91,0.2879355250125295,6612.330078
8065,1008.036,0.28978866250671936,6612.129883
8066,1008.161,0.2747387774608156,6612.357422
8067,1008.286,0.23022820492439353,6611.703613
8068,1008.411,0.19001694186122664,6612.15918
8069,1008.536,0.17574207491612273,6613.013184
8070,1008.66,0.17896699721156928,6613.242188
8071,1008.786,0.21712314366192342,6612.470215
8072,1008.911,0.2380468253942633,6612.983887
8073,1009.035,0.23578402314793614,6612.557617
8074,1009.161,0.21169753550943407,6613.441406
8075,1009.286,0.11136020365489352,6613.154785
8076,1009.411,-0.018265648867572027,6613.184082
8077,1009.536,-0.12798730240128683,6613.412598
8078,1009.66,-0.2171863539390735,6612.32959
8079,1009.785,-0.24799335543694057,6613.013184
8080,1009.911,-0.19439730894678967,6612.499512
8081,1010.035,-0.11772007725148768,6612.838379
8082,1010.161,-0.040462873412680365,6613.154785
8083,1010.286,0.01802021704543322,6613.838867
8084,1010.411,0.068910956072415,6613.183594
8085,1010.536,0.07251005216246402,6613.495117
8086,1010.66,0.08601186279623876,6614.266602
8087,1010.786,0.08643644268559024,6612.15332
8088,1010.91,0.06284142806948424,6613.15332
8089,1011.035,0.07927242279320319,6611.785645
8090,1011.161,0.05875596516998769,6611.416992
8091,1011.285,0.018304972387078056,6609.761719
8092,1011.41,0.0034715198050977556,6610.04834
8093,1011.535,-0.00475553814202146,6610.364258
8094,1011.66,-0.0006033623423427118,6610.53418
8095,1011.785,0.012584242256316224,6610.504883
8096,1011.91,0.044928240400360704,6610.790527
8097,1012.035,0.08328022037872475,6612.071777
8098,1012.16,0.10263235331328763,6609.791504
8099,1012.285,0.10719649984451209,6610.818848
8100,1012.41,0.09469822532140063,6609.563477
8101,1012.536,0.07315487994419637,6609.763184
8102,1012.66,0.046262076847042435,6611.445313
8103,1012.785,0.035198977433816565,6610.643555
8104,1012.91,0.027245439976200755,6609.989258
8105,1013.035,0.02735445468022823,6610.504883
8106,1013.16,0.026096502018153566,6611.129883
8107,1013.285,0.014337734006270489,6611.755859
8108,1013.41,0.029622778090644706,6611.130371
8109,1013.535,0.045282837091307704,6611.387207
8110,1013.66,0.07402430210135368,6611.675293
8111,1013.785,0.09787927886401016,6611.306641
8112,1013.91,0.14694446926521637,6611.04834
8113,1014.035,0.17450142046593448,6609.907715
8114,1014.161,0.1798017766483851,6609.452637
8115,1014.285,0.15355952276247922,6609.621582
8116,1014.41,0.10420776888457005,6609.223633
8117,1014.535,0.06616205043516106,6609.194336
8118,1014.66,0.02828511415583744,6609.907227
8119,1014.785,0.02415959198267719,6609.509277
8120,1014.911,0.030599224755937224,6609.907715
8121,1015.035,0.057545976208338456,6610.761719
8122,1015.16,0.11810187572902837,6609.364746
8123,1015.285,0.12870629628682595,6609.906738
8124,1015.41,0.15679834838491952,6609.194336
8125,1015.536,0.16703756521186608,6609.305664
8126,1015.66,0.17397257279873746,6610.077148
8127,1015.785,0.18189545119753198,6610.04834
8128,1015.91,0.20374902831677025,6610.533691
8129,1016.035,0.21425393954781258,6611.387207
8130,1016.16,0.2295750183109963,6610.505859
8131,1016.285,0.2231707255977752,6610.702637
8132,1016.41,0.24765452494246215,6611.130371
8133,1016.535,0.23863626459299433,6610.246582
8134,1016.66,0.2719830657893613,6610.276855
8135,1016.785,0.3012560286641456,6610.446777
8136,1016.91,0.3190559733722069,6609.732422
8137,1017.036,0.3120220977991166,6609.849121
8138,1017.16,0.28467628095068426,6610.217285
8139,1017.285,0.24844857646387386,6609.53418
8140,1017.41,0.22270734210746232,6608.822266
8141,1017.535,0.20507980885050217,6609.106934
8142,1017.66,0.2161998010062793,6609.871582
8143,1017.785,0.23753872966337305,6610.614746
8144,1017.91,0.2551825292818156,6610.873047
8145,1018.035,0.26662202250747263,6610.130859
8146,1018.16,0.2646957043729674,6610.615723
8147,1018.285,0.24160231559927633,6611.100586
8148,1018.41,0.227675753556419,6609.674805
8149,1018.535,0.2391884348736029,6609.90332
8150,1018.66,0.25979532565454677,6611.012695
8151,1018.785,0.29041872736574936,6609.902832
8152,1018.91,0.32026006770352,6609.102051
8153,1019.035,0.36231802703287863,6609.646484
8154,1019.16,0.3927488603581451,6610.299316
8155,1019.285,0.3757205502363204,6610.617188
8156,1019.41,0.36544132601358775,6610.527832
8157,1019.535,0.33057545276218103,6610.667969
8158,1019.66,0.2832892470132594,6611.353027
8159,1019.785,0.2523001465053369,6610.984375
8160,1019.911,0.2045914542388841,6611.097168
8161,1020.035,0.20174798354663764,6611.469238
8162,1020.16,0.1924461045804234,6610.69873
8163,1020.285,0.23271296149080312,6610.469727
8164,1020.41,0.28417276048167844,6608.955566
8165,1020.535,0.32872294321630147,6607.109863
8166,1020.66,0.378801818385144,6606.911133
8167,1020.785,0.3505063280672786,6607.536621
8168,1020.91,0.27233894196792985,6606.48291
8169,1021.035,0.2152829905952185,6606.711914
8170,1021.16,0.14795152519808988,6606.542969
8171,1021.285,0.19391392380016811,6605.998047
8172,1021.41,0.3006061423214377,6607.080078
8173,1021.535,0.42684079812979603,6607.196777
8174,1021.66,0.5597319140702256,6607.336914
8175,1021.785,0.6569982342061133,6606.879883
8176,1021.91,0.7009113858653669,6606.880859
8177,1022.035,0.6811154036829425,6606.851563
8178,1022.159,0.6167542745422115,6607.108398
8179,1022.284,0.5315937724656185,6607.109863
8180,1022.41,0.45498080313272515,6606.824219
8181,1022.536,0.41400612536807935,6609.161133
8182,1022.66,0.4142883450187635,6607.821289
8183,1022.785,0.41550804936462277,6607.853027
8184,1022.91,0.4533772942675072,6607.647949
8185,1023.035,0.4982730348386266,6607.875977
8186,1023.159,0.5283070454275081,6608.307617
8187,1023.285,0.5262065991922161,6608.249512
8188,1023.41,0.5351281044750333,6606.911133
8189,1023.535,0.5610527298409658,6607.851074
8190,1023.66,0.5671509947558916,6607.366699
8191,1023.785,0.5437034951198189,6607.27832
8192,1023.91,0.5284788299648366,6607.108887
8193,1024.034,0.5140663146500526,6607.534668
8194,1024.159,0.495658318340235,6607.050293
8195,1024.285,0.5100107903603178,6608.248047
8196,1024.41,0.5337887638206693,6608.791992
8197,1024.535,0.5562540709000022,6608.676758
8198,1024.66,0.5619849205038228,6606.337891
8199,1024.785,0.5470448830240922,6607.733887
8200,1024.909,0.49818709160691094,6607.735352
8201,1025.034,0.4475105700438372,6607.109375
8202,1025.159,0.3691919060522345,6607.10791
8203,1025.285,0.38166278916226726,6607.963379
8204,1025.409,0.4130680852502791,6607.677246
8205,1025.534,0.4374301223396086,6608.248047
8206,1025.66,0.4410944011308317,6607.559082
8207,1025.785,0.32015237572692995,6607.419922
8208,1025.91,0.023616766297916352,6608.38916
8209,1026.035,-0.19815046534105896,6607.903809
8210,1026.159,-0.4337075821095441,6606.905762
8211,1026.284,-0.5418136099115388,6607.565918
8212,1026.41,-0.42337646635831044,6607.220703
8213,1026.534,-0.21651409470994754,6607.249512
8214,1026.66,-0.01068205522879717,6606.595215
8215,1026.785,0.18004661300986577,6607.419434
8216,1026.91,0.19955930057336208,6608.074707
8217,1027.035,0.10284544523696251,6607.080566
8218,1027.159,0.04815351086792023,6607.507813
8219,1027.284,-0.06305643617367557,6607.103516
8220,1027.409,-0.023884161698213315,6607.617676
8221,1027.534,0.09701634697311708,6607.98584
8222,1027.659,0.1955507130541741,6607.617676
8223,1027.784,0.29090618386414213,6607.362305
8224,1027.91,0.34786642790912187,6608.074707
8225,1028.035,0.3476321776333352,6609.294922
8226,1028.16,0.30296069955039445,6607.59082
8227,1028.284,0.2529148988468971,6607.730469
8228,1028.409,0.20412632285850627,6608.273438
8229,1028.534,0.15493845169787074,6607.759277
8230,1028.659,0.15578198495348397,6608.699707
8231,1028.784,0.15793934162637652,6608.69873
8232,1028.911,0.1924523207002463,6608.154785
8233,1029.035,0.2303980922072162,6608.552734
8234,1029.16,0.24157426492451903,6608.068359
8235,1029.286,0.23205114509005714,6608.325684
8236,1029.41,0.24611338245987946,6609.466309
8237,1029.534,0.1995480406450538,6609.921875
8238,1029.659,0.22386416887825877,6610.57666
8239,1029.784,0.23872494305244166,6610.347168
8240,1029.909,0.2714981590976939,6609.326172
8241,1030.034,0.325109278397915,6608.157227
8242,1030.159,0.3458222808547555,6608.12793
8243,1030.285,0.35907175986181045,6608.670898
8244,1030.409,0.3406895403295784,6607.816895
8245,1030.534,0.3629913283927933,6607.758789
8246,1030.659,0.3533038962729012,6608.242188
8247,1030.784,0.3742752408381526,6607.104004
8248,1030.909,0.35261334605879113,6607.875
8249,1031.034,0.3607957740687108,6607.845703
8250,1031.159,0.3082189259920407,6608.103516
8251,1031.284,0.3012880986646092,6606.163086
8252,1031.409,0.23913538915132668,6606.250488
8253,1031.534,0.21620769506211251,6606.338867
8254,1031.659,0.2124052102775335,6606.765625
8255,1031.784,0.18644819000570106,6606.963379
8256,1031.909,0.17234139688025,6605.79541
8257,1032.034,0.18317946467691393,6606.590332
8258,1032.159,0.1834923928618975,6607.074219
8259,1032.284,0.1798451847354291,6607.587891
8260,1032.409,0.2369472852438103,6607.734375
8261,1032.534,0.2644179042611828,6607.508301
8262,1032.659,0.3040043568526547,6607.506836
8263,1032.784,0.30508641554394195,6607.793945
8264,1032.909,0.35435048879441566,6607.84668
8265,1033.034,0.35146998288885445,6607.447266
8266,1033.159,0.35829867198561727,6607.902832
8267,1033.284,0.3363783816023269,6607.220215
8268,1033.409,0.31494729190525694,6608.162109
8269,1033.534,0.26742806487670007,6607.478516
8270,1033.66,0.1974736439229964,6608.501465
8271,1033.784,0.1337276499522142,6607.646973
8272,1033.909,0.09573734997809505,6607.075195
8273,1034.034,0.07385496695453411,6608.67627
8274,1034.159,0.17141010803729834,6607.933105
8275,1034.284,0.24317399228708445,6608.015137
8276,1034.409,0.3052958228309539,6608.103027
8277,1034.534,0.30505679207801795,6608.242676
8278,1034.66,0.18123241850812094,6608.300781
8279,1034.784,0.05196703863402841,6608.214355
8280,1034.909,-0.1047100125718164,6607.67041
8281,1035.034,-0.2043946462560289,6609.411621
8282,1035.159,-0.25267284001043816,6608.353516
8283,1035.284,-0.23655090781132881,6608.411621
8284,1035.409,-0.20328099236908487,6608.295898
8285,1035.534,-0.16585523940289584,6608.552734
8286,1035.659,-0.15019907964556764,6608.125488
8287,1035.784,-0.16398781682095562,6607.928223
8288,1035.909,-0.21232916124725423,6607.956055
8289,1036.034,-0.27560038552614646,6607.700684
8290,1036.159,-0.36108951598265576,6607.531738
8291,1036.284,-0.4406964804165047,6608.5
8292,1036.409,-0.48379300611777304,6606.962891
8293,1036.534,-0.4927715972171184,6607.589844
8294,1036.659,-0.44155812585072424,6607.98584
8295,1036.784,-0.34556863628258633,6607.415527
8296,1036.909,-0.24598765446788182,6609.067871
8297,1037.034,-0.16322728592996505,6607.729004
8298,1037.159,-0.08137166708304197,6607.558105
8299,1037.284,-0.10958758145501113,6608.384766
8300,1037.409,-0.15480284323763804,6608.552734
8301,1037.534,-0.2246457507142206,6608.384766
8302,1037.659,-0.2827712442435962,6608.61377
8303,1037.784,-0.31807026511199754,6607.700195
8304,1037.909,-0.2878758814334249,6608.78125
8305,1038.035,-0.24552078978532418,6608.639648
8306,1038.159,-0.18559933022344002,6608.296387
8307,1038.283,-0.10690456539154261,6608.324707
8308,1038.409,-0.0736853647448523,6609.494141
8309,1038.534,-0.0041186469560758636,6608.80957
8310,1038.658,0.011741659092455154,6608.010254
8311,1038.783,0.04497956875243525,6607.928223
8312,1038.909,0.08704973530335071,6608.237305
8313,1039.035,0.10163707989176637,6608.921387
8314,1039.159,0.1363833961310773,6609.40625
8315,1039.284,0.13859145478608412,6608.464355
8316,1039.409,0.12447270174498923,6609.148438
8317,1039.534,0.11229423408343281,6608.612305
8318,1039.658,0.08168366725486784,6608.810059
8319,1039.784,0.08131359355595329,6608.951172
8320,1039.909,0.0566745642029213,6608.074707
8321,1040.034,0.06151460788810545,6609.414551
8322,1040.159,0.032246671908253824,6609.897949
8323,1040.284,0.05515785282288988,6609.980469
8324,1040.41,0.06528238588079098,6609.294434
8325,1040.534,0.08304523141765556,6610.067383
8326,1040.658,0.12863059935203788,6610.464844
8327,1040.784,0.15504083675198604,6609.753418
8328,1040.908,0.13801075033268592,6610.406738
8329,1041.033,0.12283660623634259,6610.095215
8330,1041.159,0.03293910268348441,6610.862305
8331,1041.284,-0.07883655622664888,6610.803223
8332,1041.409,-0.1478430556942729,6610.581543
8333,1041.533,-0.24652242816415051,6610.950684
8334,1041.658,-0.2710589712366293,6610.23584
8335,1041.783,-0.21208091568929216,6610.405762
8336,1041.909,-0.1492170836945455,6609.89209
8337,1042.033,-0.05025767829088597,6610.435547
8338,1042.158,0.04062422221694708,6609.097168
8339,1042.284,0.0818918826511867,6609.097168
8340,1042.408,0.1096079142291114,6609.326172
8341,1042.534,0.10885989727766611,6609.495117
8342,1042.658,0.07637673156690866,6608.869629
8343,1042.784,0.049819746067283684,6608.611816
8344,1042.908,0.014444668762401613,6609.156738
8345,1043.033,-0.0393019093700184,6607.899414
8346,1043.158,-0.013612280898750502,6608.413086
8347,1043.284,-0.03335181803209224,6606.590332
8348,1043.409,-0.007709398159508712,6607.074219
8349,1043.533,0.004335495990721388,6607.699219
8350,1043.658,0.04335571081451894,6607.67041
8351,1043.783,0.07108367355082378,6607.898926
8352,1043.909,0.11866502445817254,6608.214355
8353,1044.033,0.19456789105491523,6608.383301
8354,1044.159,0.2247872844871411,6608.839844
8355,1044.283,0.29900990066974703,6608.524414
8356,1044.409,0.29826566153854567,6609.810059
8357,1044.533,0.26808702952140895,6608.237305
8358,1044.659,0.21117488040297397,6607.927734
8359,1044.783,0.1648150968393577,6608.354004
8360,1044.908,0.09740829840989228,6607.444336
8361,1045.033,0.04174544124068569,6607.67041
8362,1045.158,0.026457368551782646,6608.32666
8363,1045.283,0.022019176069910103,6607.214844
8364,1045.408,0.03988730719179409,6607.758301
8365,1045.533,0.04453001629539699,6606.758789
8366,1045.658,0.08159159746641709,6606.192383
8367,1045.784,0.10042113719961272,6606.875488
8368,1045.908,0.15162162757655065,6605.90625
8369,1046.033,0.18422880586465748,6605.988281
8370,1046.159,0.16464401841694917,6606.216309
8371,1046.283,0.10103053906233615,6606.928223
8372,1046.408,0.04652127228779189,6606.641602
8373,1046.533,-0.05235478581218582,6606.018066
8374,1046.659,-0.09251900532859633,6606.38623
8375,1046.784,-0.11574964293777208,6606.870605
8376,1046.909,-0.052010871358863314,6606.84082
8377,1047.033,-0.020449534295269623,6607.981934
8378,1047.159,0.04628585826170422,6607.010742
8379,1047.283,0.057896837310540475,6607.269043
8380,1047.408,0.07700219951497356,6607.950684
8381,1047.533,0.05206660711182282,6607.180176
8382,1047.658,0.05442686946953513,6607.098633
8383,1047.783,0.04645184979404817,6606.783203
8384,1047.909,0.06919739604260991,6606.584473
8385,1048.033,0.11374251920923537,6606.642578
8386,1048.159,0.15691852419788155,6606.981934
8387,1048.284,0.2060309917643366,6606.840332
8388,1048.408,0.240143614201755,6606.782715
8389,1048.533,0.2698829502045152,6606.84082
8390,1048.658,0.3240829449460364,6605.930664
8391,1048.783,0.3787801766065398,6605.702148
8392,1048.908,0.39020695003215305,6605.700684
8393,1049.033,0.43135304359765664,6605.61377
8394,1049.159,0.4413633936851778,6606.921875
8395,1049.284,0.4110253900326966,6606.782715
8396,1049.408,0.4156772487358355,6607.295898
8397,1049.533,0.35469988871889774,6604.336426
8398,1049.658,0.32005653869405154,6601.407715
8399,1049.783,0.2878451712877018,6600.952637
8400,1049.908,0.3304444828743774,6599.135742
8401,1050.033,0.3914356219120025,6598.253418
8402,1050.158,0.44722191220527063,6598.965332
8403,1050.283,0.49900328522455595,6598.797363
8404,1050.408,0.5573789859737978,6599.706543
8405,1050.533,0.524754750156979,6599.706055
8406,1050.658,0.47976660938666665,6599.962891
8407,1050.783,0.46916977715823377,6600.782715
8408,1050.908,0.4171747272418585,6600.270996
8409,1051.033,0.4430775268274248,6600.671875
8410,1051.158,0.4322755570153719,6601.383789
8411,1051.283,0.4835548110821016,6600.130859
8412,1051.408,0.4952805322541707,6600.416504
8413,1051.533,0.5261169450186998,6601.553711
8414,1051.658,0.49624564487055217,6600.672363
8415,1051.783,0.4952398442558459,6601.867188
8416,1051.908,0.48389093643399883,6601.72168
8417,1052.033,0.45056361871044004,6602.435059
8418,1052.158,0.4553507137419386,6602.065918
8419,1052.283,0.47494474309502854,6602.148926
8420,1052.408,0.4822268413308264,6601.692383
8421,1052.533,0.5168578256910622,6601.891113
8422,1052.658,0.49877641081740914,6601.781738
8423,1052.783,0.48870864430566413,6601.523926
8424,1052.908,0.4789912322911217,6601.466309
8425,1053.033,0.48372311148576125,6601.296387
8426,1053.158,0.4577534093038199,6600.614258
8427,1053.283,0.42624717568620346,6601.722656
8428,1053.408,0.4164939519748048,6601.552246
8429,1053.533,0.38884784537228767,6599.990723
8430,1053.658,0.38094058723913415,6601.100586
8431,1053.782,0.3684903068301715,6601.127441
8432,1053.907,0.3946893415058775,6600.615234
8433,1054.032,0.3966960725390294,6600.445801
8434,1054.158,0.3805011926200588,6600.899902
8435,1054.283,0.33927287840571774,6601.012207
8436,1054.408,0.282453632650636,6601.295898
8437,1054.533,0.25322883587916273,6600.812988
8438,1054.658,0.1974156120673543,6601.266602
8439,1054.783,0.2036248298005499,6601.268066
8440,1054.908,0.21029056855233974,6600.812012
8441,1055.033,0.24908526441918344,6600.928223
8442,1055.158,0.3160958801057498,6600.871582
8443,1055.283,0.34998696421885456,6600.388672
8444,1055.408,0.37810275336549926,6601.067383
8445,1055.533,0.40287825746872874,6601.268066
8446,1055.657,0.4209922795526362,6600.526855
8447,1055.783,0.48654664856291896,6600.754395
8448,1055.907,0.5008024165530403,6600.921387
8449,1056.032,0.5516183228172806,6601.26709
8450,1056.157,0.5962113168488967,6600.753906
8451,1056.283,0.6495359585980941,6601.378906
8452,1056.408,0.6624899407335901,6600.980957
8453,1056.532,0.6888860066526911,6600.438965
8454,1056.657,0.6824595539406142,6600.527832
8455,1056.783,0.7561859023289957,6601.576172
8456,1056.908,0.7143810861434156,6600.439453
8457,1057.032,0.7118718439177145,6601.320313
8458,1057.157,0.7008625335076304,6600.836426
8459,1057.282,0.6840096860851459,6601.519043
8460,1057.408,0.6865096375149694,6600.894531
8461,1057.532,0.6668824752271011,6600.182617
8462,1057.657,0.7138825795214672,6601.803711
8463,1057.783,0.7064596344766946,6601.803711
8464,1057.908,0.6942739810302435,6601.803711
8465,1058.032,0.6817681584466352,6602.286621
8466,1058.157,0.6130137631368492,6601.062988
8467,1058.282,0.5671130872618153,6601.459473
8468,1058.407,0.5162681646783408,6602.940918
8469,1058.532,0.5059472909785205,6601.091797
8470,1058.657,0.47482322814181555,6601.458984
8471,1058.783,0.4649529128728278,6602.142578
8472,1058.907,0.49777301418802034,6602.171387
8473,1059.032,0.5382155409331891,6601.855957
8474,1059.157,0.5574132949194708,6602.450195
8475,1059.283,0.5502748026673417,6602.539063
8476,1059.407,0.6010549696161578,6602.144043
8477,1059.532,0.6034918908392557,6601.284668
8478,1059.658,0.5491277992745073,6599.580566
8479,1059.782,0.4971546591616959,6598.702148
8480,1059.908,0.4576726152922321,6598.05127
8481,1060.032,0.4087446499747055,6597.711914
8482,1060.157,0.3730872010712453,6597.228516
8483,1060.283,0.4361606854009269,6597.142578
8484,1060.408,0.5271422489610541,6597.34668
8485,1060.532,0.5674917717204885,6597.940918
8486,1060.657,0.6872557813080475,6598.505371
8487,1060.782,0.7039404224188013,6596.378418
8488,1060.907,0.6813686626404134,6597.374512
8489,1061.032,0.6273333589107474,6597.543945
8490,1061.157,0.5445195915082771,6596.577148
8491,1061.282,0.51587896708611,6596.041016
8492,1061.407,0.45005114696906967,6596.978027
8493,1061.532,0.4375248191316115,6596.635254
8494,1061.657,0.4615908324045205,6596.408691
8495,1061.782,0.42607152562922207,6597.089844
8496,1061.907,0.4280504369347565,6596.269531
8497,1062.032,0.3946472601011524,6596.949707
8498,1062.157,0.4087104775199287,6596.319336
8499,1062.282,0.42207572835360146,6597.118164
8500,1062.408,0.39204736792959854,6597.060547
8501,1062.532,0.44622341896841766,6596.180664
8502,1062.657,0.3511624475734736,6596.833008
8503,1062.782,0.352995739698268,6597.200195
8504,1062.907,0.29201167248075127,6596.665039
8505,1063.032,0.23683359541509677,6596.181152
8506,1063.157,0.16123322936113094,6595.925293
8507,1063.282,0.17752210521654557,6596.578125
8508,1063.407,0.1875374233262325,6597.287598
8509,1063.532,0.23026901121448537,6596.37793
8510,1063.657,0.283998564708699,6597.374512
8511,1063.782,0.25189092696248144,6597.088379
8512,1063.907,0.19359221440932278,6597.119141
8513,1064.032,0.12459675326650774,6597.316406
8514,1064.157,0.008826839142786074,6597.799316
8515,1064.282,-0.021041073992513648,6597.96875
8516,1064.407,-0.08853204869049892,6596.973145
8517,1064.532,-0.07926974747820673,6597.51416
8518,1064.657,-0.08783512725285446,6598.196289
8519,1064.782,-0.07143711572928871,6597.742188
8520,1064.907,-0.11856587579629768,6597.684082
8521,1065.032,-0.15189823700472363,6597.712891
8522,1065.157,-0.1988835280624901,6597.199707
8523,1065.282,-0.22907140928602757,6597.287109
8524,1065.407,-0.25983078740522597,6597.084961
8525,1065.532,-0.28277816221291224,6597.053223
8526,1065.657,-0.2906747961490598,6596.489746
8527,1065.782,-0.27653367811916185,6596.23291
8528,1065.907,-0.2750446797136114,6596.291016
8529,1066.032,-0.26547622988491065,6596.884277
8530,1066.157,-0.24502838460857507,6596.884766
8531,1066.282,-0.25340031487882014,6596.576172
8532,1066.407,-0.27354097299664504,6597.259277
8533,1066.532,-0.2991816045921167,6597.257813
8534,1066.657,-0.3441854811934679,6597.228516
8535,1066.782,-0.3937388155365627,6598.166992
8536,1066.907,-0.36653509448417376,6597.624512
8537,1067.032,-0.3206951542282,6599.047363
8538,1067.157,-0.2374389278755626,6599.018555
8539,1067.282,-0.1733894156548023,6598.166016
8540,1067.407,-0.1496021241453618,6599.668945
8541,1067.532,-0.17865468443763396,6598.505371
8542,1067.657,-0.246976047245718,6598.360352
8543,1067.782,-0.3666131686463225,6599.670898
8544,1067.907,-0.48508735406740855,6598.760254
8545,1068.032,-0.6237633573910717,6597.852051
8546,1068.157,-0.7506242314378674,6598.870605
8547,1068.282,-0.8713188127126067,6599.010254
8548,1068.407,-0.979184593759792,6598.04834
8549,1068.532,-1.047501543117684,6596.943359
8550,1068.657,-0.9650767118113889,6596.83252
8551,1068.782,-0.7991426055904138,6595.924316
8552,1068.907,-0.6115660811717085,6595.272949
8553,1069.032,-0.48882499150451236,6595.842773
8554,1069.157,-0.4789795553272796,6595.754883
8555,1069.282,-0.5064198807641042,6596.436523
8556,1069.407,-0.5304649687483725,6596.268555
8557,1069.532,-0.5688056958386883,6596.181152
8558,1069.657,-0.5413745088924129,6596.436523
8559,1069.782,-0.4789981715108793,6596.722656
8560,1069.907,-0.40869590668048233,6595.873047
8561,1070.032,-0.3448102558946405,6595.981934
8562,1070.157,-0.31659990444321123,6596.437012
8563,1070.282,-0.3348395582095599,6596.692871
8564,1070.407,-0.3364194697481107,6596.179688
8565,1070.532,-0.3433565839113779,6596.210449
8566,1070.656,-0.3651101158458867,6596.238281
8567,1070.782,-0.37286013915979915,6597.602539
8568,1070.906,-0.37470381482354714,6596.861328
8569,1071.031,-0.3861840094808871,6596.605469
8570,1071.157,-0.4164890738636679,6596.465332
8571,1071.282,-0.47463950959425494,6596.949219
8572,1071.407,-0.5218121407641924,6597.287109
8573,1071.532,-0.5465213518049733,6596.805176
8574,1071.656,-0.4966346563105947,6596.378906
8575,1071.783,-0.4035019061896084,6596.547363
8576,1071.907,-0.30956850967562544,6596.150879
8577,1072.031,-0.19766205469917286,6596.4375
8578,1072.157,-0.10078727927073727,6595.696777
8579,1072.282,-0.054822450190638125,6597.089355
8580,1072.407,-0.07180379189377291,6596.832031
8581,1072.531,-0.061701666412839126,6597.286621
8582,1072.656,-0.10038674999703831,6597.089844
8583,1072.782,-0.12265788880133163,6598.028809
8584,1072.907,-0.16430944360518776,6596.832031
8585,1073.032,-0.2368155802145501,6597.060547
8586,1073.157,-0.3308939513539694,6597.457031
8587,1073.282,-0.46571248140062127,6596.635254
8588,1073.407,-0.6312914377623047,6597.118164
8589,1073.531,-0.7059432633723977,6597.287109
8590,1073.657,-0.7811666713890084,6597.287109
8591,1073.781,-0.7209414670425612,6597.427734
8592,1073.907,-0.655829572283083,6596.635254
8593,1074.031,-0.5617096474615286,6596.48877
8594,1074.156,-0.4830133787353713,6596.599121
8595,1074.281,-0.4217785294132451,6596.033203
8596,1074.406,-0.4072348192863618,6596.262695
8597,1074.531,-0.37588877837976925,6596.401367
8598,1074.656,-0.3490935871369059,6595.377441
8599,1074.782,-0.29933435583134504,6596.744629
8600,1074.907,-0.27699506170759597,6595.719727
8601,1075.031,-0.2763765977644961,6595.494141
8602,1075.156,-0.3163900315065419,6596.884766
8603,1075.282,-0.4197765655107166,6595.692383
8604,1075.406,-0.48748191930833623,6595.324707
8605,1075.531,-0.5100097301756241,6595.91748
8606,1075.656,-0.4960643488484735,6595.661621
8607,1075.781,-0.44442072217192863,6595.72168
8608,1075.906,-0.3756552829375257,6596.401367
8609,1076.031,-0.37754050344584333,6596.883301
8610,1076.157,-0.4252886584049568,6596.628418
8611,1076.281,-0.5016957662539805,6595.689941
8612,1076.406,-0.6107246402318078,6596.82666
8613,1076.531,-0.7019221263167901,6596.20459
8614,1076.656,-0.7036599300608872,6596.40332
8615,1076.781,-0.6995760564957891,6595.947754
8616,1076.906,-0.6272515268944273,6597.163574
8617,1077.031,-0.5635677521690476,6596.372559
8618,1077.156,-0.5041945567608292,6596.482422
8619,1077.282,-0.47230872221977344,6597.502441
8620,1077.406,-0.3973804069876385,6598.527344
8621,1077.531,-0.3472341112010222,6597.589355
8622,1077.657,-0.30693646673944325,6597.757324
8623,1077.781,-0.26834909046736544,6597.302246
8624,1077.906,-0.20407611502940992,6597.21582
8625,1078.031,-0.21647495102307251,6596.702637
8626,1078.156,-0.2409885933923343,6596.651367
8627,1078.281,-0.33911174085995976,6595.033691
8628,1078.406,-0.4502002912182833,6593.986816
8629,1078.532,-0.5450602449386499,6595.041504
8630,1078.656,-0.6419994578633688,6595.719727
8631,1078.782,-0.643862358829514,6595.721191
8632,1078.906,-0.5741902879976506,6595.692871
8633,1079.031,-0.4806083535694042,6595.771973
8634,1079.156,-0.3529356048729297,6595.266602
8635,1079.281,-0.24554926637618762,6595.406738
8636,1079.406,-0.1695066735151187,6594.242188
8637,1079.531,-0.10481090420394984,6595.663086
8638,1079.656,-0.05320446485392745,6596.175293
8639,1079.782,-0.018335411515647562,6596.174316
8640,1079.906,0.024665296210146473,6596.254883
8641,1080.031,0.04926755312463679,6595.632324
8642,1080.156,0.029199392449061144,6596.202637
8643,1080.281,-0.020572646678926283,6595.179199
8644,1080.406,-0.08750671550941651,6596.540527
8645,1080.531,-0.17416973957367543,6596.197266
8646,1080.656,-0.2389848354509756,6595.830078
8647,1080.781,-0.2506964414039147,6595.970703
8648,1080.906,-0.22932364038447822,6595.574219
8649,1081.031,-0.1896578755599808,6596.057617
8650,1081.156,-0.07947251779784545,6594.525879
8651,1081.281,-0.025444411484609738,6595.041016
8652,1081.406,0.012729004527458147,6595.12793
8653,1081.531,0.0185518665468687,6594.416504
8654,1081.656,0.019416519737546357,6595.099609
8655,1081.781,-0.009017519888964494,6595.215332
8656,1081.906,-0.04844250528548242,6595.23584
8657,1082.031,-0.06269198823477645,6595.295898
8658,1082.157,-0.04006426471724043,6595.238281
8659,1082.281,0.029677016849124136,6594.35791
8660,1082.406,0.11937256690927235,6595.521484
8661,1082.532,0.15375233014211334,6594.697266
8662,1082.656,0.1731819903934345,6594.755859
8663,1082.781,0.1458682921896644,6595.149902
8664,1082.906,0.08863721032001065,6595.946289
8665,1083.031,0.04163578603892838,6595.947754
8666,1083.156,0.00342630579726545,6596.20459
8667,1083.281,0.029758793997036872,6595.43457
8668,1083.406,0.08728064269778693,6595.069336
8669,1083.531,0.17755569145570524,6596.256348
8670,1083.656,0.23471773244549426,6595.349121
8671,1083.781,0.29029847123720726,6594.556152
8672,1083.906,0.3034641165977175,6594.87207
8673,1084.031,0.2541943700414381,6594.695313
8674,1084.156,0.18112415873357887,6595.919434
8675,1084.281,0.08200921860763626,6595.463379
8676,1084.406,-0.005164843997503303,6595.436035
8677,1084.531,-0.084907031363041,6596.115723
8678,1084.656,-0.1475858151237424,6595.83252
8679,1084.781,-0.18773227243829504,6595.434082
8680,1084.906,-0.1718142461442988,6595.376953
8681,1085.031,-0.13925000964474146,6596.739258
8682,1085.156,-0.08849783562494669,6597.788086
8683,1085.28,-0.026512552894891354,6597.075195
8684,1085.406,0.015865905587167686,6597.193359
8685,1085.531,0.02183799629859874,6598.762695
8686,1085.655,0.032399789541663865,6598.07373
8687,1085.781,0.014907647210830438,6598.98291
8688,1085.905,0.03706274440880357,6599.180176
8689,1086.031,0.08293467326136884,6599.180176
8690,1086.156,0.15359266021797116,6599.041992
8691,1086.281,0.2277487785349782,6599.149902
8692,1086.406,0.2747615218441542,6598.578125
8693,1086.531,0.2871336012147374,6600.140625
8694,1086.655,0.289167881986409,6600.228516
8695,1086.78,0.26173516644913003,6600.682617
8696,1086.905,0.21844674730675548,6600.168945
8697,1087.031,0.17326279481988036,6600.089355
8698,1087.156,0.11424223376577652,6600.543457
8699,1087.281,0.05145243435389911,6599.978516
8700,1087.406,-0.021942834616508564,6600.147461
8701,1087.531,-0.0999338087584995,6600.491699
8702,1087.655,-0.15316249917158903,6599.069336
8703,1087.78,-0.20556754947120803,6597.47998
8704,1087.905,-0.21482941712125853,6598.415527
8705,1088.031,-0.20760279393674289,6597.654785
8706,1088.155,-0.17073236701129285,6596.62793
8707,1088.28,-0.09541696904026493,6597.765625
8708,1088.406,-0.027932388903091934,6597.823242
8709,1088.53,0.03335094758986281,6598.020996
8710,1088.656,0.04916283724987652,6597.310547
8711,1088.78,0.02647602131038637,6596.372559
8712,1088.905,-0.01305564939567932,6597.112305
8713,1089.031,-0.07026137635481731,6597.222168
8714,1089.155,-0.12503304935309295,6597.053711
8715,1089.28,-0.11577981814575478,6597.332031
8716,1089.405,-0.08432231417407866,6597.310547
8717,1089.53,-0.06826788444201887,6598.102539
8718,1089.656,-0.04379192307829773,6598.042969
8719,1089.78,-0.09456633366555081,6598.07373
8720,1089.906,-0.20233632940502697,6597.193359
8721,1090.03,-0.28342302280798365,6597.478516
8722,1090.156,-0.37169457427531727,6597.142578
8723,1090.28,-0.378110583591007,6596.628906
8724,1090.405,-0.28952934741138714,6596.48291
8725,1090.53,-0.20012805761388328,6597.370117
8726,1090.655,-0.08697162841896315,6597.024414
8727,1090.78,-0.0031379823586321315,6596.996094
8728,1090.906,-0.013724793467213987,6596.541016
8729,1091.03,-0.03891196460434356,6597.251953
8730,1091.155,-0.08446709977542198,6597.164551
8731,1091.28,-0.10867169154682674,6595.54541
8732,1091.405,-0.06889291025450794,6596.768555
8733,1091.53,-0.037679981276070605,6596.058594
8734,1091.655,-0.022182693137276378,6596.117188
8735,1091.78,-0.002449821564830554,6596.284668
8736,1091.906,-0.054231382538740866,6595.574707
8737,1092.03,-0.13178626201258606,6596.453613
8738,1092.156,-0.1947864278973542,6596.680664
8739,1092.28,-0.2302662075296445,6596.967773
8740,1092.405,-0.24143732390848535,6596.9375
8741,1092.53,-0.21968442832502533,6595.999512
8742,1092.655,-0.16887578079125548,6596.965332
8743,1092.78,-0.11786961733819948,6596.10791
8744,1092.905,-0.0971541605070627,6596.512695
8745,1093.03,-0.11063058959950932,6595.317871
8746,1093.155,-0.15541960489266948,6595.26123
8747,1093.281,-0.21119599995367783,6595.092285
8748,1093.405,-0.2681805360008175,6595.031738
8749,1093.53,-0.30941748132075525,6594.718262
8750,1093.655,-0.3349501837160611,6595.456543
8751,1093.78,-0.33965268502196655,6595.516113
8752,1093.905,-0.32842030399150973,6595.486328
8753,1094.03,-0.30294621851078224,6595.852539
8754,1094.155,-0.28599853375706874,6595.259277
8755,1094.281,-0.2569567143423484,6594.975098
8756,1094.405,-0.19790757741227893,6594.687988
8757,1094.53,-0.16268409734623765,6595.654785
8758,1094.655,-0.10743746071621191,6595.230469
8759,1094.78,-0.07116569948052687,6595.458008
8760,1094.905,-0.08450338323560365,6595.882324
8761,1095.03,-0.12123473849006844,6595.113281
8762,1095.155,-0.19184049385981947,6596.277344
8763,1095.28,-0.2749705736434965,6596.022461
8764,1095.405,-0.3580353240654255,6595.853027
8765,1095.53,-0.381869605508546,6595.509277
8766,1095.655,-0.36131692276469446,6596.02002
8767,1095.78,-0.3080497203849144,6595.508789
8768,1095.905,-0.2156891929991629,6596.365234
8769,1096.03,-0.14257130139362642,6596.504395
8770,1096.155,-0.08396954277408941,6593.949707
8771,1096.28,-0.08428902465542767,6592.450195
8772,1096.405,-0.09479690142995782,6592.508789
8773,1096.53,-0.15187394077401856,6593.072266
8774,1096.656,-0.20574048050932817,6591.293457
8775,1096.78,-0.2288895433575926,6590.584473
8776,1096.905,-0.24409088383104072,6591.265625
8777,1097.03,-0.24905642384313642,6590.641113
8778,1097.155,-0.2380355926053253,6590.328613
8779,1097.28,-0.20409044573458407,6592.311035
8780,1097.405,-0.1562557608704897,6591.402832
8781,1097.53,-0.07769692732917169,6592.369141
8782,1097.656,-0.007293452188890105,6592.398438
8783,1097.78,0.030701222908339324,6592.143066
8784,1097.905,0.03832008757206237,6592.655273
8785,1098.03,0.0013144676759124147,6592.339355
8786,1098.155,-0.08180354897005648,6592.11377
8787,1098.28,-0.1838926411967132,6592.398438
8788,1098.405,-0.266118803788639,6591.967285
8789,1098.53,-0.3217022991698918,6592.564941
8790,1098.655,-0.34371161837543535,6592.823242
8791,1098.78,-0.33362967415567074,6592.538086
8792,1098.905,-0.3133605229540052,6592.479492
8793,1099.03,-0.3066512897448047,6592.792969
8794,1099.155,-0.29878569332307686,6591.857422
8795,1099.279,-0.3024006097496134,6593.078613
8796,1099.405,-0.29296049291516874,6592.793457
8797,1099.53,-0.25947701786860594,6592.171387
8798,1099.655,-0.2052324327955898,6592.111816
8799,1099.78,-0.12953456191686052,6592.084473
8800,1099.905,-0.06840740931358308,6592.934082
8801,1100.029,-0.03743793566454229,6592.143066
8802,1100.155,-0.0436258865492963,6592.055664
8803,1100.279,-0.0707903055131034,6591.601074
8804,1100.405,-0.09935929313485865,6591.88623
8805,1100.53,-0.13830178742731083,6592.339355
8806,1100.655,-0.1294146367687771,6591.747559
8807,1100.78,-0.12604758468892657,6591.374023
8808,1100.905,-0.08825127856067382,6592.480469
8809,1101.03,-0.04882248125043709,6592.11377
8810,1101.154,-0.006217932493814196,6591.660645
8811,1101.279,0.027080270348895055,6591.996094
8812,1101.405,0.06679409019768746,6592.113281
8813,1101.53,0.08462089547543317,6591.145996
8814,1101.654,0.09437844305703369,6591.944336
8815,1101.78,0.10272797884587621,6591.775879
8816,1101.904,0.0918481876792001,6590.752441
8817,1102.03,0.09102844408499214,6590.15918
8818,1102.155,0.08231818994818006,6589.962402
8819,1102.28,0.09645034769304289,6589.056641
8820,1102.405,0.12358837862828247,6588.800293
8821,1102.53,0.16423861607453386,6588.999512
8822,1102.654,0.2016123199804669,6588.683594
8823,1102.78,0.20911046234562872,6588.882324
8824,1102.904,0.21549955557164202,6588.481934
8825,1103.03,0.1926459338100927,6589.050293
8826,1103.155,0.1819193044465751,6589.276367
8827,1103.28,0.17806901143383716,6588.765625
8828,1103.405,0.17833290042644942,6589.020508
8829,1103.53,0.17708831428856983,6589.956055
8830,1103.654,0.17273555211139746,6590.320801
8831,1103.78,0.1652115261146131,6589.50293
8832,1103.904,0.15367239582550074,6590.243164
8833,1104.03,0.13183713581111015,6590.891602
8834,1104.155,0.11649097773332469,6590.578125
8835,1104.279,0.11700610967746453,6590.409668
8836,1104.405,0.10198217298418367,6590.752441
8837,1104.529,0.11933802049228008,6590.526855
8838,1104.654,0.1456728549901426,6590.752441
8839,1104.78,0.18300479057593627,6590.101563
8840,1104.905,0.19687501841909205,6591.374512
8841,1105.03,0.19775915916309758,6591.263672
8842,1105.154,0.15640157649012873,6591.402832
8843,1105.279,-0.047197820394144704,6591.148438
8844,1105.405,-0.28004333665546627,6592.311035
8845,1105.529,-0.47396591713850994,6591.916016
8846,1105.654,-0.6088840277200473,6591.600586
8847,1105.779,-0.5131365654306177,6591.119141
8848,1105.904,-0.29268883225600106,6591.886719
8849,1106.029,-0.09291287635174443,6592.619141
8850,1106.155,0.15415295977173846,6592.135742
8851,1106.28,0.20347768702610092,6589.840332
8852,1106.405,0.16736985768871362,6589.275391
8853,1106.529,0.0941379807702903,6589.108398
8854,1106.654,0.026685398048554035,6588.427734
8855,1106.78,-0.03595526780955354,6588.062012
8856,1106.904,-0.03555923082095129,6588.034668
8857,1107.029,0.034189981633895056,6587.29541
8858,1107.154,0.10082938209653498,6586.871582
8859,1107.279,0.20330356095196145,6586.617188
8860,1107.405,0.3181329340724804,6586.731445
8861,1107.529,0.36917691940930636,6587.354492
8862,1107.654,0.39222729211130497,6586.87207
8863,1107.779,0.39725621092757896,6586.448242
8864,1107.904,0.3648757823200786,6587.8125
8865,1108.029,0.27867942477305907,6586.447754
8866,1108.154,0.20032130270396456,6586.929688
8867,1108.279,0.10893585568400403,6586.930664
8868,1108.404,0.05114577981138022,6587.77832
8869,1108.529,0.02378749433455022,6587.098633
8870,1108.654,0.011000246188052572,6587.696289
8871,1108.779,0.042900983699144184,6587.412109
8872,1108.904,0.07276572925429099,6586.054688
8873,1109.029,0.0820451676754818,6586.447754
8874,1109.154,0.09299368503424221,6587.04541
8875,1109.279,0.07764771437708638,6586.251465
8876,1109.404,0.06384554778925516,6587.354004
8877,1109.529,0.04457173654820017,6587.608887
8878,1109.655,0.03702467854817968,6587.069336
8879,1109.779,0.038599037848522366,6588.032715
8880,1109.904,0.025087915048241774,6587.15625
8881,1110.029,-0.009279800772873983,6587.521973
8882,1110.154,-0.1302764205895821,6587.975586
8883,1110.279,-0.3090666867297735,6586.78418
8884,1110.404,-0.5186889331637976,6587.128418
8885,1110.529,-0.7235094051717885,6587.097168
8886,1110.654,-0.8765357157098144,6586.418945
8887,1110.779,-0.9274153776091166,6587.354492
8888,1110.904,-0.8715390179629215,6586.674805
8889,1111.029,-0.7165830617383644,6587.237793
8890,1111.154,-0.5964974438611831,6587.039551
8891,1111.279,-0.41413092892607467,6587.271973
8892,1111.404,-0.3477457875028163,6587.411621
8893,1111.529,-0.32186458024417297,6587.581543
8894,1111.654,-0.3294048873728862,6587.520996
8895,1111.779,-0.3630066866722605,6587.128418
8896,1111.904,-0.32520162843225936,6587.266602
8897,1112.029,-0.28192197678277003,6587.521973
8898,1112.154,-0.2312892676974637,6588.539063
8899,1112.279,-0.20699152881004249,6587.464355
8900,1112.404,-0.2043977841540521,6587.236816
8901,1112.529,-0.24006569358134547,6587.237305
8902,1112.654,-0.2988149913365107,6587.749023
8903,1112.779,-0.3253290600254637,6587.887207
8904,1112.904,-0.32540556058288306,6587.463867
8905,1113.029,-0.2864698167529029,6587.492188
8906,1113.154,-0.23268232142876505,6587.492676
8907,1113.279,-0.18520160572567568,6588.201172
8908,1113.404,-0.14554648209788362,6588.026367
8909,1113.529,-0.15025324698822073,6587.522461
8910,1113.654,-0.1643279072431545,6587.632813
8911,1113.779,-0.17924392997636648,6587.010742
8912,1113.904,-0.17269403869274208,6587.491699
8913,1114.029,-0.16259923836659096,6588.113281
8914,1114.154,-0.12772266009526614,6588.34082
8915,1114.279,-0.0928030897492067,6588.567871
8916,1114.404,-0.07964811662018181,6588.853027
8917,1114.529,-0.091309410926867,6589.36377
8918,1114.654,-0.12311068109003626,6590.299316
8919,1114.779,-0.144317393867234,6589.333496
8920,1114.904,-0.1572437336237437,6590.044434
8921,1115.029,-0.14302652203166413,6588.34082
8922,1115.154,-0.10754258329132224,6588.962402
8923,1115.279,-0.06264532565499982,6588.902832
8924,1115.404,-0.04361463018036735,6589.241211
8925,1115.529,-0.06087324425793113,6591.169922
8926,1115.654,-0.09315796733017616,6588.79541
8927,1115.779,-0.13647283897172177,6588.510254
8928,1115.904,-0.16025496190356295,6587.375488
8929,1116.029,-0.16032423501543921,6587.718262
8930,1116.154,-0.12720306531263478,6586.075684
8931,1116.279,-0.09605051941055343,6585.623535
8932,1116.404,-0.040610490191975296,6586.813965
8933,1116.529,-0.045394120053895405,6587.493164
8934,1116.654,-0.027327580452542098,6587.663574
8935,1116.778,-0.05730015781530146,6587.836426
8936,1116.904,-0.06502984801428466,6587.835449
8937,1117.029,-0.08710948499242456,6587.805664
8938,1117.154,-0.05596925910177846,6587.463867
8939,1117.279,-0.04570483332770917,6588.091797
8940,1117.404,-0.04600991220054229,6588.033203
8941,1117.529,-0.07577419289785473,6587.807129
8942,1117.654,-0.13731254159193437,6587.581055
8943,1117.778,-0.22044118027321008,6588.486328
8944,1117.904,-0.3244486581641887,6587.975586
8945,1118.029,-0.41841537634093007,6588.458008
8946,1118.153,-0.4385930108524944,6586.813965
8947,1118.279,-0.4434360353434189,6588.231934
8948,1118.404,-0.41740213079490945,6588.625977
8949,1118.529,-0.3643114243041199,6588.086914
8950,1118.654,-0.306862396446937,6588.202148
8951,1118.779,-0.27980483592287625,6587.71875
8952,1118.904,-0.2940701712517247,6587.237793
8953,1119.028,-0.26490936046899904,6587.836426
8954,1119.153,-0.23055125899154388,6587.689941
8955,1119.278,-0.15811786102168848,6587.463867
8956,1119.404,-0.05530014429956069,6588.033691
8957,1119.528,0.04871661585584726,6587.324707
8958,1119.653,0.1318113302525436,6587.493164
8959,1119.778,0.13010857203756895,6587.631348
8960,1119.904,0.030490816417965416,6587.463379
8961,1120.029,-0.12265341719698372,6587.945801
8962,1120.153,-0.24626380196528438,6587.492676
8963,1120.279,-0.39542815137516385,6588.004395
8964,1120.404,-0.4163089707026684,6587.236816
8965,1120.528,-0.34175164045463846,6586.953613
8966,1120.653,-0.23024592737411953,6586.784668
8967,1120.778,-0.08472756461781228,6587.237793
8968,1120.903,0.017261388543261747,6586.784668
8969,1121.029,0.05715922899398763,6587.493164
8970,1121.153,0.021656318135328513,6587.491699
8971,1121.279,-0.01726946578217474,6587.265137
8972,1121.404,-0.06367883522742601,6586.272949
8973,1121.528,-0.07762410969936465,6586.92334
8974,1121.653,-0.05296797276546322,6586.980469
8975,1121.778,-0.044472881260215015,6586.726074
8976,1121.903,0.00019803898053884661,6587.121094
8977,1122.028,0.004749551741917279,6586.302734
8978,1122.153,-0.05084139294837115,6586.726074
8979,1122.278,-0.10712383749430766,6586.638672
8980,1122.403,-0.13847768262361704,6586.581055
8981,1122.528,-0.1585969569319895,6586.383301
8982,1122.653,-0.16813439114037462,6585.791992
8983,1122.778,-0.10728221177989164,6587.375977
8984,1122.903,-0.05965498504414795,6586.383301
8985,1123.028,-0.02077828648970353,6585.280273
8986,1123.153,0.013605762734511386,6586.441406
8987,1123.278,-0.008711739336347502,6585.731934
8988,1123.403,-0.043052784716679546,6586.302734
8989,1123.528,-0.05434947813784043,6586.272949
8990,1123.653,-0.12731184786317482,6587.149902
8991,1123.778,-0.10485123703269729,6586.214844
8992,1123.903,-0.09744276636846243,6586.953613
8993,1124.028,-0.05550040765625464,6586.215332
8994,1124.153,-0.06411412441007604,6586.922363
8995,1124.278,-0.09338702881347433,6586.755859
8996,1124.403,-0.1525322373786026,6586.638672
8997,1124.528,-0.24640895925283143,6586.5
8998,1124.653,-0.3125090569107301,6587.516113
8999,1124.778,-0.35125390558036473,6587.603516
9000,1124.903,-0.3157581845518642,6588.026855
9001,1125.028,-0.2624518895289697,6587.830078
9002,1125.153,-0.174356066800476,6587.150391
9003,1125.278,-0.09399535425146385,6586.331543
9004,1125.403,-0.01996767807579274,6586.643555
9005,1125.528,-0.006842262092010765,6586.587402
9006,1125.653,-0.05577592069501485,6586.645996
9007,1125.778,-0.09730856529657798,6586.025391
9008,1125.903,-0.16649876647218587,6586.134766
9009,1126.028,-0.22288466172356322,6585.740723
9010,1126.153,-0.24855168618523232,6585.769531
9011,1126.278,-0.2236246391680264,6585.433105
9012,1126.403,-0.1697307375035625,6585.030762
9013,1126.528,-0.09177841095107624,6584.667969
9014,1126.653,-0.04064005503033575,6584.01709
9015,1126.778,0.009115629313464876,6584.638672
9016,1126.903,0.054572289353868327,6584.499512
9017,1127.028,0.12346518564168438,6583.820313
9018,1127.153,0.18217663845843673,6584.439941
9019,1127.278,0.24125760878546726,6584.893555
9020,1127.403,0.2769961171241398,6584.894531
9021,1127.528,0.3077182600714046,6584.186035
9022,1127.653,0.24392574831007063,6584.864258
9023,1127.778,0.1737761807808819,6585.710449
9024,1127.903,0.11121354751897586,6584.776855
9025,1128.028,0.02408332365461049,6584.834961
9026,1128.153,-0.02629140375772271,6585.061523
9027,1128.278,-0.052029571194736786,6585.938477
9028,1128.403,-0.02147190653189178,6585.258301
9029,1128.528,0.018883651642745043,6585.456543
9030,1128.653,0.066572409205175,6585.259766
9031,1128.778,0.1520910995810296,6585.623047
9032,1128.903,0.2379302131330518,6585.229004
9033,1129.028,0.2992384300769418,6587.272461
9034,1129.153,0.34485737357370844,6584.805664
9035,1129.278,0.39253923839338795,6586.900391
9036,1129.403,0.3869257047760967,6586.67334
9037,1129.528,0.35866556294306556,6586.163574
9038,1129.653,0.3307181278910046,6585.880371
9039,1129.778,0.29524238002914954,6585.172363
9040,1129.903,0.27611611105889244,6586.222168
9041,1130.028,0.30286021824132187,6586.360352
9042,1130.153,0.35226681147822275,6586.389648
9043,1130.278,0.38250348422689795,6586.164551
9044,1130.402,0.44208150397224,6585.908691
9045,1130.528,0.48979570717904397,6585.564453
9046,1130.653,0.4724038386257442,6585.681641
9047,1130.778,0.41734503343823187,6586.47168
9048,1130.903,0.3173598923008438,6585.90918
9049,1131.028,0.19569242051412097,6586.046387
9050,1131.153,0.06775226354794547,6586.5
9051,1131.278,-0.02871804395383598,6586.441406
9052,1131.403,-0.031965439797866674,6585.873535
9053,1131.528,0.023016281465364347,6586.470703
9054,1131.653,0.13299693783584135,6585.87793
9055,1131.778,0.24311714881310792,6586.156738
9056,1131.903,0.3696159717606832,6587.375977
9057,1132.027,0.4585014305211017,6585.821777
9058,1132.153,0.5205171110794697,6587.010742
9059,1132.277,0.5528405407050674,6586.785156
9060,1132.403,0.5825622401420568,6586.646484
9061,1132.527,0.5663110722987309,6586.756348
9062,1132.653,0.546913067622268,6587.887207
9063,1132.778,0.4767443548310814,6587.237793
9064,1132.902,0.44378248817638577,6587.690918
9065,1133.028,0.3798660758682699,6587.858398
9066,1133.152,0.3497857951098035,6587.404297
9067,1133.278,0.33088776861179997,6588.312012
9068,1133.402,0.3380085726235102,6588.143555
9069,1133.527,0.3282504572329359,6588.055664
9070,1133.652,0.3365548964980584,6588.73584
9071,1133.778,0.31235913256925135,6588.311523
9072,1133.903,0.3148521706007765,6588.619629
9073,1134.028,0.32058415433892057,6583.187988
9074,1134.152,0.3465384223271234,6583.04834
9075,1134.278,0.3684028544742455,6583.47168
9076,1134.403,0.3993554664505507,6583.559082
9077,1134.527,0.4078280361946964,6583.645996
9078,1134.653,0.4025831030135637,6583.645996
9079,1134.778,0.38249525808221496,6583.046875
9080,1134.903,0.35809032904890736,6582.770996
9081,1135.027,0.3650935268434684,6582.34668
9082,1135.153,0.387226637978918,6582.827637
9083,1135.278,0.447458649032062,6582.770996
9084,1135.403,0.5128377458295549,6583.56543
9085,1135.527,0.5639158138600247,6582.404297
9086,1135.653,0.6120844762406469,6583.025879
9087,1135.778,0.6192169115387459,6583.477539
9088,1135.903,0.5802387495185193,6582.82666
9089,1136.027,0.5190234324090973,6583.703613
9090,1136.152,0.41715250807139553,6583.448242
9091,1136.278,0.3360148730892563,6583.391113
9092,1136.403,0.2581114871663387,6584.184082
9093,1136.527,0.2209945529771104,6583.419922
9094,1136.652,0.252341732244817,6583.73291
9095,1136.778,0.25146954797514903,6583.251953
9096,1136.903,0.27197011278066247,6583.986816
9097,1137.027,0.2547689033505164,6583.251953
9098,1137.152,0.197208482360652,6583.419922
9099,1137.277,0.09443103791366574,6582.317383
9100,1137.402,-0.001997592810479232,6582.090332
9101,1137.528,-0.0966041466047058,6581.15918
9102,1137.652,-0.16142419847620731,6581.384766
9103,1137.777,-0.09158786687806714,6582.061523
9104,1137.902,0.03142701909142286,6582.433594
9105,1138.027,0.15667071219810563,6581.333496
9106,1138.152,0.32346882243329295,6581.129395
9107,1138.277,0.3842896982720867,6582.520508
9108,1138.402,0.42730241019235654,6583.645508
9109,1138.527,0.4216269372559,6582.6875
9110,1138.652,0.4427361905043515,6583.535645
9111,1138.777,0.437007043087488,6584.303223
9112,1138.902,0.49182921763781795,6584.271484
9113,1139.027,0.5353702696289717,6583.112305
9114,1139.152,0.5580947594041832,6584.214844
9115,1139.278,0.5360785709194785,6584.01709
9116,1139.402,0.47574628231414057,6583.251953
9117,1139.527,0.41253511136651677,6583.024902
9118,1139.652,0.328481156896973,6583.164551
9119,1139.777,0.26307725628791756,6583.957031
9120,1139.902,0.19225725667680438,6584.324707
9121,1140.027,0.1660869868889118,6583.814453
9122,1140.152,0.15378475598150382,6583.814941
9123,1140.277,0.15873562390025794,6584.295898
9124,1140.402,0.18104718496119798,6583.783691
9125,1140.527,0.20767708685544464,6583.616699
9126,1140.652,0.27800052479990195,6583.528809
9127,1140.777,0.3580632218915897,6583.756836
9128,1140.902,0.45326634401035637,6583.419922
9129,1141.027,0.540925993106899,6583.333496
9130,1141.152,0.5649382388209219,6583.192871
9131,1141.277,0.5732465939789135,6583.703125
9132,1141.402,0.523549171720872,6583.587402
9133,1141.527,0.46058849134034796,6583.843262
9134,1141.652,0.4192098076446609,6584.749023
9135,1141.777,0.35335806657551944,6585.396973
9136,1141.902,0.31940872515103086,6585.398438
9137,1142.027,0.2479556783351629,6585.083984
9138,1142.152,0.16757860134940677,6585.624023
9139,1142.277,0.034663448384603994,6585.083984
9140,1142.402,-0.1280959672140424,6585.427734
9141,1142.527,-0.26573087540223733,6585.880371
9142,1142.652,-0.36790280286977955,6585.397461
9143,1142.777,-0.41341186960614723,6585.706055
9144,1142.902,-0.3161759002735135,6585.79248
9145,1143.027,-0.22221295086049314,6586.244629
9146,1143.152,-0.08725649126560006,6586.895508
9147,1143.277,0.035906254283838986,6586.609375
9148,1143.402,0.05643355377198223,6585.25293
9149,1143.527,0.034876534195869516,6585.28125
9150,1143.652,0.03807525391798268,6584.348633
9151,1143.777,-0.0286996008653827,6582.821289
9152,1143.902,0.023169151967185896,6581.946777
9153,1144.027,0.12367143999208245,6582.260254
9154,1144.152,0.19230688505828666,6582.486328
9155,1144.277,0.2798547458398502,6581.668457
9156,1144.402,0.28947549763934827,6581.302246
9157,1144.527,0.21146592427626382,6579.57666
9158,1144.652,0.09694928105019694,6581.362305
9159,1144.777,-0.017134652720690032,6580.370605
9160,1144.902,-0.09722394222280117,6580.398926
9161,1145.027,-0.14546081036600267,6580.342285
9162,1145.152,-0.1500948478334025,6579.635742
9163,1145.277,-0.10677315604534389,6579.861816
9164,1145.402,-0.009742441935265479,6579.977051
9165,1145.527,0.0746219310992152,6580.540527
9166,1145.652,0.18625493174931418,6580.145996
9167,1145.777,0.2908886649578498,6580.594727
9168,1145.902,0.38202354915436215,6581.017578
9169,1146.027,0.45378728423513687,6581.246094
9170,1146.152,0.4702578000485637,6581.24707
9171,1146.277,0.44487549974755947,6581.100098
9172,1146.402,0.40290961638858747,6580.852539
9173,1146.527,0.30274879308221253,6581.470703
9174,1146.652,0.22799918988781867,6581.355469
9175,1146.777,0.14214321052130802,6581.159668
9176,1146.902,0.11173224447733722,6581.640625
9177,1147.027,0.09921995399270608,6581.32666
9178,1147.152,0.10983233137962364,6582.51416
9179,1147.277,0.12180758103299374,6582.632324
9180,1147.402,0.11297541688660746,6582.515137
9181,1147.527,0.10350981134210276,6582.404785
9182,1147.652,0.0705827281015373,6582.346191
9183,1147.776,0.06677470643479443,6582.856934
9184,1147.904,0.08632716105488716,6581.612305
9185,1148.027,0.1261007164327751,6582.318359
9186,1148.152,0.19455156082241895,6582.659668
9187,1148.277,0.26693802048112536,6582.746582
9188,1148.402,0.26418212858761225,6582.289063
9189,1148.526,0.24585233805941503,6582.689941
9190,1148.652,0.1860402576956128,6582.85791
9191,1148.776,0.13775400114308645,6582.491699
9192,1148.901,0.09758865210242765,6582.74707
9193,1149.026,0.08790612325745685,6583.170898
9194,1149.151,0.09147565444682268,6583.257813
9195,1149.277,0.16188452272142606,6582.376953
9196,1149.401,0.2555080552155858,6582.65918
9197,1149.526,0.32275181598691066,6583.337891
9198,1149.652,0.36025346570299666,6582.149902
9199,1149.777,0.36946337629966614,6583.250488
9200,1149.902,0.3269507546712171,6583.733887
9201,1150.027,0.2913350803925641,6583.535156
9202,1150.152,0.2751092639607314,6583.871582
9203,1150.277,0.29537702587866693,6584.579102
9204,1150.402,0.33745513095850943,6584.265625
9205,1150.527,0.4148441856535345,6583.560059
9206,1150.652,0.5070811453553031,6584.689941
9207,1150.777,0.5801127075953895,6584.069336
9208,1150.901,0.6036914343916338,6584.185547
9209,1151.027,0.5669552772092005,6584.156738
9210,1151.151,0.5056156751409759,6583.192871
9211,1151.276,0.47856759379566255,6584.185547
9212,1151.402,0.43270456951587877,6583.960449
9213,1151.527,0.3954062607576995,6584.610352
9214,1151.651,0.3659033346792653,6584.382324
9215,1151.777,0.3145297068849619,6584.581055
9216,1151.902,0.2712760700307603,6584.325195
9217,1152.026,0.2448215192380997,6583.419434
9218,1152.151,0.20404534858010318,6583.361328
9219,1152.276,0.21583864513948112,6584.187012
9220,1152.402,0.2830138969050175,6583.814453
9221,1152.527,0.31237172236089905,6583.981934
9222,1152.651,0.3999297929193535,6584.462891
9223,1152.776,0.4484245186779367,6583.756348
9224,1152.902,0.4583329993322859,6584.324707
9225,1153.027,0.4343235138077892,6584.601563
9226,1153.151,0.38753094537636884,6584.265625
9227,1153.276,0.35948171851682453,6584.551758
9228,1153.401,0.338734060326542,6583.304199
9229,1153.526,0.30883098838334383,6582.566406
9230,1153.651,0.27200126065852553,6582.572266
9231,1153.776,0.2146670827467938,6582.515625
9232,1153.901,0.14564765143582584,6581.325684
9233,1154.026,0.10050081610857006,6582.317871
9234,1154.151,0.05539620928913698,6580.566406
9235,1154.276,0.10717691010221231,6580.625488
9236,1154.402,0.21286941150235372,6580.289063
9237,1154.526,0.30161345253221344,6579.948242
9238,1154.652,0.4358932124189653,6580.485352
9239,1154.776,0.5316680156526115,6581.419922
9240,1154.901,0.5727245328143714,6581.557617
9241,1155.026,0.6041132022512231,6580.43457
9242,1155.151,0.6186062637078662,6580.937988
9243,1155.276,0.6579870076533798,6581.194336
9244,1155.401,0.7537210419747385,6581.30957
9245,1155.526,0.8535345258501724,6581.390137
9246,1155.651,0.9243757410218951,6581.534668
9247,1155.777,0.9426203508501914,6581.673828
9248,1155.901,0.9460537638067098,6581.674316
9249,1156.026,0.8916224800183689,6582.891113
9250,1156.151,0.8446844131988319,6582.548828
9251,1156.277,0.7906726274479714,6582.520508
9252,1156.401,0.7613622382508917,6581.900879
9253,1156.526,0.7490541224720642,6582.774414
9254,1156.651,0.7255936265624635,6582.067871
9255,1156.776,0.747503547263316,6582.858398
9256,1156.901,0.7750242533098257,6582.891113
9257,1157.026,0.8623928494355164,6582.943848
9258,1157.151,0.9110058753762857,6583.199219
9259,1157.277,0.9563784814545901,6583.117676
9260,1157.401,1.0119907016262943,6582.636719
9261,1157.526,0.9747635933721127,6583.31543
9262,1157.651,0.9116528920700543,6582.665039
9263,1157.776,0.7941491119398412,6582.975098
9264,1157.901,0.721522021113077,6582.097656
9265,1158.026,0.6696626857876703,6581.842285
9266,1158.151,0.675897056219205,6582.775879
9267,1158.277,0.7140999914365485,6582.295898
9268,1158.401,0.8235879626790967,6582.834473
9269,1158.526,0.8509539032824964,6583.141113
9270,1158.651,0.8618212760118034,6582.914063
9271,1158.776,0.8820011543817212,6582.74707
9272,1158.901,0.8671644131689002,6582.521484
9273,1159.026,0.8441243935421266,6582.009766
9274,1159.151,0.8767228946601334,6581.638672
9275,1159.276,0.9038681578663198,6582.601563
9276,1159.401,0.9087886117537891,6582.176758
9277,1159.526,0.931524960573403,6582.630859
9278,1159.652,0.927514138773437,6582.79834
9279,1159.776,0.8929372983284348,6582.88623
9280,1159.901,0.8544836670540699,6583.252441
9281,1160.026,0.8559308523479127,6582.937988
9282,1160.151,0.8596158006326652,6583.252441
9283,1160.276,0.9070487997843275,6583.280273
9284,1160.401,0.9633800020492357,6582.515137
9285,1160.526,1.0070831488670566,6583.192871
9286,1160.651,1.0320497002612121,6583.280273
9287,1160.776,0.9842526394316408,6581.866699
9288,1160.901,0.9507556305426346,6582.799316
9289,1161.026,0.8902989579617812,6582.77002
9290,1161.151,0.8581577707725979,6582.544434
9291,1161.276,0.8356866692694668,6582.543457
9292,1161.401,0.7985228852851586,6583.194336
9293,1161.526,0.7553775123355853,6582.995605
9294,1161.651,0.7316278410960164,6582.996582
9295,1161.776,0.6505732749948382,6582.57373
9296,1161.901,0.6349003426580072,6583.449707
9297,1162.026,0.5884504115992065,6583.419434
9298,1162.151,0.6152473277469546,6582.77002
9299,1162.276,0.597944802855068,6583.165039
9300,1162.401,0.5698252047938893,6583.361328
9301,1162.526,0.5399800636337456,6583.077637
9302,1162.651,0.4764547789863023,6581.581543
9303,1162.776,0.4263875708507301,6581.043457
9304,1162.901,0.4002113832278597,6581.779297
9305,1163.026,0.37878502930373265,6581.690918
9306,1163.151,0.46071850823562926,6581.296875
9307,1163.276,0.47407955235376376,6581.187012
9308,1163.401,0.5892961984256674,6580.905273
9309,1163.526,0.5860258579856492,6580.625488
9310,1163.651,0.5695169157926326,6580.852051
9311,1163.776,0.5093859091887327,6581.050293
9312,1163.901,0.38083127713399345,6580.962402
9313,1164.026,0.2611841579193744,6581.89502
9314,1164.152,0.07713776061110772,6582.120605
9315,1164.276,-0.06118481965434295,6581.668945
9316,1164.401,-0.1652889585026698,6582.944824
9317,1164.526,-0.17048935874373047,6582.346191
9318,1164.651,-0.10996361958203464,6583.053223
9319,1164.776,0.015029813033499645,6582.661133
9320,1164.901,0.18106038082803433,6582.855469
9321,1165.026,0.3340533269491744,6582.178223
9322,1165.151,0.4099653330740938,6582.855469
9323,1165.275,0.40021610402240093,6582.857422
9324,1165.401,0.35724139322560095,6582.405273
9325,1165.526,0.21936880732903344,6582.740723
9326,1165.652,0.07664568595439859,6582.091309
9327,1165.775,-0.02231985017734727,6582.799316
9328,1165.901,-0.06937832634464143,6583.44873
9329,1166.026,0.013633813291045516,6582.689941
9330,1166.15,0.05975842759976458,6583.025879
9331,1166.275,0.21738249521555406,6583.083496
9332,1166.401,0.32541006951308143,6584.018066
9333,1166.526,0.4152750895446345,6583.397949
9334,1166.65,0.4639363894667533,6584.01709
9335,1166.775,0.39349026075200866,6584.97998
9336,1166.9,0.32955520701614743,6584.243652
9337,1167.026,0.21019807289107165,6583.537109
9338,1167.151,0.1333129553443469,6583.564941
9339,1167.275,0.11055942212030234,6583.73291
9340,1167.401,0.06908958693969022,6584.638672
9341,1167.525,0.08161640724006869,6584.212402
9342,1167.651,0.09982901649077718,6584.412598
9343,1167.776,0.07900184696001127,6584.383789
9344,1167.901,0.10337534750092603,6584.666504
9345,1168.025,0.1795920374920827,6584.440918
9346,1168.15,0.18433136502945466,6584.412109
9347,1168.275,0.2397475647213933,6584.470215
9348,1168.401,0.32749224363162915,6584.324219
9349,1168.525,0.3265100155892323,6583.704102
9350,1168.65,0.39082093758353426,6584.610352
9351,1168.775,0.45144617059070036,6584.579102
9352,1168.901,0.4079618517206101,6585.317871
9353,1169.025,0.31946725051751523,6585.513184
9354,1169.151,0.1974571835719243,6585.090332
9355,1169.276,0.011220245035503135,6584.835938
9356,1169.402,-0.2373919916355204,6585.368652
9357,1169.525,-0.3725382187389069,6584.689941
9358,1169.651,-0.47056258076213653,6584.834961
9359,1169.776,-0.4499864255499075,6585.710938
9360,1169.901,-0.2866719370865209,6584.580566
9361,1170.026,-0.1813480418853104,6585.200684
9362,1170.151,0.06727118664319975,6585.594727
9363,1170.275,0.16351697798937156,6585.288086
9364,1170.4,0.1702933509768628,6584.60791
9365,1170.526,0.18587173435332893,6585.455566
9366,1170.651,0.16714528240480553,6585.091797
9367,1170.775,0.22819977032937622,6584.862793
9368,1170.9,0.15568956388638536,6585.120605
9369,1171.025,0.10402891752560202,6585.207031
9370,1171.15,0.009974693466366324,6585.77002
9371,1171.275,-0.0758249399027752,6585.287109
9372,1171.4,-0.17599936119248344,6585.769531
9373,1171.525,-0.2323626372458669,6586.645996
9374,1171.65,-0.1717968350657833,6587.041016
9375,1171.776,-0.08054646162245459,6586.958008
9376,1171.9,0.029001913806080363,6587.440918
9377,1172.025,0.22429918459854217,6587.220703
9378,1172.15,0.24086738534260077,6590.456543
9379,1172.275,0.28684736224123775,6591.276367
9380,1172.401,0.2752579322131743,6592.385742
9381,1172.525,0.23001056313721807,6591.484375
9382,1172.65,0.17718757503496613,6591.343262
9383,1172.775,0.1347705710186933,6591.345215
9384,1172.901,0.1439245977572293,6590.407227
9385,1173.025,0.22094581730293364,6590.918945
9386,1173.152,0.24426446597352666,6590.470215
9387,1173.275,0.19032479552809642,6590.243164
9388,1173.4,0.1627221691030216,6590.782227
9389,1173.525,0.007562294689282895,6590.638672
9390,1173.65,-0.08921700089198233,6590.382813
9391,1173.775,-0.09920365887815073,6590.695801
9392,1173.9,-0.1637134672622234,6590.044434
9393,1174.026,-0.17460006403352804,6587.353516
9394,1174.15,-0.20750584242596218,6587.57959
9395,1174.275,-0.26457414725429773,6588.09082
9396,1174.4,-0.42292024445050613,6587.663574
9397,1174.525,-0.60723311245992,6587.551758
9398,1174.65,-0.765614341440574,6588.969238
9399,1174.775,-0.9336123105010277,6588.006348
9400,1174.9,-1.0113677471156794,6588.230957
9401,1175.025,-1.0365350171206233,6587.46582
9402,1175.15,-1.0017540728260723,6588.458496
9403,1175.275,-0.9840810418952489,6588.714844
9404,1175.4,-0.9173674807820961,6588.317383
9405,1175.525,-0.8809281787127985,6588.600098
9406,1175.651,-0.8055813867696072,6588.34668
9407,1175.775,-0.7001368176633574,6588.034668
9408,1175.9,-0.6679984074944829,6588.657227
9409,1176.025,-0.5956395579966547,6587.834473
9410,1176.15,-0.6273348133353237,6587.638672
9411,1176.276,-0.6525253230114816,6587.891602
9412,1176.4,-0.7153846216989797,6587.270508
9413,1176.525,-0.758086795329376,6586.818359
9414,1176.65,-0.7583381523842089,6586.986328
9415,1176.775,-0.8002286149960149,6586.393555
9416,1176.9,-0.7434076592199961,6587.584473
9417,1177.025,-0.7744049898314695,6586.562988
9418,1177.15,-0.7761477667293272,6587.611816
9419,1177.275,-0.7936168098634784,6587.214355
9420,1177.4,-0.7976779621582253,6587.950195
9421,1177.525,-0.8063559026050078,6588.036133
9422,1177.65,-0.8284602690655428,6587.411621
9423,1177.775,-0.7794238435207823,6587.666016
9424,1177.9,-0.743839033645711,6587.243164
9425,1178.025,-0.7765407843886966,6587.950195
9426,1178.15,-0.7956877365737925,6588.09082
9427,1178.276,-0.8082392581340219,6587.695801
9428,1178.4,-0.8366436011642318,6586.619629
9429,1178.525,-0.8757576586813586,6586.591797
9430,1178.65,-0.8162874160413651,6587.950195
9431,1178.775,-0.7723714023904934,6587.922363
9432,1178.9,-0.7319384268042473,6587.043945
9433,1179.025,-0.6900619312754275,6588.09082
9434,1179.15,-0.6324304211807521,6587.696777
9435,1179.275,-0.6265655948630462,6587.383301
9436,1179.4,-0.6372199511056043,6588.316406
9437,1179.525,-0.7365306905374801,6587.892578
9438,1179.65,-0.8113279139248696,6588.176758
9439,1179.775,-0.9558913936212339,6587.951172
9440,1179.9,-1.0647677657527972,6587.640625
9441,1180.025,-1.1012574718907915,6586.760742
9442,1180.15,-1.045011928503804,6586.702148
9443,1180.275,-0.939868488831578,6586.53418
9444,1180.4,-0.8037373560393787,6586.16748
9445,1180.525,-0.6567904933507003,6587.808594
9446,1180.65,-0.5590214145538883,6587.043457
9447,1180.775,-0.5476003955808332,6586.788086
9448,1180.9,-0.580037406781508,6586.789551
9449,1181.025,-0.6359472817829869,6586.87207
9450,1181.15,-0.6856746525311989,6586.164063
9451,1181.275,-0.7184731500274151,6586.788086
9452,1181.4,-0.7072248260709724,6585.48877
9453,1181.525,-0.6870277351748738,6585.290039
9454,1181.65,-0.6715263006335115,6585.486816
9455,1181.775,-0.6439635422337926,6585.714355
9456,1181.899,-0.6566438580962204,6585.543945
9457,1182.025,-0.6953675678961985,6586.055176
9458,1182.15,-0.7102614950768245,6585.80127
9459,1182.275,-0.7629212651695912,6586.396973
9460,1182.4,-0.8118576645721256,6585.886719
9461,1182.525,-0.881635430107155,6585.858887
9462,1182.649,-0.9333051151365218,6586.026855
9463,1182.774,-0.9794006877128215,6586.311035
9464,1182.899,-0.9696133156588705,6586.28125
9465,1183.024,-0.925151083179234,6585.65918
9466,1183.149,-0.8697347892520042,6585.82959
9467,1183.274,-0.7866161683900429,6585.603516
9468,1183.4,-0.7366022921832931,6585.998047
9469,1183.524,-0.6985103447026572,6585.886719
9470,1183.649,-0.7218965891968732,6585.12207
9471,1183.774,-0.7516524053224645,6584.158691
9472,1183.899,-0.8169236072242938,6585.80127
9473,1184.025,-0.8403932997118873,6584.441895
9474,1184.149,-0.8476483393010638,6584.244629
9475,1184.275,-0.8327038725377989,6585.885254
9476,1184.4,-0.8094422224508839,6584.499512
9477,1184.524,-0.8471625321386411,6584.924805
9478,1184.649,-0.8501215273042588,6584.89502
9479,1184.774,-0.8862255546410415,6584.669922
9480,1184.9,-0.9301960770398708,6584.355957
9481,1185.024,-0.8800900954924802,6584.30127
9482,1185.149,-0.8186322617181192,6583.19873
9483,1185.274,-0.7531399874085062,6583.482422
9484,1185.4,-0.6954514107550483,6583.709961
9485,1185.524,-0.6444211722841665,6583.793457
9486,1185.649,-0.6224784374455814,6583.823242
9487,1185.774,-0.6313486957730114,6584.216309
9488,1185.9,-0.6277853328152629,6583.850098
9489,1186.024,-0.6193795399663118,6584.045898
9490,1186.15,-0.6172753180179903,6584.272949
9491,1186.274,-0.6078185667261722,6584.584961
9492,1186.4,-0.6198356824604292,6583.988281
9493,1186.524,-0.619553322121416,6584.696777
9494,1186.65,-0.6179309425192893,6584.442871
9495,1186.775,-0.5673482812323639,6584.865723
9496,1186.9,-0.514392694364196,6584.923828
9497,1187.025,-0.4252961945425043,6584.610352
9498,1187.149,-0.36282599874403243,6585.544922
9499,1187.274,-0.31371594797449487,6584.866699
9500,1187.399,-0.30345020567138353,6585.063965
9501,1187.524,-0.28575055552314255,6585.121582
9502,1187.649,-0.2831096778256302,6584.611328
9503,1187.774,-0.33006866960267317,6585.318359
9504,1187.899,-0.35616339596477137,6585.65625
9505,1188.024,-0.38174927060197844,6585.459473
9506,1188.149,-0.43388537189418164,6585.939453
9507,1188.274,-0.524455203724968,6586.335938
9508,1188.399,-0.5656851842518652,6587.130371
9509,1188.524,-0.6266268762026289,6586.451172
9510,1188.649,-0.6395732388076327,6585.969727
9511,1188.774,-0.6513774251818004,6585.743164
9512,1188.899,-0.6022763969239051,6587.299316
9513,1189.025,-0.5736284432311999,6586.735352
9514,1189.149,-0.5657883979515269,6588.71582
9515,1189.275,-0.5451220825056967,6586.875
9516,1189.399,-0.5861558826657285,6586.618164
9517,1189.524,-0.6305567901668699,6586.451172
9518,1189.649,-0.6632869666067389,6586.676758
9519,1189.774,-0.6742430296866004,6586.847168
9520,1189.899,-0.6886656446717823,6587.270508
9521,1190.024,-0.6426042061327248,6586.905273
9522,1190.149,-0.5860682191934432,6587.04541
9523,1190.274,-0.5155502432717555,6587.97998
9524,1190.399,-0.48723856387027215,6588.742676
9525,1190.524,-0.4529855989564376,6588.741699
9526,1190.649,-0.449189335484939,6588.6875
9527,1190.774,-0.4502031229167247,6586.930664
9528,1190.899,-0.40060074679335533,6586.279297
9529,1191.024,-0.3805720509982773,6585.005859
9530,1191.15,-0.3742581086133217,6585.714355
9531,1191.274,-0.386239130058573,6586.280273
9532,1191.399,-0.43779357675654385,6586.647949
9533,1191.524,-0.5321444522268299,6585.518066
9534,1191.649,-0.6270599409085701,6585.800781
9535,1191.774,-0.6932371970018778,6586.138672
9536,1191.899,-0.6915411863814779,6585.431152
9537,1192.024,-0.6325802128113588,6585.57373
9538,1192.149,-0.5723107420833573,6585.855469
9539,1192.274,-0.490053632308965,6585.771973
9540,1192.399,-0.4419798282203353,6586.026367
9541,1192.524,-0.4482601271437794,6586.196289
9542,1192.649,-0.4827878107297032,6585.458984
9543,1192.774,-0.49731460437091424,6585.234375
9544,1192.899,-0.49227799733190897,6585.99707
9545,1193.024,-0.465262075012455,6585.999023
9546,1193.149,-0.44197731586718353,6586.393555
9547,1193.274,-0.372511732506315,6585.969238
9548,1193.399,-0.34413342996352847,6585.940918
9549,1193.524,-0.339059367379252,6586.167969
9550,1193.649,-0.38776995301240386,6586.932129
9551,1193.774,-0.4323807841829311,6585.714355
9552,1193.899,-0.5093140965104678,6584.895508
9553,1194.025,-0.5919266919079259,6585.942383
9554,1194.149,-0.6435859575832091,6586.677734
9555,1194.274,-0.6781799944246407,6585.771973
9556,1194.399,-0.6906103201709652,6585.405273
9557,1194.524,-0.6926594337262482,6585.913086
9558,1194.649,-0.7057317963080153,6584.895508
9559,1194.774,-0.7304705774028042,6585.150879
9560,1194.899,-0.7719251044892551,6584.923828
9561,1195.024,-0.8385470367979636,6584.95166
9562,1195.149,-0.8607860146112716,6584.89502
9563,1195.274,-0.8436923247418995,6584.358887
9564,1195.399,-0.8137825249533405,6584.132813
9565,1195.524,-0.7373964636524001,6583.819336
9566,1195.649,-0.662168943774763,6584.215332
9567,1195.774,-0.6124969677531096,6584.045898
9568,1195.899,-0.5801503502733957,6584.186035
9569,1196.024,-0.5460491544632297,6580.085938
9570,1196.149,-0.4963195759237878,6579.779297
9571,1196.274,-0.46003306149859496,6578.874512
9572,1196.399,-0.4333875092465757,6578.904297
9573,1196.524,-0.41978709862534974,6578.734375
9574,1196.649,-0.4273434810218253,6578.225586
9575,1196.774,-0.4961563841161794,6578.255371
9576,1196.899,-0.5690144083923666,6579.015137
9577,1197.025,-0.6243547487971353,6579.864258
9578,1197.149,-0.6669190635140928,6579.130371
9579,1197.274,-0.6422522975483406,6579.522949
9580,1197.399,-0.5874890728767884,6579.522949
9581,1197.523,-0.4933609273424016,6579.779297
9582,1197.648,-0.4217374812950704,6579.32666
9583,1197.773,-0.355496473151196,6579.32666
9584,1197.899,-0.3247902368876939,6579.495605
9585,1198.024,-0.33602282968164165,6579.438965
9586,1198.149,-0.3466916085529442,6579.976563
9587,1198.274,-0.37015616875434687,6579.779297
9588,1198.399,-0.3979827840530945,6579.495605
9589,1198.524,-0.4041596709731308,6579.862793
9590,1198.649,-0.4402871023987797,6580.260254
9591,1198.774,-0.495501674605749,6580.852051
9592,1198.899,-0.562290348789937,6580.654297
9593,1199.023,-0.6520561315285948,6580.82373
9594,1199.149,-0.736403201990039,6581.614258
9595,1199.274,-0.7761668069093884,6580.708496
9596,1199.399,-0.7768443292671383,6579.777832
9597,1199.523,-0.7397463923256025,6577.378418
9598,1199.649,-0.6738809926164913,6576.584961
9599,1199.773,-0.6078183848025644,6576.955566
9600,1199.899,-0.5607604804412555,6575.939453
9601,1200.023,-0.5374656183722513,6575.655762
9602,1200.149,-0.5559023692670578,6575.516602
9603,1200.273,-0.5769735404557862,6575.770996
9604,1200.398,-0.5676715077183446,6576.137695
9605,1200.523,-0.5667980855366596,6575.459473
9606,1200.648,-0.5177008867399184,6575.233398
9607,1200.773,-0.4558531459719179,6574.867188
9608,1200.898,-0.3991015718145728,6575.233398
9609,1201.023,-0.4062212039731052,6575.82666
9610,1201.149,-0.44457316512056433,6575.65625
9611,1201.273,-0.5345773126491986,6575.516602
9612,1201.398,-0.6255337992395603,6575.912109
9613,1201.524,-0.7196067648394625,6575.063965
9614,1201.648,-0.7356770625688486,6575.065918
9615,1201.773,-0.6854492220549786,6575.372559
9616,1201.898,-0.5049962580719989,6575.147949
9617,1202.023,-0.37964110986066407,6575.262207
9618,1202.148,-0.18842455985812803,6575.262207
9619,1202.274,-0.08345308501803365,6575.204102
9620,1202.399,-0.028483552654240178,6576.136719
9621,1202.523,-0.027207380124436367,6575.516602
9622,1202.648,-0.05531852518099016,6575.796875
9623,1202.773,-0.08464883356900156,6575.853516
9624,1202.898,-0.08490747802110368,6575.178223
9625,1203.023,-0.03685766955641776,6574.980957
9626,1203.148,-0.007320623692523274,6575.262207
9627,1203.273,0.009241774856057339,6575.094238
9628,1203.398,-0.014416291391928212,6576.193359
9629,1203.523,-0.04634124899766596,6575.064453
9630,1203.648,-0.11629101254521654,6574.781738
9631,1203.774,-0.135784592303203,6575.853516
9632,1203.898,-0.16164871470669534,6575.007813
9633,1204.023,-0.13795144778081772,6575.037109
9634,1204.149,-0.11131183692887349,6575.233887
9635,1204.273,-0.13971613626932372,6574.333008
9636,1204.398,-0.17524731763978596,6574.245605
9637,1204.524,-0.24352979220489313,6575.205078
9638,1204.648,-0.3654813422066118,6575.148438
9639,1204.773,-0.48764600242723494,6575.20459
9640,1204.899,-0.5756725181688159,6575.853027
9641,1205.023,-0.6408135992312157,6576.106934
9642,1205.149,-0.6475485586146988,6576.020996
9643,1205.273,-0.605851318866673,6575.655762
9644,1205.398,-0.5792720897028191,6575.68457
9645,1205.523,-0.5574410095606462,6576.277832
9646,1205.648,-0.5235143559820554,6576.475098
9647,1205.773,-0.498058561204849,6576.050293
9648,1205.898,-0.4746603859492013,6576.021973
9649,1206.023,-0.4437321223693738,6575.571289
9650,1206.148,-0.4782186827796348,6576.727539
9651,1206.273,-0.5605605561942798,6576.757324
9652,1206.398,-0.6805880531305681,6575.571777
9653,1206.523,-0.8159053755278343,6574.725098
9654,1206.648,-0.9608208807933517,6575.487793
9655,1206.773,-1.0385594102018258,6575.938477
9656,1206.898,-1.018213545031489,6576.10791
9657,1207.023,-0.8809059162912284,6575.825195
9658,1207.148,-0.7501672614555802,6575.825684
9659,1207.273,-0.6239477848930486,6575.401855
9660,1207.398,-0.5752820509414899,6575.176758
9661,1207.523,-0.641106320913618,6576.080078
9662,1207.648,-0.7456583988691381,6576.532227
9663,1207.773,-0.8695737515085569,6576.108398
9664,1207.898,-0.9951158668989117,6575.598145
9665,1208.023,-1.0811901596694204,6575.119141
9666,1208.148,-1.0990145130210696,6575.599609
9667,1208.273,-1.0783951565753116,6575.401367
9668,1208.398,-1.0443730285045705,6574.725098
9669,1208.523,-0.9385845963668809,6574.526367
9670,1208.648,-0.8351255617917385,6575.682617
9671,1208.773,-0.7356356813313246,6575.879395
9672,1208.898,-0.6584983223007977,6575.880371
9673,1209.023,-0.5940587336069615,6575.622559
9674,1209.148,-0.5539354033528195,6575.680664
9675,1209.273,-0.5559937711377514,6575.174805
9676,1209.398,-0.5859047700722596,6575.14502
9677,1209.523,-0.6017989126305004,6574.270996
9678,1209.648,-0.610468547517827,6575.456543
9679,1209.773,-0.6559001600533388,6573.904297
9680,1209.898,-0.6891635587926703,6573.850098
9681,1210.023,-0.6647748941680214,6572.891113
9682,1210.148,-0.6969333915274597,6572.638672
9683,1210.273,-0.7040739645935196,6571.961914
9684,1210.398,-0.7155198727026252,6571.285156
9685,1210.523,-0.7429414987268882,6570.384277
9686,1210.648,-0.7272620488226655,6570.609375
9687,1210.773,-0.7368197580381324,6570.805664
9688,1210.898,-0.6720582399639294,6569.932617
9689,1211.023,-0.5963584618308578,6570.356934
9690,1211.148,-0.5617410009477197,6569.875977
9691,1211.273,-0.5666200500136798,6569.818848
9692,1211.398,-0.6152171205040352,6569.876465
9693,1211.523,-0.714179525793617,6570.385742
9694,1211.648,-0.8202210554139194,6570.666016
9695,1211.773,-0.9086795818148815,6570.355957
9696,1211.898,-0.9321799822141474,6570.072754
9697,1212.023,-0.8688133262191343,6569.847656
9698,1212.148,-0.7265303916602025,6570.326172
9699,1212.273,-0.5747256279294816,6570.974121
9700,1212.398,-0.41505222877795445,6570.241699
9701,1212.523,-0.27270994284387695,6570.298828
9702,1212.648,-0.16537294307883052,6571.286133
9703,1212.773,-0.1302972959169201,6569.679688
9704,1212.898,-0.10790726322792331,6569.48291
9705,1213.023,-0.11617347039638412,6570.297363
9706,1213.148,-0.13046008679321427,6570.637207
9707,1213.273,-0.14160325374132215,6569.564453
9708,1213.398,-0.12453971659895934,6571.031738
9709,1213.523,-0.09485319908758172,6570.467285
9710,1213.648,-0.06944442900185477,6571.453613
9711,1213.773,-0.038335420615523357,6571.312012
9712,1213.897,-0.03540813163052167,6570.805664
9713,1214.023,-0.08175065393842361,6571.170898
9714,1214.147,-0.1779367025124683,6571.650879
9715,1214.272,-0.274067430569888,6570.552734
9716,1214.398,-0.3830537598578989,6571.368652
9717,1214.522,-0.4492047451817695,6571.706543
9718,1214.648,-0.4896359937083088,6571.536133
9719,1214.773,-0.4353811183047154,6571.057129
9720,1214.898,-0.3681171574971517,6570.635742
9721,1215.022,-0.3091786004273406,6569.959473
9722,1215.147,-0.20117534092635708,6570.155273
9723,1215.273,-0.21416480857724576,6570.663574
9724,1215.398,-0.21475087769459966,6570.438965
9725,1215.522,-0.25537608868883394,6570.324219
9726,1215.648,-0.28855263906988343,6570.353027
9727,1215.772,-0.3379938539099101,6570.549805
9728,1215.897,-0.3198225015219604,6570.521484
9729,1216.023,-0.2868636790747813,6570.606934
9730,1216.147,-0.24564033780650554,6570.184082
9731,1216.273,-0.15976981002476692,6569.675781
9732,1216.397,-0.12309386841325938,6570.12793
9733,1216.522,-0.14807528776864856,6569.227051
9734,1216.648,-0.18697352459842692,6569.029297
9735,1216.773,-0.23098826206222373,6570.126465
9736,1216.897,-0.3481311499779853,6570.493164
9737,1217.023,-0.42770178671988207,6569.901855
9738,1217.147,-0.43811111924641294,6570.294434
9739,1217.272,-0.4608237091509095,6570.577637
9740,1217.398,-0.43426850171793546,6570.606445
9741,1217.522,-0.4492386059966645,6570.071289
9742,1217.647,-0.42722851639829823,6570.831543
9743,1217.772,-0.3592629984076523,6571.057617
9744,1217.897,-0.3112465732153236,6570.804199
9745,1218.022,-0.2198413747611771,6570.438477
9746,1218.148,-0.17720316605880038,6570.463379
9747,1218.272,-0.0922045162001825,6571.648926
9748,1218.397,-0.07055814593786267,6570.803711
9749,1218.522,-0.026375611217784884,6570.660645
9750,1218.648,0.02352427511490886,6571.927734
9751,1218.772,0.0722326276219719,6571.67334
9752,1218.897,0.14080055169932792,6571.193848
9753,1219.022,0.1618548735424182,6571.899414
9754,1219.148,0.22214042623047775,6571.250977
9755,1219.272,0.23841335779509612,6569.535156
9756,1219.398,0.30155411091212814,6568.185547
9757,1219.522,0.36296967702820576,6567.989258
9758,1219.648,0.3280516415015861,6567.509766
9759,1219.772,0.3252580086468957,6567.789551
9760,1219.897,0.2837363223554966,6568.664551
9761,1220.022,0.20821979926757853,6568.691895
9762,1220.148,0.11631079617673418,6568.382324
9763,1220.272,0.03656278693082754,6568.354004
9764,1220.397,-0.06650327171983576,6568.352051
9765,1220.522,-0.09620241704649132,6569.705566
9766,1220.647,-0.11533063790805176,6569.168945
9767,1220.772,-0.06373584323064081,6569.452148
9768,1220.897,-0.040020978817142554,6570.044922
9769,1221.022,0.030947353989359917,6569.397461
9770,1221.147,0.09339174308084217,6570.299316
9771,1221.272,0.08122195779355379,6569.397461
9772,1221.397,0.055219622430228946,6569.565918
9773,1221.522,0.09750293963777487,6569.958496
9774,1221.647,0.12108351891839556,6570.523438
9775,1221.772,0.16987718755429995,6569.622559
9776,1221.897,0.24723305676836732,6569.876465
9777,1222.022,0.2689576405774776,6569.849121
9778,1222.147,0.27438192000127937,6570.242188
9779,1222.272,0.2814658999241564,6570.91748
9780,1222.397,0.2636121069060289,6569.762695
9781,1222.522,0.2660942828014271,6569.790527
9782,1222.647,0.26467709442622434,6569.508789
9783,1222.772,0.25163259482105327,6569.958984
9784,1222.897,0.21127806146437522,6568.803711
9785,1223.022,0.17813083263641097,6569.143555
9786,1223.147,0.15488865613516997,6569.987305
9787,1223.272,0.13127875008043505,6571.00293
9788,1223.398,0.1330780290210279,6569.480469
9789,1223.522,0.17895359249173814,6569.647949
9790,1223.647,0.27273556210778926,6569.283691
9791,1223.772,0.3635863686133894,6570.044434
9792,1223.897,0.4427566838310478,6571.115234
9793,1224.022,0.508198413236997,6571.171875
9794,1224.147,0.4913935770108491,6571.564941
9795,1224.272,0.4624198492998848,6571.594727
9796,1224.397,0.39493372926030734,6570.212402
9797,1224.522,0.351085995900239,6570.719727
9798,1224.647,0.2961077466312577,6570.016113
9799,1224.772,0.23294171379355066,6569.339844
9800,1224.897,0.19418125830535088,6568.777344
9801,1225.022,0.16222382575079206,6569.144043
9802,1225.147,0.13463935569180524,6569.649414
9803,1225.272,0.15729573091081742,6568.749512
9804,1225.397,0.18389449000719393,6568.354492
9805,1225.522,0.20670572300659618,6569.087891
9806,1225.647,0.18701065833535935,6568.861816
9807,1225.772,0.24211018867421125,6569.199707
9808,1225.897,0.26018921211469037,6569.341309
9809,1226.022,0.24012643565698397,6569.058594
9810,1226.147,0.21221508554947172,6569.283203
9811,1226.272,0.18246611326978843,6569.200684
9812,1226.397,0.14850690170444397,6569.677246
9813,1226.522,0.1138392330744626,6569.254395
9814,1226.647,0.09757447084541022,6568.945801
9815,1226.772,0.11265198486597969,6568.381836
9816,1226.897,0.15915487936697525,6569.647461
9817,1227.022,0.19697750329034533,6569.283691
9818,1227.147,0.2251204424298785,6569.450684
9819,1227.272,0.24374435502863373,6569.422852
9820,1227.397,0.22963734547056433,6569.758301
9821,1227.522,0.19367257904145904,6570.717285
9822,1227.647,0.21123607886896217,6570.856934
9823,1227.772,0.24897197444173866,6570.914551
9824,1227.897,0.2361308168313442,6571.815918
9825,1228.022,0.22188312161650622,6570.996094
9826,1228.147,0.12457901991671179,6569.422363
9827,1228.272,0.014903300010063564,6568.383789
9828,1228.397,-0.10179399297082593,6568.917969
9829,1228.522,-0.13570174515727013,6569.622559
9830,1228.646,-0.07658913973844732,6570.609375
9831,1228.772,0.01762584453506867,6570.608887
9832,1228.897,0.15132966052385857,6570.409668
9833,1229.022,0.2494749197892087,6570.044434
9834,1229.147,0.3229005752456161,6569.114746
9835,1229.272,0.3900273423776661,6570.327637
9836,1229.397,0.4312862769668444,6569.847656
9837,1229.522,0.46134081821665857,6570.299805
9838,1229.646,0.49864451119054537,6570.552734
9839,1229.772,0.5253956219536648,6570.524414
9840,1229.897,0.5227408647246947,6570.044434
9841,1230.021,0.4636278658830879,6569.422852
9842,1230.146,0.3901581537527646,6569.733887
9843,1230.272,0.27705074894143716,6570.720703
9844,1230.397,0.2019648049931938,6570.07373
9845,1230.522,0.1902865166223587,6570.327637
9846,1230.647,0.19025529154151372,6569.593262
9847,1230.772,0.2528806272507431,6570.438477
9848,1230.897,0.3233258421111453,6569.791016
9849,1231.021,0.37726018039629056,6570.437988
9850,1231.147,0.4338936621038555,6570.578613
9851,1231.272,0.45640385992322946,6569.508789
9852,1231.397,0.46729381303426476,6569.958496
9853,1231.521,0.46997066088337724,6570.719727
9854,1231.646,0.5096295357500876,6569.62207
9855,1231.771,0.5741112902138629,6570.297363
9856,1231.897,0.5998756593917811,6570.07373
9857,1232.021,0.6190397519012965,6569.201172
9858,1232.147,0.5832319283814078,6569.790527
9859,1232.271,0.5044214597540583,6569.538086
9860,1232.396,0.4184935234390988,6569.651367
9861,1232.521,0.36093733684467505,6568.86084
9862,1232.646,0.27493686844671755,6569.339355
9863,1232.771,0.2848865464543402,6569.172363
9864,1232.896,0.25360329539132986,6569.367188
9865,1233.021,0.2443220349411302,6569.56543
9866,1233.147,0.18519121173762018,6569.367676
9867,1233.271,0.14066720488871853,6569.651367
9868,1233.396,0.08195956212093039,6568.779297
9869,1233.521,0.03954975648231151,6569.086914
9870,1233.647,0.07195978658158436,6569.479492
9871,1233.771,0.1222971828171335,6568.748047
9872,1233.897,0.21928214446677174,6568.776367
9873,1234.021,0.31557551659573013,6568.88916
9874,1234.146,0.37850887953418855,6570.098633
9875,1234.272,0.4548429930793751,6569.733887
9876,1234.397,0.48487871699396207,6569.087402
9877,1234.522,0.5028560458485621,6569.367188
9878,1234.646,0.448335253768366,6569.47998
9879,1234.772,0.3601500513577526,6569.451172
9880,1234.896,0.1882114828800948,6569.820313
9881,1235.021,0.0015267443104254458,6569.847168
9882,1235.146,-0.2115595390019729,6570.35498
9883,1235.272,-0.36000264252183606,6570.438477
9884,1235.396,-0.4536002390206041,6569.20166
9885,1235.521,-0.4424215014084707,6569.875488
9886,1235.646,-0.39174213464100316,6568.692383
9887,1235.771,-0.30538418685543584,6570.242676
9888,1235.896,-0.22302158257680857,6569.425781
9889,1236.021,-0.12350536854212729,6569.368652
9890,1236.146,-0.09199707209165263,6570.270508
9891,1236.272,-0.05845986086838506,6570.07373
9892,1236.396,-0.08326256804535628,6569.678711
9893,1236.521,-0.09460143070943507,6569.932129
9894,1236.646,-0.13232476855047412,6569.34082
9895,1236.771,-0.1303269965930075,6570.126953
9896,1236.896,-0.1289566741572416,6570.353027
9897,1237.022,-0.1099746622447901,6571.42334
9898,1237.146,-0.08204041676467026,6570.520508
9899,1237.271,-0.036025379239090036,6571.59082
9900,1237.396,-0.045180553380018015,6571.083008
9901,1237.521,-0.03452374235630045,6570.494141
9902,1237.646,-0.04108300670117353,6571.365723
9903,1237.772,-0.03666760635977282,6570.661133
9904,1237.896,-0.012403972051030015,6569.845703
9905,1238.021,-0.03264889872331567,6568.889648
9906,1238.146,-0.04824150719940364,6568.411133
9907,1238.271,-0.10493290407931351,6569.283691
9908,1238.396,-0.20594816986312775,6569.537109
9909,1238.521,-0.28909432383901523,6568.748535
9910,1238.646,-0.3486299608710248,6570.496094
9911,1238.771,-0.3400652840024505,6568.297852
9912,1238.896,-0.20951991010279408,6568.750488
9913,1239.021,-0.041845071780822654,6569.761719
9914,1239.146,0.1526277789049763,6568.889648
9915,1239.271,0.34172950083025994,6569.228516
9916,1239.396,0.47913253572302933,6569.200684
9917,1239.521,0.5255686877497325,6568.777832
9918,1239.646,0.5569405626487064,6568.385254
9919,1239.771,0.5023309785822292,6567.877441
9920,1239.896,0.4747463189790635,6568.439453
9921,1240.021,0.41203466931701677,6569.339844
9922,1240.146,0.29440329331854054,6568.750488
9923,1240.271,0.17816876200994167,6569.847168
9924,1240.396,0.058361087011856605,6568.75
9925,1240.521,-0.059666149925897985,6568.947266
9926,1240.646,-0.0991225647140786,6569.62207
9927,1240.771,-0.02991432805016064,6569.285645
9928,1240.896,0.08269460805978156,6568.750488
9929,1241.021,0.25199831839529546,6569.847656
9930,1241.146,0.3583168345793224,6569.144043
9931,1241.271,0.4856899831406305,6569.228516
9932,1241.396,0.5859939335991632,6569.003418
9933,1241.521,0.6252561571943384,6569.650879
9934,1241.646,0.6700729149775377,6569.566406
9935,1241.771,0.7340305679455148,6569.339844
9936,1241.896,0.832678205611376,6568.946777
9937,1242.021,0.885341907762005,6570.072754
9938,1242.146,0.9180961542245752,6569.564453
9939,1242.271,0.8745598338171316,6569.115723
9940,1242.396,0.8191398540934646,6569.14502
9941,1242.521,0.7369926006248931,6569.62207
9942,1242.646,0.6439195508384087,6568.86084
9943,1242.771,0.6005547610374835,6569.001465
9944,1242.896,0.6474034413244694,6570.130371
9945,1243.021,0.6595648448734378,6569.958496
9946,1243.146,0.722131446123617,6569.058594
9947,1243.271,0.7387733616303938,6569.817871
9948,1243.396,0.6452933671844091,6569.932129
9949,1243.521,0.5261403913562334,6569.959473
9950,1243.646,0.37859920232377686,6570.324219
9951,1243.771,0.2857823605663727,6570.606934
9952,1243.896,0.2503346456276421,6570.102539
9953,1244.021,0.3482350740819308,6569.679688
9954,1244.145,0.44641033274798275,6569.143555
9955,1244.271,0.541879772908644,6569.876465
9956,1244.395,0.6139763366719451,6570.07373
9957,1244.521,0.5873626941316671,6568.918457
9958,1244.646,0.5357381494345795,6569.762695
9959,1244.771,0.4817315110581482,6569.142578
9960,1244.896,0.4883977614662842,6569.818848
9961,1245.021,0.5366917731820159,6569.847168
9962,1245.146,0.5863955741582821,6569.565918
9963,1245.271,0.657143206499746,6570.212891
9964,1245.396,0.7264895287157083,6569.876465
9965,1245.52,0.7576235912329902,6569.62207
9966,1245.646,0.7869831292067249,6569.594727
9967,1245.771,0.7685254283302938,6569.98877
9968,1245.895,0.7726512120901781,6569.592773
9969,1246.021,0.7575906676618469,6566.888672
9970,1246.145,0.7243438430529323,6566.97168
9971,1246.271,0.6991867717285701,6564.863281
9972,1246.395,0.6536177994739729,6563.854004
9973,1246.521,0.6504462462121556,6562.72998
9974,1246.645,0.6149793882319357,6562.364258
9975,1246.771,0.6230430993685928,6562.589355
9976,1246.895,0.6363055878328296,6563.602051
9977,1247.021,0.623815960837913,6562.702148
9978,1247.145,0.5753815377582859,6562.871582
9979,1247.271,0.4825055868495718,6562.674316
9980,1247.396,0.41722310298588,6562.702148
9981,1247.521,0.3133241650119254,6563.320801
9982,1247.646,0.244809125239827,6562.926758
9983,1247.771,0.1682776939186993,6562.027832
9984,1247.895,0.17136024283343243,6562.759277
9985,1248.02,0.19289499379949795,6562.731445
9986,1248.146,0.21957752246280698,6563.237305
9987,1248.271,0.22653284049048605,6564.277832
9988,1248.396,0.17620763961900565,6564.220215
9989,1248.521,0.12327655597933933,6564.782715
9990,1248.645,0.039712024030349874,6565.203613
9991,1248.77,-0.007169256991923193,6564.644043
9992,1248.895,-0.025360070853133673,6563.883301
9993,1249.021,0.0023768719065291196,6564.697266
9994,1249.146,0.08601393072057015,6564.248535
9995,1249.271,0.13849457565806736,6563.912109
9996,1249.395,0.20025587270237652,6564.333008
9997,1249.52,0.2328363220764817,6563.348145
9998,1249.645,0.20694174879417143,6563.966797
9999,1249.771,0.16223700622903017,6563.235352
10000,1249.895,0.1088051240012432,6562.841309
10001,1250.021,0.08583478074191879,6562.703613
10002,1250.145,0.06663822894579567,6562.224609
10003,1250.27,0.03561324102586316,6563.066895
10004,1250.396,0.06472888070154569,6563.714355
10005,1250.52,0.10010523829901039,6563.152344
10006,1250.646,0.11759169243874194,6563.629395
10007,1250.77,0.1240050568368178,6563.376465
10008,1250.895,0.12046864440733633,6564.359375
10009,1251.021,0.14342077442925927,6564.866699
10010,1251.146,0.17421463606715498,6563.798828
10011,1251.27,0.22164606141602292,6563.54541
10012,1251.395,0.24534284246126112,6561.971191
10013,1251.52,0.23056032951914537,6563.038574
10014,1251.645,0.2150503139556901,6563.039551
10015,1251.771,0.10999334574171205,6563.234863
10016,1251.895,0.048988367502386956,6564.444824
10017,1252.021,-0.03267284812018784,6563.770508
10018,1252.146,-0.017702249375393393,6565.092285
10019,1252.27,0.04368606773602993,6563.713379
10020,1252.396,0.18005137645412597,6563.263184
10021,1252.52,0.34930587058315665,6564.134766
10022,1252.645,0.45994069373914687,6564.5
10023,1252.77,0.5591221563477414,6564.387695
10024,1252.895,0.5724420891237065,6563.010254
10025,1253.021,0.5399187078884083,6563.404297
10026,1253.145,0.4667206612957635,6564.583984
10027,1253.27,0.39428544331811316,6564.388184
10028,1253.395,0.3473181529630266,6563.684082
10029,1253.52,0.34404445577382464,6564.021484
10030,1253.645,0.3305327057622509,6564.723633
10031,1253.77,0.34278949049594826,6564.079102
10032,1253.895,0.324429087129713,6564.527832
10033,1254.02,0.28932055022044595,6565.288086
10034,1254.145,0.2707276996654813,6564.867188
10035,1254.27,0.28935490274354664,6565.17334
10036,1254.395,0.30703496266752023,6566.216797
10037,1254.52,0.324870094188564,6565.091309
10038,1254.645,0.32251150492152,6565.006836
10039,1254.771,0.2880511880436947,6564.612793
10040,1254.895,0.20403112705072174,6564.442383
10041,1255.02,0.10544470407737601,6564.38623
10042,1255.145,0.019100054874005633,6563.767578
10043,1255.27,-0.035964881850206826,6564.780273
10044,1255.395,0.016130830445901096,6564.048828
10045,1255.52,0.12249110606394636,6564.328125
10046,1255.645,0.2248137495820185,6566.01709
10047,1255.77,0.31384215907406343,6565.90332
10048,1255.895,0.3633972375069443,6566.157227
10049,1256.02,0.3850826774026256,6566.213867
10050,1256.145,0.36274933617882077,6566.268066
10051,1256.27,0.3199548726955067,6565.649902
10052,1256.395,0.3236264674331324,6564.38623
10053,1256.52,0.3261176457641049,6562.84082
10054,1256.645,0.32355973947761574,6562.896973
10055,1256.77,0.3147940870654018,6562.278809
10056,1256.895,0.28873086062841263,6562.083984
10057,1257.02,0.2946665171532035,6561.436523
10058,1257.145,0.26339860274690935,6560.986816
10059,1257.27,0.22769657359157122,6561.268066
10060,1257.395,0.217687236474383,6561.210449
10061,1257.52,0.20276393838081327,6562.000488
10062,1257.645,0.19262406857172837,6562.392578
10063,1257.77,0.19063518459702042,6561.661621
10064,1257.895,0.20707263173237891,6562.981445
10065,1258.02,0.2751551539673139,6562.758301
10066,1258.146,0.37000379006523787,6563.431152
10067,1258.27,0.486145755690445,6562.98291
10068,1258.396,0.6027748528228418,6564.303223
10069,1258.52,0.7069966392359309,6562.618164
10070,1258.645,0.7336239263481857,6562.72998
10071,1258.77,0.7114351602437489,6563.405762
10072,1258.895,0.6250065720892611,6563.378418
10073,1259.02,0.5137057986451643,6562.842773
10074,1259.145,0.4208498518055919,6562.871582
10075,1259.27,0.3621791180037083,6563.349121
10076,1259.395,0.37162561633721064,6564.051758
10077,1259.52,0.41386929432238634,6563.741699
10078,1259.645,0.4918601217863446,6562.98291
10079,1259.77,0.5762781672713262,6562.841797
10080,1259.895,0.6283478802850588,6563.095703
10081,1260.02,0.6679423975423735,6563.461914
10082,1260.145,0.6924465620482431,6564.303711
10083,1260.27,0.7118732073682282,6563.291992
10084,1260.395,0.7369819774380109,6563.432129
10085,1260.52,0.7688296242308735,6562.842773
10086,1260.645,0.8044962203143061,6562.027344
10087,1260.77,0.8413061067563647,6561.914551
10088,1260.895,0.8323301580563311,6562.026367
10089,1261.02,0.8172981713439168,6561.57666
10090,1261.145,0.7660863717993204,6560.932129
10091,1261.27,0.6930811786997138,6561.772949
10092,1261.395,0.6398850612955073,6561.437988
10093,1261.52,0.5781743375282467,6561.071289
10094,1261.644,0.5511749217822954,6561.12793
10095,1261.77,0.5430201673862574,6562.025879
10096,1261.895,0.5384014038751598,6561.324219
10097,1262.019,0.5567324652703917,6562.025391
10098,1262.145,0.5798748016944971,6562.280273
10099,1262.27,0.5813737339160736,6561.29541
10100,1262.395,0.5541825892409233,6561.155273
10101,1262.52,0.5423190553177306,6562.081543
10102,1262.644,0.5069322013055657,6563.206055
10103,1262.77,0.5267520879871777,6561.745117
10104,1262.895,0.5504752229368679,6562.39209
10105,1263.019,0.6006753606946501,6561.883789
10106,1263.145,0.6277001038542259,6562.785645
10107,1263.27,0.6433291872497167,6562.504883
10108,1263.394,0.583164523481742,6561.858398
10109,1263.519,0.5074269963453744,6561.686523
10110,1263.645,0.4063604024474673,6561.911621
10111,1263.769,0.316675590140844,6562.418945
10112,1263.895,0.2480345147619273,6562.333984
10113,1264.019,0.21675400013180893,6562.108398
10114,1264.144,0.24955897375092093,6562.250977
10115,1264.27,0.2897023902886541,6562.643555
10116,1264.395,0.3469199862914483,6561.912598
10117,1264.52,0.39507855322928953,6561.661133
10118,1264.644,0.4321852833076383,6561.883789
10119,1264.77,0.43658954644240033,6562.361328
10120,1264.894,0.40241412786006237,6562.050781
10121,1265.019,0.35925799245411555,6562.363281
10122,1265.144,0.30770588036353924,6562.530273
10123,1265.269,0.28299906998345425,6562.616211
10124,1265.395,0.29493011385294116,6561.826172
10125,1265.52,0.36282471302576286,6562.501465
10126,1265.645,0.4242145309328597,6563.597168
10127,1265.769,0.4995967230386656,6563.76416
10128,1265.894,0.5694756241687825,6562.809082
10129,1266.019,0.5776442517576966,6562.219727
10130,1266.145,0.5508540314321061,6561.741699
10131,1266.27,0.5036936279408327,6558.991699
10132,1266.394,0.45083410290286724,6558.486328
10133,1266.52,0.41981745293182166,6559.890137
10134,1266.644,0.35836625621950613,6559.1875
10135,1266.769,0.36150098227898964,6559.693848
10136,1266.894,0.31981627907714644,6561.463867
10137,1267.019,0.2980242610323699,6559.497559
10138,1267.145,0.27602744184632244,6560.536133
10139,1267.269,0.2980072038201121,6560.623047
10140,1267.394,0.3577416901810797,6560.847168
10141,1267.52,0.4439394649777035,6560.032715
10142,1267.645,0.5295698487560171,6560.174316
10143,1267.77,0.6078726816640527,6559.667969
10144,1267.895,0.6413356862003713,6560.791504
10145,1268.019,0.6309059151892246,6560.256836
10146,1268.145,0.5690081597814225,6560.398926
10147,1268.269,0.4780918887154888,6560.959961
10148,1268.394,0.3859727580681845,6561.858887
10149,1268.519,0.30681181102211325,6561.884766
10150,1268.644,0.2422791757032918,6561.435547
10151,1268.769,0.20603540638433718,6561.605957
10152,1268.895,0.21168940866409602,6562.13916
10153,1269.019,0.2564394706910964,6562.194336
10154,1269.144,0.2834266506450074,6561.96875
10155,1269.27,0.30818359196290507,6562.13916
10156,1269.394,0.3270806824254305,6562.168457
10157,1269.52,0.3040491335587141,6561.436035
10158,1269.644,0.2901031368613575,6562.646484
10159,1269.769,0.2637991468079937,6561.82959
10160,1269.895,0.22898214221646984,6562.224609
10161,1270.019,0.19668298686932945,6562.335938
10162,1270.145,0.1406994042682123,6561.772461
10163,1270.269,0.03289393456725783,6562.671875
10164,1270.395,-0.10822119964780996,6561.633789
10165,1270.519,-0.25223472092154775,6562.13916
10166,1270.644,-0.3725399524361164,6562.056152
10167,1270.769,-0.43072772340629784,6562.729004
10168,1270.894,-0.3782889229488481,6562.222656
10169,1271.019,-0.2902328585928784,6562.080566
10170,1271.144,-0.18875362664500508,6561.772461
10171,1271.269,-0.1241704359631328,6562.504395
10172,1271.394,-0.09364937498942506,6562.447754
10173,1271.519,-0.06943157718984277,6562.503906
10174,1271.644,-0.09714307669520363,6561.436035
10175,1271.769,-0.14903513757894438,6561.408691
10176,1271.894,-0.1580250627086159,6561.296387
10177,1272.019,-0.15954727751099657,6561.82959
10178,1272.144,-0.13623397078161315,6561.547363
10179,1272.27,-0.1178303605550652,6561.82959
10180,1272.394,-0.118422887734812,6561.547852
10181,1272.52,-0.06833547688509864,6561.547363
10182,1272.644,-0.027269341074058658,6562.897949
10183,1272.769,-0.03827104118822797,6561.435547
10184,1272.894,-0.012320254276407505,6561.773438
10185,1273.019,-0.0014511951573823526,6561.940918
10186,1273.144,-0.01786561218886288,6562.110352
10187,1273.269,-0.02699804559403375,6561.716797
10188,1273.394,-0.04115869785735701,6562.448242
10189,1273.519,-0.08323044031979163,6561.912598
10190,1273.644,-0.06370572067287196,6561.80127
10191,1273.769,-0.023052328377021654,6561.998047
10192,1273.894,0.04392913208111812,6561.912598
10193,1274.019,0.17164822207661393,6561.462891
10194,1274.144,0.3356303652803068,6561.630371
10195,1274.269,0.43574973622006946,6561.125977
10196,1274.394,0.5306264243364095,6561.827148
10197,1274.519,0.5360593737444225,6561.827148
10198,1274.644,0.4698444963433781,6562.391602
10199,1274.769,0.3228750162977485,6562.022461
10200,1274.894,0.16625794083933354,6562.500977
10201,1275.018,0.029487522115604924,6562.387207
10202,1275.144,-0.009294709760598614,6562.669434
10203,1275.269,-0.06698507747751993,6561.827148
10204,1275.394,-0.07340710989895798,6561.349609
10205,1275.519,-0.13220321311496605,6560.814453
10206,1275.644,-0.23815065233996216,6560.733398
10207,1275.769,-0.3008030762401905,6558.76709
10208,1275.894,-0.35533374796249234,6558.487793
10209,1276.019,-0.28981725383460355,6558.122559
10210,1276.143,-0.024414893332425993,6560.20166
10211,1276.269,0.20606354900924276,6560.229004
10212,1276.393,0.4547295130253919,6559.666504
10213,1276.519,0.6310594273224907,6560.058105
10214,1276.644,0.6281242047302333,6561.155762
10215,1276.769,0.48249959195559033,6560.20166
10216,1276.894,0.3650231169313954,6560.20166
10217,1277.019,0.28147936354414005,6558.992676
10218,1277.144,0.23851485655850282,6559.498535
10219,1277.269,0.25519014121148775,6559.833496
10220,1277.394,0.2500392371915529,6560.199219
10221,1277.519,0.20279568665505593,6559.63916
10222,1277.644,0.20234066238859835,6561.013184
10223,1277.769,0.15098455857365728,6560.535645
10224,1277.894,0.06287077854487849,6560.620605
10225,1278.019,-0.01725066840990661,6561.208008
10226,1278.143,0.02089090332098638,6560.395508
10227,1278.269,0.03813778930706681,6561.520996
10228,1278.394,0.09393653934839599,6561.013184
10229,1278.518,0.18972241567626946,6561.688477
10230,1278.644,0.19749425837106047,6561.65918
10231,1278.769,0.20825577387808003,6562.109863
10232,1278.894,0.24810143319286296,6561.463379
10233,1279.019,0.12230223366046664,6561.15332
10234,1279.143,0.1647259947567574,6561.209961
10235,1279.269,0.11078989389935943,6561.37793
10236,1279.394,0.18656962354895598,6561.29541
10237,1279.518,0.20034519446810006,6560.956543
10238,1279.643,0.2270920044664394,6561.659668
10239,1279.769,0.272678762457673,6561.966797
10240,1279.893,0.21169625375044326,6561.462891
10241,1280.018,0.1614622599650312,6560.731934
10242,1280.143,0.11703720184382217,6560.731445
10243,1280.269,0.11820207075995147,6560.449707
10244,1280.393,0.10487429889882431,6561.124512
10245,1280.518,0.15123283518911781,6561.181152
10246,1280.644,0.17845362384534508,6561.631836
10247,1280.769,0.15596718513041966,6560.674805
10248,1280.893,0.174865299219825,6561.713379
10249,1281.019,0.14367714396236944,6561.769531
10250,1281.143,0.19585847981148038,6561.768555
10251,1281.269,0.1982678195384147,6562.19043
10252,1281.393,0.32583801698374654,6562.922363
10253,1281.518,0.44418594149007967,6562.922852
10254,1281.643,0.5104271760540952,6562.163086
10255,1281.768,0.6272452614516668,6563.060547
10256,1281.893,0.7278186020273724,6562.922363
10257,1282.018,0.7611304281297239,6562.727051
10258,1282.144,0.767053343067681,6563.147949
10259,1282.269,0.7413619946187866,6562.640137
10260,1282.393,0.6736188107679002,6562.835938
10261,1282.518,0.5832403606163796,6562.415527
10262,1282.643,0.6030094531296462,6563.119141
10263,1282.768,0.5444816931540418,6563.539551
10264,1282.893,0.5959289731821497,6563.821777
10265,1283.018,0.6316757726964148,6563.088867
10266,1283.143,0.7513065678888713,6564.214355
10267,1283.268,0.7769490122208607,6564.663574
10268,1283.393,0.7821340342229544,6564.214355
10269,1283.518,0.7938804761413443,6564.075195
10270,1283.643,0.7691100379883279,6564.496582
10271,1283.768,0.7189236510111435,6563.482422
10272,1283.893,0.754904188790066,6565.085938
10273,1284.018,0.7202142211517615,6565.45166
10274,1284.143,0.8172254286049229,6565.593262
10275,1284.268,0.9062674180252895,6566.464355
10276,1284.393,0.9169878047891123,6565.760254
10277,1284.518,0.9195374124943033,6565.958008
10278,1284.643,0.9257870762841308,6565.702148
10279,1284.769,0.9263466863929678,6564.745117
10280,1284.893,0.9146239608475967,6563.344727
10281,1285.019,0.9588207246548168,6561.603027
10282,1285.143,0.9868218831701038,6561.291992
10283,1285.268,1.096472418537609,6562.67041
10284,1285.394,1.1307684771531192,6562.530273
10285,1285.518,1.14936598330493,6563.34668
10286,1285.644,1.1037525647510316,6563.149414
10287,1285.768,1.0966905976559784,6563.037109
10288,1285.893,0.9712619611987281,6562.84082
10289,1286.018,0.9185419999063169,6562.643555
10290,1286.143,0.8965970433379357,6562.896973
10291,1286.269,0.8839793964142358,6562.671387
10292,1286.393,0.9877987135734587,6562.137207
10293,1286.518,1.0548079451145083,6562.306641
10294,1286.643,1.1391123162086063,6562.308105
10295,1286.768,1.1749764510001945,6561.969727
10296,1286.893,1.1431447503445613,6561.856934
10297,1287.018,0.9349465260026996,6562.785645
10298,1287.144,0.7181714160758308,6562.786133
10299,1287.268,0.47934804289462685,6562.335449
10300,1287.393,0.301813570050523,6561.998047
10301,1287.518,0.4477425040385599,6561.743652
10302,1287.643,0.5786178392624461,6560.931152
10303,1287.768,0.7700390158938778,6561.013672
10304,1287.893,0.9522225212176461,6560.649414
10305,1288.019,1.0266098880155206,6561.605469
10306,1288.143,1.0003643863424658,6561.60498
10307,1288.268,0.9592196894045836,6561.492188
10308,1288.393,0.8819278296096396,6562.083008
10309,1288.518,0.8266232058510489,6561.82959
10310,1288.643,0.7850512166907138,6561.323242
10311,1288.768,0.7410051644642102,6561.126953
10312,1288.893,0.6429644977391278,6561.687988
10313,1289.018,0.5937097951825476,6561.71582
10314,1289.143,0.5390671341299551,6561.294434
10315,1289.268,0.5203752276992704,6562.194336
10316,1289.394,0.5332786647554226,6561.462891
10317,1289.518,0.5386249011750639,6560.984375
10318,1289.643,0.6000185447498918,6562.05127
10319,1289.768,0.656372305683179,6561.237793
10320,1289.893,0.6661933076607264,6561.040527
10321,1290.018,0.7170865521136247,6561.350586
10322,1290.143,0.6841049138983065,6561.490723
10323,1290.268,0.69996708124515,6561.492188
10324,1290.393,0.5563441638986932,6561.883789
10325,1290.518,0.5387170518417963,6561.885254
10326,1290.643,0.48538784780910127,6561.911621
10327,1290.768,0.4410898294751986,6562.108398
10328,1290.893,0.439245216833118,6561.912598
10329,1291.018,0.4475133556422001,6560.95752
10330,1291.143,0.4715737549355099,6561.855957
10331,1291.268,0.521188609609738,6562.586914
10332,1291.393,0.5524681247319359,6562.219238
10333,1291.518,0.545910804480202,6562.277832
10334,1291.643,0.5603543927153318,6562.501465
10335,1291.768,0.5256048982872376,6562.444336
10336,1291.893,0.454388189333952,6561.430664
10337,1292.018,0.31609397726544397,6563.287598
10338,1292.143,0.21708195566011687,6562.867188
10339,1292.268,0.10320078888944448,6563.314453
10340,1292.393,0.011459101285283163,6562.191406
10341,1292.518,0.08535657283357852,6562.922363
10342,1292.642,0.2957150519513077,6563.429199
10343,1292.768,0.4379328571852965,6563.902832
10344,1292.893,0.5441715053593734,6562.837891
10345,1293.017,0.4815529189648661,6563.400391
10346,1293.143,0.04801261980352324,6564.046875
10347,1293.268,-0.48531101424983997,6563.708008
10348,1293.393,-1.029942484508102,6562.359375
10349,1293.518,-1.4720024476090883,6560.980957
10350,1293.643,-1.67631351419391,6559.493652
10351,1293.768,-1.6925283526356802,6558.204102
10352,1293.893,-1.7185127502358821,6559.747559
10353,1294.017,-1.481720941761012,6559.495117
10354,1294.143,-1.3752904448235173,6559.102539
10355,1294.268,-1.2650687674613836,6560.057617
10356,1294.393,-1.126365047361516,6560.114746
10357,1294.518,-1.0470539457900299,6559.974121
10358,1294.642,-0.9845656647194292,6560.226563
10359,1294.768,-0.853687936840223,6561.65918
10360,1294.893,-0.7807551940653448,6560.253906
10361,1295.017,-0.787951752806141,6561.320313
10362,1295.143,-0.7149058205783096,6561.123535
10363,1295.268,-0.8046295976660331,6562.109863
10364,1295.392,-0.8427656531537634,6561.798828
10365,1295.518,-0.9189885081771094,6562.895508
10366,1295.643,-1.0092560595112783,6562.080078
10367,1295.768,-0.9750490669195455,6561.544922
10368,1295.893,-0.9265923610287465,6561.348633
10369,1296.017,-0.8870627498615566,6561.855957
10370,1296.143,-0.8178738456744125,6562.698242
10371,1296.268,-0.8477471948589618,6562.361328
10372,1296.392,-0.8584871818527927,6561.798828
10373,1296.518,-0.8899127366449183,6562.500977
10374,1296.642,-0.895850186747268,6562.052734
10375,1296.767,-0.8310591590932871,6561.911133
10376,1296.893,-0.7404815727812211,6561.770996
10377,1297.017,-0.6853663732231893,6560.731934
10378,1297.142,-0.7156566651283678,6560.167969
10379,1297.267,-0.7990452236413427,6560.282715
10380,1297.392,-0.9253054838817535,6560.196777
10381,1297.518,-1.0229666464510485,6560.87207
10382,1297.642,-1.1464881130327365,6560.589355
10383,1297.767,-1.112306098247102,6561.263672
10384,1297.892,-1.1047477783273796,6561.263672
10385,1298.017,-0.8774535337381338,6560.643555
10386,1298.142,-0.7797779645039008,6561.207031
10387,1298.267,-0.7769109576767261,6562.077148
10388,1298.392,-0.842317375253452,6561.489258
10389,1298.517,-0.8822110467221091,6561.038086
10390,1298.642,-1.0116095127052616,6562.162598
10391,1298.767,-1.0464983392618044,6562.024902
10392,1298.892,-1.0241467612116566,6561.827148
10393,1299.018,-0.9488056458049495,6560.393555
10394,1299.142,-0.8691019847289656,6561.51709
10395,1299.267,-0.7988956451001736,6561.431641
10396,1299.392,-0.7607982629423685,6561.683594
10397,1299.517,-0.6766297385258806,6561.966797
10398,1299.643,-0.6348026983720545,6560.110352
10399,1299.767,-0.6320112549560316,6560.532227
10400,1299.892,-0.5851127301873162,6560.194336
10401,1300.018,-0.4978406275605641,6560.11377
10402,1300.142,-0.3697118250136406,6560.447266
10403,1300.267,-0.3235857480542443,6560.111816
10404,1300.392,-0.2675201500873515,6560.980957
10405,1300.517,-0.2774361793051564,6561.656738
10406,1300.642,-0.3112446187767754,6561.176758
10407,1300.767,-0.3110330921083349,6561.092773
10408,1300.892,-0.36072293490410845,6561.374512
10409,1301.017,-0.37842946571508956,6560.643555
10410,1301.142,-0.39733846746153023,6561.629395
10411,1301.267,-0.3974166525529224,6560.728516
10412,1301.392,-0.4052322590488064,6560.220703
10413,1301.517,-0.34687254410246676,6561.151367
10414,1301.642,-0.2181481697520111,6561.48584
10415,1301.767,-0.07525063370602508,6560.505371
10416,1301.892,0.0984608930962237,6561.231934
10417,1302.017,0.31695679049569764,6560.222656
10418,1302.142,0.4089424960371537,6560.556641
10419,1302.267,0.4639666633464938,6561.092285
10420,1302.393,0.4071105281861642,6561.623535
10421,1302.517,0.32504240312646265,6561.73877
10422,1302.642,0.24107313229683913,6562.212891
10423,1302.767,0.20748572678844326,6560.443848
10424,1302.892,0.17450837252794624,6559.658691
10425,1303.017,0.32879395389748883,6559.041016
10426,1303.142,0.409084403038891,6559.185547
10427,1303.267,0.5224498085136383,6560.757324
10428,1303.392,0.6245733834986751,6556.714844
10429,1303.517,0.6845510102773457,6554.36084
10430,1303.642,0.7105915891434266,6553.213379
10431,1303.767,0.7383425047891173,6554.672852
10432,1303.892,0.7358646433342696,6554.333008
10433,1304.017,0.7275768768129345,6553.912598
10434,1304.142,0.7322778827159427,6553.80127
10435,1304.267,0.7593456407691427,6554.752441
10436,1304.392,0.7602775902177759,6554.810059
10437,1304.517,0.7338270819818863,6555.229492
10438,1304.642,0.7120343362873252,6554.110352
10439,1304.767,0.6311064706670061,6554.499512
10440,1304.892,0.5686175077853932,6555.286621
10441,1305.017,0.5603726082832439,6554.839844
10442,1305.142,0.5301083412393692,6555.148438
10443,1305.267,0.5787680794384359,6555.455078
10444,1305.392,0.6241181259335827,6556.098633
10445,1305.517,0.6963891045092592,6555.678223
10446,1305.642,0.7321220837915856,6555.818359
10447,1305.767,0.763928564490528,6555.623047
10448,1305.892,0.7535250708015385,6556.15625
10449,1306.017,0.7377526454219023,6556.15625
10450,1306.142,0.7343664510886111,6555.845703
10451,1306.267,0.6795150980775664,6557.446289
10452,1306.392,0.6438050417973171,6557.191895
10453,1306.517,0.6729518496850108,6557.220703
10454,1306.642,0.7219854782523184,6557.95166
10455,1306.767,0.7511030622672246,6557.980957
10456,1306.892,0.8056630128898881,6556.968262
10457,1307.017,0.849249026723315,6557.445801
10458,1307.142,0.8963040624235696,6556.910645
10459,1307.267,0.8434259173031149,6557.52832
10460,1307.392,0.7932524022503524,6557.193848
10461,1307.517,0.6784419871604739,6556.29541
10462,1307.642,0.5632941296252941,6556.26709
10463,1307.767,0.5026090018901915,6556.576172
10464,1307.892,0.5150346550757633,6556.265137
10465,1308.017,0.5783048147160452,6556.713867
10466,1308.142,0.721111625034822,6557.025879
10467,1308.267,0.7991382515969795,6556.96875
10468,1308.392,0.8999312624099517,6556.995117
10469,1308.517,0.9883333200044979,6556.71582
10470,1308.642,0.996541509091674,6556.209961
10471,1308.766,1.0254887139836348,6556.939453
10472,1308.892,1.0450292870325837,6557.416992
10473,1309.017,1.073708115250692,6556.772461
10474,1309.141,1.037975758461189,6557.641113
10475,1309.266,0.9601910207513433,6556.519531
10476,1309.391,0.8639736016751246,6557.38916
10477,1309.517,0.7362469346628183,6557.025879
10478,1309.642,0.5930907136308953,6557.247559
10479,1309.767,0.5790505902409739,6557.642578
10480,1309.892,0.6191075968425404,6557.135742
10481,1310.017,0.6486237562777557,6557.471191
10482,1310.142,0.8033731508258253,6558.005371
10483,1310.267,0.8549597356584036,6558.033691
10484,1310.391,0.8763013942449529,6557.780273
10485,1310.517,0.8259776097413769,6558.454102
10486,1310.641,0.7668422787249848,6558.483398
10487,1310.767,0.7062033070291331,6558.171875
10488,1310.892,0.6409382006068187,6558.035156
10489,1311.017,0.622587243612166,6557.92041
10490,1311.142,0.6253317392925588,6557.977539
10491,1311.267,0.6199408728481283,6558.708496
10492,1311.392,0.6713273772418836,6558.536621
10493,1311.516,0.7082015250094965,6558.005859
10494,1311.641,0.6861424175585774,6557.949219
10495,1311.767,0.671884020089897,6558.200684
10496,1311.891,0.6770502462213809,6558.56543
10497,1312.017,0.7046027511847278,6560.391113
10498,1312.141,0.7653616538815798,6560.303711
10499,1312.267,0.81588932691888,6559.628906
10500,1312.392,0.8725326191360314,6560.304199
10501,1312.516,0.8122198267086005,6560.050293
10502,1312.641,0.7362955222355545,6559.657715
10503,1312.767,0.6116020575796794,6559.152344
10504,1312.891,0.47501969929661353,6558.029297
10505,1313.016,0.3707114307530223,6557.050293
10506,1313.141,0.45133517676103196,6556.658203
10507,1313.266,0.41165312123757825,6557.050293
10508,1313.391,0.5784599344866134,6557.808105
10509,1313.516,0.5839612094289579,6558.481934
10510,1313.641,0.6136643965663326,6558.396973
10511,1313.766,0.6532362820156017,6558.818848
10512,1313.891,0.6274624895823212,6558.033691
10513,1314.017,0.6595575218293008,6557.165527
10514,1314.141,0.7507807232943212,6557.499512
10515,1314.266,0.7148924093608119,6557.61377
10516,1314.391,0.7240076965627703,6557.221191
10517,1314.516,0.6639858856765848,6556.435059
10518,1314.641,0.6441528778054504,6557.218262
10519,1314.767,0.6354353097030213,6556.491211
10520,1314.891,0.6682737794981279,6556.519043
10521,1315.017,0.773351561629332,6557.025879
10522,1315.141,0.9062532192357929,6557.41748
10523,1315.266,0.9427960830618887,6557.557129
10524,1315.392,1.0105789036743953,6558.034668
10525,1315.516,1.0388134583779711,6556.743652
10526,1315.642,1.0486543353247666,6556.435059
10527,1315.766,1.010670627131436,6557.33252
10528,1315.891,0.9770072154420183,6556.910156
10529,1316.016,0.9818083654579136,6556.631348
10530,1316.142,0.9721421613124903,6555.47998
10531,1316.266,0.9648704898908426,6555.984375
10532,1316.391,1.0013033695678244,6555.817871
10533,1316.517,0.988178299403505,6555.929199
10534,1316.641,0.9931429518066354,6556.238281
10535,1316.766,0.9832522556506202,6556.601563
10536,1316.891,0.9418568671428148,6557.10791
10537,1317.016,0.9474293500867471,6555.342285
10538,1317.141,0.9328943656262096,6555.984375
10539,1317.266,0.8785046558172982,6556.433105
10540,1317.391,0.8378650693270402,6556.124023
10541,1317.516,0.9285666259068334,6556.797852
10542,1317.641,0.9258067791649403,6556.009277
10543,1317.766,1.0373907083624367,6556.964844
10544,1317.891,1.0754463075387113,6557.131348
10545,1318.018,1.1946146755631732,6556.515137
10546,1318.142,1.191029324016739,6557.075684
10547,1318.266,1.2421141237995075,6557.160645
10548,1318.391,1.2227177120659771,6557.218262
10549,1318.516,1.2431244506992616,6557.131348
10550,1318.641,1.1650413697341833,6557.470703
10551,1318.766,1.0868962091305856,6557.609863
10552,1318.891,1.1321717096696022,6557.863281
10553,1319.016,1.098383356909829,6557.356445
10554,1319.141,1.113533742567411,6557.299316
10555,1319.266,1.0665375840875582,6557.299316
10556,1319.391,1.0398294003867017,6557.553223
10557,1319.516,0.9548452629309317,6557.188965
10558,1319.641,0.8762610863940301,6557.581055
10559,1319.766,0.8346207231011458,6555.868164
10560,1319.891,0.795972880516095,6556.653809
10561,1320.016,0.7967555535998003,6556.822754
10562,1320.141,0.8375271596036667,6556.625977
10563,1320.266,0.8459015217163518,6557.524414
10564,1320.391,0.8544553450056912,6556.626465
10565,1320.516,0.805887787723342,6557.466309
10566,1320.641,0.7444063366420569,6556.960449
10567,1320.766,0.7179916429315132,6557.10498
10568,1320.891,0.6502123157112012,6556.48291
10569,1321.016,0.6989423527353167,6557.466797
10570,1321.141,0.6698887147694198,6557.887207
10571,1321.266,0.7067728651955933,6558.308594
10572,1321.391,0.6147763793779943,6559.937012
10573,1321.516,0.6241985801270062,6557.410156
10574,1321.641,0.5445670395737393,6556.369141
10575,1321.766,0.48193396523538623,6553.821289
10576,1321.891,0.44000985113440033,6552.337891
10577,1322.016,0.3819446243930152,6551.303223
10578,1322.141,0.3382043302859049,6551.583008
10579,1322.266,0.323589672086747,6552.087402
10580,1322.391,0.3338185661187355,6551.051758
10581,1322.516,0.3550189384223968,6552.169434
10582,1322.641,0.38811848338447513,6552.479004
10583,1322.766,0.4839803916941971,6551.613281
10584,1322.891,0.5405143931064301,6551.72168
10585,1323.016,0.5460178210976729,6552.199219
10586,1323.141,0.5564136103871882,6552.394531
10587,1323.266,0.5452984472170095,6552.508301
10588,1323.391,0.5576945363307797,6552.087891
10589,1323.516,0.594201812648811,6551.86377
10590,1323.641,0.6383707769928405,6552.76123
10591,1323.766,0.6658004757301133,6552.703613
10592,1323.891,0.6948282074560445,6552.621582
10593,1324.016,0.7140438420305705,6552.341797
10594,1324.141,0.649541667704092,6552.536621
10595,1324.266,0.6567774162216539,6552.173828
10596,1324.391,0.630575678118611,6553.322754
10597,1324.516,0.6694518996889731,6552.817383
10598,1324.641,0.7126573957795673,6552.649414
10599,1324.766,0.6875978087133843,6552.594238
10600,1324.891,0.7550632153505631,6552.20166
10601,1325.016,0.8045168787173372,6552.98584
10602,1325.141,0.7692418799273816,6552.56543
10603,1325.266,0.773989646074118,6552.28418
10604,1325.391,0.8099215987542394,6552.087402
10605,1325.516,0.7588940016616886,6552.256348
10606,1325.64,0.7493922490604782,6552.594238
10607,1325.766,0.6791476565972567,6552.98584
10608,1325.891,0.5814582885503858,6552.790039
10609,1326.016,0.6134009659351987,6552.846191
10610,1326.141,0.6098949851713041,6552.594238
10611,1326.266,0.643510438029807,6552.70459
10612,1326.39,0.7530198242819811,6553.012695
10613,1326.515,0.7899400022767916,6552.789551
10614,1326.64,0.879511549443781,6553.433594
10615,1326.766,0.9111339159194634,6553.265625
10616,1326.891,0.9130591830450947,6553.461914
10617,1327.015,0.8925087044840276,6552.566406
10618,1327.14,0.9074454641565552,6552.007813
10619,1327.266,0.8396018930883837,6552.228516
10620,1327.39,0.7597560364699247,6552.28418
10621,1327.516,0.753250907800403,6552.255371
10622,1327.64,0.7711974230633811,6552.17041
10623,1327.766,0.8269056186436718,6552.255371
10624,1327.891,0.8299298531532576,6552.536621
10625,1328.015,0.9034603264015783,6552.452148
10626,1328.141,0.8406985325951953,6551.583008
10627,1328.266,0.7421188742329305,6551.330566
10628,1328.39,0.5321104945810529,6552.003906
10629,1328.516,0.3899935234482577,6551.470215
10630,1328.641,0.15575009651840888,6551.526855
10631,1328.765,0.019070239173664186,6552.061035
10632,1328.891,-0.09210211329798366,6552.141113
10633,1329.015,-0.10363512142574391,6551.666504
10634,1329.141,-0.1863385028854928,6551.861328
10635,1329.265,-0.1875642268064147,6551.91748
10636,1329.39,-0.1663119797060967,6551.974609
10637,1329.516,-0.17193065498361743,6551.499023
10638,1329.64,-0.11939493908908623,6552.171387
10639,1329.766,-0.03045724810884379,6552.618652
10640,1329.891,0.030801152464575234,6551.947266
10641,1330.015,0.04801914009451942,6552.199707
10642,1330.141,0.11233937120391448,6551.441895
10643,1330.265,0.18520783193028506,6551.612305
10644,1330.39,0.2079573374224653,6552.279785
10645,1330.516,0.26359163731931073,6552.171387
10646,1330.64,0.3195072845857662,6551.88916
10647,1330.765,0.32700925445021467,6552.171387
10648,1330.89,0.35044416588152705,6552.561523
10649,1331.015,0.40264585634749706,6552.871582
10650,1331.14,0.4632982294471351,6552.422363
10651,1331.265,0.5164746178073317,6552.477051
10652,1331.39,0.6008756313560863,6552.336914
10653,1331.515,0.6796918322016294,6552.533203
10654,1331.64,0.6664521951233806,6552.842285
10655,1331.765,0.6562112819052489,6552.14209
10656,1331.891,0.6841915650224356,6551.832031
10657,1332.015,0.6387031531757767,6552.280273
10658,1332.141,0.6127856469273697,6552.251465
10659,1332.265,0.6365710827026604,6552.503418
10660,1332.39,0.639188501624513,6551.55127
10661,1332.515,0.6785449363934568,6551.385254
10662,1332.64,0.7146385204972776,6550.097168
10663,1332.765,0.7184657343185495,6547.46875
10664,1332.89,0.7382488203470172,6547.582031
10665,1333.015,0.7632605656053784,6547.886719
10666,1333.14,0.8430340188719276,6548.086426
10667,1333.265,0.8756918531876544,6548.028809
10668,1333.39,0.8973776284616937,6548.05957
10669,1333.515,0.9846303710091875,6547.862305
10670,1333.64,1.0522316432317667,6547.947754
10671,1333.765,1.115701533192945,6547.947754
10672,1333.891,1.0917061601934008,6548.338867
10673,1334.015,1.144807563100666,6547.666504
10674,1334.14,1.1569817093166879,6548.42334
10675,1334.265,1.2086857925095058,6547.219727
10676,1334.39,1.2170897198386164,6548.170898
10677,1334.515,1.3215245726471376,6548.310547
10678,1334.64,1.3889973773798279,6548.310547
10679,1334.765,1.3990558275307345,6548.646973
10680,1334.89,1.4703251119489535,6548.143066
10681,1335.015,1.4745693724372733,6548.394043
10682,1335.14,1.5135905996568488,6548.394531
10683,1335.265,1.54300116587457,6548.561523
10684,1335.39,1.6540016918787035,6549.123047
10685,1335.515,1.7901009209115863,6549.01123
10686,1335.64,1.9196954310722867,6549.458984
10687,1335.765,2.013052088569622,6549.232422
10688,1335.89,2.0281742928541826,6548.701172
10689,1336.015,2.003003889437193,6549.039063
10690,1336.14,1.8943103859722046,6549.375488
10691,1336.265,1.7770009617748612,6548.394043
10692,1336.39,1.7209542673663598,6549.094727
10693,1336.515,1.6745839395650515,6548.394531
10694,1336.641,1.6906258755732728,6549.20752
10695,1336.765,1.8281665502859066,6548.478516
10696,1336.891,1.9329530197312836,6548.19873
10697,1337.015,2.035756631616368,6548.619141
10698,1337.14,2.103665402319208,6549.009766
10699,1337.265,2.2556547771906534,6548.870605
10700,1337.39,2.2589781415998953,6548.142578
10701,1337.515,2.214178982942236,6549.124023
10702,1337.64,2.177909967888561,6548.42334
10703,1337.765,2.183799768472559,6548.117676
10704,1337.89,2.0770053379325724,6548.87207
10705,1338.015,2.0046372759684385,6548.814941
10706,1338.14,1.954858711410715,6548.703613
10707,1338.265,1.9222308291362762,6548.368164
10708,1338.39,1.9803682945228351,6548.310059
10709,1338.515,2.009990105731787,6549.990234
10710,1338.64,2.078249526229327,6549.376465
10711,1338.765,2.0827316663304596,6549.261719
10712,1338.89,2.126980776729159,6550.018066
10713,1339.015,2.1039247845968796,6549.877441
10714,1339.14,2.1183488776777217,6550.468262
10715,1339.265,2.0275034422571316,6549.401367
10716,1339.39,1.8476002935544609,6551.083008
10717,1339.515,1.612335087268645,6550.326172
10718,1339.64,1.4563820984281393,6550.325684
10719,1339.765,1.4116753045146746,6549.989746
10720,1339.89,1.3595790416589277,6550.831055
10721,1340.015,1.4917768586143212,6550.410645
10722,1340.14,1.636192902340266,6550.661621
10723,1340.265,1.7402975698747216,6550.101563
10724,1340.39,1.858376494614556,6551.586914
10725,1340.515,1.8036305121610348,6551.195801
10726,1340.64,1.8289232216703035,6550.633301
10727,1340.765,1.7761597713448745,6550.467773
10728,1340.89,1.7253241418556404,6550.605469
10729,1341.015,1.666049286493389,6549.934082
10730,1341.14,1.7337182032016425,6550.633789
10731,1341.264,1.8103360194011116,6550.829102
10732,1341.39,1.8409480906188174,6550.967773
10733,1341.515,1.9983730493388567,6550.549316
10734,1341.64,2.038495188094887,6550.65918
10735,1341.765,2.0945421682335668,6551.808594
10736,1341.89,1.9057790280564528,6551.611328
10737,1342.015,1.6165996488773882,6551.526367
10738,1342.14,1.1838374594695886,6551.245605
10739,1342.265,0.7695797590648829,6550.320801
10740,1342.39,0.2609352864232088,6549.848145
10741,1342.514,-0.09291325035346346,6548.36377
10742,1342.639,-0.2504351126126318,6547.890625
10743,1342.765,-0.3406940721424128,6547.472168
10744,1342.889,-0.2578712310350287,6547.219238
10745,1343.015,-0.1754945968574541,6547.861816
10746,1343.14,-0.02464630349647595,6547.751953
10747,1343.265,-0.006818839700278127,6548.141602
10748,1343.39,0.02308976209659652,6547.695313
10749,1343.514,0.10172945140080289,6548.228027
10750,1343.64,0.1490426001407797,6548.646973
10751,1343.765,0.09534199813183371,6548.367676
10752,1343.889,0.1035311184634098,6548.785645
10753,1344.014,0.18874284376114486,6548.675781
10754,1344.14,0.23648800492917207,6549.682129
10755,1344.265,0.29221085531897795,6549.963867
10756,1344.39,0.32176570731071225,6550.214355
10757,1344.514,0.2859700425536302,6549.852539
10758,1344.64,0.15893269801308624,6549.122559
10759,1344.765,0.1016404836630676,6548.199707
10760,1344.889,-0.0561889565499226,6548.675781
10761,1345.015,-0.13629471069412624,6548.199707
10762,1345.14,-0.014364864160313144,6548.732422
10763,1345.265,0.0646976585336152,6547.695313
10764,1345.39,0.2153960530898512,6547.834473
10765,1345.514,0.44722233642119585,6548.085449
10766,1345.639,0.4913190495715061,6549.123047
10767,1345.765,0.49594020352682155,6547.666016
10768,1345.889,0.37384343682816096,6549.123535
10769,1346.015,0.2436684859987004,6548.927734
10770,1346.14,0.15474459943789648,6548.870117
10771,1346.264,0.07962443473272494,6549.01123
10772,1346.389,0.12042005413998365,6548.53418
10773,1346.514,0.1929596911715262,6549.348633
10774,1346.64,0.3009608532136705,6548.871582
10775,1346.765,0.4426187560600836,6548.81543
10776,1346.889,0.5655778490085406,6548.11377
10777,1347.014,0.6455977228601081,6548.029297
10778,1347.139,0.6723775034524653,6548.87207
10779,1347.264,0.7049089570708235,6548.534668
10780,1347.389,0.6862725413954079,6548.114746
10781,1347.515,0.615822865816975,6548.786133
10782,1347.639,0.6243863005175475,6549.681641
10783,1347.764,0.597987548475626,6549.261719
10784,1347.889,0.565314520433385,6548.814941
10785,1348.015,0.5668296366366183,6548.30957
10786,1348.139,0.47426893138751863,6549.038574
10787,1348.264,0.45824611629460477,6549.876953
10788,1348.389,0.38870806521889384,6550.130371
10789,1348.514,0.33702507447832364,6549.372559
10790,1348.639,0.26013227306821657,6549.262695
10791,1348.765,0.18989408992182852,6549.373535
10792,1348.889,0.18114085771669444,6548.728516
10793,1349.014,0.18253260520626838,6548.814941
10794,1349.139,0.19231175018712873,6548.197266
10795,1349.264,0.21370374287675056,6548.730469
10796,1349.389,0.27772791073182784,6548.001465
10797,1349.514,0.3240129563683883,6547.916504
10798,1349.639,0.3790170352470501,6548.391602
10799,1349.764,0.3881959689187593,6548.671875
10800,1349.889,0.44629520905895464,6549.148926
10801,1350.014,0.49661869352217813,6547.773438
10802,1350.139,0.49369360562850045,6548.92041
10803,1350.264,0.5394177223790838,6549.45459
10804,1350.389,0.5318922765219407,6549.259766
10805,1350.514,0.544823575773096,6548.529785
10806,1350.639,0.5271845809530636,6549.062988
10807,1350.764,0.476233053283975,6549.425781
10808,1350.889,0.4113138878019933,6549.007324
10809,1351.014,0.37395684935435647,6549.396973
10810,1351.139,0.3229775644524181,6550.293457
10811,1351.264,0.3616516493889345,6549.844727
10812,1351.389,0.43057037749670796,6549.649902
10813,1351.514,0.5135200021899451,6549.592773
10814,1351.639,0.6334211779383054,6549.872559
10815,1351.764,0.7238385395346671,6549.115723
10816,1351.889,0.7282405976814885,6550.26416
10817,1352.014,0.7383052847845644,6550.235352
10818,1352.139,0.7218594119905063,6550.683594
10819,1352.264,0.6807644544551353,6551.384766
10820,1352.389,0.5899420841859685,6550.459473
10821,1352.514,0.5770220844607956,6551.269531
10822,1352.639,0.5322556691339324,6551.35498
10823,1352.764,0.45135691176255804,6549.95459
10824,1352.889,0.4574534629864769,6548.974121
10825,1353.014,0.47942361306570275,6548.416504
10826,1353.139,0.49536487259248324,6547.939941
10827,1353.264,0.6167422110707587,6548.725586
10828,1353.389,0.7304884326211348,6548.334961
10829,1353.514,0.6963787931405954,6548.699707
10830,1353.639,0.7287872760630738,6548.310547
10831,1353.764,0.6344493907952273,6548.367676
10832,1353.889,0.6299702577288927,6548.619629
10833,1354.014,0.6021541894807885,6548.057617
10834,1354.139,0.5570223841069655,6548.39502
10835,1354.264,0.5896094531906992,6548.003906
10836,1354.389,0.5800725468263955,6548.730469
10837,1354.514,0.6081746283876576,6548.785645
10838,1354.639,0.6291342997109707,6549.317871
10839,1354.764,0.6397081870259608,6548.788086
10840,1354.889,0.6178395002168712,6549.429199
10841,1355.014,0.6631480236447921,6549.486328
10842,1355.139,0.6844254027608602,6549.625977
10843,1355.264,0.7361987436545518,6549.513672
10844,1355.389,0.8645745996540002,6550.188477
10845,1355.514,0.8693861972054459,6549.905762
10846,1355.639,0.9209291958430922,6549.905762
10847,1355.764,0.837207027933841,6549.290527
10848,1355.889,0.8095998284375363,6550.43457
10849,1356.014,0.6581787347274207,6550.129395
10850,1356.139,0.5172561233691626,6549.791992
10851,1356.264,0.38538973121252973,6550.325195
10852,1356.388,0.3024184818914312,6550.325195
10853,1356.514,0.2969643081601724,6549.988281
10854,1356.639,0.3563401090761611,6549.902344
10855,1356.764,0.4439262873047067,6548.95459
10856,1356.889,0.6351047788251911,6550.07373
10857,1357.013,0.8173507411888773,6549.428223
10858,1357.139,0.9541578140554409,6549.177246
10859,1357.264,1.0352300335224651,6550.183105
10860,1357.389,1.156561460773454,6550.158691
10861,1357.514,1.236396446737432,6549.681641
10862,1357.638,1.3576432668812415,6549.59668
10863,1357.764,1.5271473909436533,6549.987793
10864,1357.889,1.640609715295739,6550.71582
10865,1358.014,1.8099915782177605,6550.183594
10866,1358.139,1.8680716368351429,6549.848145
10867,1358.264,1.8892395453122133,6550.940918
10868,1358.388,1.9112853170173176,6549.483398
10869,1358.514,1.8713437918292775,6550.911621
10870,1358.639,1.7964067642234727,6550.577637
10871,1358.763,1.799547057318465,6550.543945
10872,1358.889,1.8232074450665863,6550.85498
10873,1359.013,1.879871394281554,6550.379395
10874,1359.139,1.8996236359392606,6551.135742
10875,1359.264,1.94226051430858,6550.744141
10876,1359.388,1.8973118434186895,6550.826172
10877,1359.513,1.8163659105202132,6550.883789
10878,1359.639,1.8183318825152166,6550.518066
10879,1359.764,1.9167314702205343,6550.627441
10880,1359.889,1.9763372423090633,6551.217285
10881,1360.013,2.098284350291894,6550.850586
10882,1360.139,2.101602975942407,6549.873047
10883,1360.264,2.138963656241346,6549.482422
10884,1360.388,2.1256753556042045,6550.264648
10885,1360.514,2.0741784930808134,6550.350586
10886,1360.639,1.951055422734067,6550.460938
10887,1360.764,2.013364958005599,6550.993652
10888,1360.889,2.0096486579181096,6550.403809
10889,1361.013,1.930726210854447,6550.096191
10890,1361.139,1.8793335186793028,6551.35498
10891,1361.263,1.6618897931672736,6551.355469
10892,1361.388,1.5204422513300775,6551.57959
10893,1361.514,1.3963449078024655,6551.999512
10894,1361.638,1.3615926935913254,6552.894531
10895,1361.763,1.476750224619468,6551.608398
10896,1361.889,1.6004978478034675,6551.103027
10897,1362.014,1.7796643299163406,6551.746582
10898,1362.139,1.96991483630099,6550.961426
10899,1362.263,2.1150967336399398,6551.241699
10900,1362.388,2.127140078593826,6550.959961
10901,1362.513,2.109762993368465,6551.412598
10902,1362.638,2.1154917950342886,6549.897461
10903,1362.763,2.143978152629754,6550.236328
10904,1362.888,2.249688049949428,6549.369141
10905,1363.014,2.249310195297611,6549.202148
10906,1363.138,2.230372519609482,6549.398926
10907,1363.263,2.029265098871615,6551.216309
10908,1363.388,1.7751498595842106,6550.768555
10909,1363.514,1.4432008081253658,6551.945801
10910,1363.638,1.1216799831198703,6550.854492
10911,1363.764,0.8114028414185246,6550.687988
10912,1363.888,0.7132303953323884,6550.912109
10913,1364.013,0.6146079978590935,6551.332031
10914,1364.138,0.6506025391289579,6551.164063
10915,1364.263,0.774600586089442,6550.379395
10916,1364.388,0.8950831225152575,6551.64209
10917,1364.513,1.03315346631098,6551.641113
10918,1364.638,1.0634142589393163,6550.939453
10919,1364.763,1.1127169640934875,6551.612793
10920,1364.888,1.1251081807491525,6552.283203
10921,1365.013,1.226415893056219,6552.425781
10922,1365.138,1.2176801824263799,6552.70459
10923,1365.263,1.2635783692555358,6552.198242
10924,1365.388,1.260643375668231,6552.788574
10925,1365.514,1.2378184718286986,6551.892578
10926,1365.639,1.1442852377107102,6551.445313
10927,1365.763,1.1447560007749333,6550.687988
10928,1365.888,1.1264240636147285,6551.164551
10929,1366.013,1.1140790717476885,6550.99707
10930,1366.138,1.1453777050595038,6550.884277
10931,1366.263,1.186803422172491,6550.464355
10932,1366.388,1.1845633612185211,6550.212402
10933,1366.514,1.165286941089099,6550.803223
10934,1366.638,1.1799481174948778,6549.930176
10935,1366.763,1.1900500315670715,6550.85498
10936,1366.889,1.2621134227433322,6551.386719
10937,1367.013,1.309646879870882,6551.697754
10938,1367.138,1.3771640117293407,6551.837402
10939,1367.263,1.6613094345101473,6551.083008
10940,1367.388,1.781459889768234,6552.312988
10941,1367.513,1.8781303519761965,6552.341797
10942,1367.638,1.9736669668392608,6550.939941
10943,1367.763,1.9779271464998707,6551.191895
10944,1367.888,2.010870000403774,6552.032227
10945,1368.013,1.9427320550228386,6551.612793
10946,1368.138,1.906397765422731,6552.089844
10947,1368.263,1.87990018670221,6551.866211
10948,1368.388,1.8324422969616665,6551.554688
10949,1368.513,1.8715011546305294,6551.808105
10950,1368.638,1.9973234149765227,6552.199219
10951,1368.763,1.9844858447032292,6551.637207
10952,1368.888,2.0772041276517053,6551.946289
10953,1369.013,2.0544417139569737,6551.946289
10954,1369.138,1.916037401951169,6552.337402
10955,1369.263,1.8926854037170633,6551.861816
10956,1369.388,1.9493131537203354,6552.250977
10957,1369.513,1.993779231965368,6552.027832
10958,1369.638,2.0246593969162996,6551.35498
10959,1369.763,2.047784319275704,6552.114258
10960,1369.888,2.0530005869019026,6551.750977
10961,1370.013,1.9359737210002916,6551.020996
10962,1370.138,1.9793482474596973,6551.666016
10963,1370.263,1.8752957575228537,6551.412109
10964,1370.388,1.7923641842500362,6551.666016
10965,1370.513,1.6064156221216686,6551.494629
10966,1370.638,1.5289484646575953,6551.130859
10967,1370.763,1.5272638316115101,6552.532715
10968,1370.888,1.5654287349668643,6551.499023
10969,1371.013,1.6353393217699042,6551.302246
10970,1371.138,1.7703517079980164,6551.664063
10971,1371.263,1.7185149912886448,6551.666016
10972,1371.388,1.6914105191519,6551.86084
10973,1371.513,1.3872339908535423,6551.86084
10974,1371.638,1.2854952768165464,6551.355469
10975,1371.762,1.1948822856888446,6552.447266
10976,1371.888,1.1160217558047245,6552.809082
10977,1372.013,1.3078490969158985,6552.166992
10978,1372.138,1.506125420273566,6550.121582
10979,1372.263,1.7777759861233013,6549.98291
10980,1372.388,1.9961436651688624,6549.14502
10981,1372.513,1.8775453799780415,6548.526855
10982,1372.638,2.0658724111250564,6548.864746
10983,1372.763,2.0123691057966027,6548.753906
10984,1372.888,1.975285491949611,6549.45459
10985,1373.013,1.8766950302010488,6549.706543
10986,1373.138,1.9031061373085074,6549.425781
10987,1373.263,1.9109147077866726,6549.648926
10988,1373.388,2.1796067059584394,6548.921387
10989,1373.513,2.1997658035019,6549.397949
10990,1373.638,2.218714746921262,6550.293457
10991,1373.763,2.288323045231415,6550.09668
10992,1373.888,2.096645827219739,6551.049805
10993,1374.013,2.159211144214297,6549.59375
10994,1374.138,2.0394667576173715,6549.875
10995,1374.263,1.9615109290513384,6550.797852
10996,1374.388,2.0244142797952898,6550.487793
10997,1374.512,2.047617161877785,6550.713379
10998,1374.638,2.0405825146353407,6551.578613
10999,1374.763,2.095723477341335,6551.245117
11000,1374.887,2.088628662255441,6550.292969
11001,1375.013,1.970284007733556,6550.907715
11002,1375.138,1.9952964449018096,6549.817383
11003,1375.263,1.9492656232774754,6550.487793
11004,1375.388,1.7032017344109212,6550.29248
11005,1375.512,1.6456653867946496,6550.77002
11006,1375.637,1.5055948576888032,6550.041992
11007,1375.762,1.4626781194815637,6549.14502
11008,1375.887,1.4195841297200116,6548.501465
11009,1376.012,1.5347088319616817,6548.77832
11010,1376.138,1.6124716737595588,6549.14502
11011,1376.263,1.7944547860724724,6548.530273
11012,1376.388,1.7707380130715908,6548.083008
11013,1376.512,1.9245742248586444,6548.530273
11014,1376.637,1.810544674381493,6548.053711
11015,1376.763,1.7019052970841193,6548.839355
11016,1376.887,1.5506384251943435,6549.677734
11017,1377.012,1.463679224041702,6549.230957
11018,1377.137,1.494458963883944,6549.202637
11019,1377.263,1.5781760535347258,6547.82959
11020,1377.388,1.7851864175141803,6549.259277
11021,1377.512,1.72379067106115,6548.978027
11022,1377.638,1.9130159427358175,6548.95166
11023,1377.762,2.0264504120796603,6549.650879
11024,1377.887,2.013290948760406,6550.96582
11025,1378.012,1.8758228322580504,6550.292969
11026,1378.138,1.958836683030419,6550.125
11027,1378.262,1.9305293090637872,6550.125488
11028,1378.387,1.9141600255156943,6549.592285
11029,1378.512,1.8639309444976249,6550.459961
11030,1378.637,2.0706708401323914,6550.040039
11031,1378.762,1.9361930605077073,6550.459961
11032,1378.887,2.028290719074062,6550.68457
11033,1379.012,1.968996216320259,6549.255859
11034,1379.138,1.9164479254578077,6550.402344
11035,1379.262,1.7684140511875397,6551.016602
11036,1379.387,1.6897303361256857,6550.459473
11037,1379.512,1.8065115851123896,6550.712402
11038,1379.639,1.793886507824871,6550.907715
11039,1379.762,1.884973020251614,6550.631348
11040,1379.887,1.9126541851000363,6550.683594
11041,1380.013,2.0576987741821204,6550.012207
11042,1380.137,2.0815090136282097,6549.926758
11043,1380.262,1.9631335353070825,6549.98291
11044,1380.387,1.9277799659852977,6550.764648
11045,1380.512,1.861998165499464,6550.879395
11046,1380.637,1.9777804884758943,6550.626953
11047,1380.762,2.0084782310158427,6550.792969
11048,1380.887,2.092093953295066,6551.493164
11049,1381.012,2.0610925870194143,6551.493652
11050,1381.137,2.2144122352495477,6551.127441
11051,1381.262,2.1807938944674943,6551.85498
11052,1381.387,2.1360040397236078,6550.765137
11053,1381.512,2.21197908334407,6551.632813
11054,1381.637,2.0355331365274227,6551.185059
11055,1381.762,1.8861379254627189,6549.783691
11056,1381.888,1.8585281402219325,6549.531738
11057,1382.012,1.809391060346431,6547.516602
11058,1382.137,1.737424499882838,6547.739746
11059,1382.262,1.5977963699947235,6546.987305
11060,1382.387,1.5307316127194832,6547.353027
11061,1382.512,1.7198527731504603,6548.668945
11062,1382.637,1.7731763109373428,6547.996094
11063,1382.762,1.6756991291992487,6548.668457
11064,1382.887,1.7404937400221916,6547.859375
11065,1383.013,1.6756404061791765,6548.305176
11066,1383.137,1.8254299751505694,6548.891113
11067,1383.262,1.6969446303953564,6547.715332
11068,1383.387,1.7265543076497116,6547.773438
11069,1383.512,1.6801247723239503,6548.359375
11070,1383.637,1.7429548605737974,6548.416016
11071,1383.762,1.6876835312124527,6547.660156
11072,1383.887,1.6256061820645462,6547.520508
11073,1384.013,1.7217031684380348,6548.501465
11074,1384.137,1.612824539635849,6547.773438
11075,1384.262,1.6942525116092615,6548.415527
11076,1384.387,1.6153984638913401,6547.658691
11077,1384.512,1.8884023742951388,6548.192871
11078,1384.637,1.9772608382845422,6548.58252
11079,1384.762,1.9114454199572681,6548.27832
11080,1384.887,1.5136403747509326,6548.273926
11081,1385.013,0.7923630980484807,6549.168457
11082,1385.137,-0.6398791346722785,6547.574219
11083,1385.262,-2.044772966053337,6548.58252
11084,1385.387,-3.380255268419763,6547.912109
11085,1385.512,-4.236745517236662,6547.911621
11086,1385.637,-4.492573614695503,6548.078613
11087,1385.762,-4.4141624002608895,6547.240234
11088,1385.887,-4.229579999869576,6546.12207
11089,1386.012,-3.8281060094516253,6547.269043
11090,1386.137,-3.6815851356562512,6546.878418
11091,1386.262,-3.547856502327545,6546.849609
11092,1386.387,-3.4106712185070953,6547.269043
11093,1386.512,-3.5482340150748173,6547.939453
11094,1386.637,-3.4261620979771097,6547.772949
11095,1386.762,-3.450898959889621,6548.135742
11096,1386.888,-3.282500397305405,6547.491699
11097,1387.012,-3.3437255923318885,6547.491699
11098,1387.138,-3.2593573514521643,6547.016113
11099,1387.262,-3.1839342013797394,6547.044434
11100,1387.387,-3.083500466011611,6546.374512
11101,1387.512,-2.9891556389784806,6547.017578
11102,1387.636,-2.8630199105506176,6547.436035
11103,1387.762,-2.6365181089864156,6547.268555
11104,1387.887,-2.7100477045601705,6547.297852
11105,1388.012,-2.653074127141888,6547.660156
11106,1388.137,-2.827178239681997,6548.020508
11107,1388.262,-2.7141229665700393,6546.931641
11108,1388.387,-2.840848943672328,6547.267578
11109,1388.512,-2.574191638283464,6547.016113
11110,1388.636,-2.6405782062604692,6547.016113
11111,1388.761,-2.602244368506423,6547.772949
11112,1388.887,-2.5648533107243745,6546.987305
11113,1389.012,-2.5952454296425733,6547.239746
11114,1389.137,-2.5657006248900758,6547.939941
11115,1389.262,-2.486636729628654,6548.387207
11116,1389.388,-2.45037923960669,6547.939453
11117,1389.512,-2.4871663812088545,6548.358398
11118,1389.636,-2.4059665522149793,6548.359375
11119,1389.762,-2.44477123669578,6547.51709
11120,1389.887,-2.424555107048236,6546.987305
11121,1390.011,-2.4580309550551216,6548.664063
11122,1390.137,-2.4061125783355775,6549.112793
11123,1390.262,-2.452281760137588,6549.393066
11124,1390.386,-2.409627881602717,6550.426758
11125,1390.511,-2.2945358595727328,6548.131348
11126,1390.636,-2.374505482002027,6547.121582
11127,1390.762,-2.3680038754269903,6540.474121
11128,1390.887,-2.2244011303402647,6539.890625
11129,1391.011,-2.444121732164263,6539.558105
11130,1391.136,-2.6135999225696303,6539.224609
11131,1391.261,-2.6637925416446624,6538.806641
11132,1391.387,-2.5839326438155994,6538.972168
11133,1391.511,-2.6917482847337557,6538.498047
11134,1391.636,-2.742204909008805,6539.30957
11135,1391.762,-2.9223813567976853,6539.755371
11136,1391.887,-2.6304767839567984,6540.061035
11137,1392.011,-2.488501769866957,6539.865234
11138,1392.136,-2.4363884874688178,6539.865234
11139,1392.262,-2.5075813665759585,6540.59082
11140,1392.386,-2.5546232136294753,6539.670898
11141,1392.511,-2.512105016792672,6539.922363
11142,1392.637,-2.4290785248783293,6540.283691
11143,1392.761,-2.4555426213074583,6541.456055
11144,1392.887,-2.4913756701551306,6539.837402
11145,1393.011,-2.394363584618372,6539.67041
11146,1393.136,-2.310979084812123,6539.30957
11147,1393.261,-2.4967581980544704,6538.777344
11148,1393.386,-2.556612100551271,6539.251953
11149,1393.512,-2.4772931775164153,6539.057617
11150,1393.636,-2.6650365735629875,6538.806641
11151,1393.762,-2.5194866258388204,6538.583008
11152,1393.886,-2.4559662269392524,6538.805664
11153,1394.011,-2.5153549270494664,6538.944824
11154,1394.136,-2.3846944479231724,6537.995605
11155,1394.261,-2.6207145374815615,6538.051758
11156,1394.386,-2.5427676770563954,6537.577148
11157,1394.512,-2.481860693826999,6537.856445
11158,1394.636,-2.452959018111638,6537.994141
11159,1394.762,-2.3535219325778423,6539.196289
11160,1394.886,-2.27506061632896,6538.301758
11161,1395.011,-2.23196230187096,6538.21875
11162,1395.136,-2.082534492541897,6538.916016
11163,1395.262,-2.1033976421049663,6537.995605
11164,1395.386,-2.2969893878437198,6537.937988
11165,1395.512,-2.333287717363694,6537.799805
11166,1395.636,-2.340236717346075,6537.742676
11167,1395.762,-2.4583238160924847,6538.102539
11168,1395.887,-2.320845532717669,6537.405762
11169,1396.011,-2.3437983589630704,6537.102051
11170,1396.137,-2.401073912317956,6537.296387
11171,1396.261,-2.310464570225798,6538.189941
11172,1396.387,-2.302430461337953,6538.018555
11173,1396.511,-2.3989883583045724,6537.90918
11174,1396.636,-2.191849312685357,6537.573242
11175,1396.761,-2.261111276741743,6538.411621
11176,1396.886,-2.204560959158259,6537.240723
11177,1397.011,-2.16383138025613,6537.687988
11178,1397.137,-2.2100963932357707,6538.218262
11179,1397.261,-2.272157154177788,6537.961426
11180,1397.386,-2.147371384125289,6538.831055
11181,1397.511,-2.257139484806986,6538.579102
11182,1397.636,-2.1716543004146813,6538.773926
11183,1397.761,-2.213788730885134,6537.796387
11184,1397.886,-2.09663184450609,6538.383301
11185,1398.011,-1.9681386150649651,6538.299316
11186,1398.136,-2.063635970990974,6538.607422
11187,1398.261,-2.097136605039393,6538.131836
11188,1398.386,-2.110713040119124,6538.608398
11189,1398.511,-2.145768401320736,6539.024902
11190,1398.636,-2.216331631044478,6537.881348
11191,1398.761,-2.1913749500413733,6538.493164
11192,1398.886,-2.137698917309137,6538.104004
11193,1399.011,-2.240828789793041,6538.241211
11194,1399.136,-2.2159391738199035,6538.688477
11195,1399.261,-2.2036226758598985,6538.4375
11196,1399.386,-2.168712450726921,6538.29834
11197,1399.512,-2.1886033393641617,6538.854004
11198,1399.636,-2.110541687465996,6538.996582
11199,1399.761,-2.0664155740651298,6538.883301
11200,1399.886,-1.993459075343762,6538.687988
11201,1400.011,-2.0004911913556085,6540.027832
11202,1400.136,-1.9088217954394064,6539.078125
11203,1400.261,-1.9321624124828516,6539.271973
11204,1400.386,-1.9535761386935053,6538.991211
11205,1400.512,-2.012257494734221,6539.495117
11206,1400.636,-2.0282022987942105,6539.551758
11207,1400.761,-2.004906309129005,6540.027832
11208,1400.886,-2.0056852707166892,6540.583008
11209,1401.011,-1.9843730185229689,6540.973633
11210,1401.136,-1.9491257565269455,6540.388184
11211,1401.261,-1.910824356766644,6542.593262
11212,1401.386,-1.8852580757581423,6542.174805
11213,1401.511,-1.8660064193971873,6542.314453
11214,1401.636,-1.8487524009654661,6541.699707
11215,1401.761,-1.8417504687837705,6542.255859
11216,1401.886,-1.76665291001037,6540.918457
11217,1402.011,-1.7559600528754835,6539.800781
11218,1402.136,-1.7327936643019604,6540.05127
11219,1402.261,-1.7122687605235707,6540.137207
11220,1402.386,-1.7815703267648308,6539.158691
11221,1402.511,-1.8436988350546928,6538.156738
11222,1402.636,-1.8917482124075446,6537.795898
11223,1402.761,-1.932434549850046,6537.45752
11224,1402.887,-1.9144811707671059,6537.125977
11225,1403.011,-1.9027002880105637,6537.880859
11226,1403.135,-1.8939851778323793,6537.293457
11227,1403.261,-1.9053139767463176,6537.013184
11228,1403.386,-2.0333973092296818,6537.739746
11229,1403.511,-2.132050534249593,6536.955566
11230,1403.636,-2.256149504347516,6537.991211
11231,1403.761,-2.34658862855028,6537.681641
11232,1403.887,-2.348647066032351,6537.904785
11233,1404.01,-2.2587434104827153,6537.121582
11234,1404.135,-2.1386186839934593,6538.242676
11235,1404.261,-1.9263830016377232,6536.817383
11236,1404.386,-1.8443897548209762,6538.463867
11237,1404.51,-1.8008529824951267,6538.630371
11238,1404.636,-1.7877593674033876,6538.575195
11239,1404.761,-1.8066135074569651,6538.156738
11240,1404.887,-1.7885989045697746,6538.48877
11241,1405.011,-1.7018891083294507,6538.213379
11242,1405.135,-1.6558039447866428,6538.12793
11243,1405.262,-1.6255284772209067,6538.12793
11244,1405.386,-1.623194420416834,6538.602539
11245,1405.51,-1.739097734997949,6538.518066
11246,1405.636,-1.9030604367122295,6538.964355
11247,1405.761,-2.069029188737087,6538.741211
11248,1405.887,-2.2114559401452496,6539.466797
11249,1406.011,-2.301132239011777,6539.215332
11250,1406.135,-2.2594001595994198,6538.322754
11251,1406.26,-2.1767248225990654,6538.574707
11252,1406.385,-2.029242676093086,6537.904785
11253,1406.51,-1.9115852174766874,6538.350586
11254,1406.636,-1.8447384004839373,6538.825195
11255,1406.761,-1.8820194394764551,6538.93457
11256,1406.886,-1.8536450256795736,6539.913574
11257,1407.011,-1.879162009318758,6538.574707
11258,1407.136,-1.8054700219200086,6539.40918
11259,1407.261,-1.7178691054925943,6538.602539
11260,1407.386,-1.6148799993093677,6538.935059
11261,1407.51,-1.4953407841279172,6538.684082
11262,1407.636,-1.4706948468210352,6539.381836
11263,1407.761,-1.4905310146051118,6538.460449
11264,1407.885,-1.5155571395726057,6538.935547
11265,1408.011,-1.556510477846035,6538.935547
11266,1408.136,-1.5947388813909644,6538.712891
11267,1408.261,-1.685193630484182,6538.739746
11268,1408.386,-1.7453438964557288,6538.712402
11269,1408.51,-1.846731381772477,6538.993164
11270,1408.636,-1.9934147850349013,6538.156738
11271,1408.76,-2.0839661855108518,6538.184082
11272,1408.885,-2.155926298897488,6538.156738
11273,1409.01,-2.1361841895816185,6538.437012
11274,1409.136,-2.101558511557902,6537.73877
11275,1409.261,-1.9626645249459111,6538.018555
11276,1409.386,-1.8552551192076907,6537.73877
11277,1409.511,-1.7753779854667153,6538.214355
11278,1409.636,-1.697870950748839,6538.774414
11279,1409.76,-1.6936840487184457,6537.905762
11280,1409.885,-1.6977121164547084,6538.128906
11281,1410.01,-1.6856613668862006,6538.351563
11282,1410.135,-1.6486388217983485,6538.659668
11283,1410.26,-1.633738104771576,6538.712402
11284,1410.385,-1.567447092159087,6538.768066
11285,1410.51,-1.5522457377470193,6538.655762
11286,1410.635,-1.5862570776034834,6539.32959
11287,1410.76,-1.5982393093821494,6539.437988
11288,1410.885,-1.6525147279714503,6538.964355
11289,1411.011,-1.6949627017863287,6539.158691
11290,1411.135,-1.6881284860928254,6538.603516
11291,1411.26,-1.7086419257654328,6538.768066
11292,1411.386,-1.6765694351850278,6539.44043
11293,1411.511,-1.6346916557096307,6539.214355
11294,1411.635,-1.5975329253306392,6539.604492
11295,1411.76,-1.5505863130035262,6539.216309
11296,1411.885,-1.5540574962513918,6537.877441
11297,1412.01,-1.5645888274615571,6536.538574
11298,1412.135,-1.6318412009921335,6536.399414
11299,1412.26,-1.7009210367994552,6535.148438
11300,1412.386,-1.7901812564705402,6535.678711
11301,1412.51,-1.8412107909376318,6535.537598
11302,1412.635,-1.8452300325623154,6534.897461
11303,1412.76,-1.8622821792866155,6534.981934
11304,1412.885,-1.872131715071978,6535.375488
11305,1413.011,-1.8585665938929017,6534.815918
11306,1413.136,-1.8776088615185897,6535.342285
11307,1413.26,-1.8985515281936927,6535.873535
11308,1413.385,-1.9013596393346883,6534.981934
11309,1413.51,-1.913274459482846,6535.872559
11310,1413.636,-1.9336105058751187,6535.931152
11311,1413.76,-1.9815213439128558,6535.736328
11312,1413.885,-2.034509148711904,6535.262695
11313,1414.01,-2.095623214761126,6535.541992
11314,1414.135,-2.178611446923504,6536.347656
11315,1414.26,-2.2472468936039314,6536.233398
11316,1414.385,-2.278618187225119,6535.931152
11317,1414.51,-2.2361108091131827,6536.405762
11318,1414.635,-2.1611043296306507,6536.347656
11319,1414.76,-2.0085372465502265,6535.427734
11320,1414.885,-1.8276847349757408,6536.765625
11321,1415.01,-1.66786213513162,6536.376953
11322,1415.135,-1.5252461364360983,6535.845703
11323,1415.26,-1.4168297218474581,6535.873047
11324,1415.385,-1.3680429321945569,6535.565918
11325,1415.51,-1.3660662479074581,6537.240723
11326,1415.635,-1.353689119858232,6536.737793
11327,1415.76,-1.3693596112476083,6537.658203
11328,1415.885,-1.3885450828513493,6536.931152
11329,1416.01,-1.379576906297365,6537.320801
11330,1416.135,-1.3983932689309964,6536.817871
11331,1416.26,-1.428648468572706,6537.348633
11332,1416.386,-1.4671081895452447,6538.408691
11333,1416.511,-1.5166771352825323,6537.572266
11334,1416.635,-1.535441003647241,6538.380371
11335,1416.76,-1.5794664331092052,6537.321289
11336,1416.885,-1.5940120038535204,6538.047852
11337,1417.012,-1.599880358499609,6537.768066
11338,1417.135,-1.5877885984220688,6537.070313
11339,1417.261,-1.5712263397321784,6537.653809
11340,1417.385,-1.5621811606761993,6538.076172
11341,1417.51,-1.5678640395421644,6538.604004
11342,1417.635,-1.5942950115024168,6538.18457
11343,1417.76,-1.619982809106514,6538.379395
11344,1417.885,-1.6402720247157936,6537.906738
11345,1418.01,-1.6419633366007984,6538.825684
11346,1418.135,-1.6300844240009105,6537.875488
11347,1418.26,-1.5911159245483264,6538.516113
11348,1418.385,-1.5219498069529758,6538.796387
11349,1418.51,-1.4688281160744057,6538.963867
11350,1418.635,-1.429508155907263,6538.768066
11351,1418.76,-1.4671182292637814,6538.546387
11352,1418.885,-1.552471080294525,6540.165039
11353,1419.01,-1.6425839549899721,6539.718262
11354,1419.135,-1.7586613167372211,6539.049805
11355,1419.26,-1.8734257567799284,6538.741211
11356,1419.385,-1.944293216522405,6539.719727
11357,1419.51,-1.9198225380459095,6539.855957
11358,1419.635,-1.857366907762866,6539.662598
11359,1419.759,-1.788203072600734,6539.158203
11360,1419.885,-1.7483535438454552,6539.15918
11361,1420.01,-1.83393844424503,6539.771484
11362,1420.135,-2.000733412745687,6539.411133
11363,1420.26,-2.1982963080636084,6539.409668
11364,1420.385,-2.3685169765755303,6539.942383
11365,1420.51,-2.419158132706346,6539.827637
11366,1420.635,-2.2128770780031624,6540.274414
11367,1420.76,-1.9255113714785075,6539.325195
11368,1420.885,-1.5884923894416154,6539.577637
11369,1421.009,-1.4087294629905416,6538.459961
11370,1421.135,-1.3857323328087696,6540.133789
11371,1421.26,-1.472115560424978,6540.801758
11372,1421.385,-1.629032148015666,6539.40625
11373,1421.51,-1.7626696955620442,6539.183594
11374,1421.635,-1.7770700834958324,6538.598145
11375,1421.759,-1.766557691671213,6536.978516
11376,1421.884,-1.693404422363225,6537.400391
11377,1422.009,-1.6142939707702308,6535.870117
11378,1422.135,-1.5276728444205327,6535.42334
11379,1422.26,-1.465502374901328,6536.983887
11380,1422.385,-1.4525982730626767,6537.543945
11381,1422.51,-1.4457472415809862,6537.013184
11382,1422.635,-1.4775561646564672,6536.760742
11383,1422.759,-1.507030860542513,6536.594727
11384,1422.885,-1.552032243796665,6536.760742
11385,1423.01,-1.5892446139380378,6537.430176
11386,1423.135,-1.593646868723511,6536.788574
11387,1423.259,-1.5792269457119488,6536.873535
11388,1423.384,-1.516841445205064,6537.177734
11389,1423.51,-1.411178717138797,6536.705566
11390,1423.635,-1.3366877716451484,6537.681641
11391,1423.759,-1.29151404107316,6537.458496
11392,1423.885,-1.2907607736221607,6537.847168
11393,1424.009,-1.288991138956476,6538.099609
11394,1424.135,-1.3356902255782517,6538.711914
11395,1424.26,-1.3743384851518894,6538.014648
11396,1424.384,-1.3989646123893689,6538.071777
11397,1424.509,-1.4100797147952833,6537.402344
11398,1424.635,-1.3664551751142497,6536.870117
11399,1424.759,-1.303839175304197,6537.683105
11400,1424.884,-1.2499594644761645,6537.459961
11401,1425.009,-1.2214520711928165,6538.322754
11402,1425.135,-1.2499878644533338,6538.018066
11403,1425.26,-1.326848171859736,6537.236328
11404,1425.384,-1.3903135145791634,6536.926758
11405,1425.509,-1.4883398541022284,6537.847168
11406,1425.634,-1.544813044923011,6538.602539
11407,1425.759,-1.5435967916452593,6538.156738
11408,1425.884,-1.5039218034303867,6538.070801
11409,1426.009,-1.41676248882069,6538.071289
11410,1426.134,-1.337728271016389,6538.77002
11411,1426.259,-1.279124287065993,6538.402344
11412,1426.384,-1.2861491202091397,6539.632813
11413,1426.509,-1.3692443349010148,6538.712402
11414,1426.635,-1.4968838859201317,6539.130371
11415,1426.759,-1.6383108945561393,6538.684082
11416,1426.884,-1.8091907402591152,6538.654785
11417,1427.01,-1.9504755645150418,6538.375977
11418,1427.135,-2.0299326488229688,6539.576172
11419,1427.259,-2.0589355158655542,6539.129395
11420,1427.384,-2.052737992565923,6538.991699
11421,1427.509,-2.0191119125026193,6539.604004
11422,1427.634,-1.9596123701521224,6538.992188
11423,1427.759,-1.8954017470129714,6538.963867
11424,1427.884,-1.8472333037524598,6539.800293
11425,1428.009,-1.838383128879582,6539.994141
11426,1428.134,-1.7841280208898866,6540.721191
11427,1428.259,-1.784961537484462,6540.273926
11428,1428.384,-1.799643622659232,6539.634277
11429,1428.51,-1.7698083257043187,6539.157715
11430,1428.634,-1.8062413559885189,6539.661621
11431,1428.759,-1.7998984816497292,6539.799316
11432,1428.884,-1.797649792410064,6540.136719
11433,1429.009,-1.8165381321295133,6540.187988
11434,1429.134,-1.8350619831510158,6539.52002
11435,1429.259,-1.8613113748613481,6539.799316
11436,1429.385,-1.885110412563803,6540.216797
11437,1429.509,-1.9089941724018662,6539.714355
11438,1429.634,-1.8949289171474415,6540.021973
11439,1429.759,-1.8414431781887792,6539.995117
11440,1429.884,-1.7909260189743899,6540.245605
11441,1430.009,-1.7439447586709382,6540.721191
11442,1430.134,-1.7193263272003747,6540.915527
11443,1430.259,-1.750525572687292,6541.139648
11444,1430.384,-1.825402369663049,6541.082031
11445,1430.509,-1.908677668034995,6540.607422
11446,1430.634,-1.9908334360165976,6541.391602
11447,1430.759,-1.9924259987613753,6541.471191
11448,1430.884,-1.9678756077065396,6542.19873
11449,1431.009,-1.8848907761209182,6541.918457
11450,1431.134,-1.761820363711324,6542.278809
11451,1431.26,-1.65554737979919,6542.251465
11452,1431.385,-1.5675224039940252,6542.503418
11453,1431.509,-1.537942696638226,6540.803223
11454,1431.635,-1.525610285276738,6538.988281
11455,1431.759,-1.5035976128729198,6538.208496
11456,1431.884,-1.4990652647796296,6536.870117
11457,1432.009,-1.4960952840884907,6537.344727
11458,1432.134,-1.478504992032237,6538.460938
11459,1432.259,-1.4777976756509958,6538.041992
11460,1432.385,-1.5479639194969135,6538.48877
11461,1432.509,-1.6049283221345252,6538.850098
11462,1432.634,-1.7024224655178544,6538.237305
11463,1432.759,-1.7771233655482794,6538.682617
11464,1432.884,-1.8010364434277362,6538.51709
11465,1433.009,-1.7637818763505044,6538.711914
11466,1433.134,-1.6892970082732852,6538.683594
11467,1433.259,-1.6214838805789182,6539.272949
11468,1433.384,-1.5896935371894751,6539.243164
11469,1433.51,-1.6034092345175466,6538.962891
11470,1433.634,-1.6038696744673282,6539.575195
11471,1433.759,-1.5983019514096228,6539.130371
11472,1433.884,-1.5624015923230907,6539.411133
11473,1434.009,-1.5290848535980373,6538.93457
11474,1434.134,-1.4780059548813433,6538.876953
11475,1434.259,-1.4814831315240178,6538.459961
11476,1434.384,-1.5326420952435753,6539.130371
11477,1434.509,-1.606917602171835,6540.246094
11478,1434.634,-1.7821651651460637,6538.962891
11479,1434.759,-1.9234264618717065,6538.626465
11480,1434.884,-1.9682144514577535,6539.072754
11481,1435.009,-1.9868854299123244,6538.655273
11482,1435.133,-1.9754069772854195,6539.633789
11483,1435.259,-1.9341071650850847,6539.016113
11484,1435.384,-2.0083563560567548,6539.296875
11485,1435.509,-2.126855977160276,6539.187012
11486,1435.634,-2.2719877481234083,6538.907227
11487,1435.759,-2.434691742162187,6538.626953
11488,1435.884,-2.5156155050021898,6537.706055
11489,1436.01,-2.4387492031451026,6538.042969
11490,1436.133,-2.3463014166906357,6537.091797
11491,1436.259,-2.229781325537303,6536.705078
11492,1436.384,-2.072916533874342,6536.063965
11493,1436.509,-2.025471189450864,6537.12207
11494,1436.634,-2.072456834958103,6537.762207
11495,1436.759,-2.1241361639008876,6536.173828
11496,1436.884,-2.218574339198867,6537.539063
11497,1437.008,-2.345269030858915,6537.345703
11498,1437.134,-2.3948018645924565,6536.590332
11499,1437.258,-2.463026608239759,6538.099609
11500,1437.384,-2.5085195823673883,6535.561523
11501,1437.508,-2.5369894236623556,6536.42627
11502,1437.634,-2.5261068374980953,6536.397949
11503,1437.759,-2.4834432622447173,6536.202148
11504,1437.883,-2.3982480426536177,6537.288086
11505,1438.009,-2.3564485315582386,6537.596191
11506,1438.133,-2.3168354135195472,6537.762695
11507,1438.258,-2.2900296187964315,6537.315918
11508,1438.383,-2.2776285108010677,6538.487793
11509,1438.508,-2.3175600888549335,6534.865234
11510,1438.634,-2.3093566231493616,6535.949219
11511,1438.758,-2.2293796975100078,6534.973145
11512,1438.883,-2.196776039677153,6535.280762
11513,1439.009,-2.129108837435953,6534.974121
11514,1439.133,-2.081327836365863,6534.611328
11515,1439.258,-2.071048318529003,6535.893555
11516,1439.383,-2.059633541045528,6536.619629
11517,1439.509,-2.0759418106508383,6537.395996
11518,1439.634,-2.105878749867507,6537.481934
11519,1439.758,-2.156471908589708,6537.563965
11520,1439.883,-2.134462918696473,6536.865234
11521,1440.008,-2.070177129734166,6536.19873
11522,1440.134,-2.0357725153378854,6534.557129
11523,1440.259,-2.0183795972587615,6533.331055
11524,1440.384,-2.0286482774214933,6533.887207
11525,1440.508,-2.0821032065509892,6533.748535
11526,1440.634,-2.1734888004592627,6534.279785
11527,1440.758,-2.2993449205064205,6533.583496
11528,1440.883,-2.4272526601653817,6533.331055
11529,1441.008,-2.5225996729393643,6533.944336
11530,1441.133,-2.508161237627928,6533.081055
11531,1441.259,-2.455087230194261,6533.891113
11532,1441.383,-2.3789801210729,6533.947266
11533,1441.508,-2.269628181165473,6532.915527
11534,1441.633,-2.1780124812306827,6533.195313
11535,1441.758,-2.1146338810097207,6533.474121
11536,1441.883,-2.0868880704936137,6532.914551
11537,1442.008,-2.063203750357611,6533.891113
11538,1442.133,-2.0889646897405734,6533.499023
11539,1442.258,-2.135496085140667,6533.948242
11540,1442.384,-2.2099636599500814,6532.859863
11541,1442.508,-2.2676190667605267,6534.309082
11542,1442.633,-2.3421104074279637,6533.445801
11543,1442.758,-2.3900531089294437,6533.41748
11544,1442.883,-2.357644791509196,6534.587891
11545,1443.008,-2.3177684731909287,6534.085938
11546,1443.133,-2.2030793584470274,6533.64209
11547,1443.258,-2.1306780285910736,6534.587891
11548,1443.383,-2.0753192659198376,6534.668945
11549,1443.509,-2.060867415372803,6534.532227
11550,1443.633,-2.0733659732904584,6534.000488
11551,1443.758,-2.125997834310271,6533.583496
11552,1443.884,-2.140069729930401,6534.280273
11553,1444.008,-2.1967461814325544,6534.562012
11554,1444.133,-2.191406016590621,6534.669922
11555,1444.258,-2.189285898822421,6535.114746
11556,1444.383,-2.181796512703552,6534.360352
11557,1444.508,-2.176372198366499,6534.641602
11558,1444.633,-2.167343302758797,6535.561523
11559,1444.758,-2.1746823171507557,6534.892578
11560,1444.883,-2.186770998657954,6535.30957
11561,1445.008,-2.155071526499211,6535.25293
11562,1445.133,-2.0816703978127267,6535.280762
11563,1445.258,-2.0452623207626366,6536.367188
11564,1445.383,-2.0112074755334106,6536.286621
11565,1445.508,-2.021221086415237,6536.955566
11566,1445.633,-2.1543077102511297,6537.734375
11567,1445.758,-2.2729995021664235,6536.143555
11568,1445.883,-2.4500062746769222,6537.121582
11569,1446.008,-2.5772002947116714,6536.870117
11570,1446.133,-2.6321721773984086,6537.064941
11571,1446.258,-2.5863200832975837,6537.230469
11572,1446.383,-2.490681612194224,6536.030762
11573,1446.508,-2.361657320186783,6536.53418
11574,1446.633,-2.2475988753912763,6537.45459
11575,1446.758,-2.1814692322731557,6536.95166
11576,1446.883,-2.1496367655662896,6537.315918
11577,1447.009,-2.1335648692042586,6537.929688
11578,1447.133,-2.122890789882154,6537.145996
11579,1447.258,-2.087939898318233,6537.481934
11580,1447.383,-2.0631218315843127,6537.813965
11581,1447.508,-1.9789262012711868,6537.842773
11582,1447.633,-1.9160260227886632,6538.179688
11583,1447.758,-1.8570806569135578,6537.202148
11584,1447.883,-1.8291245243922984,6538.374512
11585,1448.009,-1.8446663219835626,6537.786133
11586,1448.133,-1.8846186168371373,6539.040527
11587,1448.258,-1.9675062711677505,6539.515625
11588,1448.383,-2.076647940485225,6539.484375
11589,1448.508,-2.1857942819922447,6538.507813
11590,1448.633,-2.2885856380369036,6537.14209
11591,1448.758,-2.315424295928319,6535.974121
11592,1448.883,-2.350885524923717,6536.172363
11593,1449.009,-2.3420968261454105,6533.550293
11594,1449.133,-2.27201092078234,6533.24707
11595,1449.258,-2.2570208922982413,6532.299316
11596,1449.383,-2.1481978662802126,6533.413086
11597,1449.508,-2.1164286058923834,6533.635742
11598,1449.633,-2.041961199817014,6533.578613
11599,1449.758,-1.9994598695734442,6533.441406
11600,1449.883,-1.9584534078605065,6533.609863
11601,1450.008,-1.9405258178274123,6532.549805
11602,1450.133,-1.9135577945140982,6532.21875
11603,1450.258,-1.9235302402669998,6532.24707
11604,1450.384,-1.9378237670142593,6532.327637
11605,1450.508,-1.957834582239836,6532.104492
11606,1450.632,-1.96698524622479,6531.882813
11607,1450.757,-1.975288525264256,6532.468262
11608,1450.882,-1.9510657227013806,6532.076172
11609,1451.008,-1.894274370146523,6531.99707
11610,1451.133,-1.8480917348348673,6532.355469
11611,1451.258,-1.757682571915814,6531.464844
11612,1451.383,-1.7047938994434066,6532.413574
11613,1451.508,-1.6502740172921448,6530.935059
11614,1451.632,-1.656087356545302,6530.90625
11615,1451.758,-1.6619687099707245,6531.101074
11616,1451.883,-1.7622930556889809,6531.881836
11617,1452.007,-1.8036392052810495,6532.300781
11618,1452.132,-1.9150934062894547,6531.769043
11619,1452.258,-1.989738343559104,6530.740234
11620,1452.384,-1.9982936913809568,6530.82666
11621,1452.508,-2.0241620010450014,6530.603516
11622,1452.633,-2.0204151942354867,6530.685059
11623,1452.759,-1.970475317263496,6530.353027
11624,1452.883,-1.9180645520832451,6531.660645
11625,1453.007,-1.869030217113429,6531.40918
11626,1453.133,-1.8329918283493227,6531.02002
11627,1453.258,-1.7610367511216496,6531.4375
11628,1453.382,-1.738963279963792,6531.214355
11629,1453.508,-1.7629670998225877,6531.493652
11630,1453.633,-1.7720231165519338,6531.243652
11631,1453.758,-1.8416864207457266,6531.517578
11632,1453.882,-1.8497202168905778,6532.55127
11633,1454.007,-1.8993179534324216,6532.160645
11634,1454.133,-1.8779960140321377,6531.380859
11635,1454.257,-1.8686698620121258,6530.90625
11636,1454.382,-1.7823923710492688,6531.574707
11637,1454.508,-1.6975142977142845,6531.797363
11638,1454.632,-1.673636191852111,6530.793457
11639,1454.757,-1.647448132294439,6529.932129
11640,1454.883,-1.6409448303871954,6530.347656
11641,1455.007,-1.576888512560293,6531.877441
11642,1455.133,-1.562183827335634,6532.019043
11643,1455.257,-1.506769042636227,6531.214355
11644,1455.382,-1.4601578848743872,6530.935059
11645,1455.508,-1.521515205057177,6531.02002
11646,1455.632,-1.5274593807326922,6531.352051
11647,1455.757,-1.5924597447173967,6531.65918
11648,1455.882,-1.6488145165756072,6532.161133
11649,1456.007,-1.7217566980002972,6531.1875
11650,1456.133,-1.6845305536891049,6530.990723
11651,1456.257,-1.6355410764598346,6531.910645
11652,1456.382,-1.5514684954265368,6532.270996
11653,1456.507,-1.44991670748273,6531.604492
11654,1456.633,-1.4377584979581892,6531.129883
11655,1456.758,-1.398511827275386,6532.413086
11656,1456.882,-1.4360852784328633,6532.550293
11657,1457.007,-1.4712227137998772,6531.603027
11658,1457.132,-1.4767650885063297,6532.606445
11659,1457.257,-1.478226540051174,6532.772949
11660,1457.382,-1.5211976910473006,6531.545898
11661,1457.508,-1.495317602617289,6532.910645
11662,1457.632,-1.5130489376835208,6532.772949
11663,1457.758,-1.5435619057518744,6533.242676
11664,1457.882,-1.5846350237038997,6531.937012
11665,1458.007,-1.5801100783417052,6532.796875
11666,1458.132,-1.6082979193148683,6532.271484
11667,1458.257,-1.5339124969151936,6532.716309
11668,1458.382,-1.4548461484193487,6532.380371
11669,1458.507,-1.3761383585243865,6533.213867
11670,1458.632,-1.2867864860027554,6533.911133
11671,1458.757,-1.208116505538182,6534.133301
11672,1458.882,-1.1829684920329375,6533.466309
11673,1459.008,-1.1891409468087608,6532.293457
11674,1459.132,-1.1775689369812625,6531.741211
11675,1459.257,-1.133319238641167,6531.962891
11676,1459.382,-1.1576098417876666,6530.792969
11677,1459.507,-1.182511038692974,6529.406738
11678,1459.632,-1.2158472636303967,6528.375
11679,1459.757,-1.2660325763000992,6528.515625
11680,1459.882,-1.314720865196595,6528.294434
11681,1460.008,-1.3605036712377552,6529.155762
11682,1460.132,-1.3903873312568282,6528.571777
11683,1460.257,-1.392658641063155,6530.23877
11684,1460.382,-1.3681257257923962,6529.262695
11685,1460.508,-1.321850518792503,6529.988281
11686,1460.632,-1.3130249387660322,6529.765625
11687,1460.757,-1.3032557327988017,6530.016113
11688,1460.882,-1.2901937798828893,6530.182129
11689,1461.007,-1.3268455491324649,6530.04541
11690,1461.132,-1.326487439614543,6530.182129
11691,1461.257,-1.3812227571065445,6529.377441
11692,1461.382,-1.2895780643795418,6530.713379
11693,1461.507,-1.317901865148924,6530.184082
11694,1461.632,-1.2841864496127606,6529.23584
11695,1461.757,-1.2493231702578134,6529.681152
11696,1461.882,-1.199611952470621,6529.736816
11697,1462.007,-1.1652368556809547,6530.490234
11698,1462.132,-1.1306508938926707,6530.296387
11699,1462.257,-1.090515159420193,6530.43457
11700,1462.382,-1.0991796323416925,6530.491211
11701,1462.508,-1.1280623821415812,6529.851074
11702,1462.632,-1.122469362048967,6529.23584
11703,1462.757,-1.199343735799031,6529.514648
11704,1462.882,-1.2279488062419444,6530.183105
11705,1463.007,-1.3180916368542426,6529.988281
11706,1463.132,-1.327556649331268,6530.461426
11707,1463.257,-1.3389202014591042,6530.77002
11708,1463.382,-1.3556596946649209,6530.210449
11709,1463.508,-1.2855431586958084,6531.129395
11710,1463.632,-1.2754390129429731,6530.741211
11711,1463.757,-1.2910321935453837,6529.988281
11712,1463.882,-1.341552028262183,6531.185547
11713,1464.007,-1.3714026852118864,6531.408691
11714,1464.132,-1.5018093318863694,6530.153809
11715,1464.257,-1.5144508808098156,6529.040527
11716,1464.382,-1.5337482960338058,6529.708496
11717,1464.507,-1.5011618187379037,6530.125
11718,1464.632,-1.4687672357713863,6529.90332
11719,1464.757,-1.4191624898130206,6530.518555
11720,1464.882,-1.3838948435622005,6530.153809
11721,1465.007,-1.2849716381148628,6529.709473
11722,1465.132,-1.2888143846756626,6530.850586
11723,1465.257,-1.1336019754184758,6530.57666
11724,1465.382,-1.1114361398343422,6529.903809
11725,1465.507,-0.9862376813477317,6530.125
11726,1465.632,-0.9375363382062627,6529.988281
11727,1465.757,-0.9163694591896118,6531.575195
11728,1465.882,-0.8904390343754433,6530.210938
11729,1466.007,-0.8811094237392647,6530.741211
11730,1466.132,-0.9210560249515017,6529.822754
11731,1466.257,-0.865930337130987,6530.266602
11732,1466.382,-0.896205669700261,6530.40625
11733,1466.507,-0.883463230018528,6530.130371
11734,1466.632,-1.0048856560508832,6530.210449
11735,1466.757,-1.0851724336856967,6530.490234
11736,1466.882,-1.0653351662975161,6529.765137
11737,1467.007,-1.1067951542841041,6530.297363
11738,1467.132,-1.0749667086988202,6530.685059
11739,1467.256,-1.0074313257699714,6530.822754
11740,1467.381,-0.9986670810517285,6530.879395
11741,1467.507,-0.9869528371472592,6531.324219
11742,1467.632,-0.9959066075461733,6530.599609
11743,1467.757,-1.06576493065413,6531.518066
11744,1467.882,-1.1036633348344924,6530.70752
11745,1468.007,-1.1485536970903143,6531.876953
11746,1468.132,-1.0582100239569157,6532.574219
11747,1468.257,-1.0309315112738338,6531.683105
11748,1468.381,-0.9700043006543321,6530.543457
11749,1468.506,-0.9779248987253197,6531.015625
11750,1468.631,-0.9711540496377754,6531.459473
11751,1468.756,-1.0961584405097322,6531.375488
11752,1468.882,-1.0869055660863516,6531.958496
11753,1469.007,-1.124856830607735,6532.654297
11754,1469.131,-1.1395539830804273,6532.432617
11755,1469.256,-1.0991593305190108,6531.98584
11756,1469.382,-1.063227204968667,6531.705566
11757,1469.506,-0.9191470606444984,6530.70752
11758,1469.632,-0.9639395469816245,6530.233887
11759,1469.757,-0.821552532806167,6529.207031
11760,1469.882,-0.7508534727151571,6529.679199
11761,1470.007,-0.656299401743031,6529.070313
11762,1470.132,-0.6176060525750742,6527.928223
11763,1470.257,-0.463018338273589,6528.373047
11764,1470.382,-0.4024185956738399,6528.848633
11765,1470.506,-0.48626072300984025,6529.211426
11766,1470.632,-0.4734879459933695,6529.069824
11767,1470.756,-0.5424426363155784,6528.402344
11768,1470.881,-0.582788751919844,6529.292969
11769,1471.007,-0.4814479829651707,6529.293457
11770,1471.131,-0.48213937402108814,6530.098145
11771,1471.256,-0.40172290496614566,6529.988281
11772,1471.382,-0.4084460009913414,6529.794434
11773,1471.506,-0.39123033763951587,6528.568359
11774,1471.631,-0.4663881548637773,6528.567383
11775,1471.756,-0.42116741618361164,6529.543945
11776,1471.881,-0.4686015333715066,6528.819336
11777,1472.006,-0.47004416901768403,6529.321289
11778,1472.132,-0.45623205169159087,6529.097656
11779,1472.256,-0.4131997813677878,6528.237305
11780,1472.382,-0.4199385032708582,6529.320313
11781,1472.507,-0.5068756343747318,6528.875488
11782,1472.632,-0.6283785513957268,6530.102051
11783,1472.757,-0.7340812326030219,6529.378418
11784,1472.881,-0.8402247607204847,6529.292969
11785,1473.006,-0.796686817273453,6529.988281
11786,1473.131,-0.741367990950881,6529.126465
11787,1473.256,-0.5734797684458325,6529.601074
11788,1473.382,-0.45077484053171735,6530.074219
11789,1473.507,-0.28135681367625304,6530.879883
11790,1473.631,-0.23008716462221745,6530.906738
11791,1473.756,-0.21525194271393314,6531.574707
11792,1473.881,-0.29491471953935317,6531.043457
11793,1474.006,-0.3659074047726006,6530.907715
11794,1474.132,-0.4564880849754881,6529.685547
11795,1474.256,-0.4971424085071921,6529.182617
11796,1474.382,-0.5914607296829377,6529.320801
11797,1474.506,-0.6699825555012179,6529.070313
11798,1474.631,-0.7413297835770156,6528.568848
11799,1474.756,-0.8155539242960471,6529.01416
11800,1474.881,-0.8586159338580802,6529.543457
11801,1475.006,-0.9255276176203131,6529.319824
11802,1475.132,-0.9424599156736962,6529.319824
11803,1475.256,-0.9630926967993395,6528.875
11804,1475.381,-0.9063109386619774,6529.126465
11805,1475.506,-0.7501100735115288,6529.098633
11806,1475.631,-0.6820134519837838,6530.016602
11807,1475.756,-0.4669707139961734,6529.987305
11808,1475.881,-0.2795431926313515,6529.989258
11809,1476.006,-0.07380716049024,6530.514648
11810,1476.131,0.07762885595811762,6531.32373
11811,1476.256,0.21076763095387158,6531.518555
11812,1476.381,0.314744404467311,6531.32373
11813,1476.507,0.3524747343088741,6531.26709
11814,1476.631,0.4492226161135823,6530.959961
11815,1476.756,0.49418410199215046,6532.129395
11816,1476.881,0.5858992931991349,6530.907227
11817,1477.006,0.6810711815901154,6530.901855
11818,1477.131,0.6941848179927885,6531.379883
11819,1477.256,0.7105006407141784,6530.461426
11820,1477.381,0.6604030243515505,6531.436035
11821,1477.506,0.6210315573154244,6531.518066
11822,1477.631,0.5002532749211398,6532.155273
11823,1477.756,0.40506427073151113,6530.763672
11824,1477.881,0.33785735571382924,6530.90625
11825,1478.006,0.24540016934142458,6530.850586
11826,1478.131,0.26465204191993197,6529.90332
11827,1478.256,0.32624933161946945,6531.238281
11828,1478.381,0.4581896636436904,6530.598633
11829,1478.506,0.5708677984893753,6530.930176
11830,1478.631,0.6849967939641054,6531.375977
11831,1478.756,0.7551476958408333,6531.347656
11832,1478.881,0.7726059747593735,6532.100098
11833,1479.006,0.7440439630847432,6531.405273
11834,1479.131,0.6774648432880328,6530.623047
11835,1479.256,0.5940582609567943,6530.81543
11836,1479.381,0.5096534613530607,6532.711426
11837,1479.506,0.4799312263660658,6533.351074
11838,1479.631,0.4566871784737105,6532.318359
11839,1479.756,0.45662342696862346,6532.066406
11840,1479.881,0.4400074438680852,6531.319336
11841,1480.006,0.4545797578342313,6529.897461
11842,1480.131,0.5449747303802447,6528.595703
11843,1480.256,0.5424311479723286,6528.146484
11844,1480.381,0.6510286284127064,6527.901367
11845,1480.506,0.6443357417437616,6528.984863
11846,1480.631,0.6451240912934959,6527.958008
11847,1480.756,0.5898880201447749,6528.956543
11848,1480.881,0.501880709570152,6529.098145
11849,1481.006,0.3967753919653018,6528.596191
11850,1481.131,0.22375877171929978,6530.016602
11851,1481.256,0.07572282576896872,6529.012695
11852,1481.381,-0.10430367447481027,6529.599609
11853,1481.506,-0.21098039861375834,6528.733398
11854,1481.631,-0.24524178043017625,6529.623047
11855,1481.756,-0.24730643580780373,6528.955566
11856,1481.881,-0.2378417762208181,6528.791016
11857,1482.006,-0.14856323385049952,6529.149902
11858,1482.131,-0.11753964463699727,6529.371094
11859,1482.256,-0.146157546314794,6528.761719
11860,1482.381,-0.09925599701175462,6529.094238
11861,1482.506,-0.013519629575662795,6529.374023
11862,1482.631,-0.007525245624550966,6529.178223
11863,1482.756,-0.01079116002948844,6529.344238
11864,1482.881,0.0068436310612283915,6528.841797
11865,1483.006,-0.051695989776622486,6528.733887
11866,1483.131,-0.09733498524566102,6530.319336
11867,1483.256,-0.18605714500952872,6530.234375
11868,1483.381,-0.11431335175264579,6530.319824
11869,1483.506,-0.1057523018376141,6530.067871
11870,1483.63,-0.06124033125143249,6529.537598
11871,1483.756,-0.06746057429098243,6529.595703
11872,1483.881,-0.030600065585813012,6530.040527
11873,1484.006,-0.06903516471320892,6529.817871
11874,1484.131,-0.05770470466500694,6529.400391
11875,1484.256,-0.07678466609546616,6529.31543
11876,1484.381,0.026896458733721797,6529.76123
11877,1484.505,0.044294251079281546,6529.509766
11878,1484.631,0.16397220612080354,6529.344238
11879,1484.756,0.1927523368948466,6528.620117
11880,1484.881,0.22049576746752186,6528.841797
11881,1485.005,0.2580932989375512,6528.928223
11882,1485.131,0.2961341817221187,6529.509766
11883,1485.256,0.29624357414025676,6529.788574
11884,1485.38,0.3192750890441086,6529.31543
11885,1485.505,0.27828885287105576,6528.78418
11886,1485.63,0.2707141323560392,6529.287109
11887,1485.756,0.2668254713095146,6529.953613
11888,1485.881,0.2538129436452427,6528.5625
11889,1486.005,0.31933843960961095,6529.539063
11890,1486.131,0.3271639934945393,6529.20166
11891,1486.256,0.4369228821158978,6529.423828
11892,1486.38,0.4603389022047303,6530.342285
11893,1486.505,0.47845195935267487,6529.955566
11894,1486.63,0.5679940777846,6528.812988
11895,1486.755,0.507525551687286,6529.17334
11896,1486.881,0.5714514824595662,6529.925781
11897,1487.005,0.6363584436710517,6529.451172
11898,1487.131,0.6934997888358451,6529.92627
11899,1487.255,0.6849873418644746,6530.428223
11900,1487.38,0.6596020028863182,6530.285645
11901,1487.505,0.6458838706388345,6530.257324
11902,1487.631,0.6439328368130387,6531.119141
11903,1487.755,0.635925361471938,6531.398926
11904,1487.881,0.6593713020638009,6530.925781
11905,1488.005,0.7119708469253495,6531.260742
11906,1488.13,0.7562945807044392,6530.594727
11907,1488.256,0.722445362235228,6530.01123
11908,1488.38,0.7098780237273242,6530.342285
11909,1488.506,0.6429865384634404,6531.233887
11910,1488.63,0.5949220497088217,6532.123047
11911,1488.755,0.533740887799008,6531.872559
11912,1488.88,0.5749682149672254,6532.706055
11913,1489.005,0.5101155755928249,6532.094238
11914,1489.13,0.4321580538419211,6532.289063
11915,1489.255,0.3683308662210835,6532.512695
11916,1489.38,0.2783231350979298,6531.729492
11917,1489.505,0.2124715962470026,6531.061035
11918,1489.63,0.2234288935291237,6530.343262
11919,1489.755,0.26147268694950265,6529.645508
11920,1489.881,0.43740830578528167,6528.813477
11921,1490.005,0.5280185826788929,6529.092285
11922,1490.131,0.6217874071334423,6529.149902
11923,1490.255,0.7166762514405118,6529.287109
11924,1490.38,0.6639199772338275,6528.928223
11925,1490.505,0.6518975015584356,6530.040039
11926,1490.63,0.613565129812393,6530.01123
11927,1490.755,0.5876663039902272,6529.789063
11928,1490.88,0.6134890733180302,6529.596191
11929,1491.005,0.6869672623794586,6529.595215
11930,1491.13,0.7372480954869881,6530.09668
11931,1491.255,0.7817306855074831,6529.595215
11932,1491.38,0.7932681139504161,6529.651855
11933,1491.505,0.7962275063661345,6529.287109
11934,1491.63,0.7483328899733533,6528.791016
11935,1491.755,0.6899193966218411,6529.84668
11936,1491.88,0.6148364912744027,6529.041016
11937,1492.005,0.5546084464435274,6529.121582
11938,1492.13,0.5173759706780489,6528.762207
11939,1492.255,0.4901009851135884,6528.375
11940,1492.381,0.4855728480313597,6528.455078
11941,1492.505,0.4648825010931787,6528.846191
11942,1492.63,0.45495289744483847,6528.118652
11943,1492.755,0.41786709856924137,6528.647949
11944,1492.88,0.3527423337532942,6528.813477
11945,1493.005,0.2947651122297092,6527.81543
11946,1493.13,0.25935506520108953,6528.869141
11947,1493.255,0.24416387325810035,6529.120605
11948,1493.38,0.21518326615274286,6529.566895
11949,1493.505,0.2255450937729023,6528.339844
11950,1493.63,0.25607795016084933,6528.032227
11951,1493.755,0.30222505052422177,6528.061035
11952,1493.88,0.3708388666259175,6528.202637
11953,1494.005,0.3792721314741386,6527.894531
11954,1494.13,0.370104076454384,6527.981445
11955,1494.255,0.3024373370101648,6528.840332
11956,1494.38,0.20665961337140876,6526.892578
11957,1494.505,0.0618114575734089,6528.311035
11958,1494.63,-0.04921396518610762,6527.091309
11959,1494.755,-0.05799818028318813,6527.64502
11960,1494.88,0.034268939940185164,6526.283203
11961,1495.005,0.18360997239563148,6527.229004
11962,1495.13,0.3921289319284472,6528.3125
11963,1495.255,0.5035415545460846,6526.949219
11964,1495.38,0.597631679594941,6527.753418
11965,1495.505,0.6749987204613516,6527.616211
11966,1495.63,0.6681703468145488,6527.616211
11967,1495.755,0.6596804211915429,6526.699707
11968,1495.88,0.6443380330286792,6528.669922
11969,1496.005,0.5720810376110198,6527.808594
11970,1496.13,0.5044759900763816,6527.112793
11971,1496.255,0.4355058142469886,6527.364258
11972,1496.38,0.3970373655125667,6527.27832
11973,1496.505,0.3779195700849639,6528.447754
11974,1496.63,0.4546043272879406,6527.472168
11975,1496.755,0.573977377567384,6528.004395
11976,1496.88,0.6635542798994858,6527.917969
11977,1497.005,0.7590658765893791,6527.724609
11978,1497.13,0.8126545687232338,6528.556641
11979,1497.255,0.8005442230621105,6527.279785
11980,1497.38,0.7923514670104581,6528.670898
11981,1497.505,0.7853655871478187,6528.311035
11982,1497.63,0.7893527994172931,6528.419922
11983,1497.755,0.7970137002561243,6528.083496
11984,1497.88,0.8218765810312031,6527.917969
11985,1498.005,0.791552916993286,6526.972168
11986,1498.129,0.7616254970324993,6524.885254
11987,1498.255,0.6893482689020929,6523.668457
11988,1498.38,0.5825342840100086,6522.888184
11989,1498.505,0.5010713233990911,6522.806152
11990,1498.63,0.4455723388626538,6522.42041
11991,1498.755,0.3931198117538049,6521.588867
11992,1498.88,0.4380771006205308,6522.420898
11993,1499.005,0.5023817297854866,6522.199219
11994,1499.13,0.5722885086636975,6522.062012
11995,1499.255,0.6272834331111603,6522.641602
11996,1499.38,0.7412582806050518,6522.699707
11997,1499.504,0.8011419419639351,6523.366699
11998,1499.63,0.8568796141383712,6522.754883
11999,1499.755,0.8805722926958427,6522.363281
12000,1499.88,0.9039879048969167,6523.393555
12001,1500.005,0.9146948459286369,6522.94873
12002,1500.13,0.8995945593758571,6522.640625
12003,1500.255,0.8358749474512951,6522.254883
12004,1500.38,0.8092946426918297,6521.616699
12005,1500.504,0.7379637374878681,6520.644043
12006,1500.63,0.6824908092348881,6521.559082
12007,1500.755,0.6446381765003114,6522.971191
12008,1500.879,0.65995622666897,6520.866211
12009,1501.004,0.6506447002306673,6522.003418
12010,1501.13,0.6784535594502364,6521.140137
12011,1501.254,0.7463680251525538,6522.032715
12012,1501.38,0.784156867778198,6521.562012
12013,1501.505,0.811486484145968,6522.643555
12014,1501.629,0.8257060507917771,6522.42041
12015,1501.755,0.8488150988687813,6521.338867
12016,1501.879,0.8393609236822782,6521.697266
12017,1502.005,0.8426393529071132,6522.418945
12018,1502.13,0.8593702418108937,6522.140625
12019,1502.255,0.905053698523158,6522.806641
12020,1502.38,0.8958415152923362,6522.777832
12021,1502.504,0.882256799325521,6523.308105
12022,1502.63,0.8357329112947327,6521.445801
12023,1502.754,0.7868640988464026,6523.279297
12024,1502.879,0.7415461763391483,6522.722656
12025,1503.005,0.659996663910593,6523.279297
12026,1503.13,0.6194916104312312,6521.805176
12027,1503.254,0.5851711952702852,6522.916016
12028,1503.38,0.5926909818245366,6522.63623
12029,1503.504,0.6081329026319316,6522.916016
12030,1503.629,0.6260900872066065,6520.861816
12031,1503.754,0.6826870695601791,6521.247559
12032,1503.879,0.7445170871365241,6521.166992
12033,1504.004,0.765129813711234,6520.832031
12034,1504.13,0.7843985963489055,6520.88916
12035,1504.254,0.7347146699733161,6520.945801
12036,1504.38,0.6468876414984729,6521.168457
12037,1504.504,0.5371524297478582,6520.916016
12038,1504.629,0.40779473056293664,6521.168457
12039,1504.754,0.33193523224664817,6521.418457
12040,1504.879,0.30472203935060416,6521.196777
12041,1505.005,0.33916569255739937,6521.725586
12042,1505.13,0.40917498044090334,6521.361328
12043,1505.254,0.5177495632693443,6521.083984
12044,1505.38,0.6113517207093465,6520.917969
12045,1505.505,0.6629802120154523,6521.362793
12046,1505.63,0.7231862506699079,6521.583008
12047,1505.754,0.7716615363895035,6522.441406
12048,1505.879,0.7841990651231161,6522.556152
12049,1506.004,0.8199637256246273,6522.078613
12050,1506.129,0.8527116162605256,6521.720215
12051,1506.254,0.8369947494506039,6521.748047
12052,1506.379,0.7913646661311193,6523.274414
12053,1506.504,0.6997111432108187,6523.439941
12054,1506.629,0.5726735611185648,6523.410156
12055,1506.754,0.4366907053547356,6523.187988
12056,1506.879,0.3304289275365311,6523.273926
12057,1507.004,0.3122101167606489,6523.576172
12058,1507.129,0.28967611285097417,6523.216797
12059,1507.254,0.3123019580458139,6522.437012
12060,1507.379,0.3875092508586628,6523.132813
12061,1507.504,0.4489538722965665,6523.245605
12062,1507.629,0.521514544232515,6523.189453
12063,1507.754,0.5453854014939388,6522.465332
12064,1507.879,0.6390994843539018,6523.1875
12065,1508.004,0.6887499506413426,6523.29541
12066,1508.129,0.7253696884404943,6523.79834
12067,1508.254,0.768887377050263,6525.016602
12068,1508.379,0.8248076615046918,6523.905762
12069,1508.504,0.8461342297594752,6524.12793
12070,1508.629,0.9081080451276171,6523.848145
12071,1508.754,0.9592557604463438,6522.737793
12072,1508.879,1.0237873884223232,6523.316895
12073,1509.004,1.1024237051948271,6523.268555
12074,1509.129,1.2129961977282695,6521.684082
12075,1509.255,1.2514030919914354,6520.440918
12076,1509.379,1.3050174008750364,6519.635742
12077,1509.504,1.304714349150862,6520.023438
12078,1509.629,1.282831766919077,6520.024902
12079,1509.754,1.188132735838782,6520.274902
12080,1509.879,1.0571093615110294,6520.659668
12081,1510.004,0.9474714290913083,6520.910156
12082,1510.129,0.857560437951699,6519.830566
12083,1510.254,0.8121735979684318,6520.688965
12084,1510.379,0.8137854262047145,6519.473145
12085,1510.504,0.8430901881526939,6520.358887
12086,1510.629,0.8896943139579635,6520.467773
12087,1510.754,0.9352197148636936,6521.469238
12088,1510.879,0.9764663401971256,6520.803711
12089,1511.004,1.0133703904780762,6521.025879
12090,1511.129,0.9779387484235532,6519.387695
12091,1511.254,1.0054138362828315,6520.137695
12092,1511.379,1.0338473142695381,6520.445313
12093,1511.504,1.0489492395892945,6520.724609
12094,1511.629,1.0808351992718948,6520.222656
12095,1511.754,1.1382248188594595,6519.920898
12096,1511.879,1.1415244434807226,6520.671387
12097,1512.004,1.173323453929457,6520.537109
12098,1512.129,1.1258243150395562,6519.921387
12099,1512.254,1.1383997072961922,6520.341797
12100,1512.379,1.1601221485482467,6519.950195
12101,1512.504,1.1368984735156862,6520.586914
12102,1512.629,1.1126985289048845,6520.894531
12103,1512.754,1.1381022631729458,6519.864258
12104,1512.879,1.1304622644219577,6521.533203
12105,1513.004,1.1210023642916294,6520.450195
12106,1513.129,1.0638428897798484,6520.308594
12107,1513.254,1.10738603852533,6519.836914
12108,1513.379,1.1260662585179684,6520.364258
12109,1513.504,1.2068394652720327,6520.14209
12110,1513.628,1.3018705329180515,6519.671387
12111,1513.754,1.361221965263633,6519.614746
12112,1513.879,1.457009410789087,6518.919922
12113,1514.004,1.4136178879461754,6519.228027
12114,1514.129,1.4298773915931078,6519.614258
12115,1514.254,1.4029611239395825,6519.170898
12116,1514.379,1.4600434839429073,6519.39209
12117,1514.504,1.4769451612234425,6519.11377
12118,1514.629,1.5145650962964659,6519.034668
12119,1514.753,1.5219299852353967,6520.001465
12120,1514.879,1.4879992060734608,6519.056152
12121,1515.003,1.4172621049690828,6519.806641
12122,1515.129,1.3668421447219692,6520.029297
12123,1515.254,1.3172525979965009,6518.920898
12124,1515.379,1.3468978933033364,6519.385254
12125,1515.504,1.3877686705958716,6519.692871
12126,1515.629,1.4159075270004255,6520.16748
12127,1515.754,1.4148290327778044,6519.973145
12128,1515.879,1.4316490024285204,6520.917969
12129,1516.003,1.365851888598699,6520.029297
12130,1516.129,1.3799045601605395,6520.166992
12131,1516.254,1.457197505342901,6520.359863
12132,1516.378,1.507261555743864,6520.860352
12133,1516.504,1.5999215072815955,6521.662598
12134,1516.628,1.7107805536957128,6520.525391
12135,1516.754,1.7356784452517229,6520.303711
12136,1516.878,1.7933354331528772,6521.689941
12137,1517.003,1.6836525958014898,6521.109375
12138,1517.129,1.6193077602884467,6521.527344
12139,1517.253,1.4846437143589561,6521.274902
12140,1517.378,1.4529321475239254,6521.19043
12141,1517.504,1.4049316991739158,6520.803711
12142,1517.629,1.3962819145556271,6521.776367
12143,1517.754,1.4101713565617924,6520.330566
12144,1517.879,1.3786128909171824,6521.110352
12145,1518.003,1.402033235587922,6521.441895
12146,1518.129,1.3655967008437413,6521.526367
12147,1518.253,1.365160553022143,6521.412109
12148,1518.378,1.3735439510454195,6520.745117
12149,1518.504,1.484574876740246,6520.717285
12150,1518.629,1.5546034685596504,6520.439453
12151,1518.753,1.6519731354547427,6521.962891
12152,1518.878,1.6974263790507564,6520.911621
12153,1519.004,1.6966008189583044,6519.500977
12154,1519.128,1.686315144721382,6519.279297
12155,1519.254,1.5878289199613618,6518.64209
12156,1519.378,1.569400461408623,6519.106934
12157,1519.503,1.5247912362280676,6518.278809
12158,1519.629,1.569064773531858,6517.891602
12159,1519.753,1.5805974821513848,6517.147949
12160,1519.879,1.615296205588071,6517.732422
12161,1520.003,1.6238183582519865,6517.705078
12162,1520.128,1.609560277455395,6518.203613
12163,1520.253,1.6222369387816964,6518.342285
12164,1520.378,1.6629592993188504,6518.09082
12165,1520.503,1.7207437995150707,6517.619629
12166,1520.629,1.76943738840582,6517.42627
12167,1520.753,1.850079689412458,6518.425293
12168,1520.878,1.8736475196696707,6517.898438
12169,1521.003,1.8491590108297153,6518.425293
12170,1521.128,1.7763248871517312,6518.20459
12171,1521.253,1.739107872078068,6518.920898
12172,1521.378,1.663734024109305,6518.505371
12173,1521.503,1.648887424960807,6519.285156
12174,1521.628,1.6340073797893246,6519.698242
12175,1521.753,1.694611133943541,6519.420898
12176,1521.878,1.754096936992085,6520.085938
12177,1522.003,1.834190484904532,6518.834961
12178,1522.128,1.9316007158804773,6519.25
12179,1522.253,1.9492655096353433,6519.392578
12180,1522.378,1.9471356099542954,6519.478027
12181,1522.503,1.9020152115907536,6519.670898
12182,1522.628,1.8461294660271577,6519.973145
12183,1522.753,1.7513215234195836,6519.306641
12184,1522.878,1.67388326075084,6520.443848
12185,1523.003,1.6269279119222844,6519.336426
12186,1523.128,1.6123441506137397,6520.644043
12187,1523.253,1.6588538436570235,6519.750488
12188,1523.379,1.676589116384337,6520.309082
12189,1523.503,1.7050938915623395,6521.032227
12190,1523.628,1.708416109491304,6519.644043
12191,1523.753,1.6893557024515478,6520.057617
12192,1523.878,1.653598710009366,6518.949219
12193,1524.003,1.623344804639676,6520.199707
12194,1524.128,1.617189639641964,6519.085449
12195,1524.253,1.62029175527466,6518.585449
12196,1524.378,1.6270749292584037,6518.532227
12197,1524.503,1.6558319730423536,6518.726563
12198,1524.628,1.654393079932472,6518.756836
12199,1524.753,1.6788530657223362,6519.586426
12200,1524.878,1.6944075267939664,6519.808105
12201,1525.003,1.7284847761964774,6518.807129
12202,1525.128,1.793344540527283,6518.277832
12203,1525.253,1.881848549880686,6519.358398
12204,1525.378,1.9528915081301113,6519.38623
12205,1525.503,1.986871790643349,6519.916016
12206,1525.628,1.9823116454224092,6520.07959
12207,1525.753,1.9473588053245772,6519.858887
12208,1525.878,1.9017459413045563,6519.666504
12209,1526.003,1.9053715929986794,6519.444824
12210,1526.128,1.9051566509890205,6519.385254
12211,1526.253,1.95371547302336,6519.774902
12212,1526.378,1.970097508686027,6519.608398
12213,1526.503,1.981464531283004,6519.581055
12214,1526.628,2.0038758837535817,6520.524414
12215,1526.753,1.98760408218671,6520.024414
12216,1526.878,1.9645357054748358,6519.608398
12217,1527.003,2.0209308999240982,6520.051758
12218,1527.128,2.0738407306901663,6519.772949
12219,1527.253,2.1018750367099224,6520.439453
12220,1527.378,2.0956455797978677,6521.355957
12221,1527.503,2.085888373143952,6519.966309
12222,1527.628,1.9622864940105509,6521.412598
12223,1527.753,1.896017558662604,6521.133301
12224,1527.878,1.811291457440819,6519.938477
12225,1528.003,1.6815782570462212,6520.960449
12226,1528.128,1.7157570571203755,6520.467773
12227,1528.253,1.773307808508972,6521.161133
12228,1528.378,1.7795554017493576,6521.906738
12229,1528.503,1.8243213378514147,6520.826172
12230,1528.628,1.8103092590531276,6521.07666
12231,1528.753,1.812378099874615,6521.713379
12232,1528.878,1.8074843461240107,6520.962891
12233,1529.003,1.7528670375772664,6521.628418
12234,1529.128,1.657713790790707,6524.177246
12235,1529.253,1.5929507972035684,6522.930664
12236,1529.378,1.5816747007598606,6523.096191
12237,1529.503,1.4994864963105874,6522.874512
12238,1529.628,1.5150934322657639,6521.851074
12239,1529.753,1.5938558973360069,6521.183594
12240,1529.878,1.5880594154098384,6522.012695
12241,1530.003,1.6300038697861947,6521.791992
12242,1530.128,1.6286817845938055,6521.820313
12243,1530.253,1.5991282881285862,6521.964844
12244,1530.378,1.6555764779237125,6521.520508
12245,1530.503,1.6543474536984366,6521.046875
12246,1530.628,1.74046221513714,6521.549316
12247,1530.753,1.8038817700677419,6520.575684
12248,1530.878,1.8489445599026075,6521.462891
12249,1531.003,1.8703145662552352,6521.491699
12250,1531.128,1.8038382531549109,6522.157715
12251,1531.253,1.746613565257472,6520.825195
12252,1531.378,1.7252834598303728,6519.994141
12253,1531.503,1.6743718256869577,6520.581055
12254,1531.628,1.7513663672043738,6520.496094
12255,1531.753,1.8451140617707564,6520.195313
12256,1531.878,1.9256554774634345,6520.553223
12257,1532.003,1.8667240641159704,6520.358887
12258,1532.128,1.7894464816619018,6518.748535
12259,1532.253,1.6584544834605635,6519.694336
12260,1532.378,1.462850188810541,6519.972168
12261,1532.502,1.3572228393868417,6520.137207
12262,1532.628,1.249243645715443,6520.137695
12263,1532.753,1.1995436569899731,6519.165039
12264,1532.878,1.2482669483334765,6521.104492
12265,1533.003,1.2532837481568182,6519.996094
12266,1533.128,1.2472343480311647,6520.437988
12267,1533.252,1.2901555815647774,6519.943848
12268,1533.377,1.280042674164511,6520.051758
12269,1533.502,1.3081869145142675,6519.72168
12270,1533.628,1.368141041940879,6520.30127
12271,1533.753,1.4406386150825388,6520.359863
12272,1533.878,1.5199870011764616,6519.859863
12273,1534.003,1.6579925014931838,6519.38623
12274,1534.128,1.747159945229495,6519.444824
12275,1534.253,1.8129404306085173,6517.970703
12276,1534.378,1.8019917223601227,6517.391602
12277,1534.502,1.7898328020141296,6518.692383
12278,1534.627,1.693748498185365,6519.000488
12279,1534.753,1.6534117876440264,6517.391602
12280,1534.877,1.6330629059472492,6518.413574
12281,1535.002,1.6242929383511888,6518.306641
12282,1535.128,1.6639412986666533,6517.362793
12283,1535.253,1.6263215983749209,6518.471191
12284,1535.378,1.6330763228859961,6519.027832
12285,1535.502,1.5645409566043924,6518.663086
12286,1535.627,1.4106953573323886,6518.913574
12287,1535.754,1.247510686647585,6518.249023
12288,1535.877,1.0572471340141207,6518.026855
12289,1536.003,0.926335688644841,6518.719727
12290,1536.128,0.8990244115953434,6519.07959
12291,1536.253,0.922468625973129,6519.464844
12292,1536.378,0.988475586279897,6518.442871
12293,1536.503,1.021398351716215,6518.440918
12294,1536.627,0.9394393429977259,6517.913574
12295,1536.753,0.8339380353934926,6518.692383
12296,1536.878,0.7427815755244295,6518.886719
12297,1537.003,0.7753179518850097,6518.440918
12298,1537.128,0.9248672401858996,6519.108398
12299,1537.252,1.1450465985664782,6518.498047
12300,1537.377,1.392092179257556,6518.414063
12301,1537.502,1.5618151291519422,6518.943848
12302,1537.628,1.6355550105928207,6519.464355
12303,1537.752,1.569174703793292,6518.440918
12304,1537.877,1.4996343215397496,6518.771973
12305,1538.003,1.398455970379077,6519.243652
12306,1538.127,1.3855426512223836,6519.55127
12307,1538.252,1.4391512386030418,6519.686035
12308,1538.378,1.5775830210493138,6519.408691
12309,1538.503,1.6698043731281302,6520.130859
12310,1538.628,1.80537522321272,6519.909668
12311,1538.752,1.8604344944705846,6521.347656
12312,1538.877,1.920076344480606,6520.489258
12313,1539.002,1.90132223559023,6520.682129
12314,1539.127,1.8431621193491257,6520.404297
12315,1539.252,1.8495542926077313,6519.350586
12316,1539.377,1.8609482576235201,6518.049316
12317,1539.502,1.9054323865078184,6516.306152
12318,1539.627,1.9556771537740438,6516.140625
12319,1539.752,1.9614056516178808,6517.362305
12320,1539.877,1.9155089282541153,6517.612793
12321,1540.002,1.7810119199220356,6517.865234
12322,1540.128,1.6520837547274208,6517.247559
12323,1540.252,1.5877933773912711,6517.942871
12324,1540.377,1.6113085373376643,6516.92041
12325,1540.502,1.7544868547902521,6517.112793
12326,1540.627,1.9928136472067888,6517.662109
12327,1540.752,2.262840795320132,6517.969727
12328,1540.877,2.533713308890386,6517.526855
12329,1541.002,2.7905931369710486,6518.192871
12330,1541.127,2.8952513477853006,6517.333496
12331,1541.252,2.956199838876664,6517.914551
12332,1541.377,2.9484787749040913,6517.664551
12333,1541.502,2.8460683876795616,6518.82959
12334,1541.627,2.7207675839864116,6518.385254
12335,1541.752,2.598015491893851,6518.993164
12336,1541.878,2.5121430436598255,6519.07959
12337,1542.002,2.4193309166367554,6519.937988
12338,1542.127,2.3697289952435847,6519.494629
12339,1542.252,2.4288159894034873,6519.55127
12340,1542.377,2.572619637500643,6519.494141
12341,1542.502,2.7067303601891295,6518.88623
12342,1542.627,2.8931733996207427,6518.219238
12343,1542.752,2.954967661363101,6518.771973
12344,1542.877,3.019305239347162,6517.469727
12345,1543.002,2.9465581688572895,6517.305664
12346,1543.127,2.877788405910583,6517.026855
12347,1543.252,2.756698416968889,6517.027344
12348,1543.377,2.66916877534145,6517.083984
12349,1543.502,2.5234486796888382,6518.106934
12350,1543.627,2.4288658554515776,6517.305664
12351,1543.752,2.3868017286735856,6517.249512
12352,1543.877,2.312528770034995,6516.555176
12353,1544.002,2.3580559975907276,6518.02832
12354,1544.127,2.38251660246819,6517.77832
12355,1544.252,2.3780139357161914,6516.891602
12356,1544.377,2.390756287268264,6516.641602
12357,1544.502,2.3422420070660723,6516.498535
12358,1544.627,2.3553682643128533,6517.277832
12359,1544.751,2.323397498186433,6517.02832
12360,1544.877,2.3144720135439725,6516.306152
12361,1545.002,2.3460298147171237,6516.306152
12362,1545.127,2.4257864102134343,6516.77832
12363,1545.252,2.5175903397801656,6517.027344
12364,1545.377,2.5600984847619737,6516.640137
12365,1545.502,2.5083491079718727,6517.135254
12366,1545.627,2.4901943294716733,6516.441895
12367,1545.752,2.4608134213301462,6516.856445
12368,1545.877,2.4200184402524347,6516.913086
12369,1546.002,2.4940535062733002,6516.941406
12370,1546.127,2.5285946509453305,6517.662109
12371,1546.252,2.588469219377875,6518.214355
12372,1546.377,2.5885901097239086,6518.02002
12373,1546.502,2.5325635869524294,6515.970703
12374,1546.626,2.4642763215888452,6516.856445
12375,1546.752,2.33165007859361,6517.720215
12376,1546.877,2.2276798529715003,6517.248535
12377,1547.002,2.2223852964254873,6516.054688
12378,1547.127,2.272959465218427,6516.721191
12379,1547.252,2.424413497733449,6516.827637
12380,1547.377,2.5764753317807942,6517.19043
12381,1547.502,2.7967022529822145,6516.356445
12382,1547.627,2.9538841851927304,6516.548828
12383,1547.752,3.0517568674581517,6517.049805
12384,1547.877,3.0802993334504856,6517.436035
12385,1548.002,3.035085226141219,6519.265137
12386,1548.127,3.0274536080464425,6518.765137
12387,1548.252,2.9297376933512336,6518.686035
12388,1548.377,2.976151263633743,6518.350586
12389,1548.502,2.98167317084324,6517.993164
12390,1548.627,2.9233512977132836,6518.349609
12391,1548.751,2.793752953215668,6519.796875
12392,1548.877,2.6853383811939704,6519.344238
12393,1549.002,2.5410277962860293,6519.123535
12394,1549.127,2.3997440391837097,6517.934082
12395,1549.252,2.3287222525394062,6515.690918
12396,1549.377,2.2953937929627033,6515.805664
12397,1549.501,2.325341180635707,6516.055176
12398,1549.626,2.321990337595055,6515.863281
12399,1549.751,2.367617211085411,6516.392578
12400,1549.877,2.424040748585043,6517.192871
12401,1550.001,2.4264671018311823,6516.690918
12402,1550.127,2.430546316131496,6517.633301
12403,1550.252,2.4551225961625525,6517.083984
12404,1550.377,2.4538817500253676,6517.277832
12405,1550.501,2.4459738305295518,6517.526855
12406,1550.627,2.44515207229716,6517.307617
12407,1550.752,2.4528778225045214,6516.833984
12408,1550.877,2.50828439338013,6516.555176
12409,1551.001,2.529162379689682,6517.220215
12410,1551.126,2.601462448846957,6516.749512
12411,1551.252,2.680336408935619,6516.71875
12412,1551.376,2.711173168276684,6517.221191
12413,1551.502,2.7593561706913246,6517.749512
12414,1551.627,2.731229927096905,6517.884277
12415,1551.751,2.771533915071953,6517.498047
12416,1551.877,2.799007792424474,6517.693359
12417,1552.002,2.8739965014560687,6517.777344
12418,1552.127,2.9049101123150107,6516.775879
12419,1552.251,2.8704789464561675,6518.80127
12420,1552.376,2.8327228499904535,6517.969727
12421,1552.501,2.7568868597914173,6518.356445
12422,1552.627,2.678281653082659,6518.271484
12423,1552.751,2.6293012611610216,6517.991211
12424,1552.876,2.5995992467340705,6517.827637
12425,1553.001,2.599926634655197,6517.635254
12426,1553.126,2.607743492375985,6518.186523
12427,1553.251,2.553852979106697,6518.05127
12428,1553.376,2.4976713793319414,6517.548828
12429,1553.501,2.4644919746527036,6517.27002
12430,1553.626,2.4212151574147054,6517.685547
12431,1553.752,2.4984668641813483,6517.435059
12432,1553.876,2.5208499574315404,6517.577148
12433,1554.001,2.599025091861232,6516.798828
12434,1554.126,2.657138908440177,6517.435059
12435,1554.252,2.704680792747523,6516.800293
12436,1554.376,2.6858972183136927,6516.384277
12437,1554.502,2.6709767151652843,6516.492676
12438,1554.626,2.6649862179773622,6516.547852
12439,1554.751,2.6556207489635373,6515.856934
12440,1554.876,2.6538136892175026,6515.525391
12441,1555.002,2.7067715173167,6516.104004
12442,1555.127,2.7725625684803985,6515.855469
12443,1555.251,2.8091413689189717,6516.107422
12444,1555.377,2.8176241582767454,6515.94043
12445,1555.501,2.833561344795012,6515.911621
12446,1555.627,2.784391230371903,6515.827637
12447,1555.751,2.7068246306501726,6516.606445
12448,1555.876,2.679371030683249,6516.464844
12449,1556.001,2.660250149681103,6515.941406
12450,1556.126,2.6618738302137905,6516.105469
12451,1556.252,2.700435733651732,6515.827148
12452,1556.376,2.7459312480316123,6515.633789
12453,1556.501,2.7495753459055763,6516.54834
12454,1556.626,2.7515125053568394,6515.991211
12455,1556.751,2.73971321477847,6515.604492
12456,1556.876,2.687337924489822,6516.125977
12457,1557.001,2.6851736836550275,6515.52002
12458,1557.126,2.6966516340712423,6516.213379
12459,1557.251,2.7029782421058948,6517.070313
12460,1557.376,2.7124274312543646,6516.212891
12461,1557.501,2.7018094718395784,6516.347656
12462,1557.626,2.6689944818430185,6517.541504
12463,1557.751,2.6399888074058384,6517.320801
12464,1557.876,2.6433962959670008,6516.598145
12465,1558.001,2.643448434558422,6516.377441
12466,1558.126,2.630574285024026,6516.964844
12467,1558.251,2.601803767136633,6516.570801
12468,1558.376,2.5017376194946768,6516.37793
12469,1558.501,2.3868699424382465,6517.620117
12470,1558.626,2.306134638224403,6517.119629
12471,1558.751,2.272060905671972,6518.535645
12472,1558.876,2.318689456451536,6518.341309
12473,1559.001,2.424980089554963,6516.897949
12474,1559.126,2.552056519863808,6512.303711
12475,1559.251,2.6578514892839125,6512.689941
12476,1559.376,2.7126113779279137,6512.805176
12477,1559.501,2.744450273381003,6512.86084
12478,1559.626,2.7605306958628026,6512.196777
12479,1559.751,2.7600610761048845,6512.225586
12480,1559.876,2.807452688820641,6512.640137
12481,1560.001,2.8812109588090267,6511.313965
12482,1560.126,2.9580832349702555,6511.098633
12483,1560.251,3.0418795834645014,6511.234375
12484,1560.376,3.0615645972773327,6511.484863
12485,1560.501,3.0727396276457934,6511.205566
12486,1560.626,3.022412818202202,6511.426758
12487,1560.751,2.959734984002123,6511.676758
12488,1560.876,2.932843583076169,6511.070313
12489,1561.001,2.86897926902832,6510.435059
12490,1561.126,2.8643972874730164,6510.186035
12491,1561.251,2.8836667646824994,6509.35791
12492,1561.376,2.9234805830090917,6510.327637
12493,1561.501,2.9285426840519726,6509.88623
12494,1561.626,2.8958889784103303,6510.685059
12495,1561.751,2.855108124109921,6510.877441
12496,1561.877,2.84572863827665,6510.184082
12497,1562.001,2.8022982263923435,6510.435059
12498,1562.126,2.8185192562984525,6510.77002
12499,1562.251,2.8364789172366365,6510.877441
12500,1562.376,2.825851501659539,6511.677246
12501,1562.501,2.81336292424754,6510.320313
12502,1562.626,2.796877031516157,6512.647461
12503,1562.751,2.724168311143907,6511.291504
12504,1562.876,2.6994548851234943,6512.782715
12505,1563.001,2.694160300331679,6511.291504
12506,1563.126,2.685966131128685,6511.927246
12507,1563.251,2.651629158149295,6511.67627
12508,1563.375,2.5859525902465093,6512.176758
12509,1563.501,2.4746633412664463,6511.177246
12510,1563.625,2.373610111005942,6512.371094
12511,1563.751,2.2708584029316743,6511.099121
12512,1563.876,2.1909412084641327,6512.563477
12513,1564.001,2.1952904980502965,6512.207031
12514,1564.126,2.2736069541738977,6512.148926
12515,1564.251,2.3663569530443005,6511.319824
12516,1564.376,2.4640613951524215,6512.53418
12517,1564.501,2.513799935075443,6512.118652
12518,1564.626,2.537929653826503,6512.119141
12519,1564.751,2.5401028104367867,6512.647949
12520,1564.876,2.512121494226421,6512.53418
12521,1565.001,2.4396346413944614,6512.802734
12522,1565.126,2.4153153644596297,6510.570313
12523,1565.251,2.363866444030658,6511.782715
12524,1565.376,2.33766495254591,6511.456055
12525,1565.5,2.301378236917338,6510.813965
12526,1565.626,2.293970643870873,6511.455566
12527,1565.751,2.355141400995352,6511.504395
12528,1565.876,2.33668961513662,6512.475586
12529,1566.001,2.3240619095549406,6512.174316
12530,1566.126,2.2611185609029585,6512.975586
12531,1566.251,2.189198878487953,6511.342773
12532,1566.376,2.137349513055738,6510.956543
12533,1566.5,2.1189228372901514,6510.735352
12534,1566.625,2.1563461872153864,6510.512695
12535,1566.751,2.226613736001806,6510.648438
12536,1566.875,2.299613943920522,6510.736328
12537,1567.001,2.3205150691400953,6510.54248
12538,1567.126,2.3671734196386085,6511.283203
12539,1567.25,2.3853839641820707,6511.256348
12540,1567.376,2.4275373279229036,6511.812012
12541,1567.501,2.469695216257191,6511.53418
12542,1567.626,2.520829287787555,6512.062988
12543,1567.751,2.541030449895353,6511.17041
12544,1567.875,2.5491731888249496,6512.13916
12545,1568.001,2.5225200264156777,6511.863281
12546,1568.126,2.489203313541825,6511.227539
12547,1568.25,2.488286616147545,6512.862793
12548,1568.376,2.522769333955085,6511.53418
12549,1568.501,2.5528932066229784,6512.496582
12550,1568.625,2.5777397392912627,6511.69873
12551,1568.75,2.6110505310094605,6511.69873
12552,1568.875,2.6271882271048046,6510.919922
12553,1569.001,2.664310272773929,6511.890625
12554,1569.126,2.7228848247012527,6511.391602
12555,1569.25,2.7821804309150324,6512.690918
12556,1569.376,2.867655870094829,6512.333984
12557,1569.501,2.946869312350763,6512.632324
12558,1569.625,2.9752933245856847,6513.710449
12559,1569.75,2.969225427323636,6512.911133
12560,1569.876,2.957317371598497,6512.769531
12561,1570.0,2.8893692979140897,6511.277344
12562,1570.125,2.9273404100120053,6512.161133
12563,1570.25,2.9583638796924547,6511.498535
12564,1570.375,3.0151275212786355,6510.919922
12565,1570.5,3.0618764499950393,6510.69873
12566,1570.625,3.112377684889458,6510.3125
12567,1570.75,3.128709412391822,6510.091797
12568,1570.875,3.117393871002359,6508.124512
12569,1571.0,3.114046854170116,6508.708496
12570,1571.125,3.1281323343977876,6507.631836
12571,1571.25,3.154548503034318,6507.631836
12572,1571.375,3.168435266433446,6507.439453
12573,1571.501,3.1571784574569572,6507.938965
12574,1571.625,3.1271366605237136,6507.804199
12575,1571.75,3.0912595700109793,6506.698242
12576,1571.875,2.999885157284537,6505.814941
12577,1572.0,3.0382390330268345,6506.728027
12578,1572.126,3.061930250888613,6506.670898
12579,1572.25,3.103887353010113,6506.756836
12580,1572.375,3.1352585905796047,6507.035156
12581,1572.5,3.129173185266195,6506.948242
12582,1572.625,3.1697808581559133,6507.006348
12583,1572.75,3.202120526051507,6507.417969
12584,1572.875,3.1658949504951917,6506.863281
12585,1573.0,3.130147312546124,6507.197754
12586,1573.125,3.1693864501346667,6507.697266
12587,1573.25,3.1848640268753434,6507.197754
12588,1573.375,3.203157676224534,6507.554688
12589,1573.5,3.1788065811977195,6507.49707
12590,1573.625,3.087773186463434,6507.803711
12591,1573.75,2.9478943183299022,6507.305176
12592,1573.875,2.7810519306689963,6507.860352
12593,1574.0,2.621467751113441,6507.631836
12594,1574.125,2.5572552519670473,6508.466309
12595,1574.25,2.630691969884664,6507.688965
12596,1574.375,2.8836563486221096,6507.631348
12597,1574.5,3.0714885432734684,6508.9375
12598,1574.625,3.279952554311547,6508.188965
12599,1574.75,3.3881718485949297,6508.074219
12600,1574.875,3.319441380557772,6509.100586
12601,1575.0,3.1935125143823933,6508.187988
12602,1575.125,3.029322347897051,6507.910156
12603,1575.25,2.896590358278501,6509.628906
12604,1575.375,2.8884503964725017,6507.524902
12605,1575.5,2.8657285605236145,6508.410156
12606,1575.625,2.9417799176853014,6508.325195
12607,1575.75,3.0241197035618588,6507.688477
12608,1575.875,3.0961235124789894,6507.910156
12609,1576.0,3.0878288828654155,6507.189453
12610,1576.125,3.121873432608817,6508.074707
12611,1576.25,3.1625582321650985,6506.606445
12612,1576.375,3.134652946695214,6507.212891
12613,1576.5,3.073009347689251,6506.884277
12614,1576.625,3.0401551742245956,6507.134277
12615,1576.75,2.9725472343284065,6507.796387
12616,1576.875,2.8157457620621877,6507.854004
12617,1577.0,2.755993643458821,6506.856445
12618,1577.125,2.728862732505153,6506.884766
12619,1577.25,2.7406444933013026,6507.133301
12620,1577.375,2.833872250585435,6508.209473
12621,1577.5,2.8951058105541305,6506.633789
12622,1577.625,2.94526009955379,6507.817871
12623,1577.75,2.895568199245969,6506.413086
12624,1577.875,2.7742238775231707,6506.555664
12625,1578.0,2.7190305687868705,6507.411133
12626,1578.125,2.6900338195060054,6507.631836
12627,1578.25,2.6669024588546923,6507.35498
12628,1578.375,2.765159596862134,6507.931152
12629,1578.5,2.8550569047407537,6506.663086
12630,1578.625,2.8982721009246815,6507.325684
12631,1578.749,2.8575913559351314,6508.209473
12632,1578.875,2.805707372688335,6507.796387
12633,1579.0,2.6787965880282685,6506.415039
12634,1579.125,2.5584633884353263,6506.135742
12635,1579.25,2.4845264337010255,6508.323242
12636,1579.375,2.499906247207066,6507.32666
12637,1579.5,2.5678775936917884,6507.710938
12638,1579.624,2.6391094528879697,6507.988281
12639,1579.75,2.791367806590079,6507.710449
12640,1579.875,2.943623022800099,6508.81543
12641,1579.999,3.0554785579462203,6508.345703
12642,1580.125,3.1270720054531824,6508.787109
12643,1580.249,3.136260216449017,6509.557617
12644,1580.375,3.1083553384057336,6509.728027
12645,1580.5,3.0317856119454385,6509.442383
12646,1580.625,2.7469431468032055,6509.499512
12647,1580.75,2.445323264615519,6510.190918
12648,1580.875,2.0942820569513403,6510.691406
12649,1580.999,1.738452951772275,6510.249512
12650,1581.125,1.52675490982848,6508.010742
12651,1581.25,1.379168760840464,6508.786621
12652,1581.374,1.4466962069272316,6507.152832
12653,1581.5,1.467765671108078,6506.884277
12654,1581.624,1.6745135666781614,6508.488281
12655,1581.75,1.7507975252248187,6507.430664
12656,1581.875,1.8852078393766851,6506.106445
12657,1582.0,1.916818134095107,6507.189941
12658,1582.125,1.837950163532608,6507.275879
12659,1582.251,1.7495798594500536,6506.663574
12660,1582.374,1.617808028416118,6506.777832
12661,1582.5,1.5359560249229252,6508.01709
12662,1582.625,1.5145859138232165,6508.075684
12663,1582.75,1.703475902826846,6507.354492
12664,1582.875,1.9618012396321272,6508.130371
12665,1582.999,2.3322426570562698,6507.795898
12666,1583.124,2.66186423545357,6508.01709
12667,1583.25,2.9877472695550664,6508.046387
12668,1583.374,3.161717062769693,6508.01709
12669,1583.499,3.2336516076885626,6507.603516
12670,1583.625,3.189848308052074,6507.961914
12671,1583.749,3.119525522577863,6508.958008
12672,1583.874,3.063435663088603,6508.709473
12673,1584.0,2.9921735142622543,6509.015625
12674,1584.125,2.9025123710922864,6508.104004
12675,1584.25,2.9139461195641045,6508.871582
12676,1584.374,2.8527051897266906,6509.679199
12677,1584.5,2.805957596847448,6509.149902
12678,1584.624,2.7348856844398792,6509.486328
12679,1584.749,2.7624371008369835,6510.149414
12680,1584.875,2.8324990284147047,6510.5625
12681,1585.0,2.922975342647973,6510.784668
12682,1585.124,2.926994695683424,6511.005859
12683,1585.249,2.967264540216866,6510.754883
12684,1585.374,2.88320073101039,6510.562988
12685,1585.499,2.735356486256699,6510.94873
12686,1585.625,2.5116806092437782,6510.755859
12687,1585.749,2.215536326978154,6510.784668
12688,1585.874,2.095653062694247,6510.784668
12689,1585.999,1.9715690384083544,6511.419922
12690,1586.124,1.8915518653389864,6511.390625
12691,1586.249,1.9969070460317442,6510.919434
12692,1586.374,1.9641311325324398,6510.476563
12693,1586.5,2.0276931265236575,6510.919434
12694,1586.624,2.015984354725415,6510.42041
12695,1586.749,2.0832992846127056,6509.123535
12696,1586.874,2.0170246240731955,6509.506836
12697,1586.999,1.966885289919754,6509.342285
12698,1587.124,1.9972906646117672,6509.813477
12699,1587.249,2.059732575402382,6509.949707
12700,1587.374,2.0064824030089676,6510.228027
12701,1587.499,2.0714338980901488,6510.006348
12702,1587.624,2.0708560450261766,6510.756348
12703,1587.749,2.0818977900258426,6509.813477
12704,1587.874,2.147926978128801,6510.419922
12705,1588.0,2.149752639894712,6509.786621
12706,1588.124,2.0492550124224387,6510.447754
12707,1588.249,2.068570881015206,6510.227051
12708,1588.374,2.0707624462908925,6510.477539
12709,1588.499,2.0265314213952705,6510.727539
12710,1588.624,2.002549254623449,6510.141602
12711,1588.749,2.0826327447074626,6510.220703
12712,1588.874,2.1573838319953507,6511.414063
12713,1588.999,2.2129959813233926,6511.411621
12714,1589.124,2.251188536811457,6510.306152
12715,1589.249,2.2843490418794548,6510.970215
12716,1589.374,2.3061059729378277,6510.691895
12717,1589.499,2.3732950143445963,6510.556641
12718,1589.624,2.3569189621603925,6510.306641
12719,1589.749,2.348420494731749,6509.393066
12720,1589.874,2.3060065932464973,6510.084473
12721,1589.999,2.3410361263014106,6509.728027
12722,1590.124,2.301161256413622,6510.084473
12723,1590.249,2.4096224947824902,6510.527344
12724,1590.375,2.4748249244232463,6509.891113
12725,1590.499,2.620413348833104,6511.027832
12726,1590.624,2.6044291244421873,6510.747559
12727,1590.749,2.591402914603824,6510.71875
12728,1590.874,2.5163890607594004,6511.219727
12729,1590.999,2.489034154665687,6511.19043
12730,1591.124,2.6162654986825182,6511.519531
12731,1591.249,2.6229661544594896,6512.624023
12732,1591.374,2.615467565283071,6512.538574
12733,1591.499,2.4020220236838505,6511.539551
12734,1591.624,2.1880147118167455,6512.453613
12735,1591.749,1.6998976604563378,6512.040527
12736,1591.874,1.1393072778452318,6512.068359
12737,1591.999,0.6962800544955644,6512.567871
12738,1592.124,0.2542797364143299,6511.133789
12739,1592.249,-0.11718968687844476,6510.827148
12740,1592.374,-0.182736797121694,6511.548828
12741,1592.499,-0.18647744379955336,6510.664063
12742,1592.624,-0.015607412909001373,6512.740723
12743,1592.749,0.104113779671758,6512.297852
12744,1592.874,0.21126323417795753,6513.539063
12745,1592.999,0.18306676727575918,6513.039063
12746,1593.125,0.20780362178685702,6512.546387
12747,1593.249,0.3523211067937606,6512.191406
12748,1593.374,0.24046369139524618,6512.074707
12749,1593.499,0.3800222131607227,6512.327148
12750,1593.624,0.4530417637907365,6512.883789
12751,1593.749,0.5129774589069465,6512.517578
12752,1593.874,0.5100039454071299,6512.855469
12753,1593.999,0.590448886323388,6512.23877
12754,1594.123,0.602055557021532,6513.816895
12755,1594.249,0.6554902908571639,6514.125488
12756,1594.374,0.7003302000524898,6513.211426
12757,1594.499,0.692386913632172,6512.967773
12758,1594.624,0.7658776863872289,6512.71875
12759,1594.749,0.7838536716355837,6511.967285
12760,1594.874,0.7321897058441932,6512.026367
12761,1594.998,0.8542655471107707,6512.881836
12762,1595.123,0.9924657407508682,6511.747559
12763,1595.249,1.0266486882765498,6511.998535
12764,1595.374,1.1417024052419078,6513.075195
12765,1595.499,1.1793437984216883,6513.352539
12766,1595.624,1.1547818694722234,6511.583496
12767,1595.748,1.266868741687322,6511.419434
12768,1595.874,1.2260145930834916,6512.362793
12769,1595.999,1.1729594814502724,6512.362793
12770,1596.124,1.2322047918186103,6512.305176
12771,1596.249,1.2229596675982048,6511.833008
12772,1596.374,1.1776134852740472,6511.805664
12773,1596.498,1.1974623578776542,6512.439941
12774,1596.624,1.1870350274152421,6510.562988
12775,1596.749,1.3385347073838472,6511.919922
12776,1596.873,1.3986875522772517,6511.091309
12777,1596.999,1.3930036051272807,6511.19873
12778,1597.123,1.5454050444124037,6511.669434
12779,1597.248,1.585530877877916,6512.006348
12780,1597.374,1.6177182617940782,6511.419922
12781,1597.499,1.634973848308543,6511.477539
12782,1597.624,1.6312823780289005,6511.669434
12783,1597.748,1.581169933501095,6511.284668
12784,1597.874,1.7140695709227172,6511.169434
12785,1597.998,1.6500421715933347,6511.447754
12786,1598.123,1.6316376498122553,6511.390625
12787,1598.249,1.7045982118629592,6511.861328
12788,1598.374,1.602649192697279,6512.439941
12789,1598.498,1.586570457154916,6512.525391
12790,1598.624,1.391756433820515,6511.833984
12791,1598.749,1.3658436705428525,6511.335449
12792,1598.873,1.2995478942448835,6512.882324
12793,1598.999,1.4026166240055469,6511.661621
12794,1599.123,1.4475419757411105,6511.776367
12795,1599.248,1.508998023155094,6512.881836
12796,1599.373,1.573068534689259,6511.661621
12797,1599.498,1.6766655767025669,6511.720703
12798,1599.623,1.6555869718819871,6511.806152
12799,1599.748,1.614901977791654,6512.219727
12800,1599.873,1.6145733157904643,6511.526855
12801,1599.999,1.5755749632907559,6511.71875
12802,1600.124,1.61253102468219,6511.968262
12803,1600.248,1.4414679274131525,6512.60498
12804,1600.373,1.5002488021126545,6511.69043
12805,1600.499,1.571342156968707,6511.384766
12806,1600.624,1.5538868782873505,6512.624023
12807,1600.748,1.6280653125245512,6509.999023
12808,1600.873,1.7006863094528566,6509.393066
12809,1600.998,1.8320020484074309,6509.562988
12810,1601.123,1.8390967056166543,6509.89209
12811,1601.248,1.9060264154202216,6509.813477
12812,1601.373,1.8528005026896406,6510.092285
12813,1601.498,1.9073726470392587,6509.871094
12814,1601.623,2.014843312592704,6510.8125
12815,1601.748,1.9458775762592209,6509.871094
12816,1601.873,1.9827902634577488,6508.738281
12817,1601.998,1.85555833539588,6509.679199
12818,1602.123,1.8640387842169934,6510.341797
12819,1602.248,1.8432062418487254,6510.563965
12820,1602.373,1.674730528447391,6510.591797
12821,1602.499,1.6533093363351303,6510.341797
12822,1602.623,1.5595028986841208,6509.650391
12823,1602.748,1.522771033859217,6509.45752
12824,1602.873,1.4643179028040938,6509.072266
12825,1602.998,1.4316492976298172,6508.679688
12826,1603.123,1.5718889105686107,6508.79541
12827,1603.248,1.521751359981509,6509.400391
12828,1603.374,1.6172799677962253,6509.265137
12829,1603.498,1.4746225949228493,6508.958984
12830,1603.623,1.5886214440901458,6508.486816
12831,1603.748,1.5118048559949215,6508.238281
12832,1603.873,1.520280206812889,6508.486328
12833,1603.999,1.4793242900683357,6508.487305
12834,1604.123,1.3842353432148962,6508.459473
12835,1604.248,1.338233309560305,6508.986816
12836,1604.373,1.4671586034315305,6508.018555
12837,1604.498,1.4265348937051292,6507.575684
12838,1604.623,1.4970221634443943,6505.643066
12839,1604.748,1.537774015068226,6506.470215
12840,1604.873,1.634001793590952,6506.221191
12841,1604.998,1.6011012750462852,6507.605469
12842,1605.123,1.6460086410739054,6506.770996
12843,1605.248,1.6421664125233417,6505.807617
12844,1605.373,1.7532260456567244,6505.693848
12845,1605.498,1.850001219495121,6505.886719
12846,1605.623,1.7032165631691418,6505.559082
12847,1605.748,1.7464646343889634,6505.693359
12848,1605.873,1.5467056129183159,6505.116211
12849,1605.998,1.587454567872373,6505.750977
12850,1606.123,1.5865804241892307,6505.835938
12851,1606.248,1.6921868773656792,6505.557617
12852,1606.373,1.7542255780866163,6505.780273
12853,1606.498,2.00595635574606,6505.086914
12854,1606.623,2.3987191116594206,6505.529297
12855,1606.748,2.52367263531447,6505.75
12856,1606.873,2.533501212839831,6505.97168
12857,1606.998,2.3618917144918785,6504.953125
12858,1607.123,1.8170394858291914,6505.672363
12859,1607.248,0.8577945057072192,6504.20459
12860,1607.373,-0.11011096830512,6504.51123
12861,1607.498,-1.234864916366468,6504.453613
12862,1607.623,-2.0700075736706403,6503.187988
12863,1607.748,-2.8042597348345484,6503.571777
12864,1607.873,-3.031803651291271,6504.040527
12865,1607.998,-3.1124689363373497,6503.292969
12866,1608.123,-2.710674561383671,6504.424805
12867,1608.248,-2.635363786563944,6504.51123
12868,1608.373,-2.5030465865752807,6504.340332
12869,1608.498,-2.2667733091266187,6504.512207
12870,1608.623,-2.370424253337469,6504.702637
12871,1608.748,-2.282872104298195,6503.849609
12872,1608.873,-2.1752762295193055,6504.289551
12873,1608.999,-2.0506696457050153,6504.481934
12874,1609.123,-1.925480025550794,6504.319336
12875,1609.248,-1.997658622768843,6504.568359
12876,1609.373,-1.8347299266442583,6504.262695
12877,1609.498,-2.0901247987192306,6504.48291
12878,1609.623,-1.9982889604403604,6505.366211
12879,1609.748,-1.7693904036438775,6504.176758
12880,1609.873,-1.8895480083864835,6505.338379
12881,1609.998,-1.8312569102181044,6506.078125
12882,1610.123,-1.8938266288684873,6504.753418
12883,1610.248,-1.9824289371711883,6502.794434
12884,1610.373,-1.8152882320885766,6502.275879
12885,1610.498,-1.801770702355711,6502.774414
12886,1610.623,-1.840835408099713,6502.112305
12887,1610.748,-1.8693900218594726,6503.601074
12888,1610.873,-2.118974388389198,6503.321289
12889,1610.998,-2.2444548232103974,6503.101074
12890,1611.123,-2.2703870809279465,6503.292969
12891,1611.248,-2.4898667546281654,6503.98291
12892,1611.372,-2.4700380157443784,6504.174805
12893,1611.498,-2.166144959882464,6504.867188
12894,1611.622,-2.0714793238062352,6504.51123
12895,1611.748,-2.06026403524595,6504.424805
12896,1611.873,-1.970798384025576,6503.158691
12897,1611.997,-1.951481297306596,6504.127441
12898,1612.123,-1.9833711541048022,6504.125977
12899,1612.248,-2.1097651618408,6504.567383
12900,1612.372,-2.013740065933452,6504.26123
12901,1612.498,-2.2557888899925547,6504.34668
12902,1612.622,-2.138397832573766,6505.038574
12903,1612.748,-2.1521959499088097,6504.318359
12904,1612.873,-2.219531418703656,6505.779785
12905,1612.997,-2.3525363823908436,6504.789063
12906,1613.123,-2.308840035814224,6504.924805
12907,1613.248,-2.3746766733271767,6505.037598
12908,1613.373,-2.424476842430663,6506.364258
12909,1613.498,-2.373758628371709,6505.173828
12910,1613.623,-2.237688643631196,6504.953125
12911,1613.747,-2.2031339547258457,6505.561035
12912,1613.873,-2.19443456231108,6506.52832
12913,1613.998,-2.192363662362537,6505.530273
12914,1614.123,-2.1463450432778752,6505.864746
12915,1614.248,-2.0743444069355252,6506.719238
12916,1614.372,-2.1312306986943583,6506.720215
12917,1614.498,-2.17614855117688,6505.643555
12918,1614.623,-2.2465257791036994,6507.21875
12919,1614.747,-2.1917894434144105,6506.691895
12920,1614.873,-2.2858979899525504,6506.96875
12921,1614.998,-2.1558857580368427,6507.21875
12922,1615.122,-2.2640716423349456,6506.222656
12923,1615.247,-2.0453974418793086,6505.616211
12924,1615.372,-2.031912707722713,6504.704102
12925,1615.497,-1.9619088411301058,6505.694336
12926,1615.623,-1.9619465361936852,6505.999512
12927,1615.747,-1.9965113304398479,6505.644531
12928,1615.873,-2.0712485959645703,6506.143066
12929,1615.998,-2.154126289427429,6505.865723
12930,1616.123,-2.2176943126899538,6505.779785
12931,1616.248,-2.301724057349754,6506.747559
12932,1616.372,-2.3579196249118115,6506.057129
12933,1616.497,-2.3366527496457716,6505.865234
12934,1616.622,-2.3332849391227826,6505.615234
12935,1616.748,-2.2558578978819295,6504.981934
12936,1616.872,-2.220032111902622,6506.22168
12937,1616.997,-2.313937121897152,6505.615234
12938,1617.122,-2.2313536196874155,6506.939941
12939,1617.248,-2.2537679114570035,6506.499023
12940,1617.372,-2.1914562082241402,6506.277832
12941,1617.498,-2.302846731945735,6506.969727
12942,1617.623,-2.290140780264651,6506.191406
12943,1617.747,-2.345781814477746,6506.527832
12944,1617.873,-2.3537050973886706,6507.296875
12945,1617.997,-2.426534896214659,6506.635254
12946,1618.122,-2.444036803007788,6507.881836
12947,1618.247,-2.4380192431288887,6506.470215
12948,1618.372,-2.328138522311931,6507.326172
12949,1618.497,-2.254289133848416,6506.220215
12950,1618.622,-2.2304327844393805,6506.884277
12951,1618.747,-2.2440245485396217,6506.855469
12952,1618.873,-2.1440364989345104,6506.413086
12953,1618.997,-2.223338656047909,6506.719727
12954,1619.122,-2.279499365633876,6506.990723
12955,1619.247,-2.259645796041601,6506.049805
12956,1619.372,-2.174646500867505,6506.491211
12957,1619.497,-2.160501468046853,6505.799805
12958,1619.622,-2.1060939725950445,6506.434082
12959,1619.747,-2.1035208796125575,6505.053711
12960,1619.873,-2.1204563129853415,6504.96582
12961,1619.997,-2.127439277329233,6501.827637
12962,1620.122,-2.1374729969755846,6501.634766
12963,1620.247,-2.0908357457417757,6501.722168
12964,1620.372,-2.0535415891719238,6501.079102
12965,1620.497,-2.004863281455448,6501.143555
12966,1620.622,-1.9924811824622486,6502.583008
12967,1620.747,-1.9303223514548606,6501.615234
12968,1620.872,-1.9050923008692338,6501.258301
12969,1620.997,-1.8924590976040099,6500.376465
12970,1621.122,-1.876539511276455,6500.155762
12971,1621.247,-1.8981316587780166,6501.180176
12972,1621.372,-1.9353277756353855,6500.213379
12973,1621.497,-1.9670305347981296,6501.152344
12974,1621.622,-1.9910879965103563,6501.59375
12975,1621.747,-2.0107551238747914,6499.522949
12976,1621.872,-2.0384456010195096,6499.964355
12977,1621.997,-2.05052980258019,6500.434082
12978,1622.122,-2.142567856413605,6500.65332
12979,1622.247,-2.2792189633064837,6501.37207
12980,1622.372,-2.425785917998574,6500.155762
12981,1622.497,-2.60434764424715,6500.930664
12982,1622.622,-2.729285515441861,6500.625488
12983,1622.747,-2.7687689052141957,6501.891602
12984,1622.872,-2.6832393692111474,6500.709961
12985,1622.997,-2.563725910494136,6501.151367
12986,1623.122,-2.4059266875141896,6501.286133
12987,1623.247,-2.266361811420113,6501.258301
12988,1623.372,-2.2254389603834817,6500.568848
12989,1623.497,-2.1935109310095764,6501.34375
12990,1623.622,-2.2449159104561596,6501.671387
12991,1623.747,-2.272709051154467,6501.37207
12992,1623.872,-2.308775729681086,6501.094238
12993,1623.997,-2.2947174989377292,6502.197754
12994,1624.122,-2.248685242156651,6501.698242
12995,1624.248,-2.198162941518015,6500.674316
12996,1624.372,-2.1592780634513793,6502.168945
12997,1624.497,-2.1155777904394926,6502.255371
12998,1624.622,-2.126864960399233,6501.756836
12999,1624.748,-2.1276157412675514,6501.038574
13000,1624.872,-2.127772878529135,6501.258301
13001,1624.997,-2.140500057889203,6500.568359
13002,1625.122,-2.1491005347816508,6501.34375
13003,1625.247,-2.175312232469431,6500.873535
13004,1625.372,-2.2301579452298776,6501.479492
13005,1625.497,-2.3235179279494176,6501.949219
13006,1625.622,-2.4453452734379764,6500.980469
13007,1625.747,-2.560915894351888,6501.287109
13008,1625.872,-2.6247609745493516,6501.507813
13009,1625.997,-2.622636341450383,6501.09375
13010,1626.122,-2.605324356404625,6502.005371
13011,1626.247,-2.552072768159057,6501.920898
13012,1626.372,-2.4738157428519574,6500.845703
13013,1626.497,-2.420534179440581,6501.976563
13014,1626.622,-2.356682157917541,6501.755859
13015,1626.747,-2.3139713299250246,6502.141113
13016,1626.871,-2.2652638183621256,6501.563477
13017,1626.997,-2.209750030360666,6501.365234
13018,1627.122,-2.16183903833608,6501.479004
13019,1627.247,-2.1534090953808747,6501.700195
13020,1627.372,-2.188976905441325,6502.11377
13021,1627.497,-2.34341072784784,6501.393555
13022,1627.622,-2.467395908765514,6501.729004
13023,1627.746,-2.6008252020953977,6500.510742
13024,1627.872,-2.6605315365899993,6501.621582
13025,1627.996,-2.5472869657799744,6501.728516
13026,1628.122,-2.4217090807036588,6501.422852
13027,1628.247,-2.2563388409064067,6501.008301
13028,1628.372,-2.1072646617781747,6502.496094
13029,1628.496,-2.0541893093372434,6502.382813
13030,1628.622,-2.0476943610801093,6503.48584
13031,1628.747,-2.1135953085531547,6501.280762
13032,1628.871,-2.1644023350360952,6500.923828
13033,1628.996,-2.201096394213911,6500.92334
13034,1629.122,-2.242260264584741,6499.161133
13035,1629.247,-2.25834185756755,6499.742188
13036,1629.371,-2.23040868661939,6500.290527
13037,1629.496,-2.238903144370433,6499.494141
13038,1629.623,-2.2258590629149584,6500.597168
13039,1629.747,-2.1995098232060584,6500.981445
13040,1629.871,-2.1639731062730334,6500.817383
13041,1629.996,-2.0789114311191517,6501.008789
13042,1630.122,-2.0133756077495475,6499.850586
13043,1630.246,-1.9667438200343017,6501.22998
13044,1630.371,-1.9616301248163766,6501.22998
13045,1630.496,-2.023601011982075,6500.675781
13046,1630.622,-2.078857638656714,6501.288086
13047,1630.746,-2.127330379826652,6500.733398
13048,1630.871,-2.144901018620474,6501.009766
13049,1630.996,-2.1369889859282822,6501.20166
13050,1631.122,-2.0946356741859584,6500.866699
13051,1631.246,-2.0641164498474778,6500.980957
13052,1631.372,-2.0559832485363034,6501.066895
13053,1631.496,-2.0507753487593536,6501.421875
13054,1631.622,-2.0847218283779956,6501.201172
13055,1631.747,-2.1299829094908818,6500.980469
13056,1631.871,-2.1475097940174583,6501.643066
13057,1631.996,-2.158704389544429,6500.731934
13058,1632.121,-2.1472296817079957,6501.478516
13059,1632.246,-2.143386704612903,6500.980957
13060,1632.371,-2.162119246320194,6501.287109
13061,1632.497,-2.204268255715997,6500.952148
13062,1632.622,-2.2980296660179516,6500.952148
13063,1632.747,-2.4052329549647924,6501.009766
13064,1632.871,-2.5019167089760495,6501.528809
13065,1632.996,-2.5822973148374877,6500.205078
13066,1633.121,-2.573155058920339,6499.57373
13067,1633.246,-2.5445400943421457,6500.896484
13068,1633.371,-2.45838593747593,6499.544922
13069,1633.497,-2.37481232460289,6500.23291
13070,1633.621,-2.2978845056619495,6499.352539
13071,1633.746,-2.2757369030454617,6500.369141
13072,1633.871,-2.2382055039902533,6499.571777
13073,1633.996,-2.204462991945295,6499.678711
13074,1634.121,-2.1822347084661993,6500.013672
13075,1634.246,-2.1617200787910136,6499.381348
13076,1634.371,-2.184964184686829,6498.854004
13077,1634.496,-2.1784321719002095,6499.046875
13078,1634.621,-2.1853418463589906,6499.23877
13079,1634.746,-2.132064902093435,6499.544434
13080,1634.871,-2.052325963978765,6499.102539
13081,1634.997,-1.9665495890130436,6499.76416
13082,1635.121,-1.9372741887176894,6499.507324
13083,1635.246,-1.9123446420825687,6500.041992
13084,1635.371,-1.987811629764765,6499.957031
13085,1635.496,-2.077314193366531,6499.898926
13086,1635.621,-2.163583206349477,6499.57373
13087,1635.746,-2.2375377241597203,6499.870117
13088,1635.871,-2.331883444549454,6498.989746
13089,1635.997,-2.3519540255162448,6499.985352
13090,1636.121,-2.3787249101054586,6499.572754
13091,1636.246,-2.3642245755628886,6499.294922
13092,1636.371,-2.3392753187736464,6498.932129
13093,1636.497,-2.2877584460436604,6500.03418
13094,1636.621,-2.211141419628838,6500.007324
13095,1636.746,-2.1806087571539097,6499.956543
13096,1636.871,-2.2051389681267892,6500.475098
13097,1636.996,-2.238470565502358,6499.736328
13098,1637.121,-2.2412562955781374,6499.956543
13099,1637.246,-2.2518377463784884,6499.124512
13100,1637.371,-2.2595379874090527,6499.706543
13101,1637.496,-2.241627445375978,6499.678223
13102,1637.621,-2.294641729779098,6500.148438
13103,1637.746,-2.383450961835242,6499.123535
13104,1637.871,-2.505596852823452,6499.075195
13105,1637.996,-2.6262932306023514,6499.430176
13106,1638.121,-2.6819656369541804,6499.927734
13107,1638.246,-2.651820754636953,6499.182129
13108,1638.372,-2.6142628649779542,6499.564941
13109,1638.496,-2.478417474259173,6499.152344
13110,1638.621,-2.368903467223132,6500.772949
13111,1638.746,-2.314828551109676,6500.083008
13112,1638.871,-2.3357883021503163,6499.671387
13113,1638.996,-2.3716966590833612,6498.212891
13114,1639.121,-2.432222952228614,6497.610352
13115,1639.246,-2.507862982157564,6498.443848
13116,1639.371,-2.4798658462799312,6498.549805
13117,1639.496,-2.477232783839388,6498.903809
13118,1639.621,-2.429791839766785,6500.013184
13119,1639.746,-2.3973346843624084,6498.96875
13120,1639.871,-2.3544429919199668,6498.307617
13121,1639.996,-2.3952761981007096,6498.193359
13122,1640.121,-2.4537261791494784,6499.657715
13123,1640.246,-2.488236676544984,6499.878906
13124,1640.371,-2.545219327393652,6499.024414
13125,1640.496,-2.56477844672575,6498.556641
13126,1640.621,-2.541876143571714,6499.685547
13127,1640.746,-2.4944121836796844,6500.760254
13128,1640.871,-2.4596175924209454,6500.703125
13129,1640.996,-2.427258049810177,6501.05957
13130,1641.121,-2.4006107867956814,6500.347168
13131,1641.246,-2.4208527203810046,6500.01416
13132,1641.371,-2.4200098811356314,6500.596191
13133,1641.496,-2.4252655773797684,6500.702637
13134,1641.621,-2.4005248572279063,6500.596191
13135,1641.746,-2.3859876452389366,6501.009766
13136,1641.871,-2.3682898904643688,6500.760254
13137,1641.996,-2.3842964644361873,6500.867188
13138,1642.12,-2.3686254376316795,6501.61377
13139,1642.246,-2.315172329122374,6499.820313
13140,1642.371,-2.2916508841615792,6501.172852
13141,1642.496,-2.2701657678335003,6501.309082
13142,1642.621,-2.2944666724953557,6500.04248
13143,1642.746,-2.3405883236680682,6500.483398
13144,1642.871,-2.4896978365651488,6501.86377
13145,1642.995,-2.598388620276596,6500.980957
13146,1643.121,-2.6943169766593416,6501.834961
13147,1643.246,-2.784654082340274,6500.45459
13148,1643.371,-2.725540265686087,6501.087402
13149,1643.496,-2.6761641477847338,6501.499512
13150,1643.621,-2.530699253065127,6500.482422
13151,1643.746,-2.4452461890473653,6500.618164
13152,1643.871,-2.3568746443372905,6500.290527
13153,1643.995,-2.3437558724919203,6500.788574
13154,1644.12,-2.3873410569082494,6500.732422
13155,1644.246,-2.480530408384278,6500.290039
13156,1644.371,-2.474857661819769,6500.348145
13157,1644.495,-2.521938950340485,6500.704102
13158,1644.621,-2.5020334598634926,6500.29248
13159,1644.746,-2.4871116638756003,6499.985352
13160,1644.87,-2.41024209736683,6499.927734
13161,1644.996,-2.4234540187968956,6500.481934
13162,1645.12,-2.366750214800444,6499.985352
13163,1645.246,-2.3579969230041766,6500.703125
13164,1645.37,-2.3065788686528363,6500.925293
13165,1645.496,-2.2950358385419696,6500.730957
13166,1645.621,-2.248885172835234,6500.45459
13167,1645.745,-2.2582298420941287,6500.561523
13168,1645.87,-2.239557421569493,6500.760254
13169,1645.996,-2.1890443561824138,6500.788574
13170,1646.12,-2.171241736503267,6501.863281
13171,1646.245,-2.1357349120488713,6500.675781
13172,1646.37,-2.100744287229637,6502.497559
13173,1646.496,-2.0751548654896177,6501.088379
13174,1646.62,-2.0428852991074717,6502.410645
13175,1646.745,-2.0057817481667457,6501.643066
13176,1646.87,-1.9846248522146945,6501.202148
13177,1646.995,-1.9542840588935004,6502.027344
13178,1647.12,-1.9550775329699297,6502.190918
13179,1647.246,-1.9595219206863483,6502.027344
13180,1647.37,-1.9598344199567774,6502.602051
13181,1647.495,-1.980730663791286,6502.688477
13182,1647.62,-2.04408226060761,6502.132324
13183,1647.746,-2.0671690106799736,6503.129883
13184,1647.87,-2.1652435845841826,6502.630371
13185,1647.996,-2.243347518173872,6503.26416
13186,1648.12,-2.297085922287882,6502.517578
13187,1648.245,-2.319436890643284,6503.484863
13188,1648.37,-2.2604192242205703,6503.23584
13189,1648.496,-2.2061446188419933,6502.852539
13190,1648.621,-2.086152147862442,6502.937988
13191,1648.745,-2.006183838653013,6502.439453
13192,1648.87,-1.8996941364876327,6502.496094
13193,1648.996,-1.8686246251903496,6502.248047
13194,1649.12,-1.8432298202806814,6502.631348
13195,1649.245,-1.8668626886655322,6502.824219
13196,1649.37,-1.8221199552217113,6502.987305
13197,1649.496,-1.8358511305852623,6502.987305
13198,1649.62,-1.819871663032072,6502.489746
13199,1649.745,-1.7584145120134653,6502.872559
13200,1649.87,-1.7689096260276136,6502.565918
13201,1649.996,-1.7328357664681393,6503.228027
13202,1650.12,-1.7292013171108016,6503.256836
13203,1650.246,-1.7030433763006971,6502.567383
13204,1650.371,-1.7041874701637163,6501.627441
13205,1650.495,-1.709462102854885,6502.105957
13206,1650.62,-1.744436219573065,6500.341797
13207,1650.745,-1.7061856966517925,6498.443359
13208,1650.87,-1.718824785782855,6498.115723
13209,1650.995,-1.7588265358414878,6498.308105
13210,1651.12,-1.8017707382350359,6497.398438
13211,1651.245,-1.803493146232752,6496.843262
13212,1651.37,-1.8184820984761407,6497.148926
13213,1651.495,-1.820000792088891,6497.703613
13214,1651.62,-1.803596586137229,6496.928711
13215,1651.745,-1.763093622772158,6496.957031
13216,1651.87,-1.7434019668271001,6496.821777
13217,1651.995,-1.6999501200613714,6496.601563
13218,1652.12,-1.6702389400283464,6496.687012
13219,1652.245,-1.7107139036897057,6497.509766
13220,1652.371,-1.6794560660742481,6497.071289
13221,1652.495,-1.6560816003517314,6497.177734
13222,1652.62,-1.6602753835710549,6496.602051
13223,1652.745,-1.6074276206081868,6497.645508
13224,1652.87,-1.666471114509339,6496.871094
13225,1652.995,-1.634538507711474,6497.233398
13226,1653.12,-1.667958290522201,6497.511719
13227,1653.245,-1.6417671231791853,6497.703613
13228,1653.37,-1.5656420559167101,6497.646484
13229,1653.495,-1.5458685528954719,6498.058105
13230,1653.62,-1.4935671665980745,6499.494141
13231,1653.745,-1.4594475006424308,6498.747559
13232,1653.87,-1.3847097081727697,6497.92334
13233,1653.995,-1.3785321906222234,6497.425781
13234,1654.12,-1.294178149412652,6498.058105
13235,1654.245,-1.218161911784958,6498.308105
13236,1654.37,-1.1912064847573869,6497.148926
13237,1654.495,-1.1898750660057045,6498.748535
13238,1654.62,-1.2464872516702077,6498.415039
13239,1654.745,-1.2376264454786527,6498.635254
13240,1654.87,-1.31349186257638,6499.103516
13241,1654.995,-1.3580255755734414,6498.555664
13242,1655.12,-1.3328224654237715,6498.25
13243,1655.245,-1.3530686963055405,6498.583008
13244,1655.37,-1.3566829382752477,6498.414063
13245,1655.495,-1.4372291453014021,6498.719727
13246,1655.62,-1.44191653669408,6498.634766
13247,1655.745,-1.5618942036878252,6499.352539
13248,1655.87,-1.6239100636222823,6498.442383
13249,1655.995,-1.6109592185358548,6499.408203
13250,1656.12,-1.566026046720537,6498.664063
13251,1656.246,-1.5282016278121775,6499.133301
13252,1656.37,-1.3929449728501153,6498.883301
13253,1656.495,-1.2773589084227612,6498.443359
13254,1656.62,-1.2354877866375598,6498.414551
13255,1656.745,-1.2116926858110062,6497.887695
13256,1656.87,-1.25782097176338,6498.911133
13257,1656.995,-1.2656167172465607,6498.577148
13258,1657.12,-1.277434375435974,6499.79248
13259,1657.245,-1.3277749220758883,6499.018066
13260,1657.37,-1.3517502179377336,6499.871582
13261,1657.495,-1.2648896105293184,6499.401855
13262,1657.62,-1.2863311204535932,6499.59375
13263,1657.745,-1.298883449486985,6499.842773
13264,1657.87,-1.2355428040040817,6499.927734
13265,1657.995,-1.1806104251394716,6499.400879
13266,1658.12,-1.1506901429728178,6499.45752
13267,1658.245,-1.1479160123325813,6499.956543
13268,1658.37,-1.0886149949460486,6500.177734
13269,1658.495,-1.1204290665693377,6499.543945
13270,1658.62,-1.0738010554395594,6500.119141
13271,1658.745,-1.063032174415874,6498.79834
13272,1658.87,-1.051908186279731,6498.960938
13273,1658.995,-1.0343510385610923,6499.208496
13274,1659.12,-0.991048840876608,6497.936523
13275,1659.245,-0.9468849930034422,6498.405762
13276,1659.37,-0.9559742814258464,6497.717285
13277,1659.494,-1.0081709940473895,6498.875
13278,1659.62,-1.0190578152024115,6498.626953
13279,1659.745,-1.03489411057991,6499.095703
13280,1659.869,-1.05222098366962,6499.096191
13281,1659.995,-1.0681994917911497,6498.790527
13282,1660.119,-1.054989194906565,6498.568848
13283,1660.245,-1.037582482032263,6498.207031
13284,1660.37,-0.9954768702504897,6498.484863
13285,1660.494,-0.9391136515233866,6497.956543
13286,1660.62,-0.9619813303449236,6496.501465
13287,1660.745,-0.9302370793032726,6496.174316
13288,1660.87,-0.9834582467536002,6495.782715
13289,1660.995,-1.0591616595247575,6496.528809
13290,1661.12,-1.0400417366680919,6496.807617
13291,1661.244,-1.060855311228405,6496.5
13292,1661.37,-1.0390801608545892,6497.659668
13293,1661.495,-1.0075052465466157,6495.84082
13294,1661.619,-0.9704205099197882,6494.883301
13295,1661.745,-0.9301061336321493,6495.26709
13296,1661.869,-0.9136922489597792,6494.883301
13297,1661.995,-0.880313802322625,6495.274414
13298,1662.119,-0.8728083929114013,6494.670898
13299,1662.245,-0.8396496559613487,6493.705566
13300,1662.37,-0.7878135151091312,6493.570313
13301,1662.495,-0.766781685844826,6493.656738
13302,1662.621,-0.7643977646284809,6492.746094
13303,1662.744,-0.7124032602650622,6492.910645
13304,1662.87,-0.6498295382979028,6492.662109
13305,1662.994,-0.6508742933565828,6492.277832
13306,1663.12,-0.5767113486596934,6491.973633
13307,1663.244,-0.5534449218879252,6492.909668
13308,1663.37,-0.526679326958399,6492.193359
13309,1663.495,-0.48675831465620256,6492.414063
13310,1663.619,-0.47435367359572106,6492.881348
13311,1663.744,-0.5187525725340135,6492.96582
13312,1663.869,-0.5215555523240202,6492.442383
13313,1663.994,-0.5485929604668605,6493.818359
13314,1664.12,-0.5512812746434183,6493.925781
13315,1664.244,-0.49565390878965826,6493.427246
13316,1664.37,-0.44989638065292636,6493.790039
13317,1664.494,-0.35560742547018104,6492.803223
13318,1664.62,-0.27881911452299324,6492.69043
13319,1664.744,-0.26149447660202546,6493.130371
13320,1664.87,-0.3184162389134969,6492.469727
13321,1664.995,-0.37097194227904584,6492.987793
13322,1665.119,-0.46960021885289627,6493.236328
13323,1665.244,-0.5392206990371773,6492.57666
13324,1665.369,-0.5808423374300989,6492.852051
13325,1665.495,-0.5729534188851345,6492.796387
13326,1665.619,-0.5145560451641665,6493.072754
13327,1665.744,-0.4800013525754533,6492.682617
13328,1665.869,-0.4319044212181573,6492.050781
13329,1665.994,-0.41742611275497776,6492.797363
13330,1666.119,-0.4285494194884212,6493.839844
13331,1666.244,-0.45760194282933464,6492.52002
13332,1666.37,-0.4860043409569908,6492.575195
13333,1666.494,-0.5023341120369698,6493.591309
13334,1666.619,-0.5148810574521113,6493.67627
13335,1666.744,-0.517291812506796,6493.781738
13336,1666.869,-0.493163913892172,6494.336426
13337,1666.994,-0.46422621875164866,6492.491211
13338,1667.119,-0.4599155069739154,6492.739258
13339,1667.244,-0.41686836588879966,6493.236816
13340,1667.369,-0.4066893054511584,6492.960449
13341,1667.495,-0.4102630244901123,6493.34375
13342,1667.619,-0.5037413673585338,6492.794922
13343,1667.744,-0.6715056075620618,6492.825195
13344,1667.87,-0.9230990367946028,6492.824219
13345,1667.994,-1.2236376254040928,6492.356445
13346,1668.119,-1.5260025485331221,6492.987305
13347,1668.244,-1.774878414065458,6493.179199
13348,1668.37,-1.8960518977694103,6493.541504
13349,1668.494,-1.9396232906726911,6494.230469
13350,1668.619,-1.8486599494148659,6492.846191
13351,1668.744,-1.7420538973060808,6493.342773
13352,1668.869,-1.6040890517636235,6494.086426
13353,1668.994,-1.4423253097302446,6494.00293
13354,1669.119,-1.3411465681731267,6494.336426
13355,1669.244,-1.258602287658712,6493.37207
13356,1669.369,-1.1774700389694515,6493.705566
13357,1669.494,-1.1965390076293185,6493.810059
13358,1669.619,-1.2476854228176377,6494.166016
13359,1669.744,-1.396594337751663,6493.896484
13360,1669.869,-1.5345129937246538,6494.633301
13361,1669.994,-1.6692503046743161,6494.080078
13362,1670.119,-1.704954201350394,6494.577148
13363,1670.244,-1.5993854271644528,6495.266113
13364,1670.369,-1.424580830541575,6495.457031
13365,1670.494,-1.1952086103930801,6495.839844
13366,1670.619,-1.0726206538646263,6494.192871
13367,1670.744,-1.000629637023282,6493.476563
13368,1670.869,-1.0077590968060115,6493.363281
13369,1670.994,-1.036730163890452,6493.42041
13370,1671.119,-1.0805809162128697,6493.447754
13371,1671.244,-1.0805363985642884,6493.391602
13372,1671.369,-1.0791275940356333,6494.661621
13373,1671.494,-1.0009955370215735,6494.165039
13374,1671.619,-0.9891824950593793,6494.77002
13375,1671.744,-0.9766675583062675,6494.270996
13376,1671.869,-0.9517992960233215,6493.888184
13377,1671.994,-0.9729676988390366,6492.484863
13378,1672.119,-0.9782304422099416,6491.030273
13379,1672.244,-0.961770445054196,6490.674805
13380,1672.369,-0.9439608265810571,6490.235352
13381,1672.494,-0.8832337611176977,6490.922363
13382,1672.619,-0.8346525368885666,6489.710449
13383,1672.744,-0.8213193209431247,6489.958984
13384,1672.869,-0.8206774112040227,6490.26416
13385,1672.994,-0.8599537962975177,6489.741211
13386,1673.119,-0.879133830290579,6490.483398
13387,1673.244,-0.9409705961672021,6490.922363
13388,1673.369,-0.93773737125429,6490.455566
13389,1673.494,-0.9041199727172388,6490.866211
13390,1673.619,-0.8822019148031982,6490.76123
13391,1673.744,-0.8421497902786599,6491.008789
13392,1673.869,-0.8474358075943745,6490.816406
13393,1673.994,-0.8880650262457602,6489.71875
13394,1674.118,-0.9155335230948745,6490.758789
13395,1674.244,-0.9238780250663934,6490.561523
13396,1674.369,-0.9593509405625668,6490.618164
13397,1674.494,-0.9850897847686375,6491.832031
13398,1674.619,-1.015084837449432,6491.228516
13399,1674.745,-1.0317198619769088,6490.539551
13400,1674.868,-1.1272828683535463,6491.278809
13401,1674.994,-1.2435495360726323,6490.562012
13402,1675.119,-1.3741025156112419,6491.086426
13403,1675.244,-1.464424955444911,6490.973633
13404,1675.368,-1.349188173309248,6491.277344
13405,1675.494,-1.2229729308880513,6491.858887
13406,1675.619,-1.071808317989377,6492.128418
13407,1675.744,-0.919280823036321,6492.157715
13408,1675.868,-0.8377703085200462,6491.498047
13409,1675.993,-0.841985275251508,6491.553711
13410,1676.119,-0.8618882957502397,6491.469727
13411,1676.244,-0.9063018364356562,6491.994629
13412,1676.369,-0.9807726842926916,6491.96582
13413,1676.494,-1.0013252651465212,6491.745117
13414,1676.618,-0.9946390647202618,6490.370117
13415,1676.744,-0.9731834089785604,6491.364746
13416,1676.869,-0.9174233487575191,6490.894531
13417,1676.993,-0.8455368528160924,6491.115234
13418,1677.119,-0.843476672228589,6491.334473
13419,1677.244,-0.8667086954804067,6491.086426
13420,1677.368,-0.9039195435236331,6490.09375
13421,1677.493,-0.9339848614569455,6489.574707
13422,1677.619,-0.9545443748393816,6490.589355
13423,1677.743,-0.9436366838974829,6490.178711
13424,1677.869,-0.8980994292517681,6490.923828
13425,1677.994,-0.8994025814096923,6490.646973
13426,1678.118,-0.8616041271660038,6491.058105
13427,1678.243,-0.8952413915553316,6491.058105
13428,1678.368,-0.9169417021150923,6490.76123
13429,1678.494,-0.9223458184955838,6490.285156
13430,1678.619,-0.9589549703770096,6489.90332
13431,1678.743,-0.9523378526717989,6490.67627
13432,1678.868,-0.9450095616000238,6490.533203
13433,1678.993,-0.9590690552911746,6490.398926
13434,1679.118,-0.9566099277638029,6490.59082
13435,1679.244,-0.9508673349423999,6490.475586
13436,1679.368,-0.939175519613371,6489.902344
13437,1679.494,-0.8918630548888986,6490.810059
13438,1679.618,-0.8991846158152413,6490.228027
13439,1679.743,-0.8986541108119145,6490.724121
13440,1679.868,-0.963377799218835,6490.944336
13441,1679.993,-1.0380314592652011,6490.533203
13442,1680.118,-1.1072829892387641,6490.562012
13443,1680.244,-1.1821579983930819,6490.342285
13444,1680.368,-1.1510027515006453,6490.561035
13445,1680.494,-1.074584280769088,6490.618652
13446,1680.618,-0.9830268922819989,6491.028809
13447,1680.743,-0.8437517932653226,6490.34082
13448,1680.868,-0.7522759958991592,6490.341797
13449,1680.993,-0.7288193296344873,6490.943359
13450,1681.118,-0.7319514359056165,6490.972168
13451,1681.243,-0.7722812952549531,6491.440918
13452,1681.368,-0.7984700493063587,6491.632324
13453,1681.493,-0.7709494159947844,6491.852051
13454,1681.618,-0.7149813866161417,6492.128418
13455,1681.743,-0.6597513891773281,6491.518066
13456,1681.868,-0.5662006116798394,6491.908691
13457,1681.993,-0.5053895296114231,6492.703613
13458,1682.118,-0.4762954693854894,6492.397461
13459,1682.243,-0.48355438714146814,6492.207031
13460,1682.368,-0.5606813744431359,6491.958008
13461,1682.494,-0.6264390123721676,6492.45459
13462,1682.618,-0.7345821834034842,6492.836914
13463,1682.743,-0.8332288546196296,6492.973145
13464,1682.868,-0.9354536850757122,6493.74707
13465,1682.993,-0.9695189202429183,6494.568359
13466,1683.118,-1.0066059858093965,6493.219727
13467,1683.243,-0.958772536447807,6494.597168
13468,1683.368,-0.8987810938383946,6494.455078
13469,1683.493,-0.8328904633007381,6492.390137
13470,1683.618,-0.7198302831916836,6492.694824
13471,1683.743,-0.6493145159781417,6491.27002
13472,1683.868,-0.5197859040740546,6489.397461
13473,1683.993,-0.46845321829469966,6489.539551
13474,1684.118,-0.440536399185293,6490.122559
13475,1684.243,-0.42814601010592673,6490.503418
13476,1684.368,-0.40613996631477256,6490.724121
13477,1684.493,-0.3582311718008523,6489.709961
13478,1684.618,-0.3089620341440103,6489.874023
13479,1684.743,-0.28655937022610833,6489.987305
13480,1684.869,-0.2575411789662646,6490.207031
13481,1684.993,-0.2668064142929058,6489.051758
13482,1685.118,-0.314527651789631,6490.399414
13483,1685.243,-0.35267945165273973,6489.766113
13484,1685.368,-0.4065600934246353,6490.095215
13485,1685.493,-0.41836389627093673,6491.029297
13486,1685.618,-0.36046411176527954,6491.000977
13487,1685.743,-0.30700839756734466,6490.341797
13488,1685.868,-0.23771466655220622,6490.780762
13489,1685.993,-0.1972915225684198,6490.562012
13490,1686.118,-0.1803540197612381,6490.617676
13491,1686.243,-0.18543604921850876,6489.297852
13492,1686.368,-0.21161257396494187,6489.901367
13493,1686.493,-0.22827383159733589,6490.590332
13494,1686.618,-0.21371924797040237,6491.221191
13495,1686.743,-0.2258718381872522,6490.283203
13496,1686.868,-0.2604028795579696,6490.419434
13497,1686.993,-0.3102229260887261,6489.710449
13498,1687.118,-0.3255775965119084,6490.781738
13499,1687.243,-0.3591459880052824,6490.256348
13500,1687.369,-0.410732026709926,6490.035645
13501,1687.493,-0.4385615892136777,6490.228027
13502,1687.618,-0.455759851480314,6490.532715
13503,1687.743,-0.45818716208788285,6490.226563
13504,1687.868,-0.476114017709946,6489.539063
13505,1687.993,-0.49745029318209827,6490.171875
13506,1688.118,-0.5377328495180519,6489.595703
13507,1688.243,-0.5719687278344179,6490.80957
13508,1688.368,-0.5820952406885515,6490.781738
13509,1688.493,-0.5888417350676923,6490.695313
13510,1688.618,-0.6087847802194565,6491.48877
13511,1688.743,-0.5993717819320417,6491.221191
13512,1688.869,-0.6340511160133648,6491.020996
13513,1688.992,-0.6344383976375629,6491.461914
13514,1689.118,-0.6256323361260855,6492.425293
13515,1689.243,-0.6133178001869545,6491.852051
13516,1689.368,-0.6112179542686279,6492.731445
13517,1689.492,-0.5707079519709198,6492.484863
13518,1689.618,-0.5360987393113336,6491.986816
13519,1689.743,-0.5743000519782185,6492.015137
13520,1689.868,-0.6512536163992794,6491.710449
13521,1689.993,-0.7034444278438288,6492.014648
13522,1690.118,-0.7512675157650948,6491.574219
13523,1690.243,-0.750948014583048,6492.148438
13524,1690.368,-0.7284732809317958,6492.619141
13525,1690.493,-0.6450383818098854,6492.233887
13526,1690.618,-0.5879729516872005,6492.588867
13527,1690.743,-0.5518440376749706,6491.794434
13528,1690.868,-0.5400239175238465,6491.738281
13529,1690.992,-0.6059076448338597,6492.312012
13530,1691.117,-0.6624377194337437,6492.20752
13531,1691.243,-0.8130228995470423,6492.560059
13532,1691.368,-0.8080272602628186,6493.028809
13533,1691.493,-0.6728523832131822,6493.086426
13534,1691.617,-0.34499548039388067,6492.80957
13535,1691.743,0.138105823154318,6493.058105
